species_code,region_type,region_code,region_name,continent_code,continent_name,season,abundance_mean,total_pop_percent,continent_pop_percent,range_occupied_percent,range_total_percent,range_days_occupation,max_week,max_week_percent_pop,speciesCode,commonName
houspa,country,ABW,Aruba,NA,North America,resident,4.040967145691747,2.0539918425542995e-5,4.2317555808465794e-4,0.7391304347826086,2.1078290972167974e-5,365,2023-03-29,3.080018157656185e-5,houspa,House Sparrow
houspa,country,AFG,Afghanistan,AS,Asia,resident,2.198890660654888,0.017097279675660583,0.021050562200193423,0.5722990075590724,0.024965903587869744,365,2023-05-03,0.039005239315068496,houspa,House Sparrow
houspa,country,AGO,Angola,AF,Africa,resident,0.00712673407901784,7.59229352668793e-5,0.0022653450502768753,0.010814044894753122,6.463556048778952e-4,365,2023-10-11,1.159677860745262e-4,houspa,House Sparrow
houspa,country,AIA,Anguilla,NA,North America,resident,0.06986769623202373,8.806788818525797e-8,1.814426764508855e-6,0.08766261149933932,6.199497344755287e-7,365,2023-09-27,1.1462291899523057e-7,houspa,House Sparrow
houspa,country,ALB,Albania,EU,Europe,resident,1.2745369203576613,4.625539459860778e-4,0.006320142297378265,0.4127221381657092,8.403663413898062e-4,365,2023-07-05,0.001095100412701722,houspa,House Sparrow
houspa,country,ALD,Aland,EU,Europe,resident,0.0012039292069321006,1.3823986847217937e-8,1.888851338307091e-7,0.009623281761817305,6.199497344755287e-7,365,2023-04-19,8.255664871233596e-8,houspa,House Sparrow
houspa,country,AND,Andorra,EU,Europe,resident,0.2969717209680381,1.117864912663659e-6,1.527403533920625e-5,0.14677474635463067,3.099748672377644e-6,365,2023-07-26,2.3385518375266563e-6,houspa,House Sparrow
houspa,country,ARE,United Arab Emirates,AS,Asia,resident,36.449889432732554,0.03440692463245379,0.04236259339688504,0.9447294981247792,0.0050033171393913025,365,2023-04-12,0.04617217250561163,houspa,House Sparrow
houspa,country,ARG,Argentina,SA,South America,resident,0.3462564481236174,0.011899688631662029,0.6572045098639104,0.1581900577421911,0.03050126332304555,365,2023-12-20,0.026888378247931357,houspa,House Sparrow
houspa,country,ARM,Armenia,AS,Asia,resident,0.7400885486224175,2.6157517246507564e-4,3.2205734142847793e-4,0.17427825641383185,3.455866499622658e-4,365,2023-08-02,3.957003236346842e-4,houspa,House Sparrow
houspa,country,ATG,Antigua and Barbuda,NA,North America,resident,0.0754927597729099,1.5860298602596445e-7,3.2676326037383667e-6,0.10519122227956022,1.2398994689510574e-6,365,2023-12-20,2.2760068657142298e-7,houspa,House Sparrow
houspa,country,AUS,Australia,OC,Oceania,resident,0.04709264938049067,0.0030221021736241793,0.20910081513523185,0.0311296292892467,0.011208071249583083,365,2023-01-25,0.005756545970177413,houspa,House Sparrow
houspa,country,AUT,Austria,EU,Europe,resident,0.3805078860221636,3.923902678118763e-4,0.005361455350663181,0.2440010887889982,0.0014117157002687753,365,2023-06-21,6.789756487152966e-4,houspa,House Sparrow
houspa,country,AZE,Azerbaijan,AS,Asia,resident,1.2180174229954288,0.001277552665400635,0.0015729520928012715,0.3572845073950687,0.002102521335248374,365,2023-08-02,0.002651720035577565,houspa,House Sparrow
houspa,country,BDI,Burundi,AF,Africa,resident,0.016902815675943046,3.977117782435583e-6,1.186669621128166e-4,0.03929245469258611,5.187038522798854e-5,365,2023-12-13,7.043890036597345e-6,houspa,House Sparrow
houspa,country,BEL,Belgium,EU,Europe,resident,1.3414311502204408,5.080581866620948e-4,0.0069418930762922375,0.7920272129657453,0.001683007631779588,365,2023-06-21,8.499006803874261e-4,houspa,House Sparrow
houspa,country,BGD,Bangladesh,AS,Asia,resident,4.496045522368997,0.008052892901971396,0.009914906121923478,0.740891946035554,0.007445211034052767,365,2023-09-27,0.010673198861671684,houspa,House Sparrow
houspa,country,BGR,Bulgaria,EU,Europe,resident,0.9549149953263673,0.0013337934227220653,0.018224391554892017,0.40286154859553786,0.0031570436827866393,365,2023-07-19,0.0040059117777569335,houspa,House Sparrow
houspa,country,BHR,Bahrain,AS,Asia,resident,16.611863978419425,3.364017014480017e-4,4.141854771588658e-4,0.6711519515697605,7.625381734049004e-5,365,2023-03-29,4.4398632179110375e-4,houspa,House Sparrow
houspa,country,BHS,The Bahamas,NA,North America,resident,0.05686231402507697,6.495764819187222e-6,1.3382959199720245e-4,0.06093830208568928,3.905683327195831e-5,365,2023-04-12,9.945239788525537e-6,houspa,House Sparrow
houspa,country,BIH,Bosnia and Herzegovina,EU,Europe,resident,0.26954065621556494,1.7154443262607552e-4,0.002343910875538068,0.20769593103256373,7.416196867729845e-4,365,2023-07-12,5.685784159048173e-4,houspa,House Sparrow
houspa,country,BLR,Belarus,EU,Europe,resident,0.0017978702107032429,4.580241199332917e-6,6.258248662085744e-5,0.005860953398865695,8.377206011158364e-5,365,2023-06-14,1.3821115849420332e-5,houspa,House Sparrow
houspa,country,BLZ,Belize,NA,North America,resident,0.0022542940193415856,2.067245081266264e-7,4.259060687771396e-6,0.006024821150281702,3.099748672377644e-6,365,2023-10-04,3.477267318467995e-7,houspa,House Sparrow
houspa,country,BMU,Bermuda,NA,North America,resident,6.9562105387449265,2.613407892447251e-5,5.384297641678577e-4,0.5,1.0539145486083987e-5,365,2023-12-13,3.768548724456748e-5,houspa,House Sparrow
houspa,country,BOL,Bolivia,SA,South America,resident,0.015600570973487844,1.971838927512488e-4,0.010890212979509073,0.01360493376022763,9.647799938685264e-4,365,2023-10-11,4.277835660756897e-4,houspa,House Sparrow
houspa,country,BON,Caribbean Netherlands,NA,North America,resident,0.7307003457377206,5.409656368778365e-6,1.1145294277591516e-4,0.5970149253731343,2.479798937902115e-5,365,2023-12-27,8.300090912955077e-6,houspa,House Sparrow
houspa,country,BRA,Brazil,SA,South America,resident,0.03902044607842152,0.003973816642631361,0.219468786095862,0.028674144810462075,0.016383511247778156,365,2023-12-27,0.006921323860008015,houspa,House Sparrow
houspa,country,BTN,Bhutan,AS,Asia,resident,0.01526898699555058,1.483218074413704e-6,1.8261720533439453e-6,0.013806931562611584,7.524763783132055e-6,365,2023-09-27,3.9928999596541795e-6,houspa,House Sparrow
houspa,country,BWA,Botswana,AF,Africa,resident,0.0026720262660550644,1.89935684402367e-5,5.667192147134413e-4,0.005219778732577408,2.0817034007822535e-4,365,2023-10-11,3.737087535235566e-5,houspa,House Sparrow
houspa,country,CAN,Canada,NA,North America,resident,0.05024748147240805,0.004853453160883809,0.09999371504029995,0.025664536932211685,0.013908198863449094,365,2023-02-15,0.015656714419624594,houspa,House Sparrow
houspa,country,CHE,Switzerland,EU,Europe,resident,1.032613077283988,5.235535074289669e-4,0.007153614612861077,0.3621014791904264,0.001030041367143235,365,2023-06-21,7.241992448989892e-4,houspa,House Sparrow
houspa,country,CHL,Chile,SA,South America,resident,0.1156276906970259,0.0011824358612221378,0.06530441297029703,0.05366283189759189,0.003078862139713853,365,2023-12-27,0.002278234936189841,houspa,House Sparrow
houspa,country,CHN,China,AS,Asia,resident,0.03500407687622126,0.002222963965412915,0.002736964131746017,0.0618999074184043,0.022054880466614284,365,2023-06-14,0.004392060415849808,houspa,House Sparrow
houspa,country,CIV,Ivory Coast,AF,Africa,resident,0.002999854072167441,5.712013382626923e-6,1.7043178320180134e-4,0.013115199921152593,1.401086399914695e-4,365,2023-06-21,7.582456310748665e-6,houspa,House Sparrow
houspa,country,COD,Democratic Republic of the Congo,AF,Africa,resident,0.0014687945916082169,2.0921000257454907e-5,6.242288211523035e-4,0.0024381071812467053,1.9483863970946356e-4,365,2023-10-11,3.6188410805530814e-5,houspa,House Sparrow
houspa,country,COG,Republic of the Congo,AF,Africa,resident,0.006061272376987401,6.672187630366047e-6,1.9908091237302327e-4,0.009733448675017818,6.011351297847938e-5,365,2023-10-11,1.1740777446916013e-5,houspa,House Sparrow
houspa,country,COL,Colombia,SA,South America,resident,0.0026871495192354457,2.654089947756676e-6,1.4658197682661e-4,0.015173161614405326,8.408156829540285e-5,0,2023-12-20,4.186504299931835e-6,houspa,House Sparrow
houspa,country,COM,Comoros,AF,Africa,resident,0.5188429302394667,1.851799613039431e-5,5.52529360562476e-4,0.3560371517027864,7.12942194646858e-5,365,2023-03-29,2.8096784523430266e-5,houspa,House Sparrow
houspa,country,CPV,Cape Verde,AF,Africa,resident,0.15190796314390895,7.310287774757687e-6,2.181201789477069e-4,0.10332707702127863,2.7897738051398792e-5,365,2023-10-04,3.0447515221499184e-5,houspa,House Sparrow
houspa,country,CRI,Costa Rica,NA,North America,resident,0.03042598885423433,2.0494976668668975e-5,4.222496414060982e-4,0.07992896006670917,3.0207014496601466e-4,365,2023-01-25,3.311632575671918e-5,houspa,House Sparrow
houspa,country,CUB,Cuba,NA,North America,resident,1.1032389702670655,0.001765930625653877,0.036382748098967334,0.5653044318652493,0.005076768375620105,365,2023-07-12,0.002302817711593848,houspa,House Sparrow
houspa,country,CUW,Curaçao,NA,North America,resident,0.3330357057787478,3.679987651073776e-6,7.581728396989123e-5,0.26,1.6118693096363746e-5,365,2023-12-20,5.41107280116949e-6,houspa,House Sparrow
houspa,country,CYM,Cayman Islands,NA,North America,resident,0.01387772078697498,1.5948030149430238e-7,3.2857075763472413e-6,0.009615384615384616,6.199497344755287e-7,365,2023-12-13,2.054860581401544e-7,houspa,House Sparrow
houspa,country,CYP,Cyprus,AS,Asia,resident,8.174041622594883,0.0011254091723161407,0.001385629540600809,0.8178170144462279,6.317287794305637e-4,365,2023-04-05,0.0015879027809990783,houspa,House Sparrow
houspa,country,CZE,Czech Republic,EU,Europe,resident,0.3503125444093339,3.387416752680385e-4,0.0046284235781024795,0.3002415740763522,0.001628863475309414,365,2023-05-24,7.131074085131695e-4,houspa,House Sparrow
houspa,country,DEU,Germany,EU,Europe,resident,0.705244354043933,0.0031578554098189173,0.043147606279856546,0.41152085612282174,0.010338210918640149,365,2023-06-21,0.005244025113277592,houspa,House Sparrow
houspa,country,DJI,Djibouti,AF,Africa,resident,0.005056772136456968,1.4146259643888033e-6,4.2208799161368984e-5,0.04876560609134431,7.653899969044553e-5,365,2023-09-13,1.0392459257488025e-5,houspa,House Sparrow
houspa,country,DNK,Denmark,EU,Europe,resident,0.18794808910551744,1.2830011845825476e-4,0.0017530387805859602,0.28562670981685023,0.0010939283437305406,365,2023-07-19,2.862687893923997e-4,houspa,House Sparrow
houspa,country,DOM,Dominican Republic,NA,North America,resident,0.4446672623838407,2.8508555530214273e-4,0.005873501367796672,0.32473524627616546,0.0011680741160698704,365,2023-03-22,3.6260377774890946e-4,houspa,House Sparrow
houspa,country,DZA,Algeria,AF,Africa,resident,0.0686142159919088,7.828854649279993e-4,0.023359288029028952,0.08495992107249771,0.005438750547742609,365,2023-01-04,0.0034985923365999138,houspa,House Sparrow
houspa,country,ECU,Ecuador,SA,South America,resident,0.007462237227931241,1.9085002847570047e-5,0.0010540401795737378,0.04502847040030335,6.461171774483563e-4,365,2023-01-25,2.9146480232047462e-5,houspa,House Sparrow
houspa,country,EGY,Egypt,AF,Africa,resident,1.6372110878571868,0.020346697614371512,0.6070931078754559,0.09301075485623755,0.006485199457345139,365,2023-12-27,0.02608662155739315,houspa,House Sparrow
houspa,country,ENG,England,EU,Europe,resident,0.9548448777905156,0.001629852063536449,0.022269612127654412,0.5489379486183631,0.0052570188475421584,365,2023-01-25,0.0027028188291088927,houspa,House Sparrow
houspa,country,ERI,Eritrea,AF,Africa,resident,7.607193441744296e-6,2.306089478845059e-9,6.880777683362559e-8,3.6450531796208786e-4,6.199497344755287e-7,0,2023-09-13,1.1328309036361525e-7,houspa,House Sparrow
houspa,country,ESP,Spain,EU,Europe,resident,3.8263330781162392,0.024294015205253094,0.3319431915007211,0.5782933603158481,0.02059992540833884,365,2023-09-27,0.028835484759588925,houspa,House Sparrow
houspa,country,EST,Estonia,EU,Europe,resident,0.014213359913590844,6.1753031038840465e-6,8.437674066921387e-5,0.012836778296809704,3.129093073382562e-5,365,2023-01-18,9.408376992081745e-6,houspa,House Sparrow
houspa,country,FIN,Finland,EU,Europe,resident,0.0064791208211595714,2.728129349809294e-5,3.727601038986218e-4,0.006437035481145019,1.5206725176672838e-4,365,2023-01-18,4.839715880161464e-5,houspa,House Sparrow
houspa,country,FLK,Falkland Islands,SA,South America,resident,0.035876110033081186,9.058308658344249e-6,5.002787456272854e-4,0.00612691466083151,8.679296282657403e-6,365,2023-12-20,1.432529956719479e-5,houspa,House Sparrow
houspa,country,FRA,France,EU,Europe,resident,2.2163391450825825,0.014997114431632931,0.20491425504094207,0.7577450097237969,0.028767060597342027,365,2023-07-26,0.022558874510215245,houspa,House Sparrow
houspa,country,FRO,Faroe Islands,EU,Europe,resident,0.5494750500797001,2.216135981156855e-5,3.028034864429173e-4,0.32054794520547947,7.253411893363686e-5,365,2023-10-11,3.669691368955314e-5,houspa,House Sparrow
houspa,country,GAB,Gabon,AF,Africa,resident,0.002770543734462249,3.424920044383302e-6,1.021908023295617e-4,0.015374414408770793,1.0663135432979092e-4,365,2023-11-01,7.039396678763973e-6,houspa,House Sparrow
houspa,country,GEO,Georgia,AS,Asia,resident,0.5952394636369919,5.14658189683792e-4,6.336589468791633e-4,0.2255654913522022,0.0010942101657874256,365,2023-08-02,0.001082342563308279,houspa,House Sparrow
houspa,country,GGY,Guernsey,EU,Europe,resident,0.9464343999113356,5.124389828050744e-6,7.001750429666262e-5,0.2653061224489796,8.059346548181873e-6,365,2023-12-27,6.941688739466142e-6,houspa,House Sparrow
houspa,country,GHA,Ghana,AF,Africa,resident,0.002936221920714746,2.8492220679249154e-6,8.501345589478355e-5,0.01776408075678261,9.671215857818248e-5,365,2023-03-22,3.72263819034824e-6,houspa,House Sparrow
houspa,country,GIB,Gibraltar,EU,Europe,resident,0.4897113942043856,2.2274167074065285e-7,3.0434483736499665e-6,0.1237043307423278,3.156800109982286e-7,365,2023-03-29,9.00623954588518e-7,houspa,House Sparrow
houspa,country,GLP,Guadeloupe,NA,North America,resident,0.003572456394954596,1.278991063522153e-7,2.635053099423247e-6,0.012345679012345678,2.479798937902115e-6,365,2023-03-22,1.7783845611929378e-7,houspa,House Sparrow
houspa,country,GMB,Gambia,AF,Africa,resident,0.04705403351298996,2.6745613525325493e-6,7.980202952275127e-5,0.04276835406462426,1.3638894158461632e-5,365,2023-01-04,5.939168927102571e-6,houspa,House Sparrow
houspa,country,GNB,Guinea Bissau,AF,Africa,resident,0.0686373110999928,1.567464795711122e-7,4.676911665711731e-6,0.193543245967032,2.479798937902115e-6,0,2023-12-27,8.650698859666406e-7,houspa,House Sparrow
houspa,country,GRC,Greece,EU,Europe,resident,3.643753125540061,0.006901735334154113,0.0943024047015922,0.5577351811137999,0.005927046186727908,365,2023-09-27,0.0113309238707936,houspa,House Sparrow
houspa,country,GTM,Guatemala,NA,North America,resident,0.03916182558081544,5.0491433567455445e-5,0.0010402544029498762,0.04597848097805191,3.325908574786144e-4,365,2023-03-15,7.988449360249087e-5,houspa,House Sparrow
houspa,country,GUF,French Guiana,SA,South America,resident,8.177455855845937e-4,8.500925396618781e-7,4.694951844209894e-5,0.0010697700003253765,6.2393496840205955e-6,365,2023-04-05,1.2713045356884123e-6,houspa,House Sparrow
houspa,country,GUY,Guyana,SA,South America,resident,3.677229503618397e-4,2.721159046721547e-8,1.5028611696645716e-6,0.0029864301996160216,1.2398994689510574e-6,0,2023-04-05,5.75656819104021e-8,houspa,House Sparrow
houspa,country,HND,Honduras,NA,North America,resident,0.03126390437906233,3.4108918110791426e-5,7.027321218203173e-4,0.02772935811207254,1.697326775080731e-4,365,2023-01-25,4.737359752625802e-5,houspa,House Sparrow
houspa,country,HRV,Croatia,EU,Europe,resident,0.6263861616637183,4.961435403907923e-4,0.006779096367906087,0.3393504366861932,0.001508045740284057,365,2023-07-12,0.0010934606402536568,houspa,House Sparrow
houspa,country,HTI,Haiti,NA,North America,resident,0.04548519200466588,1.547925264627649e-5,3.189127260201524e-4,0.06619126388780561,1.263809295150337e-4,365,2023-05-31,2.869977510310311e-5,houspa,House Sparrow
houspa,country,HUN,Hungary,EU,Europe,resident,0.43887249999496286,5.017566135145536e-4,0.0068557910349294855,0.30060866615793924,0.0019282225104562624,365,2023-07-05,0.001432080666952004,houspa,House Sparrow
houspa,country,IDN,Indonesia,AS,Asia,resident,2.2830511293655365e-6,5.494511369664313e-10,6.764968202014264e-10,4.591368227731864e-4,6.199497344755287e-7,0,2023-09-27,8.618654686610566e-10,houspa,House Sparrow
houspa,country,IMN,Isle of Man,EU,Europe,resident,0.8382136756046252,1.0188329701077124e-5,1.392090458684594e-4,0.4272727272727273,2.913763752034985e-5,365,2023-06-21,1.3623909602673046e-5,houspa,House Sparrow
houspa,country,IND,India,AS,Asia,resident,3.346969188372004,0.12998619860834218,0.16004198392256117,0.6225875940669948,0.13565846742791415,365,2023-02-22,0.1943970589818902,houspa,House Sparrow
houspa,country,IRL,Ireland,EU,Europe,resident,0.8315624498548905,8.082353936754302e-4,0.011043388002920656,0.5355008107043643,0.0029201424826231625,365,2023-03-01,0.0013703786171640766,houspa,House Sparrow
houspa,country,IRN,Iran,AS,Asia,resident,4.7910049870355325,0.09596851813549892,0.1181586368472186,0.5850696053675629,0.06575224987731078,365,2023-06-07,0.14018352566388126,houspa,House Sparrow
houspa,country,IRQ,Iraq,AS,Asia,resident,7.234479908209624,0.03869337253414694,0.047640166197014944,0.650512795384187,0.01952027934437033,365,2023-07-26,0.055238555965041174,houspa,House Sparrow
houspa,country,ISR,Israel,AS,Asia,resident,8.351846195491758,0.0023132941968499847,0.0028481807809145306,0.6635876688651555,0.0010312111558209943,365,2023-10-04,0.0032989868396805936,houspa,House Sparrow
houspa,country,ITA,Italy,EU,Europe,resident,0.0284997056128369,1.527857171272269e-5,2.0875996878429436e-4,0.024274073254351537,7.301060651857024e-5,365,2023-07-12,3.332381998490088e-5,houspa,House Sparrow
houspa,country,JEY,Jersey,EU,Europe,resident,0.6187207102775574,2.529600512790458e-6,3.456339597811564e-5,0.3783783783783784,8.679296282657403e-6,365,2023-06-21,5.341836799225503e-6,houspa,House Sparrow
houspa,country,JOR,Jordan,AS,Asia,resident,3.3414575082411764,0.003636295365436848,0.004477090111438793,0.3878618069070583,0.0023681060158013993,365,2023-06-21,0.005458621357852055,houspa,House Sparrow
houspa,country,KAZ,Kazakhstan,AS,Asia,resident,0.06431443721822298,0.0021351673617431293,0.0026288669430951477,0.12931900992751216,0.024087223063766865,365,2023-05-10,0.01141593896584854,houspa,House Sparrow
houspa,country,KEN,Kenya,AF,Africa,resident,0.02061115819863771,1.4697225885397782e-4,0.004385274067085676,0.038773190985729025,0.0015511915552470126,365,2023-10-11,2.0912770865349036e-4,houspa,House Sparrow
houspa,country,KGZ,Kyrgyzstan,AS,Asia,resident,0.059870156381705494,1.424923502153074e-4,1.7543984412497955e-4,0.08170171723744336,0.001090971126955167,365,2023-06-14,4.751391879183175e-4,houspa,House Sparrow
houspa,country,KHM,Cambodia,AS,Asia,resident,1.5694379930069222,0.003507767746768559,0.00431884396453443,0.28907712169907396,0.0036249440322892903,365,2023-10-04,0.006453770207753983,houspa,House Sparrow
houspa,country,KNA,Saint Kitts and Nevis,NA,North America,resident,0.18828143919152873,1.456334415169507e-6,3.0004263703932303e-5,0.3857142857142858,1.6738642830839274e-5,365,2023-04-05,2.000838543225718e-6,houspa,House Sparrow
houspa,country,KOS,Kosovo,EU,Europe,resident,1.439060590623624,1.9281478913383933e-4,0.002634540068114623,0.5340090321135142,4.014308818839256e-4,365,2023-07-05,5.745567066497663e-4,houspa,House Sparrow
houspa,country,KWT,Kuwait,AS,Asia,resident,26.067908742393097,0.006074910826579711,0.007479569302337201,0.9080136094687514,0.0011872084751974616,365,2023-04-05,0.008229757678302793,houspa,House Sparrow
houspa,country,LAO,Laos,AS,Asia,resident,0.12871669057170337,2.581854863449009e-4,3.1788388226623173e-4,0.05653540923124992,6.362362581420802e-4,365,2023-12-27,4.97171177589866e-4,houspa,House Sparrow
houspa,country,LBN,Lebanon,AS,Asia,resident,4.574098529729216,5.950955639119212e-4,7.32695283742738e-4,0.6968583787345058,5.086588893919337e-4,365,2023-06-21,8.533131115067982e-4,houspa,House Sparrow
houspa,country,LBR,Liberia,AF,Africa,resident,5.575667567700556e-4,1.2302552694092298e-7,3.670765198074508e-6,0.003505542540854461,4.339648141328701e-6,0,2023-04-05,2.527391024389301e-7,houspa,House Sparrow
houspa,country,LBY,Libya,AF,Africa,resident,0.972313376346308,4.033706173609222e-4,0.012035541411217252,0.3513195837274594,8.177136997732224e-4,365,2023-06-21,6.863228568632954e-4,houspa,House Sparrow
houspa,country,LCA,Saint Lucia,NA,North America,resident,0.00365423463257128,4.346641848771142e-9,8.955208837930091e-8,0.09289623986471772,6.199497344755287e-7,365,2023-09-27,3.4278471759770824e-8,houspa,House Sparrow
houspa,country,LIE,Liechtenstein,EU,Europe,resident,0.5767896877376636,9.301217048581916e-7,1.2708791222290803e-5,0.3629997169438658,3.2841992173990383e-6,365,2023-06-14,2.812089952967224e-6,houspa,House Sparrow
houspa,country,LKA,Sri Lanka,AS,Asia,resident,0.06708588136473485,4.624098630837154e-5,5.6932961087861405e-5,0.08736874683433772,3.3787260528916316e-4,365,2023-01-25,7.281175710380294e-5,houspa,House Sparrow
houspa,country,LSO,Lesotho,AF,Africa,resident,0.02336785677226944,7.187843904251971e-6,2.14466768881146e-4,0.06650393211084361,1.1476989763059306e-4,365,2023-08-23,1.605142321653323e-5,houspa,House Sparrow
houspa,country,LTU,Lithuania,EU,Europe,resident,0.009125383205766032,7.326379105768947e-6,1.001045583435415e-4,0.015433427547875684,6.951868990684181e-5,365,2023-02-01,1.142773770446662e-5,houspa,House Sparrow
houspa,country,LUX,Luxembourg,EU,Europe,resident,1.6786737523684248,5.376084410398259e-5,7.345655305998969e-4,0.915883399281528,1.6456629115591594e-4,365,2023-07-26,1.0689130702507476e-4,houspa,House Sparrow
houspa,country,LVA,Latvia,EU,Europe,resident,0.03141653460872384,1.1668975385889806e-5,1.594399648806537e-4,0.01958585958228908,4.0814830454078184e-5,365,2023-01-25,1.8676284094956807e-5,houspa,House Sparrow
houspa,country,MAF,Saint Martin,NA,North America,resident,0.01481786275402158,4.001507580993744e-8,8.244142789102881e-7,0.08216132096392377,1.244819561166723e-6,365,2023-03-29,1.68399091768537e-7,houspa,House Sparrow
houspa,country,MAR,Morocco,AF,Africa,resident,1.141894768005311,0.008398530600394988,0.2505905449825699,0.3400441298357377,0.01403180119610505,365,2023-04-05,0.015568714026193545,houspa,House Sparrow
houspa,country,MCO,Monaco,EU,Europe,resident,0.2342725093027749,1.268476975024691e-7,1.7331935123833709e-6,0.09320908898385076,2.831525241277539e-7,365,2023-12-13,3.764849351516296e-7,houspa,House Sparrow
houspa,country,MDA,Moldova,EU,Europe,resident,3.302339483331281,0.0013463511270794914,0.01839597473812083,0.8643854900900364,0.00197717451651252,365,2023-09-20,0.003793020503195876,houspa,House Sparrow
houspa,country,MDG,Madagascar,AF,Africa,resident,0.008995480621245356,2.453302049526462e-5,7.320022118735612e-4,0.019285720420971427,2.9509607361035166e-4,365,2023-12-13,6.325797693047789e-5,houspa,House Sparrow
houspa,country,MEX,Mexico,NA,North America,resident,0.25894383201921867,0.005883523085015535,0.12121582537101032,0.0836000824092545,0.010657111552448686,365,2023-04-05,0.007870907462265028,houspa,House Sparrow
houspa,country,MKD,Macedonia,EU,Europe,resident,0.8485704755050997,2.625316218623978e-4,0.00358712150686484,0.3503008527175687,6.08045129254778e-4,365,2023-07-05,8.508121383525656e-4,houspa,House Sparrow
houspa,country,MMR,Myanmar,AS,Asia,resident,0.7576625163477104,0.0059261019583210645,0.007296352416572713,0.1365942085143224,0.005994134977053049,365,2023-02-15,0.01210330020580222,houspa,House Sparrow
houspa,country,MNE,Montenegro,EU,Europe,resident,0.5174580978053158,7.547394152324419e-5,0.001031244148515526,0.22965181884278205,1.879285001826606e-4,365,2023-07-19,1.8394240499639277e-4,houspa,House Sparrow
houspa,country,MNG,Mongolia,AS,Asia,resident,0.014148721369426976,2.7062960653932727e-4,3.3320536797324583e-4,0.03609132438548916,0.0038731279656826615,365,2023-05-24,5.994698672012936e-4,houspa,House Sparrow
houspa,country,MOZ,Mozambique,AF,Africa,resident,0.01969914049416037,1.922481740247696e-4,0.005736190887785207,0.01994418456244716,0.001092023905154328,365,2023-11-22,2.891018329276281e-4,houspa,House Sparrow
houspa,country,MRT,Mauritania,AF,Africa,resident,0.023056978287241243,1.8371880326275897e-4,0.005481696409011727,0.035493521413058546,0.0015867233811117669,365,2023-03-08,4.916986220238355e-4,houspa,House Sparrow
houspa,country,MUS,Mauritius,AF,Africa,resident,4.359435427281046,1.4017765853831197e-4,0.004182540675132402,0.8316151202749141,1.5002783574307794e-4,365,2023-11-22,1.9341220461770875e-4,houspa,House Sparrow
houspa,country,MWI,Malawi,AF,Africa,resident,0.03323093475847644,4.134389595606618e-5,0.0012335954838154709,0.03908580738594428,2.728279399731244e-4,365,2023-10-11,6.851731110245597e-5,houspa,House Sparrow
houspa,country,MYS,Malaysia,AS,Asia,resident,6.328036291907209e-4,2.529168986611155e-7,3.1139707647907594e-7,0.01327051918350969,2.975758725482538e-5,365,2023-01-18,4.1589913616258337e-7,houspa,House Sparrow
houspa,country,MYT,Mayotte,AF,Africa,resident,0.35862276199318116,4.16085626333988e-6,1.2414924565202424e-4,0.1904761904761905,1.2398994689510575e-5,365,2023-03-29,5.856656042489526e-6,houspa,House Sparrow
houspa,country,NAM,Namibia,AF,Africa,resident,0.005912382310726865,5.693868025465893e-5,0.0016989037242934168,0.023260695513022994,0.0012568067343708903,365,2023-04-12,1.4084030006927977e-4,houspa,House Sparrow
houspa,country,NCL,New Caledonia,OC,Oceania,resident,0.31606454818494484,8.221249095956164e-5,0.005688324843539857,0.17374681393372982,2.5355944140049123e-4,365,2023-11-29,1.3855469290422826e-4,houspa,House Sparrow
houspa,country,NFK,Norfolk Island,OC,Oceania,resident,1.051932990923524,2.324735966255483e-6,1.608496859440276e-4,0.25,3.099748672377644e-6,365,2023-11-29,3.3907939873678093e-6,houspa,House Sparrow
houspa,country,NIC,Nicaragua,NA,North America,resident,0.04489859219320509,5.081692694353547e-5,0.0010469604101608996,0.03290224431359601,2.0893062936734496e-4,365,2023-01-25,7.192501909517692e-5,houspa,House Sparrow
houspa,country,NIR,Northern Ireland,EU,Europe,resident,1.3722366924173317,2.5730899814730253e-4,0.0035157617761101957,0.6480494453064841,6.817654746796595e-4,365,2023-03-01,4.1145662354846854e-4,houspa,House Sparrow
houspa,country,NLD,Netherlands,EU,Europe,resident,0.7704201194028376,3.71662507965687e-4,0.00507823997033705,0.5891932225975299,0.001594702940414712,365,2023-06-21,6.492582893027782e-4,houspa,House Sparrow
houspa,country,NOR,Norway,EU,Europe,resident,0.07703257582237139,3.5638729758176007e-4,0.004869525929333681,0.04215171169878815,0.0010941174045717538,365,2023-08-09,4.542560161396276e-4,houspa,House Sparrow
houspa,country,NPL,Nepal,AS,Asia,resident,0.8252659009630529,0.00149051605011826,0.0018351574881276416,0.24067355295118203,0.002438776718206909,365,2023-03-29,0.002087715715585824,houspa,House Sparrow
houspa,country,NZL,New Zealand,OC,Oceania,resident,3.1075970163273747,0.011337514847118289,0.7844485262049381,0.3660841384741194,0.007493332440605716,365,2023-12-20,0.01922067433656625,houspa,House Sparrow
houspa,country,OMN,Oman,AS,Asia,resident,22.137167147490416,0.08642462277197181,0.10640797435626873,0.9407168858392648,0.020605127353225103,365,2023-04-05,0.11607443586516882,houspa,House Sparrow
houspa,country,PAK,Pakistan,AS,Asia,resident,6.7447136736741795,0.07258714881803774,0.08937095959797844,0.7832282987327066,0.047291763136897216,365,2023-04-26,0.08351059720294371,houspa,House Sparrow
houspa,country,PAN,Panama,NA,North America,resident,0.009983213208861618,9.9559663589221e-6,2.0511871239807812e-4,0.02267460560957725,1.268684783777153e-4,365,2023-01-18,1.538216328119708e-5,houspa,House Sparrow
houspa,country,PAZ,Azores,EU,Europe,resident,12.477761278869348,7.073096787328551e-4,0.009664381542297122,0.5769980506822612,1.835051214047565e-4,365,2023-03-29,9.402423237796656e-4,houspa,House Sparrow
houspa,country,PER,Peru,SA,South America,resident,0.025003687200390604,3.839547519077978e-4,0.02120532749622372,0.020812066565711117,0.0017930488060598612,365,2023-12-20,6.061942767795979e-4,houspa,House Sparrow
houspa,country,PNG,Papua New Guinea,OC,Oceania,resident,0.004005730336604316,6.496703202985447e-6,4.495102605372282e-4,0.015125063979711558,1.3762884105356738e-4,365,2023-12-13,9.364840173152223e-6,houspa,House Sparrow
houspa,country,POL,Poland,EU,Europe,resident,0.0989682492810243,3.8300337695604497e-4,0.005233196827622501,0.1843566844127542,0.004002824223885836,365,2023-06-14,9.005071018020322e-4,houspa,House Sparrow
houspa,country,PRI,Puerto Rico,NA,North America,resident,0.6145682469564927,8.393520427659301e-5,0.0017292827642648256,0.4247572815533981,3.254736105996526e-4,365,2023-03-22,1.0669000211157929e-4,houspa,House Sparrow
houspa,country,PRT,Portugal,EU,Europe,resident,5.252928176841984,0.00586431437710204,0.08012752169011143,0.844026707344986,0.005286556591137354,365,2023-09-27,0.007303057600790007,houspa,House Sparrow
houspa,country,PRY,Paraguay,SA,South America,resident,0.020948139472727608,1.0278610960776984e-4,0.005676744734803842,0.013530134889562988,3.7247061259914255e-4,365,2023-12-27,2.0295263474118857e-4,houspa,House Sparrow
houspa,country,PSX,Palestinian Territory,AS,Asia,resident,14.22497607497434,0.0010685811605556665,0.0013156615913731803,0.9505355058933338,4.006131746958135e-4,365,2023-10-25,0.0015947078558308531,houspa,House Sparrow
houspa,country,QAT,Qatar,AS,Asia,resident,28.52195520337707,0.004515497266492652,0.005559583622441643,0.9366721742956624,8.319837122114613e-4,365,2023-03-29,0.005929485035584996,houspa,House Sparrow
houspa,country,REU,Reunion,AF,Africa,resident,2.9812921985001823,1.1497026538716422e-4,0.003430416918264869,0.8796561604584527,1.9032456848398733e-4,365,2023-11-15,1.4609116414956194e-4,houspa,House Sparrow
houspa,country,ROU,Romania,EU,Europe,resident,1.0478708734823778,0.0030586825229634742,0.04179254972395147,0.4392264047681488,0.007193098181812076,365,2023-08-02,0.007750290983035412,houspa,House Sparrow
houspa,country,RUS,Russia,AS,Asia,resident,0.025989094459888045,0.00287205202394593,0.00353613621109168,0.01891425941194451,0.011727121129325047,365,2023-08-02,0.007234585194627842,houspa,House Sparrow
houspa,country,RWA,Rwanda,AF,Africa,resident,0.0033681958521666624,1.0214196446072377e-6,3.0476534238738464e-5,0.015542512585981952,2.6444113487819836e-5,365,2023-12-13,2.628990381912573e-6,houspa,House Sparrow
houspa,country,SAH,Western Sahara,AF,Africa,resident,0.014701104147481336,1.6377565025673475e-5,4.88664403399087e-4,0.045887472282269186,2.868100917290319e-4,365,2023-03-08,7.777302312403695e-5,houspa,House Sparrow
houspa,country,SAU,Saudi Arabia,AS,Asia,resident,8.846003012552623,0.2102293504425725,0.2588391897278038,0.6258405971264265,0.0834470353899942,365,2023-11-08,0.24400089601552616,houspa,House Sparrow
houspa,country,SCT,Scotland,EU,Europe,resident,0.3136185649863865,3.752529423025758e-4,0.0051272981528808275,0.230888872833171,0.001549980596636887,365,2023-06-07,6.612071532712214e-4,houspa,House Sparrow
houspa,country,SDN,Sudan,AF,Africa,resident,0.06364755665512445,9.739137199227006e-4,0.029059079671621784,0.010256084226869846,8.80483539835944e-4,365,2023-04-05,0.001719873804314074,houspa,House Sparrow
houspa,country,SDS,South Sudan,AF,Africa,resident,0.005206378575677398,1.992213428943994e-5,5.944252305959219e-4,0.047769394194600925,0.0010255356635879198,365,2023-04-05,3.782311710196084e-4,houspa,House Sparrow
houspa,country,SEN,Senegal,AF,Africa,resident,0.04145072156633092,6.87493024536557e-5,0.0020513023037890547,0.024454140827199527,2.275566465096864e-4,365,2023-01-04,1.3078022465371457e-4,houspa,House Sparrow
houspa,country,SGP,Singapore,AS,Asia,resident,0.051649911209658755,5.10609491903914e-7,6.286740974725974e-7,0.335318499013981,1.859849203426586e-5,365,2023-02-08,7.317003597772615e-7,houspa,House Sparrow
houspa,country,SLV,El Salvador,NA,North America,resident,0.041093521426864954,1.09496855516017e-5,2.255919034414602e-4,0.061919916985433296,9.256772046606851e-5,365,2023-03-01,1.610425006932389e-5,houspa,House Sparrow
houspa,country,SOL,Somaliland,AF,Africa,resident,2.1544059194679487e-4,4.471659872818488e-7,1.3342282570877023e-5,0.009398475962804633,1.0944592065221308e-4,365,2023-09-13,1.2916824695386952e-5,houspa,House Sparrow
houspa,country,SPM,Saint Pierre and Miquelon,NA,North America,resident,0.2212026059627533,3.6663765064986745e-7,7.5536859112187e-6,0.13333333333333333,1.2398994689510574e-6,365,2023-11-29,7.163544504120836e-7,houspa,House Sparrow
houspa,country,SRB,Serbia,EU,Europe,resident,0.8146181159509411,7.764070718760513e-4,0.010608499219451327,0.39369802974127527,0.0021052301201592346,365,2023-07-19,0.0023390815228038833,houspa,House Sparrow
houspa,country,SUR,Suriname,SA,South America,resident,0.004511794608076847,4.4101165868385955e-7,2.435650712896972e-5,0.012435048932973211,6.819447079230816e-6,0,2023-03-29,7.899956410705544e-7,houspa,House Sparrow
houspa,country,SVK,Slovakia,EU,Europe,resident,0.23485417306455977,1.397256626229669e-4,0.0019091526037899116,0.22731024291221064,7.587484511136898e-4,365,2023-07-05,2.930695606569307e-4,houspa,House Sparrow
houspa,country,SVN,Slovenia,EU,Europe,resident,0.5577385841272208,1.241411517792715e-4,0.0016962124115768413,0.342763037417785,4.2803568603474583e-4,365,2023-07-12,2.6120132657122576e-4,houspa,House Sparrow
houspa,country,SWE,Sweden,EU,Europe,resident,0.013697371941579294,7.766754904110849e-5,0.001061216677726029,0.019154088541307995,6.093471120543365e-4,365,2023-07-19,1.2205233275501806e-4,houspa,House Sparrow
houspa,country,SWZ,Swaziland,AF,Africa,resident,0.03392482996088152,7.127332249800854e-6,2.126612567995458e-4,0.10155045712205917,1.1969944111618252e-4,365,2023-10-11,1.941980921503714e-5,houspa,House Sparrow
houspa,country,SXM,Sint Maarten,NA,North America,resident,0.1301043195268964,1.374525955175444e-7,2.8318797384310397e-6,0.4175339547303765,2.474878845686449e-6,365,2023-04-05,3.34485596369364e-7,houspa,House Sparrow
houspa,country,SYC,Seychelles,AF,Africa,resident,0.4633471204359824,1.0210227914675575e-5,3.046469316209277e-4,0.1002897596929765,1.2398994689510575e-5,365,2023-11-08,1.3446552042496867e-5,houspa,House Sparrow
houspa,country,SYR,Syria,AS,Asia,resident,3.195710093500781,0.007316635722892054,0.009008409425515555,0.5702458163380554,0.007324990765897174,365,2023-06-28,0.011224784700719545,houspa,House Sparrow
houspa,country,TCA,Turks and Caicos Islands,NA,North America,resident,4.0684764583905536e-4,3.3716977337052152e-9,6.94657125988932e-8,0.013333333333333334,6.199497344755287e-7,365,2023-04-05,9.792367725756497e-8,houspa,House Sparrow
houspa,country,THA,Thailand,AS,Asia,resident,1.693123516568121,0.009581656082240188,0.011797154352408154,0.3846576836334932,0.01221313798183283,365,2023-11-01,0.016512929363063592,houspa,House Sparrow
houspa,country,TJK,Tajikistan,AS,Asia,resident,0.2118308468133178,3.695321726341132e-4,4.549764718466222e-4,0.2352516756835761,0.0023024843856152095,365,2023-06-14,0.0017145548571039007,houspa,House Sparrow
houspa,country,TKM,Turkmenistan,AS,Asia,resident,1.2890438583337414,0.007491189674752159,0.009223324247675926,0.7294285960087374,0.02378300896406132,365,2023-05-10,0.029925906896460904,houspa,House Sparrow
houspa,country,TUN,Tunisia,AF,Africa,resident,0.11766360983544814,2.32552079660622e-4,0.006938755736181345,0.408071158699677,0.004524961368367123,365,2023-12-27,0.002022398788779673,houspa,House Sparrow
houspa,country,TUR,Turkey,AS,Asia,resident,2.951002618485248,0.0287598895048045,0.035409834451818195,0.5176657092965193,0.028305311012977,365,2023-08-02,0.039943560436250754,houspa,House Sparrow
houspa,country,TZA,United Republic of Tanzania,AF,Africa,resident,0.03169649593007441,3.1893883846467877e-4,0.009516314358991898,0.036409768126185835,0.0020554881772806206,365,2023-10-11,4.349811737887313e-4,houspa,House Sparrow
houspa,country,UGA,Uganda,AF,Africa,resident,0.0057552178204115295,1.2541691303851177e-5,3.742118006556307e-4,0.028235232511865667,3.4521258928908613e-4,365,2023-12-13,2.0265238916923487e-5,houspa,House Sparrow
houspa,country,UKR,Ukraine,EU,Europe,resident,0.244540209944952,0.001726147887561402,0.023585357708818075,0.2175350898735438,0.008615053068011212,365,2023-08-02,0.004282297513654929,houspa,House Sparrow
houspa,country,URY,Uruguay,SA,South America,resident,0.1443237133442308,3.1742755608072146e-4,0.01753111597023294,0.13106461259549673,0.0016173100832639477,365,2023-12-27,8.932877261798643e-4,houspa,House Sparrow
houspa,country,USA,United States,NA,North America,resident,0.3652536899581559,0.03540472289695635,0.7294290590813821,0.18650725339458976,0.10142925348447536,365,2023-01-18,0.0651427881198673,houspa,House Sparrow
houspa,country,UZB,Uzbekistan,AS,Asia,resident,0.8953136770521533,0.004889165740692094,0.006019652803481275,0.7783087566977965,0.023845826114664948,365,2023-05-10,0.02342720232489216,houspa,House Sparrow
houspa,country,VCT,Saint Vincent and the Grenadines,NA,North America,resident,0.21288054277438945,2.8933211623063195e-6,5.96099152981305e-5,0.4065040650406504,3.099748672377644e-5,365,2023-11-01,4.703948477552881e-6,houspa,House Sparrow
houspa,country,VEN,Venezuela,SA,South America,resident,0.008997519279793281,1.7113925310470027e-5,9.451801003926024e-4,0.011153982162121354,1.1903034901930151e-4,365,2023-03-29,2.426880056347248e-5,houspa,House Sparrow
houspa,country,VIR,United States Virgin Islands,NA,North America,resident,0.07451720920841345,7.328281634067302e-7,1.5098159622880763e-5,0.0898876404494382,4.95959787580423e-6,365,2023-04-05,9.62980511375265e-7,houspa,House Sparrow
houspa,country,VNM,Vietnam,AS,Asia,resident,0.32897406763134157,0.0010574451188157768,0.0013019506418094778,0.13512339019811823,0.0024368433963280235,365,2023-10-04,0.001977895607410417,houspa,House Sparrow
houspa,country,VUT,Vanuatu,OC,Oceania,resident,0.05915990924196584,2.196455150051923e-6,1.5197386980899278e-4,0.03869047619047619,8.059346548181873e-6,365,2023-02-22,3.4257164328002373e-6,houspa,House Sparrow
houspa,country,WLS,Wales,EU,Europe,resident,0.9510344015897764,2.7795492183079054e-4,0.003797858981577304,0.4741351244346916,7.774656073945719e-4,365,2023-01-25,4.826782715108877e-4,houspa,House Sparrow
houspa,country,YEM,Yemen,AS,Asia,resident,3.3023484358847592,0.018695161604222535,0.023017911016136493,0.4284793867225503,0.013609343568171084,365,2023-02-01,0.02352013050279186,houspa,House Sparrow
houspa,country,ZAF,South Africa,AF,Africa,resident,0.0489364477859698,7.401777229876451e-4,0.022084998890009203,0.09522027253075684,0.00808041942139505,365,2023-10-25,0.0013448175816439313,houspa,House Sparrow
houspa,country,ZMB,Zambia,AF,Africa,resident,0.00791944503635147,5.9993672097145854e-5,0.0017900568208470094,0.011450725836739516,4.86681264391485e-4,365,2023-10-11,9.535877449488042e-5,houspa,House Sparrow
houspa,country,ZWE,Zimbabwe,AF,Africa,resident,0.008519340872462975,4.05729095712322e-5,0.0012105912337219363,0.014674274858306812,3.9209176596299264e-4,365,2023-10-11,7.326457407046187e-5,houspa,House Sparrow
houspa,state,ABW-5150,Aruba,NA,North America,resident,4.040967145691747,2.0539918425542995e-5,4.2317555808465794e-4,0.7391304347826086,2.1078290972167974e-5,365,2023-03-29,3.080018157656185e-5,houspa,House Sparrow
houspa,state,AFG-1741,Badghis,AS,Asia,resident,0.47525431899103554,1.201784645015772e-4,1.4796647713002004e-4,0.5367886470347016,7.615612106310503e-4,365,2023-06-14,7.467624694448362e-4,houspa,House Sparrow
houspa,state,AFG-1742,Hirat,AS,Asia,resident,1.4214442143488353,9.673806533713692e-4,0.001191061209816173,0.7270728312084784,0.0027761722520430964,365,2023-06-28,0.003936786584451461,houspa,House Sparrow
houspa,state,AFG-1743,Bamyan,AS,Asia,resident,0.0483484131786128,1.0523418725099476e-5,1.2956674081125585e-5,0.06038080554247815,7.373512895155547e-5,365,2023-06-14,5.6407310313138755e-5,houspa,House Sparrow
houspa,state,AFG-1744,Balkh,AS,Asia,resident,1.50350395301214,2.9576758892190154e-4,3.64155827448098e-4,0.9141094508906198,0.0010088930281009535,365,2023-06-14,0.0011269124386624806,houspa,House Sparrow
houspa,state,AFG-1745,Faryab,AS,Asia,resident,0.9473924363079648,2.411131210497326e-4,2.9686399522174623e-4,0.6820679088912902,9.739114309412552e-4,365,2023-06-14,0.0011159163648633483,houspa,House Sparrow
houspa,state,AFG-1746,Jawzjan,AS,Asia,resident,1.8749892011079792,2.593977297663348e-4,3.193764241225247e-4,0.9823867194251212,7.625192251352052e-4,365,2023-06-21,9.949498437174862e-4,houspa,House Sparrow
houspa,state,AFG-1747,Ghor,AS,Asia,resident,0.06354602658436172,2.8179641668223932e-5,3.469542002992304e-5,0.09884286381379218,2.4591968914172534e-4,365,2023-06-14,2.1460453047640097e-4,houspa,House Sparrow
houspa,state,AFG-1748,Sari Pul,AS,Asia,resident,0.4261075801491175,8.437744496099226e-5,1.0388744216270406e-4,0.3947957050923788,4.386119347393543e-4,365,2023-06-14,4.5190424513534214e-4,houspa,House Sparrow
houspa,state,AFG-1749,Farah,AS,Asia,resident,2.894541276501494,0.0017553919873659072,0.0021612788067315435,0.7282063239723355,0.002477705733671098,365,2023-06-28,0.004590998317409964,houspa,House Sparrow
houspa,state,AFG-1750,Hilmand,AS,Asia,resident,4.998749705201282,0.003516501940478147,0.004329597703809922,0.9182626124249283,0.003624242818901024,365,2023-05-03,0.008451384134074334,houspa,House Sparrow
houspa,state,AFG-1751,Nimroz,AS,Asia,resident,8.084514904213552,0.004177611648796666,0.005143571113622148,0.9783326343623572,0.0028363613258659453,365,2023-05-03,0.008015143342971702,houspa,House Sparrow
houspa,state,AFG-1752,Uruzgan,AS,Asia,resident,0.38398512813185376,1.344362655431266e-4,1.6552100822249464e-4,0.23643890158346192,4.644317306177662e-4,365,2023-06-14,6.023121051513038e-4,houspa,House Sparrow
houspa,state,AFG-1754,Kandahar,AS,Asia,resident,5.274414386862531,0.0034636902880094667,0.0042645747881019,0.9002809770360941,0.0033169871813251957,365,2023-08-30,0.00843579753984582,houspa,House Sparrow
houspa,state,AFG-1755,Zabul,AS,Asia,resident,2.4883967481344103,5.233293234582291e-4,6.443350453186617e-4,0.6888832800236,8.128342669279892e-4,365,2023-06-14,0.0014294913353708437,houspa,House Sparrow
houspa,state,AFG-1757,Ghazni,AS,Asia,resident,1.093990218436687,0.00029621296153512807,3.6470418040686337e-4,0.4506863672899592,6.846458117986759e-4,365,2023-06-14,9.164796271165804e-4,houspa,House Sparrow
houspa,state,AFG-1758,Khost,AS,Asia,resident,1.7004562656911235,8.421197286696498e-5,1.0368370913184792e-4,0.7137993853455749,1.983286518934627e-4,365,2023-05-10,2.1433684674938155e-4,houspa,House Sparrow
houspa,state,AFG-1759,Paktika,AS,Asia,resident,2.1595508414876017,4.989909385687086e-4,6.143690685850381e-4,0.7134671623664037,9.249199149258571e-4,365,2023-05-10,0.0014577223158938012,houspa,House Sparrow
houspa,state,AFG-1760,Badakhshan,AS,Asia,resident,0.0017946145487151134,9.623552362905352e-7,1.1848738012430648e-6,0.008112294716857302,2.4406688852758695e-5,365,2023-06-14,1.6112189215990482e-5,houspa,House Sparrow
houspa,state,AFG-1762,Kunar,AS,Asia,resident,0.15173268570527465,8.676087867669298e-6,1.068219803251593e-5,0.14491746377688527,4.649073759869992e-5,365,2023-06-14,3.699056448561291e-5,houspa,House Sparrow
houspa,state,AFG-1763,Kunduz,AS,Asia,resident,1.3057988850788262,1.283347823730987e-4,1.5800872244249716e-4,0.8847552273743574,4.878565467274965e-4,365,2023-06-14,5.173123856702459e-4,houspa,House Sparrow
houspa,state,AFG-1764,Nangarhar,AS,Asia,resident,1.248987930469711,1.1253105395247055e-4,1.3855081016496732e-4,0.6652555899148186,3.3628197729873376e-4,365,2023-05-10,3.1155661794927275e-4,houspa,House Sparrow
houspa,state,AFG-1765,Takhar,AS,Asia,resident,0.26928928285594544,4.038327785549106e-5,4.9720816321141656e-5,0.334008329631157,2.810222521724337e-4,365,2023-06-14,2.407248390884122e-4,houspa,House Sparrow
houspa,state,AFG-1766,Baghlan,AS,Asia,resident,0.2931419770232209,6.427870974332631e-5,7.914141917712942e-5,0.24034136032969336,2.956776978565569e-4,365,2023-06-14,3.044402610010004e-4,houspa,House Sparrow
houspa,state,AFG-1767,Kabul,AS,Asia,resident,1.1349810903099276,6.158613399601596e-5,7.582625826716444e-5,0.4733165357256563,1.440943356152263e-4,365,2023-06-21,1.5130025514843742e-4,houspa,House Sparrow
houspa,state,AFG-1768,Kapisa,AS,Asia,resident,0.21395470012532616,4.88671793602545e-6,6.016639010330167e-6,0.10194237180794748,1.3063245520845632e-5,365,2023-06-21,1.6843136932668662e-5,houspa,House Sparrow
houspa,state,AFG-1769,Parwan,AS,Asia,resident,0.10448742544920124,1.1930641317374786e-5,1.468927875684949e-5,0.04884983278913336,3.129419305758445e-5,365,2023-06-21,3.6514178588476035e-5,houspa,House Sparrow
houspa,state,AFG-1770,Laghman,AS,Asia,resident,0.41859243285783826,2.00132307637825e-5,2.4640747944222342e-5,0.2044330023862157,5.483751319997071e-5,365,2023-05-10,5.642340247816479e-5,houspa,House Sparrow
houspa,state,AFG-1771,Logar,AS,Asia,resident,0.8191075972771886,4.483282882258244e-5,5.5199205349837765e-5,0.5168742240405099,1.5872340748427315e-4,365,2023-06-21,1.6823260009299443e-4,houspa,House Sparrow
houspa,state,AFG-1773,Samangan,AS,Asia,resident,0.4972855566688434,8.063748946852274e-5,9.92827233294349e-5,0.4815971389897029,4.381430890913924e-4,365,2023-06-14,4.30881972968192e-4,houspa,House Sparrow
houspa,state,AFG-1774,Wardak,AS,Asia,resident,0.18542563928670971,2.3124828007318337e-5,2.847181771435938e-5,0.21088805371998984,1.475576126562388e-4,365,2023-06-14,1.283949302350556e-4,houspa,House Sparrow
houspa,state,AFG-3413,Paktya,AS,Asia,resident,0.5692575064006749,3.780614873303881e-5,4.654779593899627e-5,0.33459362810437615,1.2467295512632196e-4,365,2023-05-24,1.3383509980701794e-4,houspa,House Sparrow
houspa,state,AGO-1876,Malanje,AF,Africa,resident,5.306512613271136e-4,5.546996489320489e-7,1.6550810366873576e-5,0.001551794437332211,9.100888548805732e-6,365,2023-10-04,1.5839581718752309e-6,houspa,House Sparrow
houspa,state,AGO-1877,Bengo,AF,Africa,resident,0.006811639656477766,2.9029792207968496e-6,8.661743102755925e-5,0.019389807258080333,4.6362481079071064e-5,365,2023-10-04,6.774384691340763e-6,houspa,House Sparrow
houspa,state,AGO-1878,Cuanza Norte,AF,Africa,resident,7.436774399906235e-4,2.166688580298589e-7,6.464841267816524e-6,0.003942050558168221,6.443695246152287e-6,365,2023-10-11,1.09347676909045e-6,houspa,House Sparrow
houspa,state,AGO-1879,Cuanza Sul,AF,Africa,resident,0.006593743375675776,4.511676255829077e-6,1.3461681162178023e-4,0.015140687328386467,5.812358506134751e-5,365,2023-03-29,1.0588601168411338e-5,houspa,House Sparrow
houspa,state,AGO-1880,Luanda,AF,Africa,resident,0.6680563515090749,2.626253690687064e-5,7.836065318149884e-4,0.49283091513083954,1.0869822106908388e-4,365,2023-10-11,3.651008641006287e-5,houspa,House Sparrow
houspa,state,AGO-1881,Uíge,AF,Africa,resident,3.2985314776125236e-4,2.513694480029758e-7,7.50021759330983e-6,0.0013049870864966188,5.579547610279758e-6,365,2023-10-04,8.629683165587401e-7,houspa,House Sparrow
houspa,state,AGO-1882,Zaire,AF,Africa,resident,0.009453242171035743,4.3469166859690355e-6,1.2970080995830115e-4,0.021486452769398885,5.543271765627732e-5,365,2023-10-04,1.0221124363443284e-5,houspa,House Sparrow
houspa,state,AGO-1885,Cabinda,AF,Africa,resident,0.03050093935525276,2.6508053449370255e-6,7.909321137667076e-5,0.053711164567857975,2.618967485940087e-5,365,2023-10-04,5.559714808313537e-6,houspa,House Sparrow
houspa,state,AGO-1886,Bié,AF,Africa,resident,7.356148095941634e-4,6.515225956528376e-7,1.9439757986405933e-5,0.0018714050802269289,9.29924601713293e-6,365,2023-04-05,1.344805592997943e-6,houspa,House Sparrow
houspa,state,AGO-1887,Benguela,AF,Africa,resident,0.03341080598128288,1.6543598357960772e-5,4.936184108561997e-4,0.04464143962994853,1.240172600387903e-4,365,2023-03-29,2.81921649581739e-5,houspa,House Sparrow
houspa,state,AGO-1888,Cuando Cubango,AF,Africa,resident,2.30727546118975e-4,5.603080597546688e-7,1.6718150916238292e-5,4.55017542827802e-4,6.199497344755288e-6,0,2023-03-29,9.322049774806316e-7,houspa,House Sparrow
houspa,state,AGO-1889,Cunene,AF,Africa,resident,4.425352101167662e-4,4.185201745028215e-7,1.2487565218840762e-5,9.32274212462704e-4,4.946672442844232e-6,0,2023-04-05,8.29084220395018e-7,houspa,House Sparrow
houspa,state,AGO-1890,Huambo,AF,Africa,resident,0.004218274733056756,1.715790882301566e-6,5.119478546066767e-5,0.007334826297112933,1.6738642830839274e-5,365,2023-04-05,2.837296852180729e-6,houspa,House Sparrow
houspa,state,AGO-1891,Huíla,AF,Africa,resident,0.003309651517642846,3.20066359150629e-6,9.54995667532258e-5,0.007419529282542674,4.025640881052513e-5,365,2023-04-05,6.2389045822780254e-6,houspa,House Sparrow
houspa,state,AGO-1893,Namibe,AF,Africa,resident,0.015269558469462183,1.1134879235832833e-5,3.322361480579974e-4,0.03152237082030152,1.2896706626258967e-4,365,2023-04-12,2.174496140594099e-5,houspa,House Sparrow
houspa,state,AIA-5114,Blowing Point,NA,North America,resident,0.006682574324874847,3.86045262288704e-9,7.95353301461039e-8,0.00838458899391129,2.7175473692291862e-8,365,2023-09-27,1.1462291899523057e-7,houspa,House Sparrow
houspa,state,AIA-5116,George Hill,NA,North America,resident,0.409543932936179,8.067916384632814e-9,1.662199891895184e-7,0.5138525043915827,5.679371588770692e-8,365,2023-09-27,1.1462291899523057e-7,houspa,House Sparrow
houspa,state,AIA-5118,North Hill,NA,North America,resident,0.11122781893356136,1.6249231768074382e-8,3.347762916794567e-7,0.13955692837947783,1.1438569866530893e-7,365,2023-09-27,1.1462291899523057e-7,houspa,House Sparrow
houspa,state,AIA-5122,South Hill,NA,North America,resident,0.013625884011377137,2.6231821373054518e-9,5.404435119525528e-8,0.017096321201970948,1.8465766614983824e-8,365,2023-09-27,1.1462291899523057e-7,houspa,House Sparrow
houspa,state,AIA-5124,The Farrington,NA,North America,resident,0.2260273657315517,5.723872312152649e-8,1.1792660564261636e-6,0.2835952839284018,4.0292928480654363e-07,365,2023-09-27,1.1462291899523057e-7,houspa,House Sparrow
houspa,state,AIA-5125,The Quarter,NA,North America,resident,0.001130120517599886,1.775291950567922e-11,3.6575615656317823e-10,0.0014179559542480352,1.249708373903485e-10,365,2023-09-27,1.1462291899523057e-7,houspa,House Sparrow
houspa,state,AIA-5126,The Valley,NA,North America,resident,1.9132903557708716e-4,1.0629231326122802e-11,2.1898971579406527e-10,2.4005948126066683e-4,7.482397130321854e-11,365,2023-09-27,1.1462291899523057e-7,houspa,House Sparrow
houspa,state,ALB-1494,Durrës,EU,Europe,resident,3.654632182128799,4.500090404776858e-5,6.148733992231976e-4,0.7822670913925708,5.404226467210097e-5,365,2023-07-05,9.651750624617954e-5,houspa,House Sparrow
houspa,state,ALB-1495,Fier,EU,Europe,resident,3.5643865722022414,8.722759369634428e-5,0.0011918411013520664,0.9116302765736756,1.251666844776214e-4,365,2023-07-05,2.383031759288949e-4,houspa,House Sparrow
houspa,state,ALB-1498,Shkodër,EU,Europe,resident,0.7857454883333549,3.4334925788331115e-5,4.691379646314955e-4,0.2848295576640178,6.982970180913365e-5,365,2023-07-05,9.477119706857564e-5,houspa,House Sparrow
houspa,state,ALB-1502,Kukës,EU,Europe,resident,0.28182400884535347,7.99372156234623e-6,1.0922284459588136e-4,0.1504250155086374,2.3938228519264103e-5,365,2023-07-05,2.7243482432677675e-5,houspa,House Sparrow
houspa,state,ALB-1504,Vlorë,EU,Europe,resident,1.9740555948014495,7.97532456709341e-5,0.0010897147580127698,0.5754652674870878,1.3043946793174152e-4,365,2023-07-05,1.7219680915220377e-4,houspa,House Sparrow
houspa,state,ALB-1521,Korçë,EU,Europe,resident,0.5327618523527553,2.3404493578866572e-5,3.1978914265054135e-4,0.2760132947396086,6.802946325815712e-5,365,2023-07-05,9.166617463837987e-5,houspa,House Sparrow
houspa,state,ALB-1523,Berat,EU,Europe,resident,1.127856400283583,2.5202836145173e-5,3.4436093804244823e-4,0.36346252190560274,4.55676003014188e-5,365,2023-06-28,6.79192460979673e-5,houspa,House Sparrow
houspa,state,ALB-1524,Elbasan,EU,Europe,resident,0.9655815951712694,3.845717120108895e-5,5.254625897253403e-4,0.36429046835084006,8.140237566785676e-5,365,2023-07-05,1.0833691162714694e-4,houspa,House Sparrow
houspa,state,ALB-1525,Gjirokastër,EU,Europe,resident,0.6443444320947994,2.2856788734331807e-5,3.1230553433963675e-4,0.3608605603878016,7.18186882100475e-5,365,2023-06-28,7.718595349133859e-5,houspa,House Sparrow
houspa,state,ALB-1526,Dibër,EU,Europe,resident,0.31211160509304053,9.24282170850005e-6,1.262900228912444e-4,0.19840949226580115,3.2965374917717234e-5,365,2023-06-28,3.681083728670605e-5,houspa,House Sparrow
houspa,state,ALB-1528,Lezhë,EU,Europe,resident,1.433054004197677,3.0477507186964258e-5,4.164318215475358e-4,0.4453800157702785,5.314330095357997e-5,365,2023-07-05,8.597548425887144e-5,houspa,House Sparrow
houspa,state,ALB-1529,Tiranë,EU,Europe,resident,2.762536719119346,5.860193666542883e-5,8.007121803661073e-4,0.7059831647858552,8.402319067116719e-5,365,2023-06-28,1.272009070341767e-4,houspa,House Sparrow
houspa,state,ALD-4810,Jomala,EU,Europe,resident,0.00119772719604042,1.3046955731824561e-8,1.7826810794347454e-7,0.00957370766895798,5.851030408992618e-7,365,2023-04-19,8.255664871233596e-8,houspa,House Sparrow
houspa,state,ALD-4817,Mariehamn,EU,Europe,resident,0.0013185727179751102,7.770311153933774e-10,1.0617025887234585e-8,0.010539653590475095,3.484669357626696e-8,365,2023-04-19,8.255664871233596e-8,houspa,House Sparrow
houspa,state,AND-4876,Andorra la Vella,EU,Europe,resident,1.7885596205723948,3.183323896315782e-7,4.3495596952416685e-6,0.5960863439319588,5.952336777950137e-7,365,2023-07-26,1.5768451752734063e-6,houspa,House Sparrow
houspa,state,AND-4877,La Massana,EU,Europe,resident,0.12696275920443242,1.1300875667195685e-7,1.5441040536233152e-6,0.1496590581860063,7.473768950444364e-7,365,2023-08-09,7.16761510942406e-7,houspa,House Sparrow
houspa,state,AND-4878,Ordino,EU,Europe,resident,0.029804794926098443,2.797730334787782e-8,3.8227008933748715e-7,0.028523792705751155,1.5022004939118345e-7,365,2023-08-16,3.67023706302831e-7,houspa,House Sparrow
houspa,state,AND-4881,Escaldes-Engordany,EU,Europe,resident,0.4624411583503724,3.7598675277465546e-7,5.137324630101691e-6,0.08288509334942716,3.780884488442774e-7,365,2023-07-26,1.5768451752734063e-6,houspa,House Sparrow
houspa,state,AND-4882,Sant Julià de Lòria,EU,Europe,resident,0.2991934788044425,2.825597102375906e-7,3.860776870902086e-6,0.23191702771735215,1.2288296013027329e-6,365,2023-07-26,9.296509963804302e-7,houspa,House Sparrow
houspa,state,ARE-338,Ras Al Khaymah,AS,Asia,resident,39.622468380892165,0.001332988645554632,0.0016412061408427076,0.961656682207635,1.815122295549183e-4,365,2023-12-06,0.0021676123486316632,houspa,House Sparrow
houspa,state,ARE-339,Umm Al Qaywayn,AS,Asia,resident,41.89666465415976,4.807742831174003e-4,5.919403053003643e-4,0.8748193687441429,5.6322391004406025e-5,365,2023-02-08,8.436033751985063e-4,houspa,House Sparrow
houspa,state,ARE-341,Fujayrah,AS,Asia,resident,32.92631411517221,7.653768108509752e-4,9.423494537754078e-4,0.9334494857062896,1.217373710379389e-4,365,2023-12-06,0.0013636048876781092,houspa,House Sparrow
houspa,state,ARE-344,Neutral Zone,AS,Asia,resident,31.855157958339213,5.376812424831902e-5,6.620054566272613e-5,1,9.469914066964889e-6,365,2023-04-12,1.4768695690661908e-4,houspa,House Sparrow
houspa,state,ARE-346,Ajman,AS,Asia,resident,48.48688255649667,1.1500226147461688e-4,1.41593417447609e-4,0.9068241334396778,1.2067188672250667e-5,365,2023-12-06,2.7105485600634313e-4,houspa,House Sparrow
houspa,state,ARE-348,Sharjah,AS,Asia,resident,60.23623088978437,0.0020501530393124026,0.002524195362809603,0.9605076037950372,1.834130422007992e-4,365,2023-12-06,0.0037397840631345,houspa,House Sparrow
houspa,state,ARE-349,Abu Dhabi,AS,Asia,resident,34.16789114779122,0.02683139478428971,0.033035427596631,0.943951696293099,0.004158873979673177,365,2023-04-12,0.036062379224774656,houspa,House Sparrow
houspa,state,ARE-350,Dubay,AS,Asia,resident,53.19504051983835,0.0027774666836057316,0.003419680574415615,0.9555576368413194,2.799210231808472e-4,365,2023-12-06,0.004288037709804692,houspa,House Sparrow
houspa,state,ARG-1271,Santa Cruz,SA,South America,resident,0.009712277489117502,2.9303452346722437e-5,0.0016183920128470088,0.005049293058176649,8.547304965917108e-5,365,2023-12-13,5.5914605862571606e-5,houspa,House Sparrow
houspa,state,ARG-1272,Tierra del Fuego,SA,South America,resident,0.02290077878091372,6.8792226387955955e-6,3.7993062528921993e-4,0.021702934579101333,3.657703433405619e-5,365,2023-01-18,1.4559732892437637e-5,houspa,House Sparrow
houspa,state,ARG-1273,San Juan,SA,South America,resident,0.10930058566877364,1.1789143990037764e-4,0.006510992713769596,0.04033368023746296,2.4407795112754065e-4,365,2023-12-13,2.011521017932414e-4,houspa,House Sparrow
houspa,state,ARG-1274,Chubut,SA,South America,resident,0.01999857666153451,5.604520453072468e-5,0.003095304617957306,0.006961876246957197,1.094628081707942e-4,365,2023-12-20,8.846151288248577e-5,houspa,House Sparrow
houspa,state,ARG-1275,Mendoza,SA,South America,resident,0.1445080835109274,2.6755116248694094e-4,0.014776506852279755,0.05825295549220607,6.051089553584093e-4,365,2023-12-13,5.135846544693777e-4,houspa,House Sparrow
houspa,state,ARG-1276,Neuquén,SA,South America,resident,0.29414414811365786,3.410721768655867e-4,0.01883697798854568,0.08758960925850308,5.698224876508771e-4,365,2023-10-18,7.312471053723313e-4,houspa,House Sparrow
houspa,state,ARG-1295,Buenos Aires,SA,South America,resident,1.2759808463482,0.004904821242839138,0.2708869736552065,0.6077404469268194,0.013106842621645649,365,2023-12-13,0.012080519673378013,houspa,House Sparrow
houspa,state,ARG-1296,La Pampa,SA,South America,resident,0.24387075716085785,4.2722059523303915e-4,0.023594844418604113,0.2002126682055604,0.0019678179719139835,365,2023-12-13,0.0015551626554026817,houspa,House Sparrow
houspa,state,ARG-1297,Río Negro,SA,South America,resident,0.06176888036301533,1.5444989409218264e-4,0.00853006915452447,0.024339363712033463,3.414507108381734e-4,365,2023-12-06,3.324827379098432e-4,houspa,House Sparrow
houspa,state,ARG-1298,San Luis,SA,South America,resident,0.07191286500519231,6.831975803572312e-5,0.0037732124330060886,0.07402279190204424,3.945536855587027e-4,365,2023-12-20,2.5216683771049837e-4,houspa,House Sparrow
houspa,state,ARG-1299,Córdoba,SA,South America,resident,1.1383903964296411,0.0023295887129661723,0.1286601906721987,0.5700034104419656,0.006544348213125956,365,2023-12-20,0.00575700792101965,houspa,House Sparrow
houspa,state,ARG-1300,Catamarca,SA,South America,resident,0.030977853677385946,3.8567580954880955e-5,0.002130037929786491,0.014898069859686364,1.04064355106386e-4,365,2023-12-27,6.380408331595304e-5,houspa,House Sparrow
houspa,state,ARG-1301,Jujuy,SA,South America,resident,0.04750590807186585,3.1272996460702866e-5,0.0017271674030399763,0.02487284106702821,9.186459856111175e-5,365,2023-12-13,5.119352148579081e-5,houspa,House Sparrow
houspa,state,ARG-1302,La Rioja,SA,South America,resident,0.03884877092315923,4.3136091548101295e-5,0.002382350898483564,0.01590069885027869,9.90559657011064e-5,365,2023-12-13,6.853419711176967e-5,houspa,House Sparrow
houspa,state,ARG-1303,Salta,SA,South America,resident,0.043909772424201625,8.380033515949584e-5,0.004628184812196697,0.02001074999128905,2.142638234506533e-4,365,2023-12-13,1.36317024419383e-4,houspa,House Sparrow
houspa,state,ARG-1304,Santiago del Estero,SA,South America,resident,0.10143636519444736,1.6808407995823818e-4,0.009283067717499724,0.04986683009847836,4.636022978886565e-4,365,2023-01-18,4.007139028654123e-4,houspa,House Sparrow
houspa,state,ARG-1305,Tucumán,SA,South America,resident,0.2699676603366552,7.568196987506035e-5,0.004179817931112312,0.14884846224086123,2.3411322743335152e-4,365,2023-12-13,1.4217609036414687e-4,houspa,House Sparrow
houspa,state,ARG-1306,Chaco,SA,South America,resident,0.05451873620859355,6.642989931310978e-5,0.0036688379645681136,0.021722895563439665,1.4850341592308135e-4,365,2023-11-01,1.028262347748806e-4,houspa,House Sparrow
houspa,state,ARG-1307,Formosa,SA,South America,resident,0.027330691562484428,2.5469973295976146e-5,0.0014066738915916456,0.011214507036076984,5.8635275687703864e-5,365,2023-01-04,4.3591864177181275e-5,houspa,House Sparrow
houspa,state,ARG-1308,Corrientes,SA,South America,resident,0.026676890682133168,2.9120493570847356e-5,0.0016082874347907096,0.014398764882741189,8.818397632182375e-5,365,2023-01-04,5.2769193003131925e-5,houspa,House Sparrow
houspa,state,ARG-1309,Entre Ríos,SA,South America,resident,0.31363402481618663,3.033114718661476e-4,0.016751502780795985,0.22202334704201815,0.001204662040456598,365,2023-12-27,7.235421509754061e-4,houspa,House Sparrow
houspa,state,ARG-1310,Santa Fe,SA,South America,resident,1.4145512803044085,0.0023042652917558706,0.12726161066395275,0.4078748238018112,0.0037277055166208568,365,2023-12-20,0.0043792677046951235,houspa,House Sparrow
houspa,state,ARG-1312,Misiones,SA,South America,resident,0.03408430731376578,1.231657902315432e-5,6.802288304061027e-4,0.017043506866061365,3.455377493988226e-5,365,2023-12-27,2.432846106143955e-5,houspa,House Sparrow
houspa,state,ARG-5493,Ciudad de Buenos Aires,SA,South America,resident,2.743321564488348,1.5089006945039124e-5,8.333464614580033e-4,0.8593726923252247,2.651956557102425e-5,365,2023-12-13,2.909610617266572e-5,houspa,House Sparrow
houspa,state,ARM-1553,Aragatsotn,AS,Asia,resident,0.6602766109654736,2.205429938573582e-5,2.7153758364380397e-5,0.2420742104365567,4.536456923868941e-5,365,2023-08-02,4.889790085341959e-5,houspa,House Sparrow
houspa,state,ARM-1554,Armavir,AS,Asia,resident,6.228818886645264,9.536781415215742e-5,1.1741903634906244e-4,0.8885880480091563,7.63303946701471e-5,365,2023-10-04,1.843070351611976e-4,houspa,House Sparrow
houspa,state,ARM-1555,Shirak,AS,Asia,resident,0.2428528785847358,8.607715129142534e-6,1.0598015951362744e-5,0.1966600053088065,3.9107638465021185e-5,365,2023-06-28,3.2432654833759744e-5,houspa,House Sparrow
houspa,state,ARM-1670,Tavush,AS,Asia,resident,0.11819748771649977,3.8112037591326096e-6,4.692441330502611e-6,0.07810415077027455,1.4129570221980433e-5,365,2023-08-02,1.5514908245263467e-5,houspa,House Sparrow
houspa,state,ARM-1671,Ararat,AS,Asia,resident,2.813036990335135,6.818171234950281e-5,8.394688534996145e-5,0.35460951384131845,4.822183795497236e-5,365,2023-10-04,1.3584952050128002e-4,houspa,House Sparrow
houspa,state,ARM-1672,Gegharkunik,AS,Asia,resident,0.06181612649008831,3.3931782022463543e-6,4.1777586936482996e-6,0.07555915849793653,2.3269813797772555e-5,365,2023-06-28,1.6890346153581624e-5,houspa,House Sparrow
houspa,state,ARM-1673,Kotayk,AS,Asia,resident,1.1718982339609194,3.0549728904536306e-5,3.7613525701371066e-5,0.3526918224792623,5.158385157920858e-5,365,2023-08-02,6.196300392587692e-5,houspa,House Sparrow
houspa,state,ARM-1674,Lori,AS,Asia,resident,0.05699053186163749,2.6143866954826856e-6,3.218892759119007e-6,0.072388378011357,1.863103043942661e-5,365,2023-06-28,1.360974675540224e-5,houspa,House Sparrow
houspa,state,ARM-1675,Erevan,AS,Asia,resident,9.387756945234502,2.4999269278305724e-5,3.077967272486737e-5,0.9697634716891598,1.4488793212110167e-5,365,2023-12-13,4.75895232863417e-5,houspa,House Sparrow
houspa,state,ARM-1732,Syunik,AS,Asia,resident,0.03042150509235748,1.644940381719382e-6,2.025288260932416e-6,0.035400691042301174,1.0739451976084236e-5,365,2023-07-12,8.89019147815033e-6,houspa,House Sparrow
houspa,state,ARM-1733,Vayots Dzor,AS,Asia,resident,0.012005481469961577,3.509242271139957e-7,4.320659432701568e-7,0.022681566373498892,3.719698406853172e-6,365,2023-07-05,1.815077085784285e-6,houspa,House Sparrow
houspa,state,ATG-5098,Saint John,NA,North America,resident,0.0754927597729099,1.5860298602596445e-7,3.2676326037383667e-6,0.10519122227956022,1.2398994689510574e-6,365,2023-12-20,2.2760068657142298e-7,houspa,House Sparrow
houspa,state,AUS-003,Northern Territory,OC,Oceania,resident,2.059219179045289e-5,3.462800480190474e-7,2.395929592910396e-5,2.628395167378114e-5,2.479798937902115e-6,0,2023-12-13,5.240540518839161e-7,houspa,House Sparrow
houspa,state,AUS-005,Australian Capital Territory,OC,Oceania,resident,0.1780376425886914,5.13523661489681e-6,3.553096819355732e-4,0.1939409851045465,3.1384783450372925e-5,365,2023-12-27,1.2168582069169303e-5,houspa,House Sparrow
houspa,state,AUS-006,New South Wales,OC,Oceania,resident,0.05295462248662757,5.244492226084286e-4,0.03628691342786429,0.04818916535585582,0.0026776258314181525,365,2023-01-11,0.001376460558990435,houspa,House Sparrow
houspa,state,AUS-007,South Australia,OC,Oceania,resident,0.07129276953739258,8.59209554391686e-4,0.05944915422228311,0.037502816395575365,0.0025358199267193978,365,2023-12-13,0.001598715713929366,houspa,House Sparrow
houspa,state,AUS-008,Victoria,OC,Oceania,resident,0.4866545453908878,0.0013904128632827072,0.09620338637931206,0.26788599096696375,0.004294117371003051,365,2023-01-25,0.002663339315493509,houspa,House Sparrow
houspa,state,AUS-009,Queensland,OC,Oceania,resident,0.004007677561004782,8.637459069225478e-5,0.005976302680416424,0.009322673141945431,0.001127287269060497,365,2023-12-27,1.7275280105195543e-4,houspa,House Sparrow
houspa,state,AUS-011,Tasmania,OC,Oceania,resident,0.16206456528691002,1.5617442598618697e-4,0.010805789447491283,0.0997592019263846,5.3935626899371e-4,365,2023-12-27,3.4476306058765164e-4,houspa,House Sparrow
houspa,state,AUT-2320,Vorarlberg,EU,Europe,resident,0.6116490346875074,1.9539442155699566e-5,2.6697870790433104e-4,0.28369507045843106,5.0846676400861754e-5,365,2023-06-21,2.932995268375508e-5,houspa,House Sparrow
houspa,state,AUT-2322,Burgenland,EU,Europe,resident,0.5576174427644497,2.7267860873886488e-5,3.725765661790786e-4,0.40140974144275887,1.1012946815136742e-4,365,2023-07-12,6.129182990735613e-5,houspa,House Sparrow
houspa,state,AUT-2323,Steiermark,EU,Europe,resident,0.20647929084485336,4.1675887208853744e-5,5.694417695819857e-4,0.1549159290290939,1.7543059845970214e-4,365,2023-06-21,8.392306974519454e-5,houspa,House Sparrow
houspa,state,AUT-2325,Kärnten,EU,Europe,resident,0.33912066898911036,4.016288101194907e-5,5.487686901623142e-4,0.18783277944136267,1.2480813636040993e-4,365,2023-08-02,7.919400725813318e-5,houspa,House Sparrow
houspa,state,AUT-2326,Oberösterreich,EU,Europe,resident,0.5220918695921819,7.618785081366166e-5,0.0010409987043722274,0.3243050705359339,2.655176811745899e-4,365,2023-06-21,1.4281813962319995e-4,houspa,House Sparrow
houspa,state,AUT-2327,Salzburg,EU,Europe,resident,0.3734699356123938,3.303955704542487e-5,4.514385917177254e-4,0.17746117629878377,8.808112244964854e-5,365,2023-08-02,5.900551033007889e-5,houspa,House Sparrow
houspa,state,AUT-2329,Tirol,EU,Europe,resident,0.22653255557122207,3.5382794122821566e-5,4.8345559620802033e-4,0.1106003073550884,9.692119272652003e-5,365,2023-08-02,5.332298070410719e-5,houspa,House Sparrow
houspa,state,AUT-2330,Niederösterreich,EU,Europe,resident,0.4705612891620145,1.1034115074927312e-4,0.0015076550098501644,0.3660111163470344,4.8152240874409664e-4,365,2023-06-21,2.232634097653466e-4,houspa,House Sparrow
houspa,state,AUT-2331,Wien,EU,Europe,resident,1.7471315521362984,8.792843830306238e-6,1.2014171468733426e-4,0.6537169668087767,1.8458415801578957e-5,365,2023-03-08,1.5907974925303694e-5,houspa,House Sparrow
houspa,state,AZE-1676,Ağstafa,AS,Asia,resident,1.3616112817049346,2.2648260199040032e-5,2.7885056517193393e-5,0.3686943544174828,3.440718221177028e-5,365,2023-08-02,5.7015352719157025e-5,houspa,House Sparrow
houspa,state,AZE-1677,Daşkəsən,AS,Asia,resident,6.565216318291787e-4,8.024266221263257e-9,9.879660297192096e-9,0.009040642057048048,6.199497344755287e-7,365,2023-07-12,3.173315471772385e-7,houspa,House Sparrow
houspa,state,AZE-1678,Gədəbəy,AS,Asia,resident,0.060152392590681565,9.362373274965244e-7,1.1527168339338157e-6,0.04996328424304444,4.362997250156644e-6,365,2023-08-02,4.22452807915261e-6,houspa,House Sparrow
houspa,state,AZE-1679,Gəncə,AS,Asia,resident,10.486783008808397,9.418505905604805e-6,1.15962801194081e-5,1,5.038956947093708e-6,365,2023-10-04,3.088592692482421e-5,houspa,House Sparrow
houspa,state,AZE-1680,Xanlar,AS,Asia,resident,1.4202390697721514,1.738593573781786e-5,2.140596215306165e-5,0.3157179314419225,2.168386916407583e-5,365,2023-08-30,4.165359172341904e-5,houspa,House Sparrow
houspa,state,AZE-1681,Goranboy,AS,Asia,resident,1.6569717235683596,3.734600959585396e-5,4.5981262097835445e-5,0.4054899517478129,5.127552538341247e-5,365,2023-08-02,8.394129804500891e-5,houspa,House Sparrow
houspa,state,AZE-1683,Mingəçevir,AS,Asia,resident,4.601559955487931,2.152697999514204e-6,2.6504510657046883e-6,0.972646346460641,2.5529005511941664e-6,365,2023-08-02,9.315646172729973e-6,houspa,House Sparrow
houspa,state,AZE-1684,Qazax,AS,Asia,resident,1.7944603272301725,1.652725739456639e-5,2.034873771633992e-5,0.5565626103058646,2.8759535798255895e-5,365,2023-08-02,4.41575551431343e-5,houspa,House Sparrow
houspa,state,AZE-1685,Şəmkir,AS,Asia,resident,1.9532168800048375,4.032735949217429e-5,4.9651968351905446e-5,0.4599507387275668,5.327967335527496e-5,365,2023-08-02,7.531475375520177e-5,houspa,House Sparrow
houspa,state,AZE-1686,Samux,AS,Asia,resident,1.4798544990757532,2.3812509465571616e-5,2.9318506871084604e-5,0.2901437064152905,2.619390319377185e-5,365,2023-10-11,5.047908071234293e-5,houspa,House Sparrow
houspa,state,AZE-1687,Tovuz,AS,Asia,resident,0.900158919071121,1.968576500969307e-5,2.423756461005101e-5,0.23421822903825976,2.873787924482233e-5,365,2023-08-02,4.002559031793768e-5,houspa,House Sparrow
houspa,state,AZE-1688,Yevlakh Rayon,AS,Asia,resident,2.3257550548002763,4.1265209062004943e-5,5.0806670215515343e-5,0.597776850575863,5.950590764045628e-5,365,2023-08-02,1.0565116541888505e-4,houspa,House Sparrow
houspa,state,AZE-1689,Bakı,AS,Asia,resident,4.137086934197438,1.5721757263259883e-4,1.935698751174625e-4,0.6261265947214248,1.3349638504702054e-4,365,2023-05-03,2.691053615635049e-4,houspa,House Sparrow
houspa,state,AZE-1690,Abşeron,AS,Asia,resident,1.0520058642176886,2.5330911373611795e-5,3.118799806596717e-5,0.24720271234181437,3.339541166262044e-5,365,2023-06-28,7.578494537685878e-5,houspa,House Sparrow
houspa,state,AZE-1691,Ağdam,AS,Asia,resident,1.9365341490845984,2.538260957941248e-5,3.1251650080643806e-5,0.3726952439373834,2.7407276149146305e-5,365,2023-10-04,6.644820105568749e-5,houspa,House Sparrow
houspa,state,AZE-1692,Ağdaş,AS,Asia,resident,1.889482010122586,2.4138234616171704e-5,2.9719547134386582e-5,0.668143501427912,4.7888739572084034e-5,365,2023-08-02,7.657287831722716e-5,houspa,House Sparrow
houspa,state,AZE-1693,Ağsu,AS,Asia,resident,1.9365070049876665,2.5634891570060132e-5,3.15622654438397e-5,0.639139141156585,4.74688534816579e-5,365,2023-08-02,7.192901327958211e-5,houspa,House Sparrow
houspa,state,AZE-1694,Hajigabul,AS,Asia,resident,1.1622815504294752,2.7175508085591703e-5,3.345910777209679e-5,0.45345422218697606,5.948407241403911e-5,365,2023-06-28,8.823324599723939e-5,houspa,House Sparrow
houspa,state,AZE-1695,Astara,AS,Asia,resident,0.5647008414042731,3.682262436861252e-6,4.53368582224989e-6,0.36636945465872306,1.3403446214677677e-5,365,2023-06-28,2.1281385540014327e-5,houspa,House Sparrow
houspa,state,AZE-1696,Bərdə,AS,Asia,resident,4.610867550905231,6.552652855416223e-5,8.067776226739696e-5,0.9058411553343808,7.222498774139943e-5,365,2023-08-30,1.4024462962184867e-4,houspa,House Sparrow
houspa,state,AZE-1697,Beyləqan,AS,Asia,resident,3.346443882521894,4.3272884116650863e-5,5.327856571101719e-5,0.7657561833111866,5.555507298367067e-5,365,2023-08-16,9.8555512172813e-5,houspa,House Sparrow
houspa,state,AZE-1698,Biləsuvar,AS,Asia,resident,1.643542872350185,2.813350867150177e-5,3.463862002808627e-5,0.5755152342312402,5.527141722173704e-5,365,2023-07-19,9.36679661500043e-5,houspa,House Sparrow
houspa,state,AZE-1699,Cəbrayıl,AS,Asia,resident,0.5189888460480656,5.4190576667197255e-6,6.672067875342348e-6,0.13190461759627245,7.727280236585298e-6,365,2023-08-02,1.688179746323089e-5,houspa,House Sparrow
houspa,state,AZE-1700,Cəlilabad,AS,Asia,resident,2.316580968032631,4.6232724267396315e-5,5.6922788673842984e-5,0.611488435397001,6.846855526014336e-5,365,2023-08-02,1.2866303788253416e-4,houspa,House Sparrow
houspa,state,AZE-1701,Dəvəçi,AS,Asia,resident,0.7918211945709649,1.2858503263592896e-5,1.5831683629588534e-5,0.3409647889386492,3.1065170703232726e-5,365,2023-08-02,4.3830934289071495e-5,houspa,House Sparrow
houspa,state,AZE-1702,Füzuli,AS,Asia,resident,1.671030533222974,2.561406989670989e-5,3.153662932287273e-5,0.4031947033432706,3.4674478511644446e-5,365,2023-08-16,7.080262496625022e-5,houspa,House Sparrow
houspa,state,AZE-1703,Göyçay,AS,Asia,resident,2.6427190427204947,2.3405618226439097e-5,2.881753306118277e-5,0.7951144680040387,3.950933262576734e-5,365,2023-08-02,6.385188328327842e-5,houspa,House Sparrow
houspa,state,AZE-1704,İmişli,AS,Asia,resident,0.9996373879183904,2.4376983065920143e-5,3.001349969216008e-5,0.4712571252868783,6.447573614694368e-5,365,2023-06-28,9.543168314363304e-5,houspa,House Sparrow
houspa,state,AZE-1705,İsmayıllı,AS,Asia,resident,0.489597872926048,1.2398411582683471e-5,1.5265208217680575e-5,0.20417467806478504,2.9008770453535952e-5,365,2023-08-02,3.49045660778868e-5,houspa,House Sparrow
houspa,state,AZE-1706,Kürdəmir,AS,Asia,resident,1.043878436196486,2.0511104163571605e-5,2.5253741073474495e-5,0.5091185450370949,5.612533493878781e-5,365,2023-06-28,7.528862785809755e-5,houspa,House Sparrow
houspa,state,AZE-1707,Lankaran,AS,Asia,resident,0.2433754192775831,9.568544991996392e-6,1.1781011677905246e-5,0.1242555929682276,2.7408549449910025e-5,365,2023-06-28,3.3466677307897804e-5,houspa,House Sparrow
houspa,state,AZE-1708,Masallı,AS,Asia,resident,2.523813624855791,2.5514167260037065e-5,3.141362690920581e-5,0.6182687553323395,3.506730029488529e-5,365,2023-08-23,6.289039278571762e-5,houspa,House Sparrow
houspa,state,AZE-1709,Lerik,AS,Asia,resident,0.06858813426752758,9.75814998686086e-7,1.2014457688824972e-6,0.07328488069696819,5.84970277480465e-6,365,2023-06-28,1.1169412986386084e-5,houspa,House Sparrow
houspa,state,AZE-1710,Neftçala,AS,Asia,resident,0.039118939045506944,7.992762613331072e-7,9.840872333791637e-7,0.04953935292053264,5.678859074980004e-6,365,2023-06-28,7.2443123537934256e-6,houspa,House Sparrow
houspa,state,AZE-1711,Qobustan,AS,Asia,resident,0.40123107691215665,7.286933521977818e-6,8.971839395681053e-6,0.18229276907653408,1.8574648375137473e-5,365,2023-06-28,2.1369094144395325e-5,houspa,House Sparrow
houspa,state,AZE-1712,Siyəzən,AS,Asia,resident,0.6027340409983951,7.191799023719602e-6,8.854707623202669e-6,0.2870810583709662,1.9218402115101672e-5,365,2023-08-02,2.3530588738337148e-5,houspa,House Sparrow
houspa,state,AZE-1713,Saatlı,AS,Asia,resident,0.599054346456749,8.4632363263243e-6,1.0420130341310733e-5,0.34168599781614645,2.7083098026165545e-5,365,2023-07-19,3.96158276502067e-5,houspa,House Sparrow
houspa,state,AZE-1714,Sabirabad,AS,Asia,resident,1.1497628707358498,2.24141180947088e-5,2.759677539736558e-5,0.6076844466647907,6.646490861397321e-5,365,2023-06-28,9.661451125211296e-5,houspa,House Sparrow
houspa,state,AZE-1715,Salyan,AS,Asia,resident,0.42477193265510055,9.732475239636277e-6,1.1982846352186732e-5,0.2588216238932966,3.327123852488858e-5,365,2023-06-28,4.760415772122986e-5,houspa,House Sparrow
houspa,state,AZE-1716,Şamaxı,AS,Asia,resident,0.8596480419010691,1.4183130648535254e-5,1.746259519492393e-5,0.30717364228919825,2.84338905638683e-5,365,2023-08-02,4.2232586335225115e-5,houspa,House Sparrow
houspa,state,AZE-1717,Sumqayıt,AS,Asia,resident,4.082863675876118,9.028511822303524e-6,1.1116110474647124e-5,0.6367329743482207,7.899680885158292e-6,365,2023-05-03,2.5239748308448176e-5,houspa,House Sparrow
houspa,state,AZE-1718,Ucar,AS,Asia,resident,0.8402095062173699,7.870646924297239e-6,9.690520701462332e-6,0.5178269948400075,2.7215006447305583e-5,365,2023-06-28,3.655761626209759e-5,houspa,House Sparrow
houspa,state,AZE-1719,Xizı,AS,Asia,resident,0.20343903087989532,4.973376148387306e-6,6.123334585537824e-6,0.138403990925744,1.89830747237022e-5,365,2023-06-28,2.0423020672453293e-5,houspa,House Sparrow
houspa,state,AZE-1720,Yardımlı,AS,Asia,resident,0.2391776613006805,2.5141119889571105e-6,3.0954322445303783e-6,0.189303541422249,1.1164098453575366e-5,365,2023-07-05,1.587673454290916e-5,houspa,House Sparrow
houspa,state,AZE-1721,Zərdab,AS,Asia,resident,0.6540023667816243,5.583292644265352e-6,6.874277740060959e-6,0.4133160542128026,1.9796766533719767e-5,365,2023-07-19,3.0254398682297017e-5,houspa,House Sparrow
houspa,state,AZE-1722,Ağcabədi,AS,Asia,resident,2.8934687150442326,6.532982351118544e-5,8.04355745146769e-5,0.6638668521996157,8.409585555274494e-5,365,2023-08-02,1.4272712305917333e-4,houspa,House Sparrow
houspa,state,AZE-1723,Balakən,AS,Asia,resident,0.6001391907403031,6.450743461797818e-6,7.942303047974178e-6,0.3450504455193254,2.0808524689238456e-5,365,2023-08-02,2.505519050730468e-5,houspa,House Sparrow
houspa,state,AZE-1724,Qəbələ,AS,Asia,resident,1.3644437591651886,2.5392767870426613e-5,3.126415720112714e-5,0.4048583170884919,4.227254390512065e-5,365,2023-08-02,6.240677868222693e-5,houspa,House Sparrow
houspa,state,AZE-1725,Oğuz,AS,Asia,resident,0.637766726882994,9.131820078310528e-6,1.1243305964814185e-5,0.2543308004261464,2.0431269925102968e-5,365,2023-08-02,2.8896370710224463e-5,houspa,House Sparrow
houspa,state,AZE-1726,Qax,AS,Asia,resident,0.3522760889658238,6.31683923033478e-6,7.777437092292672e-6,0.241276619288126,2.4273522913290247e-5,365,2023-08-02,2.61275997771181e-5,houspa,House Sparrow
houspa,state,AZE-1727,Şəki,AS,Asia,resident,0.6715257354780636,1.9704003390887675e-5,2.426002012256826e-5,0.2739292266784174,4.5095281149644135e-5,365,2023-08-02,5.71020250944815e-5,houspa,House Sparrow
houspa,state,AZE-1728,Quba,AS,Asia,resident,0.3822806045579239,1.202184346303272e-5,1.4801568926770296e-5,0.14350942100209868,2.532037491125659e-5,365,2023-08-16,4.0207067044427366e-5,houspa,House Sparrow
houspa,state,AZE-1729,Qusar,AS,Asia,resident,0.6784466984565783,1.0049348514141794e-5,1.237298798296635e-5,0.2915236675210955,2.4226847668028995e-5,365,2023-08-09,4.087495539275178e-5,houspa,House Sparrow
houspa,state,AZE-1730,Xaçmaz,AS,Asia,resident,2.036098361704439,3.912808841247665e-5,4.817539833977615e-5,0.7860665559767764,8.475203030421826e-5,365,2023-08-02,1.2452220037594192e-4,houspa,House Sparrow
houspa,state,AZE-1731,Zaqatala,AS,Asia,resident,0.7583302456190388,1.3367823379240592e-5,1.64587702174926e-5,0.3617035312436073,3.577305124689161e-5,365,2023-08-02,3.994854722316447e-5,houspa,House Sparrow
houspa,state,AZE-1734,Xocavənd,AS,Asia,resident,0.17165924707307928,3.205372785025271e-6,3.946528363926683e-6,0.0818004489956532,8.569745891642996e-6,365,2023-07-19,1.2313497845824372e-5,houspa,House Sparrow
houspa,state,AZE-1736,Qubadli,AS,Asia,resident,0.2558107059191598,2.326930162050516e-6,2.8649696934818374e-6,0.13535255172892308,6.907676581684959e-6,365,2023-08-02,9.000673807419352e-6,houspa,House Sparrow
houspa,state,AZE-1737,Şuşa,AS,Asia,resident,0.09821399227110082,4.382367071258342e-7,5.395670677887471e-7,0.09421021757761812,2.3584914632221136e-6,365,2023-07-12,3.4344917926538694e-6,houspa,House Sparrow
houspa,state,AZE-1738,Tərtər,AS,Asia,resident,1.2054747153626626,1.8664207316006355e-5,2.297979938774774e-5,0.29759934668100874,2.5851415786916365e-5,365,2023-08-16,5.2690063123228736e-5,houspa,House Sparrow
houspa,state,AZE-1739,Xocalı,AS,Asia,resident,0.3795361480147385,4.1968565473416715e-6,5.167265873346689e-6,0.1672669481148861,1.037724397546361e-5,365,2023-08-02,1.3566319464352557e-5,houspa,House Sparrow
houspa,state,AZE-1740,Zəngilan,AS,Asia,resident,0.9261359584046184,8.491439625010185e-6,1.0454854888402458e-5,0.26946193899490695,1.3861330706150944e-5,365,2023-08-02,2.3558812631737784e-5,houspa,House Sparrow
houspa,state,AZE-2415,Sədərək,AS,Asia,resident,3.114765033953462,2.4446684114869117e-6,3.009931721951842e-6,0.6048322728641484,2.663364100457259e-6,365,2023-08-16,8.437256909202947e-6,houspa,House Sparrow
houspa,state,AZE-2418,Ordubad,AS,Asia,resident,0.018364172194961986,1.8635147301837354e-7,2.294402003293763e-7,0.02086536283305836,1.1879231062676184e-6,365,2023-07-26,3.2768149034692347e-6,houspa,House Sparrow
houspa,state,AZE-2419,Şərur,AS,Asia,resident,2.3194065797807744,2.136485836526873e-5,2.630490279437015e-5,0.4296260615040826,2.2203153759154024e-5,365,2023-08-02,4.4019167359938374e-5,houspa,House Sparrow
houspa,state,AZE-2420,Babək,AS,Asia,resident,1.3215682346883024,1.6828894618123555e-5,2.072012037234355e-5,0.34147106685796486,2.439612365763812e-5,365,2023-08-02,3.967546247195751e-5,houspa,House Sparrow
houspa,state,AZE-2421,Culfa,AS,Asia,resident,0.3815642483317685,4.5056486917545634e-6,5.547457831728719e-6,0.1339874279194852,8.87676282498238e-6,365,2023-08-02,1.6823347313847337e-5,houspa,House Sparrow
houspa,state,AZE-2422,Naxçıvan,AS,Asia,resident,8.303317252127039,9.665303613472074e-6,1.1900143108075298e-5,0.9079060783098956,5.92933117472595e-6,365,2023-08-16,2.140329053225449e-5,houspa,House Sparrow
houspa,state,AZE-2423,Şahbuz,AS,Asia,resident,0.015912544153485114,1.503034868348658e-7,1.8505709437668477e-7,0.01515681127555822,8.032268030650604e-7,365,2023-06-28,2.4769905269007364e-6,houspa,House Sparrow
houspa,state,AZE-4838,Stepanakert,AS,Asia,resident,2.653740775003944,7.451955104508066e-7,9.175017746467032e-7,0.9985201195790502,1.5731475831694754e-6,365,2023-08-02,4.355332896907356e-6,houspa,House Sparrow
houspa,state,AZE-5561,Naftalan,AS,Asia,resident,4.094838739151324,2.261503320555362e-7,2.7844146682039505e-7,1,3.0985702124198666e-7,365,2023-08-16,3.4237692660413007e-6,houspa,House Sparrow
houspa,state,AZE-5563,Shirvan,AS,Asia,resident,6.351727111777225,4.1882550551501445e-6,5.1566755192186e-6,0.8914536675039691,3.2979265663624427e-6,365,2023-10-04,1.255332312157886e-5,houspa,House Sparrow
houspa,state,AZE-5566,Yevlakh,AS,Asia,resident,4.1409599635673855,2.6117010843837276e-6,3.2155861732435574e-6,0.987665959451408,3.494889416913179e-6,365,2023-08-02,1.0602275744761344e-5,houspa,House Sparrow
houspa,state,AZE-5567,Kangarli,AS,Asia,resident,1.895482575759626,6.494599183861085e-6,7.99629921710987e-6,0.3970441446286073,7.632595867149163e-6,365,2023-08-16,1.3722938512846644e-5,houspa,House Sparrow
houspa,state,BDI-2632,Cankuzo,AF,Africa,resident,0.0011623397664005028,2.567674366948821e-8,7.661279687677974e-7,0.0050020578945204975,6.199497344755287e-7,365,2023-12-13,4.675286531921453e-8,houspa,House Sparrow
houspa,state,BDI-2633,Karuzi,AF,Africa,resident,1.4602506680660678e-4,2.439055694776486e-9,7.277514661530615e-8,4.0303955753044065e-4,3.776964406986604e-8,365,2023-12-13,6.785252125992765e-8,houspa,House Sparrow
houspa,state,BDI-2635,Ruyigi,AF,Africa,resident,8.818981065777395e-4,2.3708146379644375e-8,7.073900905382443e-7,0.008220653992067796,1.2398994689510574e-6,365,2023-05-24,5.656154249735752e-8,houspa,House Sparrow
houspa,state,BDI-2636,Bubanza,AF,Africa,resident,0.03200325679138808,4.388761185379586e-7,1.309493421612224e-5,0.0676548184853902,5.2053198578800125e-6,365,2023-12-13,1.0563183922545804e-6,houspa,House Sparrow
houspa,state,BDI-2638,Cibitoke,AF,Africa,resident,0.02199478077334892,4.4184697740477057e-7,1.3183577001142956e-5,0.04356644410836944,4.910268947171831e-6,365,2023-12-13,7.809711937176918e-7,houspa,House Sparrow
houspa,state,BDI-2639,Gitega,AF,Africa,resident,0.004723234841798264,1.0646355303703188e-7,3.1765985082052135e-6,0.029114748981974813,3.681928762783306e-6,365,2023-12-13,2.495527309166467e-7,houspa,House Sparrow
houspa,state,BDI-2640,Kayanza,AF,Africa,resident,9.366846568188356e-4,1.2699049279559226e-8,3.789069577927828e-7,0.016300756381479306,1.2398994689510574e-6,365,2023-11-29,1.0452156299557725e-7,houspa,House Sparrow
houspa,state,BDI-2642,Ngozi,AF,Africa,resident,9.107656565198836e-5,1.6278959119312832e-9,4.8572225685118366e-8,0.006159170208987875,6.176509416839231e-7,365,2023-05-10,3.056972976417211e-8,houspa,House Sparrow
houspa,state,BDI-2643,Kirundo,AF,Africa,resident,0.0020364187997005505,4.872235849235781e-8,1.4537498222441285e-6,0.016796047866839064,2.2545985531626864e-6,365,2023-05-10,1.508611021799816e-7,houspa,House Sparrow
houspa,state,BDI-2644,Muyinga,AF,Africa,resident,0.002611356800942704,5.3781190594153125e-8,1.6046923565613322e-6,0.02146106933822952,2.479798937902115e-6,365,2023-12-13,1.7567415950936785e-7,houspa,House Sparrow
houspa,state,BDI-3364,Bujumbura Mairie,AF,Africa,resident,0.5680665694853358,1.8008438163404946e-6,5.373254618421369e-5,0.6047885680220709,1.0756755701309066e-5,365,2023-12-13,3.3100867500000177e-6,houspa,House Sparrow
houspa,state,BDI-3365,Muramvya,AF,Africa,resident,0.006333048386751462,6.432640637407285e-8,1.919334464208663e-6,0.07446842384322166,4.243747744163963e-6,365,2023-12-13,3.610799966440775e-7,houspa,House Sparrow
houspa,state,BDI-4854,Bujumbura Rural,AF,Africa,resident,0.061033215327673335,8.978060501051993e-7,2.678822261764806e-5,0.16167131585996913,1.3342897996533072e-5,365,2023-12-13,2.659741846190683e-6,houspa,House Sparrow
houspa,state,BDI-5588,Mwaro,AF,Africa,resident,0.006279350318672325,5.8300420614145124e-8,1.7395345530710554e-6,0.023802829375575332,1.2398994689510574e-6,365,2023-12-20,1.2049435074455524e-7,houspa,House Sparrow
houspa,state,BEL-2,Hainaut,EU,Europe,resident,1.55361316850085,7.594218509256791e-5,0.0010376420314298085,0.9071141358513204,2.487728863964607e-4,365,2023-06-21,1.5040601753311603e-4,houspa,House Sparrow
houspa,state,BEL-3,Limburg,EU,Europe,resident,1.0540149525037117,3.0599085923793426e-5,4.180930222004841e-4,0.753780624016534,1.2277432806978396e-4,365,2023-06-21,6.6531031640256e-5,houspa,House Sparrow
houspa,state,BEL-3474,Brussels,EU,Europe,resident,0.950021286741989,1.9191640420879123e-6,2.622264914884616e-5,0.8759232074116794,9.927632900274556e-6,365,2023-06-21,7.057830983231272e-6,houspa,House Sparrow
houspa,state,BEL-3475,Flemish Brabant,EU,Europe,resident,1.623584117096115,4.23328206521632e-5,5.784178314611495e-4,0.9328805377478484,1.364675391676571e-4,365,2023-06-21,8.727741302613457e-5,houspa,House Sparrow
houspa,state,BEL-3476,Namur,EU,Europe,resident,1.635892777749295,7.475280921266563e-5,0.0010213909003535682,0.8705959773517007,2.2319797714098768e-4,365,2023-07-26,1.4195853691456906e-4,houspa,House Sparrow
houspa,state,BEL-3477,Luxembourg,EU,Europe,resident,1.2446913743626995,6.779935890019576e-5,9.263818839698192e-4,0.6866275948928415,2.0983893611654453e-4,365,2023-07-26,1.250965904508264e-4,houspa,House Sparrow
houspa,state,BEL-3478,East Flanders,EU,Europe,resident,1.441559248179438,5.288286057404191e-5,7.225691334398854e-4,0.8203793488568352,1.6884883837163831e-4,365,2023-03-01,1.0465074927968976e-4,houspa,House Sparrow
houspa,state,BEL-3479,West Flanders,EU,Europe,resident,0.6792680694047882,2.8705747041303296e-5,0.00039222323715522377,0.621939228934547,1.4746077748409986e-4,365,2023-06-21,6.904854136968227e-5,houspa,House Sparrow
houspa,state,BEL-3480,Antwerp,EU,Europe,resident,0.7351594519887845,2.5078420902630572e-5,3.426609805701264e-4,0.680549688870018,1.302504992265424e-4,365,2023-06-21,5.36886005600635e-5,houspa,House Sparrow
houspa,state,BEL-3481,Liege,EU,Europe,resident,1.838904525043099,8.461201849888703e-5,0.0011561029834938727,0.8191205445537089,2.11456776760686e-4,365,2023-07-26,1.3335133110497057e-4,houspa,House Sparrow
houspa,state,BEL-3482,Walloon Brabant,EU,Europe,resident,1.7355794011652712,2.343371582175805e-5,3.2018842306945334e-4,0.9770150821817052,7.401144014491275e-5,365,2023-06-21,4.902600872692899e-5,houspa,House Sparrow
houspa,state,BGD-1806,Dhaka,AS,Asia,resident,6.111871499090551,0.0023199260461861768,0.0028563460656617036,0.9354681832839592,0.001992185901129803,365,2023-09-27,0.003236914795011381,houspa,House Sparrow
houspa,state,BGD-2432,Khulna,AS,Asia,resident,2.594662689637965,7.327208346468897e-4,9.021426681736752e-4,0.6572731836591322,0.0010413685620862905,365,2023-12-06,0.0011601018600399123,houspa,House Sparrow
houspa,state,BGD-2475,Barisal,AS,Asia,resident,3.3757677505518955,5.288709012941117e-4,6.511579628315292e-4,0.4885766622412207,4.29448159658916e-4,365,2023-12-13,6.823909739879787e-4,houspa,House Sparrow
houspa,state,BGD-2476,Chittagong,AS,Asia,resident,2.834407730051769,0.0011484331257285375,0.0014139771592042512,0.4258503636315974,9.680578804158258e-4,365,2023-09-27,0.0017057913455080034,houspa,House Sparrow
houspa,state,BGD-2488,Sylhet,AS,Asia,resident,6.872235129804227,0.00100986280660278,0.0012433662095565135,0.9052473802561286,7.46332852152988e-4,365,2023-09-27,0.001382769552362124,houspa,House Sparrow
houspa,state,BGD-3255,Rajshahi,AS,Asia,resident,6.115748970726066,0.0014149241596028337,0.001742087021754533,0.949385347747567,0.0012323298013172412,365,2023-09-27,0.00209731932646538,houspa,House Sparrow
houspa,state,BGD-5492,Rangpur,AS,Asia,resident,4.752519006640307,8.981550279100657e-4,0.0011058290347412713,0.9765998669421408,0.0010354878772917025,365,2023-09-27,0.0014576005543323926,houspa,House Sparrow
houspa,state,BGR-2231,Sliven,EU,Europe,resident,1.1860383210121097,5.202463182636609e-5,7.108426573043317e-4,0.44205533776316186,1.087897172813114e-4,365,2023-07-19,1.673095607062803e-4,houspa,House Sparrow
houspa,state,BGR-2232,Haskovo,EU,Europe,resident,1.4573964533075872,7.207345561492266e-5,9.84781341296347e-4,0.5517307784585745,1.5308257672244212e-4,365,2023-07-19,2.3322529981019635e-4,houspa,House Sparrow
houspa,state,BGR-2233,Stara Zagora,EU,Europe,resident,1.4694360711744936,8.769909493365638e-5,0.0011982834956696627,0.5174994567727484,1.7328270873509958e-4,365,2023-07-19,2.6467748075659426e-4,houspa,House Sparrow
houspa,state,BGR-2234,Pazardzhik,EU,Europe,resident,0.9764661683415796,5.1685777478314257e-5,7.062126942127674e-4,0.2950953468790454,8.763490681453275e-5,365,2023-07-05,1.3572130709429804e-4,houspa,House Sparrow
houspa,state,BGR-2235,Plovdiv,EU,Europe,resident,1.8742315942830448,1.2808649621926213e-4,0.001750119936286751,0.4925352288941914,1.8885057234667416e-4,365,2023-07-19,3.082727045075192e-4,houspa,House Sparrow
houspa,state,BGR-2236,Smolyan,EU,Europe,resident,0.012586626496952157,5.648104409080356e-7,7.717331975136118e-6,0.01477452210631856,3.719698406853172e-6,365,2023-07-05,2.3112041780339378e-6,houspa,House Sparrow
houspa,state,BGR-2237,Kardzhali,EU,Europe,resident,0.26631488352623756,1.332060410226796e-5,1.8200712402074743e-4,0.17036104923541898,4.780790399623236e-5,365,2023-07-19,5.5550543272618815e-5,houspa,House Sparrow
houspa,state,BGR-2243,Grad Sofiya,EU,Europe,resident,2.9685422619725177,4.5351279151279674e-5,6.196607770649929e-4,0.5676494217528533,4.865499359055341e-5,365,2023-07-05,1.1491898378148736e-4,houspa,House Sparrow
houspa,state,BGR-2244,Sofia,EU,Europe,resident,0.8171324190819252,7.13004927119303e-5,9.742199017498916e-4,0.2779576756684983,1.3607541775812257e-4,365,2023-07-05,2.3252755267934424e-4,houspa,House Sparrow
houspa,state,BGR-2245,Pernik,EU,Europe,resident,0.6864894119518745,2.0246689816171753e-5,2.766422420552355e-4,0.28214185312651074,4.668620962016116e-5,365,2023-07-05,7.64373452032458e-5,houspa,House Sparrow
houspa,state,BGR-2246,Gabrovo,EU,Europe,resident,0.7945234856622254,2.021327293367934e-5,2.7618564784753384e-4,0.4199265393388058,5.9938261052911e-5,365,2023-07-19,6.932989408869994e-5,houspa,House Sparrow
houspa,state,BGR-2247,Lovech,EU,Europe,resident,0.6901082518601764,3.5030184283313613e-5,4.7863768387480023e-4,0.31942334931884697,9.09688649292789e-5,365,2023-07-05,1.1605477342483984e-4,houspa,House Sparrow
houspa,state,BGR-2248,Pleven,EU,Europe,resident,1.2737634117038568,6.935194160861448e-5,9.475957201738036e-4,0.4954179827576423,1.5133609942461905e-4,365,2023-07-19,2.2751745098731777e-4,houspa,House Sparrow
houspa,state,BGR-2249,Veliko Tarnovo,EU,Europe,resident,1.2245135905040585,7.124685080597048e-5,9.734869613399988e-4,0.48255202717776485,1.5752414195537617e-4,365,2023-07-19,2.140599752516363e-4,houspa,House Sparrow
houspa,state,BGR-2250,Montana,EU,Europe,resident,0.7668037117595061,3.615394968015309e-5,4.93992340944592e-4,0.30832218413334617,8.156000273711942e-5,365,2023-07-19,1.2359254094285825e-4,houspa,House Sparrow
houspa,state,BGR-2251,Vratsa,EU,Europe,resident,0.9873530804414664,5.345701308468575e-5,7.30414111521156e-4,0.40969190567400254,1.2444873948474312e-4,365,2023-07-19,1.7997974771019875e-4,houspa,House Sparrow
houspa,state,BGR-2252,Kyustendil,EU,Europe,resident,0.6007811645371911,2.3418248518797757e-5,3.199770843563929e-4,0.21396020188824189,4.679204394250109e-5,365,2023-07-05,7.403360942368513e-5,houspa,House Sparrow
houspa,state,BGR-2253,Vidin,EU,Europe,resident,0.7564046091094068,3.013763852646324e-5,4.1178799931787866e-4,0.3244535419065395,7.252846525719489e-5,365,2023-07-19,1.08840687196367e-4,houspa,House Sparrow
houspa,state,BGR-2254,Burgas,EU,Europe,resident,0.7924794991843235,7.97703568529534e-5,0.0010899485579969163,0.41201387745329393,2.326838590506298e-4,365,2023-07-19,2.6642181939590527e-4,houspa,House Sparrow
houspa,state,BGR-2255,Yambol,EU,Europe,resident,0.9306111297486968,5.016084206531598e-5,6.853766190087943e-4,0.499829338293093,1.511538576765479e-4,365,2023-07-19,2.057433488949836e-4,houspa,House Sparrow
houspa,state,BGR-2256,Razgrad,EU,Europe,resident,0.8410842629638885,2.666196690230936e-5,3.642978861446283e-4,0.5358858856003621,9.530724402652077e-5,365,2023-07-19,1.1946340243484182e-4,houspa,House Sparrow
houspa,state,BGR-2257,Targovishte,EU,Europe,resident,1.1796394098174932,3.943297594495685e-5,5.387955747516696e-4,0.6150979414400938,1.1536005894108416e-4,365,2023-07-19,1.4046259280355955e-4,houspa,House Sparrow
houspa,state,BGR-2258,Shumen,EU,Europe,resident,1.0314115008998783,4.254421760551239e-5,5.813062703945822e-4,0.5941128144728077,1.374923093221644e-4,365,2023-07-19,1.6522945672459738e-4,houspa,House Sparrow
houspa,state,BGR-2259,Dobrich,EU,Europe,resident,0.6541284556140451,3.9543051991726554e-5,5.402996074924005e-4,0.4922897864124776,1.6696632347773074e-4,365,2023-07-19,1.69317454014927e-4,houspa,House Sparrow
houspa,state,BGR-2260,Varna,EU,Europe,resident,1.134000751263441,5.72973731959015e-5,7.828871745804635e-4,0.5932337135826601,1.6816983924198474e-4,365,2023-07-19,1.9136671314242377e-4,houspa,House Sparrow
houspa,state,BGR-2261,Silistra,EU,Europe,resident,0.8066197922020578,3.0299751243471872e-5,4.140030392037129e-4,0.5400370848865477,1.1381373826668067e-4,365,2023-07-19,1.319078176570508e-4,houspa,House Sparrow
houspa,state,BGR-2262,Ruse,EU,Europe,resident,1.198690240948744,4.175378141507953e-5,5.705060832080186e-4,0.5757279000424803,1.1251412183296364e-4,365,2023-07-19,1.4862049640548093e-4,houspa,House Sparrow
houspa,state,BGR-3002,Blagoevgrad,EU,Europe,resident,0.5462502098085624,4.496667376808075e-5,6.14405691098808e-4,0.18166326315653575,8.390100689460642e-5,365,2023-07-05,1.3133207813234186e-4,houspa,House Sparrow
houspa,state,BHR-4926,Al Janūbīyah,AS,Asia,resident,15.799019148209688,1.6566396753409972e-4,2.039692699109253e-4,0.6072809376697572,3.572633751467272e-5,365,2023-03-29,2.585514551285539e-4,houspa,House Sparrow
houspa,state,BHR-4927,Ash Shamālīyah,AS,Asia,resident,19.95257028127965,7.825646717187716e-5,9.63511541613328e-5,0.6337500899419856,1.394570062549597e-5,365,2023-03-29,1.4824970871201947e-4,houspa,House Sparrow
houspa,state,BHR-4928,Al Wusţá,AS,Asia,resident,22.48843758856704,3.925372355654227e-5,4.83300832057229e-5,0.936695586868694,9.173202177218687e-6,365,2023-03-22,7.344348671877852e-5,houspa,House Sparrow
houspa,state,BHR-4929,Al Manāmah,AS,Asia,resident,22.406937103310533,1.7285992782991373e-5,2.128291009876081e-5,1,4.328254082290802e-6,365,2023-03-22,3.426815378461077e-5,houspa,House Sparrow
houspa,state,BHR-4930,Al Muḩarraq,AS,Asia,resident,10.80660047515711,3.594155040249114e-5,4.425205978212406e-5,0.700986799720679,1.308032294081185e-5,365,2023-03-22,5.2428152767436546e-5,houspa,House Sparrow
houspa,state,BHS-5009,New Providence,NA,North America,resident,0.34102890585533907,2.2986697992519867e-6,4.735855591038418e-5,0.32786885245901637,1.2398994689510575e-5,365,2023-02-15,3.3218470213065902e-6,houspa,House Sparrow
houspa,state,BHS-5010,City of Freeport,NA,North America,resident,0.4765077229976139,2.172213958984172e-7,4.4753237833178505e-6,0.1779878462034296,4.552227092890144e-7,365,2023-12-13,1.218971571879324e-6,houspa,House Sparrow
houspa,state,BHS-5011,West Grand Bahama,NA,North America,resident,0.05541935769456808,7.546869762569886e-7,1.5548507824627904e-5,0.05895603568691427,4.504375166515215e-6,365,2023-02-22,1.5108576128800926e-6,houspa,House Sparrow
houspa,state,BHS-5012,East Grand Bahama,NA,North America,resident,3.1956241306405037e-4,4.542244506688261e-9,9.358201012543517e-8,0.015547864335500384,1.2398994689510574e-6,365,2023-04-12,1.6835136319417861e-7,houspa,House Sparrow
houspa,state,BHS-5015,Central Abaco,NA,North America,resident,0.10100634388714066,2.0158979684537516e-6,4.1532723264434897e-5,0.09965708332562956,1.1159095220559517e-5,365,2023-04-12,3.171179179552699e-6,houspa,House Sparrow
houspa,state,BHS-5016,South Abaco,NA,North America,resident,0.004391404996261382,5.808540633299517e-8,1.1967099251461388e-6,0.041769764574782306,3.099748672377644e-6,365,2023-04-12,4.897010503147167e-7,houspa,House Sparrow
houspa,state,BHS-5017,Moore's Island,NA,North America,resident,0.002936684471719405,5.516476487644878e-9,1.136537140973724e-7,0.058823529411764705,6.199497344755287e-7,365,2023-04-05,1.0310857492771717e-7,houspa,House Sparrow
houspa,state,BHS-5026,Harbour Island,NA,North America,resident,0.6723271492006483,3.511184116702667e-7,7.233949363089341e-6,0.3652483133256521,1.070192957108484e-6,365,2023-01-18,6.185992662663797e-7,houspa,House Sparrow
houspa,state,BHS-5027,North Eleuthera,NA,North America,resident,0.04175638712763744,3.635059836944605e-7,7.489165454801424e-6,0.028860787011168117,1.409605980793631e-6,365,2023-01-18,8.287455896226732e-7,houspa,House Sparrow
houspa,state,BHS-5038,Inagua,NA,North America,resident,9.67596079173841e-4,3.0471548390415655e-8,6.277928776865099e-7,0.0035087719298245615,6.199497344755287e-7,365,2023-04-05,1.379983768541499e-7,houspa,House Sparrow
houspa,state,BHS-5039,Bimini,NA,North America,resident,0.11561953925317334,3.96048608243607e-7,8.159627869491395e-6,0.12903225806451613,2.479798937902115e-6,365,2023-02-22,5.473239113785489e-7,houspa,House Sparrow
houspa,state,BIH-2224,West Bosnia,EU,Europe,resident,0.011202675313660716,7.237195523921497e-7,9.888599144392473e-6,0.012910571959870809,4.679451545269677e-6,365,2023-07-19,3.58256972577915e-6,houspa,House Sparrow
houspa,state,BIH-2225,Una-Sana,EU,Europe,resident,0.25126150393176727,1.4904910276019744e-5,2.0365441629360928e-4,0.24717766269262104,8.226470551737302e-5,365,2023-07-12,4.8847433566623374e-5,houspa,House Sparrow
houspa,state,BIH-2226,Central Bosnia,EU,Europe,resident,0.03024173712807509,1.268678117191069e-6,1.7334683445677128e-5,0.055751096450008975,1.3121970076256352e-5,365,2023-07-19,6.538874080309376e-6,houspa,House Sparrow
houspa,state,BIH-2227,West Herzegovina,EU,Europe,resident,0.7751461527871606,1.4363232887046429e-5,1.962531645968251e-4,0.6242898283125233,6.490165632155111e-5,365,2023-07-19,5.104594274563066e-5,houspa,House Sparrow
houspa,state,BIH-2228,Herzegovina-Neretva,EU,Europe,resident,0.3740583008395852,2.1958229882422836e-5,3.000280046462581e-4,0.26229852033360124,8.638827188033568e-5,365,2023-07-19,7.15884117253011e-5,houspa,House Sparrow
houspa,state,BIH-2887,Tuzla,EU,Europe,resident,0.4445833953715883,1.666497281616229e-5,2.277031695309684e-4,0.35855528258903496,7.54064354486318e-5,365,2023-07-12,5.649555689694173e-5,houspa,House Sparrow
houspa,state,BIH-2889,Zenica-Doboj,EU,Europe,resident,0.14462379293292446,6.080865910687555e-6,8.308639063686371e-5,0.12738755803766935,3.0050631792621883e-5,365,2023-07-12,2.043641348620523e-5,houspa,House Sparrow
houspa,state,BIH-2890,Sarajevo,EU,Europe,resident,0.334222012829293,5.77931582344226e-6,7.896613725298174e-5,0.1613710286599211,1.5655533079944338e-5,365,2023-07-19,1.1787683740260191e-5,houspa,House Sparrow
houspa,state,BIH-2891,Bosnian Podrinje,EU,Europe,resident,0.01757341735510403,1.1707592874415763e-7,1.5996761797878283e-6,0.032765479824690046,1.224697512212239e-6,365,2023-06-21,6.468901463817704e-7,houspa,House Sparrow
houspa,state,BIH-3153,Posavina,EU,Europe,resident,1.4723920354290911,1.0757222860822326e-5,1.4698216239420844e-4,0.7289117252654046,2.9878071207648648e-5,365,2023-07-12,5.6656159001682766e-5,houspa,House Sparrow
houspa,state,BIH-4801,Doboj,EU,Europe,resident,0.6201792234915011,1.7737865307621922e-5,2.423627206485318e-4,0.47269977645214334,7.585259652772639e-5,365,2023-07-12,9.045132399351278e-5,houspa,House Sparrow
houspa,state,BIH-4802,Banja Luka,EU,Europe,resident,0.34740562426585986,3.791009281487514e-5,5.179875410770786e-4,0.26650658940354477,1.631649488434611e-4,365,2023-07-12,1.3475686494832158e-4,houspa,House Sparrow
houspa,state,BIH-4803,Brčko Distrikt,EU,Europe,resident,1.2987877097900098,2.4481142845718007e-6,3.345000247647626e-5,0.8973119124780835,9.489380609392207e-6,365,2023-07-19,1.3195858862412576e-5,houspa,House Sparrow
houspa,state,BIH-4804,Bijeljina,EU,Europe,resident,0.9309693077673192,1.4679784170012974e-5,2.005783880007704e-4,0.6024841579985808,5.330044733305435e-5,365,2023-07-19,5.599167917613744e-5,houspa,House Sparrow
houspa,state,BIH-4805,Vlasenica,EU,Europe,resident,0.05176088099968734,1.4017432553607132e-6,1.915282944864683e-5,0.06543463468571604,9.942037860537651e-6,365,2023-07-19,8.9838997970049e-6,houspa,House Sparrow
houspa,state,BIH-4806,Sarajevo-romanija,EU,Europe,resident,0.01400795718414124,3.730798465160545e-7,5.097605887328172e-6,0.01574412795625812,2.352591424128736e-6,365,2023-06-28,1.917725666126319e-6,houspa,House Sparrow
houspa,state,BIH-4807,Foča,EU,Europe,resident,4.408542000056674e-4,1.5069394757535797e-8,2.0590186297072233e-7,0.006544509172060664,1.2551014256898762e-6,365,2023-06-21,5.756209278445573e-7,houspa,House Sparrow
houspa,state,BIH-4808,Trebinje,EU,Europe,resident,0.11106322187946846,4.360459497428556e-6,5.957948201469342e-5,0.1030134098259651,2.269115836714945e-5,365,2023-07-12,1.729482236955781e-5,houspa,House Sparrow
houspa,state,BLR-2338,Brest,EU,Europe,resident,0.0011762761495990816,4.757512932517943e-7,6.500465291898249e-6,0.006284220591919469,1.4260114832302562e-5,365,2023-06-14,2.1142223570591196e-6,houspa,House Sparrow
houspa,state,BLR-2339,Gomel,EU,Europe,resident,0.002233394792077136,1.115329676952157e-6,1.5239394946246398e-5,0.006195492499580924,1.7358592565314805e-5,365,2023-06-07,3.2172838613121163e-6,houspa,House Sparrow
houspa,state,BLR-2340,Mogilev,EU,Europe,resident,8.705327106051417e-4,3.070763220886702e-7,4.195761529217114e-6,0.0028192710834365575,5.579547610279758e-6,365,2023-06-28,1.0089174578405806e-6,houspa,House Sparrow
houspa,state,BLR-2341,Vitebsk,EU,Europe,resident,0.0010075070225920584,4.936950661454726e-7,6.745641447077562e-6,0.002029492111864768,5.579547610279758e-6,365,2023-06-28,1.152258621443971e-6,houspa,House Sparrow
houspa,state,BLR-2344,Grodno,EU,Europe,resident,0.002936727658871814,9.07705894095427e-7,1.2402511025221552e-5,0.015417164633076122,2.673541360046958e-5,365,2023-06-14,4.606541170944653e-6,houspa,House Sparrow
houspa,state,BLR-2345,Minsk,EU,Europe,resident,4.062298484896078e-4,1.967991671238641e-7,2.688980930811871e-6,0.0025089778262698016,6.819447079230816e-6,365,2023-06-14,1.0683695260701136e-6,houspa,House Sparrow
houspa,state,BLR-4825,City of Minsk,EU,Europe,resident,0.14553331332445696,1.083883779675532e-6,1.4809731450384684e-5,0.17803955870046706,7.439396813706345e-6,365,2023-04-12,1.841311070757343e-6,houspa,House Sparrow
houspa,state,BLZ-1355,Stann Creek,NA,North America,resident,0.005479497847246699,1.8687232333289394e-7,3.850054225075798e-6,0.012960188856759302,2.479798937902115e-6,365,2023-10-04,3.1167591278935253e-7,houspa,House Sparrow
houspa,state,BLZ-1356,Toledo,NA,North America,resident,3.44664152861635e-4,1.9852184793732463e-8,4.090064626955989e-7,0.0019184185741962616,6.199497344755287e-7,365,2023-12-27,4.23071504842791e-8,houspa,House Sparrow
houspa,state,BMU-5134,City of Hamilton,NA,North America,resident,11.898061752319336,1.5617102429695377e-7,3.217527888588436e-6,1,7.364192885797674e-8,365,2023-09-27,2.013944845492966e-6,houspa,House Sparrow
houspa,state,BMU-5135,City of Saint George,NA,North America,resident,10.82956600189209,1.2953326947812484e-7,2.668721095492216e-6,1,6.71075200816597e-8,365,2023-12-13,1.7110696388263586e-6,houspa,House Sparrow
houspa,state,BMU-5136,Devonshire,NA,North America,resident,5.956061140493214,1.5552740533649998e-6,3.204267669772514e-5,0.3784193957855677,5.543985458562969e-7,365,2023-12-13,9.680503011752368e-6,houspa,House Sparrow
houspa,state,BMU-5137,Hamilton,NA,North America,resident,21.940516266184904,5.223792595694485e-6,1.0762366730008464e-4,1,1.3357955677405405e-6,365,2023-12-20,1.3822904445255678e-5,houspa,House Sparrow
houspa,state,BMU-5138,Paget,NA,North America,resident,6.795385340970078,1.5916880109533306e-6,3.2792898607338477e-5,0.528250219029463,6.941997563840072e-7,365,2023-12-13,8.398366885890451e-6,houspa,House Sparrow
houspa,state,BMU-5139,Pembroke,NA,North America,resident,6.606001633636075,1.961229082263141e-6,4.040640250968406e-5,0.6278089586596307,1.0457263985203315e-6,365,2023-09-27,3.791519986803947e-6,houspa,House Sparrow
houspa,state,BMU-5140,Saint George's,NA,North America,resident,4.936691229870653,5.2723703300985e-6,1.0862449454004792e-4,0.3792212087387958,2.272288528293328e-6,365,2023-12-13,9.88008036516065e-6,houspa,House Sparrow
houspa,state,BMU-5141,Sandys,NA,North America,resident,5.898148598602188,3.446554170411436e-6,7.100794921946278e-5,0.43270700719324257,1.4186140016708983e-6,365,2023-12-13,6.209515482166441e-6,houspa,House Sparrow
houspa,state,BMU-5142,Smith's,NA,North America,resident,10.532024198313522,2.9841491568007074e-6,6.14812074066753e-5,0.40289198930199344,6.404691652183729e-7,365,2023-12-20,7.359327914122e-6,houspa,House Sparrow
houspa,state,BMU-5143,Southampton,NA,North America,resident,5.368459552191827,2.141371119979546e-6,4.4117795406471175e-5,0.5019921762994084,1.123414744299012e-6,365,2023-12-13,6.835338143464296e-6,houspa,House Sparrow
houspa,state,BMU-5144,Warwick,NA,North America,resident,4.556176127272881,1.6719461111312824e-6,3.444642349628755e-5,0.637975296679805,1.313489329161564e-6,365,2023-12-13,5.169411904523138e-6,houspa,House Sparrow
houspa,state,BOL-1291,Cochabamba,SA,South America,resident,0.05700399575891332,3.929633977542039e-5,0.00217028634285734,0.03316098964223861,1.2825526406830295e-4,365,2023-10-11,1.0140793448643698e-4,houspa,House Sparrow
houspa,state,BOL-1292,Chuquisaca,SA,South America,resident,0.016981524467700498,1.0769505455406235e-5,5.947859455301071e-4,0.01221805507433818,4.347324701982578e-5,365,2023-10-11,9.033177926848635e-5,houspa,House Sparrow
houspa,state,BOL-1293,El Beni,SA,South America,resident,0.001806897132048252,4.659373530267935e-6,2.573312119348223e-4,0.002755908334442294,3.987124370505516e-5,365,2023-10-25,8.279080960007925e-6,houspa,House Sparrow
houspa,state,BOL-1936,La Paz,SA,South America,resident,4.8278885184882824e-4,7.790003006278142e-7,4.3023185446696496e-05,0.0010061027057295603,9.10801262859828e-6,0,2023-10-18,1.545998679046285e-6,houspa,House Sparrow
houspa,state,BOL-1938,Pando,SA,South America,resident,4.899637577950965e-4,3.8318081389208785e-7,2.116258389426708e-5,0.0016011371657075756,7.0253708161610435e-6,365,2023-04-05,1.3727035340235705e-6,houspa,House Sparrow
houspa,state,BOL-1939,Potosí,SA,South America,resident,5.78362953262423e-4,8.365002133668674e-7,4.619883172943534e-5,6.04259364294447e-4,4.903316125876607e-6,0,2023-01-18,2.271319488764665e-6,houspa,House Sparrow
houspa,state,BOL-1940,Santa Cruz,SA,South America,resident,0.027344575740266445,1.2155025254559204e-4,0.006713064233925511,0.027010854222012635,6.736338620735977e-4,365,2023-12-13,2.201999835162702e-4,houspa,House Sparrow
houspa,state,BOL-1941,Tarija,SA,South America,resident,0.04199722669802019,1.890974011667541e-5,0.001044360644190892,0.023161241827723673,5.8509677431108894e-5,365,2023-01-18,3.225977745726755e-5,houspa,House Sparrow
houspa,state,BON-5149,Bonaire,NA,North America,resident,0.7307003457377206,5.409656368778365e-6,1.1145294277591516e-4,0.5970149253731343,2.479798937902115e-5,365,2023-12-27,8.300090912955077e-6,houspa,House Sparrow
houspa,state,BRA-1294,Goiás,SA,South America,resident,0.029440541336273243,1.2328134005514687e-4,0.006808669972316131,0.018119464348095575,4.2569429017835e-4,365,2023-12-27,2.2829351705945533e-4,houspa,House Sparrow
houspa,state,BRA-1311,São Paulo,SA,South America,resident,0.19033865431964864,5.849537476779969e-4,0.03230624371236861,0.11999447756000974,0.002068981976737844,365,2023-12-27,0.0013818971058188018,houspa,House Sparrow
houspa,state,BRA-1313,Pernambuco,SA,South America,resident,0.17299553167859785,2.085871490064122e-4,0.0115200001672248,0.12886729455118665,8.717586962630861e-4,365,2023-02-22,3.323706899764682e-4,houspa,House Sparrow
houspa,state,BRA-576,Acre,SA,South America,resident,0.0031632339199660366,5.9819727023662926e-6,3.3037666442948236e-4,0.008988527323188836,9.536797823224623e-5,365,2023-03-29,1.0360257122765197e-5,houspa,House Sparrow
houspa,state,BRA-592,Amazonas,SA,South America,resident,1.167316965301004e-4,2.2439466405267368e-6,1.2393028907699806e-4,2.6303523493638063e-4,2.8368643619326306e-5,0,2023-12-27,3.515187707627084e-6,houspa,House Sparrow
houspa,state,BRA-593,Maranhão,SA,South America,resident,0.010454253323493309,4.2781982453781085e-5,0.002362793908298808,0.007717506960238917,1.771927019554249e-4,365,2023-12-13,6.83731026270854e-5,houspa,House Sparrow
houspa,state,BRA-594,Pará,SA,South America,resident,0.002571116491683371,3.939488067421478e-5,0.0021757286300547888,0.002100235778759304,1.8054563914952045e-4,365,2023-12-06,5.981764538402368e-5,houspa,House Sparrow
houspa,state,BRA-595,Rondônia,SA,South America,resident,0.010471393286926652,3.059124802831743e-5,0.001689515313289979,0.01412697512626192,2.3154895191462068e-4,365,2023-10-25,4.023323926363971e-5,houspa,House Sparrow
houspa,state,BRA-596,Tocantins,SA,South America,resident,0.011300810479736014,3.870659291333016e-5,0.002137715381596007,0.006892146078393437,1.3244352835444555e-4,365,2023-12-13,5.966194918753899e-5,houspa,House Sparrow
houspa,state,BRA-599,Distrito Federal,SA,South America,resident,0.3940120423395986,2.801956747123607e-5,0.001547484701199321,0.2465112628252838,9.835345327154658e-5,365,2023-12-13,5.2223550811601e-5,houspa,House Sparrow
houspa,state,BRA-600,Mato Grosso do Sul,SA,South America,resident,0.012963868223569116,5.662901585815654e-5,0.003127547767267698,0.008936215088684543,2.1900747335178232e-4,365,2023-12-27,1.228916150621701e-4,houspa,House Sparrow
houspa,state,BRA-601,Minas Gerais,SA,South America,resident,0.0801842691439094,5.769108272519833e-4,0.031862043553854504,0.07598851591591195,0.0030673857265469057,365,2023-12-27,0.001422996628002561,houspa,House Sparrow
houspa,state,BRA-602,Mato Grosso,SA,South America,resident,0.008144542777084447,9.031498144100696e-5,0.00498798035381998,0.005291715728371648,3.292232586194319e-4,365,2023-12-13,1.3984021093693775e-4,houspa,House Sparrow
houspa,state,BRA-612,Rio Grande do Sul,SA,South America,resident,0.12529735461878055,4.229813946306075e-4,0.023360718817475104,0.08118160640224024,0.0015375806990294164,365,2023-12-13,7.483833029116592e-4,houspa,House Sparrow
houspa,state,BRA-613,Paraná,SA,South America,resident,0.04687265004983098,1.146141020723066e-4,0.006329989557500031,0.04294157915465709,5.891114648349687e-4,365,2023-12-27,3.4273594408754495e-4,houspa,House Sparrow
houspa,state,BRA-614,Santa Catarina,SA,South America,resident,0.22173747098905808,2.6513219932237686e-4,0.014642910625508222,0.10098332657933604,6.774448921706187e-4,365,2023-12-13,4.3675871220154777e-4,houspa,House Sparrow
houspa,state,BRA-621,Ceará,SA,South America,resident,0.07226290729002269,1.347421167967831e-4,0.007441633942575473,0.0796405556163789,8.331498720555707e-4,365,2023-02-22,2.629784925822647e-4,houspa,House Sparrow
houspa,state,BRA-622,Piauí,SA,South America,resident,0.02007154513928999,6.216652074518618e-5,0.0034333770454780662,0.012321236806597816,2.141070536553662e-4,365,2023-02-22,8.693636359311016e-5,houspa,House Sparrow
houspa,state,BRA-623,Alagoas,SA,South America,resident,0.3737212218514944,1.3048574108200095e-4,0.007206559782064488,0.2584387502761117,5.062602668395793e-4,365,2023-02-22,2.2018477347962045e-4,houspa,House Sparrow
houspa,state,BRA-624,Bahia,SA,South America,resident,0.05447283067186438,3.752430003231826e-4,0.02072418865238966,0.02955857336549801,0.0011423969635493462,365,2023-03-22,5.390682024200854e-4,houspa,House Sparrow
houspa,state,BRA-625,Espírito Santo,SA,South America,resident,0.1827085662263531,1.0606504663958254e-4,0.005857836213040792,0.1108979730397192,3.611918157533559e-4,365,2023-12-27,1.7876157132200944e-4,houspa,House Sparrow
houspa,state,BRA-626,Paraíba,SA,South America,resident,0.211782362359286,1.4841790493695992e-4,0.008196930145683961,0.21875953082285704,8.601306165015259e-4,365,2023-02-22,2.866689192707654e-4,houspa,House Sparrow
houspa,state,BRA-627,Rio de Janeiro,SA,South America,resident,0.30482390155016603,1.775796835676683e-4,0.009807497701271988,0.2160053244258148,7.060080155824313e-4,365,2023-12-27,3.409855650736987e-4,houspa,House Sparrow
houspa,state,BRA-628,Rio Grande do Norte,SA,South America,resident,0.16577065694444207,1.0983423984782818e-4,0.006066003909833836,0.16102030631182504,5.985654616551341e-4,365,2023-02-22,2.078708777616464e-4,houspa,House Sparrow
houspa,state,BRA-629,Sergipe,SA,South America,resident,0.3489775249108316,9.560080128455851e-5,0.005279909390540081,0.2700074828791134,4.1499301746473696e-4,365,2023-02-22,1.6546622823663252e-4,houspa,House Sparrow
houspa,state,BRA-681,Amapá,SA,South America,resident,0.0014544215150578584,2.556639207844401e-6,1.4119989770316856e-4,0.001693187082073871,1.6698790491573968e-5,365,2023-11-29,4.079676185434456e-6,houspa,House Sparrow
houspa,state,BTN-2433,Chhukha,AS,Asia,resident,0.030405777777001347,6.918172481015643e-7,8.517812358804941e-7,0.022294607978823065,2.8460073915120706e-6,365,2023-10-11,1.768205911592062e-6,houspa,House Sparrow
houspa,state,BTN-2438,Samchi,AS,Asia,resident,0.03559908442109337,7.381244978120381e-7,9.08795781986207e-7,0.03629969206108168,4.222742963803063e-6,365,2023-09-27,3.117843606139468e-6,houspa,House Sparrow
houspa,state,BTN-2482,Geylegphug,AS,Asia,resident,9.245542897314917e-5,2.487583946023221e-9,3.062770310677579e-9,0.0010722054186115746,1.6185429937057028e-7,365,2023-05-10,1.0932801975218444e-7,houspa,House Sparrow
houspa,state,BTN-2492,Samdrup Jongkhar,AS,Asia,resident,0.0018989069448500176,5.0788744554078354e-8,6.253226516656683e-8,0.0019602777939046415,2.9415912844635004e-7,365,2023-12-06,2.2453848566286721e-7,houspa,House Sparrow
houspa,state,BWA-1191,Ghanzi,AF,Africa,resident,9.58681220753e-5,1.3511378488688154e-7,4.031447713945222e-6,5.27813927254921e-4,4.1735651791169e-6,0,2023-10-25,5.532706059011355e-7,houspa,House Sparrow
houspa,state,BWA-2625,Kgalagadi,AF,Africa,resident,3.9338942149015025e-4,5.10038727864777e-7,1.521824338793742e-5,8.627510507047755e-4,6.275768117535063e-6,365,2023-10-11,1.6831580867089658e-6,houspa,House Sparrow
houspa,state,BWA-2629,North-West,AF,Africa,resident,5.893725324844486e-5,9.636060705845934e-8,2.875152593537606e-6,0.00013526761859707943,1.2408074570239453e-6,0,2023-04-05,3.3344399947477785e-7,houspa,House Sparrow
houspa,state,BWA-2630,Central,AF,Africa,resident,0.0019419222447801215,3.484759576757189e-6,1.0397626001764454e-4,0.003826834773234631,3.852845644369995e-5,365,2023-10-11,7.896369657415679e-6,houspa,House Sparrow
houspa,state,BWA-2646,Kgatleng,AF,Africa,resident,0.015225983549803044,1.4374892353752072e-6,4.289098034390795e-5,0.03115740277742111,1.6503703343017306e-5,365,2023-10-25,3.75188090223161e-6,houspa,House Sparrow
houspa,state,BWA-2647,Kweneng,AF,Africa,resident,0.005658332330432652,2.5662756897527058e-6,7.657106394782991e-5,0.013309072043732412,3.386597236693843e-5,365,2023-09-20,6.747056107256786e-6,houspa,House Sparrow
houspa,state,BWA-2648,South-East,AF,Africa,resident,0.10228312510650822,2.030525913892874e-6,6.0585669038309566e-5,0.23884270716994913,2.660219347704834e-5,365,2023-09-20,6.573538774752494e-6,houspa,House Sparrow
houspa,state,BWA-2649,Southern,AF,Africa,resident,0.004523958425206641,1.500147437373669e-6,4.47605398815828e-5,0.012722068804744307,2.3668677621901493e-5,365,2023-09-20,4.298991605848479e-6,houspa,House Sparrow
houspa,state,BWA-4853,North-East,AF,Africa,resident,0.02434681122588088,1.5607775496633114e-6,4.656958644031074e-5,0.0763870992833949,2.7473870991723477e-5,365,2023-10-11,5.237344938739809e-6,houspa,House Sparrow
houspa,state,BWA-5501,Gaborone,AF,Africa,resident,0.9778480693137568,3.4235294725933293e-6,1.0214931124507718e-4,0.8527884742632004,1.6751161491389562e-5,365,2023-10-25,5.658822671874058e-6,houspa,House Sparrow
houspa,state,BWA-5502,Francistown,AF,Africa,resident,1.029730476442482,1.139422645817552e-6,3.3997440191201245e-5,0.9113826312856274,5.65799999828834e-6,365,2023-11-15,2.321290902768132e-6,houspa,House Sparrow
houspa,state,BWA-5503,Lobatse,AF,Africa,resident,0.613457060468715,1.4779477059862338e-7,4.4098157013491264e-6,0.9497731632671532,1.283795081794759e-6,365,2023-10-25,7.658976321593998e-7,houspa,House Sparrow
houspa,state,BWA-5504,Selebi-Phikwe,AF,Africa,resident,1.2819739422205672,5.474113510590209e-7,1.633334631001683e-5,0.9338627982484556,2.2372709886204147e-6,365,2023-12-13,1.6316156675932527e-6,houspa,House Sparrow
houspa,state,BWA-5506,Jwaneng,AF,Africa,resident,0.09941555774657208,4.139216775431004e-7,1.2350357900791223e-5,0.16725900852368325,3.907097520127367e-6,365,2023-10-25,9.411371450352474e-7,houspa,House Sparrow
houspa,state,CAN-AB,Alberta,NA,North America,resident,0.17547554071845398,0.0014239421038344908,0.029336898131058317,0.05708684421021086,0.0025990383814480187,365,2023-12-13,0.003227013059249041,houspa,House Sparrow
houspa,state,CAN-BC,British Columbia,NA,North America,resident,0.007618677848592584,9.127602387086508e-5,0.001880522674971664,0.004029172127978403,2.7082817255066915e-4,365,2023-12-20,1.795572118381103e-4,houspa,House Sparrow
houspa,state,CAN-MB,Manitoba,NA,North America,resident,0.04950996394836674,3.802525439552864e-4,0.007834188002484014,0.029671515010083815,0.001278557178445973,365,2023-01-04,0.0013481749412290209,houspa,House Sparrow
houspa,state,CAN-NB,New Brunswick,NA,North America,resident,0.001076937332290881,1.0213948974423495e-6,2.104338229564131e-5,0.0064055926871183794,3.408501477077348e-5,365,2023-01-18,3.123400469042212e-6,houspa,House Sparrow
houspa,state,CAN-NL,Newfoundland and Labrador,NA,North America,resident,0.0040549527603295586,2.210786346015933e-5,4.554792898387578e-4,0.005289749376283356,1.61806880698113e-4,365,2023-12-27,4.910826864976408e-5,houspa,House Sparrow
houspa,state,CAN-NS,Nova Scotia,NA,North America,resident,0.007056406740808451,5.781777860569401e-6,1.191196100285045e-4,0.0145646993144392,6.69545713233571e-5,365,2023-01-11,1.5938334396305926e-5,houspa,House Sparrow
houspa,state,CAN-NT,Northwest Territories,NA,North America,resident,3.1248555191992074e-5,5.165987262506077e-7,1.0643272760765364e-5,2.005180299361408e-5,1.8598492034265864e-6,0,2023-12-27,2.225335484877024e-6,houspa,House Sparrow
houspa,state,CAN-ON,Ontario,NA,North America,resident,0.05505255406710375,6.758505351712481e-4,0.013924272797852985,0.03364430624319067,0.002317318252586583,365,2023-02-15,0.0014385310098052855,houspa,House Sparrow
houspa,state,CAN-PE,Prince Edward Island,NA,North America,resident,0.001412895967919237,1.4285217038105836e-7,2.9431249760677137e-6,0.02185792349726776,1.2398994689510575e-5,365,2023-01-18,8.89307609017289e-7,houspa,House Sparrow
houspa,state,CAN-QC,Québec,NA,North America,resident,0.019401269669792495,3.662105856504402e-4,0.007544887265297773,0.0117829976948144,0.0012478358233755597,365,2023-12-20,9.887981949492416e-4,houspa,House Sparrow
houspa,state,CAN-SK,Saskatchewan,NA,North America,resident,0.24011170428857628,0.0018854549942499048,0.038845259893680234,0.1343043767384586,0.0059168957946226335,365,2023-02-15,0.00908860526495755,houspa,House Sparrow
houspa,state,CAN-YT,Yukon,NA,North America,resident,1.5036766915654164e-4,8.958870367702162e-7,1.8457595055225946e-5,1.85462785628827e-5,6.199497344755287e-7,0,2023-01-25,2.097029913738846e-6,houspa,House Sparrow
houspa,state,CHE-159,Genève,EU,Europe,resident,6.602066638771663,2.254947905830525e-5,3.081065843604974e-4,0.9623871437310524,1.8441971111099543e-5,365,2023-10-11,4.203914419601913e-5,houspa,House Sparrow
houspa,state,CHE-160,Jura,EU,Europe,resident,1.1630186214492042,1.2110017656946264e-5,1.6546618071217877e-4,0.5676791268190927,3.316362142114612e-5,365,2023-07-26,2.213362789093529e-5,houspa,House Sparrow
houspa,state,CHE-161,Neuchâtel,EU,Europe,resident,1.2765728927984925,1.3258868860285354e-5,1.811635996762272e-4,0.37962347332761015,2.212151316155767e-5,365,2023-07-26,2.1355544906667427e-5,houspa,House Sparrow
houspa,state,CHE-162,Aargau,EU,Europe,resident,2.601018313375264,4.5498836681950465e-5,6.216769410151265e-4,0.9179540999286282,9.009045154682188e-5,365,2023-06-21,7.925988579503297e-5,houspa,House Sparrow
houspa,state,CHE-163,Lucerne,EU,Europe,resident,1.5164876324708143,2.7231132189032284e-5,3.7207472089878534e-4,0.659458931676972,6.643783860872564e-5,365,2023-06-21,4.545621771351023e-5,houspa,House Sparrow
houspa,state,CHE-164,Nidwalden,EU,Europe,resident,0.8318039504664536,2.774247256622449e-6,3.790614604440731e-5,0.3294015499931999,6.163831246559019e-6,365,2023-03-29,6.124915628765029e-6,houspa,House Sparrow
houspa,state,CHE-165,Valais,EU,Europe,resident,0.19584650021600808,1.2740932480928246e-5,1.7408673513549246e-4,0.0946471176691314,3.4545676908376426e-5,365,2023-03-08,2.0991538074621544e-5,houspa,House Sparrow
houspa,state,CHE-166,Appenzell Ausserrhoden,EU,Europe,resident,1.164203556188044,3.419659602435809e-6,4.672478849989275e-5,0.641833715963702,1.0577362747227944e-5,365,2023-08-02,7.683806371320137e-6,houspa,House Sparrow
houspa,state,CHE-167,Sankt Gallen,EU,Europe,resident,1.055791636440524,2.634746605164171e-5,3.600006789840048e-4,0.45338154182086593,6.347831444908216e-5,365,2023-06-21,4.7109596127993654e-5,houspa,House Sparrow
houspa,state,CHE-168,Ticino,EU,Europe,resident,0.00671196222283658,2.406970347373501e-7,3.288782904778936e-6,0.009243907296006163,1.8598492034265864e-6,365,2023-07-12,7.880705703113491e-7,houspa,House Sparrow
houspa,state,CHE-169,Glarus,EU,Europe,resident,0.1306865112935033,1.0792563169278548e-6,1.4746503748416235e-5,0.07832418859916895,3.6290308015235864e-6,365,2023-04-05,2.4269366783656335e-6,houspa,House Sparrow
houspa,state,CHE-170,Graubünden,EU,Europe,resident,0.08742265489351694,7.5348368668622515e-6,1.0295283739193216e-4,0.05808584502964531,2.8088017673418433e-5,365,2023-04-05,1.2072455794062202e-5,houspa,House Sparrow
houspa,state,CHE-171,Schaffhausen,EU,Europe,resident,0.9840308342451368,3.978182679322702e-6,5.4356212581184554e-5,0.5228916103580448,1.1860106910159738e-5,365,2023-06-21,1.2468056940111732e-5,houspa,House Sparrow
houspa,state,CHE-173,Schwyz,EU,Europe,resident,0.8933284612952234,9.96795356199684e-6,1.3619791912309131e-4,0.34428195933096983,2.1553113515573692e-5,365,2023-03-22,2.026065716438676e-5,houspa,House Sparrow
houspa,state,CHE-174,Thurgau,EU,Europe,resident,1.764916075546123,1.9781819713566938e-5,2.702904527693482e-4,0.7212043552628984,4.535252134685701e-5,365,2023-06-21,3.609528241299847e-5,houspa,House Sparrow
houspa,state,CHE-175,Uri,EU,Europe,resident,0.11693070801999356,1.5370228642605533e-6,2.100123304697307e-5,0.054197334472157306,3.996967263978422e-6,365,2023-04-12,3.181074742298241e-6,houspa,House Sparrow
houspa,state,CHE-176,Zürich,EU,Europe,resident,2.7483751514247268,5.8666700615266666e-5,8.015970876991163e-4,0.9194465472299548,1.1011413013635616e-4,365,2023-06-21,8.44953634367044e-5,houspa,House Sparrow
houspa,state,CHE-177,Zug,EU,Europe,resident,2.582570949873077,7.55584519124894e-6,1.0323988628797024e-4,0.8069473591921962,1.3245760842766142e-5,365,2023-06-21,1.260738865149878e-5,houspa,House Sparrow
houspa,state,CHE-3421,Fribourg,EU,Europe,resident,1.8116304361413107,3.6604714878755345e-5,5.00151406762956e-4,0.709561260883339,8.043743843376078e-5,365,2023-07-26,7.391575915883405e-5,houspa,House Sparrow
houspa,state,CHE-3422,Vaud,EU,Europe,resident,2.5925407397677325,1.0195229039394682e-4,0.001393033155213358,0.6004783107680656,1.3248589303163047e-4,365,2023-07-26,1.5486931399188428e-4,houspa,House Sparrow
houspa,state,CHE-3423,Basel-Landschaft,EU,Europe,resident,2.8621554866933083,1.930389175690898e-5,2.6376024646544515e-4,0.8483951438789638,3.210337853353527e-5,365,2023-01-25,3.6800028170819254e-5,houspa,House Sparrow
houspa,state,CHE-3424,Bern,EU,Europe,resident,0.8167426821239702,5.938326449921272e-5,8.113879148037185e-4,0.37386525923407815,1.525087784918806e-4,365,2023-06-21,1.0353742270138226e-4,houspa,House Sparrow
houspa,state,CHE-3425,Basel-Stadt,EU,Europe,resident,8.901445787717886,4.364939904758762e-6,5.9640700413375e-5,1,2.751177637204373e-6,365,2023-01-25,1.204375732610752e-5,houspa,House Sparrow
houspa,state,CHE-3426,Solothurn,EU,Europe,resident,2.372682835430803,2.251937757178452e-5,3.0769529032695917e-4,0.6678901135817557,3.5564984524040676e-5,365,2023-01-25,4.3333845377587926e-5,houspa,House Sparrow
houspa,state,CHE-3427,Obwalden,EU,Europe,resident,0.39226208883292546,2.326336241510229e-6,3.1786078587113186e-5,0.17860639706653927,5.942840504189606e-6,365,2023-04-12,3.895586223226614e-6,houspa,House Sparrow
houspa,state,CHE-3473,Appenzell Innerrhoden,EU,Europe,resident,0.4042549308477157,8.257374997515198e-7,1.1282529408727677e-5,0.3077463260555161,3.526797092337165e-6,365,2023-04-12,3.874016939222051e-6,houspa,House Sparrow
houspa,state,CHL-20010,Ñuble,SA,South America,resident,0.4472363188128308,7.481702320647087e-5,0.004132048038219797,0.23521817549034857,2.2076750653747575e-4,365,2023-12-20,1.7143063483831294e-4,houspa,House Sparrow
houspa,state,CHL-2691,Aisén del General Carlos Ibáñez del Campo,SA,South America,resident,0.001702258604192106,2.6657614353009584e-6,1.4722657808369783e-4,0.0011614102100912709,1.020427837030642e-5,365,2023-01-11,5.2967170091423225e-6,houspa,House Sparrow
houspa,state,CHL-2692,Magallanes y Antártica Chilena,SA,South America,resident,0.0031530360854581155,6.896023764570474e-6,3.808585298732661e-4,0.002072339720462654,2.5429140102273465e-5,365,2023-01-18,1.434726686105764e-5,houspa,House Sparrow
houspa,state,CHL-2693,Tarapacá,SA,South America,resident,0.10760850008947948,5.577864702156385e-5,0.0030805829893012023,0.044618537635949015,1.2975904634325474e-4,365,2023-12-20,8.149968270379341e-5,houspa,House Sparrow
houspa,state,CHL-2694,Arica y Parinacota,SA,South America,resident,0.08954257754142661,1.8309141595222693e-5,0.0010111903597293235,0.0445970458388828,5.116175082450168e-5,365,2023-12-27,2.8544910116092885e-5,houspa,House Sparrow
houspa,state,CHL-2695,Antofagasta,SA,South America,resident,0.07179318917332952,1.1008114209397282e-4,0.006079640003574141,0.027889250774960656,2.3992054724202965e-4,365,2023-01-04,1.6667671195820695e-4,houspa,House Sparrow
houspa,state,CHL-2696,Atacama,SA,South America,resident,0.056707298398019794,5.62198072384678e-5,0.003104947701109743,0.020954956646427863,1.1655692367639336e-4,365,2023-12-13,8.90928661064503e-5,houspa,House Sparrow
houspa,state,CHL-2697,Coquimbo,SA,South America,resident,0.14334680482304496,6.82612117765803e-5,0.0037699789983562143,0.06337741037295294,1.6932511585002696e-4,365,2023-12-13,1.2165166830176872e-4,houspa,House Sparrow
houspa,state,CHL-2698,Región Metropolitana de Santiago,SA,South America,resident,0.7780506788998998,1.5360914797586423e-4,0.00848363582703178,0.29440604413042,3.261045295215697e-4,365,2023-12-27,3.023042313196821e-4,houspa,House Sparrow
houspa,state,CHL-2699,Valparaíso,SA,South America,resident,0.391747387334298,8.42322094195621e-5,0.004652036672543235,0.2124262998932898,2.5626027228302476e-4,365,2023-12-27,1.9981316858238687e-4,houspa,House Sparrow
houspa,state,CHL-2700,La Araucanía,SA,South America,resident,0.22853433199369813,9.644814858936975e-5,0.005326707293189505,0.1190246014500372,2.818253755288311e-4,365,2023-01-18,1.8357553289631784e-4,houspa,House Sparrow
houspa,state,CHL-2701,Los Ríos,SA,South America,resident,0.09366319200041558,1.8746703886109016e-5,0.0010353563627078998,0.0806628183237872,9.057957368372886e-5,365,2023-10-11,5.0580971550938936e-5,houspa,House Sparrow
houspa,state,CHL-2702,Bío-Bío,SA,South America,resident,0.2295517553332292,7.146808907983967e-5,0.003947090710395012,0.10559849103961248,1.844548926699314e-4,365,2023-12-20,1.5767289383392382e-4,houspa,House Sparrow
houspa,state,CHL-2703,Libertador General Bernardo O'Higgins,SA,South America,resident,0.7935971532573759,1.6458997300467548e-4,0.009090092681016983,0.3238871043056226,3.768754469531881e-4,365,2023-12-27,3.6661956048086175e-4,houspa,House Sparrow
houspa,state,CHL-2704,Los Lagos,SA,South America,resident,0.05927659525573006,3.965914856328434e-5,0.00219032380593583,0.038828848273887266,1.457523479171647e-4,365,2023-10-25,7.56068746496445e-5,houspa,House Sparrow
houspa,state,CHL-2705,Maule,SA,South America,resident,0.4466518246165104,1.6065368257128324e-4,0.008872696419229399,0.22491774362246833,4.538853922101519e-4,365,2023-12-20,3.671046752299582e-4,houspa,House Sparrow
houspa,state,CHN-001,Gansu,AS,Asia,resident,0.0021599510036107595,1.0754763075842335e-5,1.324151054267734e-5,0.03652672104526344,0.0010203955377044722,365,2023-10-04,5.948568892806947e-5,houspa,House Sparrow
houspa,state,CHN-010,Xizang,AS,Asia,resident,0.005460643885586857,7.542397476977272e-5,9.28637246624192e-5,0.004355719666198537,3.375408940551364e-4,365,2023-07-26,2.2576479684954025e-4,houspa,House Sparrow
houspa,state,CHN-011,Xinjiang,AS,Asia,resident,0.10055491487237116,0.002010996144899558,0.0024759844978626253,0.13817380134055487,0.015503671444632824,365,2023-06-14,0.004184738585167133,houspa,House Sparrow
houspa,state,CHN-018,Sichuan,AS,Asia,resident,0.01980909559441484,1.1791121750426112e-4,1.4517499071547963e-4,0.14411608705987589,0.0048128669169028105,365,2023-10-11,3.570811423144305e-4,houspa,House Sparrow
houspa,state,CHN-019,Yunnan,AS,Asia,resident,1.493711372017623e-4,7.067823910185204e-7,8.70206662485443e-7,1.1676334665441763e-4,3.099748672377644e-6,0,2023-11-01,1.4816473696789449e-6,houspa,House Sparrow
houspa,state,CHN-030,Inner Mongol,AS,Asia,resident,5.110767992124359e-4,7.171082772461935e-6,8.829201300329846e-6,0.004792853346951105,3.773059246466603e-4,365,2023-05-24,2.4910563415876535e-5,houspa,House Sparrow
houspa,state,CIV-3441,Dix-Huit Montagnes,AF,Africa,resident,1.6916235553340117e-5,3.451195569501622e-9,1.0297479639618965e-7,0.0010832275889951443,1.2398994689510574e-6,365,2023-06-07,4.3340580033924857e-8,houspa,House Sparrow
houspa,state,CIV-3444,Marahoué,AF,Africa,resident,2.768726111395025e-4,2.8502801367171673e-8,8.504502594529536e-7,0.0021467328850473333,1.2398994689510574e-6,365,2023-06-21,7.226438603593703e-8,houspa,House Sparrow
houspa,state,CIV-3445,Fromager,AF,Africa,resident,0.001985876718296699,1.6271862271799158e-7,4.855105051804773e-6,0.018813105956425935,8.648611560262818e-6,365,2023-06-21,4.065993382692833e-7,houspa,House Sparrow
houspa,state,CIV-3446,Haut-Sassandra,AF,Africa,resident,2.5316075166218345e-4,4.7240453469457873e-8,1.4095335890755026e-6,0.0017764751493348186,1.8598492034265864e-6,365,2023-06-21,1.0873805406820013e-7,houspa,House Sparrow
houspa,state,CIV-3447,Sud-Bandama,AF,Africa,resident,9.175419043962068e-4,1.231000512609146e-7,3.672988812043395e-6,0.0041180654197397575,3.099748672377644e-6,365,2023-06-21,1.9332949211608699e-7,houspa,House Sparrow
houspa,state,CIV-3448,Bas-Sassandra,AF,Africa,resident,1.4338941938069318e-4,4.7022413510444585e-8,1.4030278376819736e-6,0.001027532932742019,1.8905339258211695e-6,365,2023-06-07,1.1281355379914733e-7,houspa,House Sparrow
houspa,state,CIV-3451,Agnéby,AF,Africa,resident,0.0034169262994059872,3.835901001784591e-7,1.1445341670734384e-5,0.01722515770321981,1.084915466534373e-5,365,2023-06-21,6.207259082656996e-7,houspa,House Sparrow
houspa,state,CIV-3452,N'zi-Comoé,AF,Africa,resident,3.714173192698222e-5,8.8751483417229e-9,2.6481159211932805e-7,0.001849703358090593,2.479798937902115e-6,365,2023-06-28,6.62392421685161e-8,houspa,House Sparrow
houspa,state,CIV-3458,Lagunes,AF,Africa,resident,0.022877098184273328,4.148220489439886e-6,1.2377222666875982e-4,0.08345197314808263,8.48981879594962e-5,365,2023-03-22,5.194276391318751e-6,houspa,House Sparrow
houspa,state,CIV-3459,Cavally,AF,Africa,resident,6.676715926010461e-4,1.1823146862298613e-7,3.5277228322452376e-6,0.003744006793734488,3.719698406853172e-6,365,2023-06-21,2.3212479537600877e-7,houspa,House Sparrow
houspa,state,CIV-3460,Comoe,AF,Africa,resident,1.4488932153629449e-4,1.2067221296402271e-8,3.600548363720318e-7,0.0019900312632525237,9.298902896913152e-7,365,2023-06-07,3.37058334137596e-8,houspa,House Sparrow
houspa,state,CIV-3462,Sud-Comoé,AF,Africa,resident,0.00854742156389646,6.289934168519846e-7,1.8767545255115772e-5,0.04663315597375538,1.9253367432392627e-05,365,2023-12-27,8.414178570813829e-7,houspa,House Sparrow
houspa,state,COD-1559,Orientale,AF,Africa,resident,1.503465426851267e-5,9.212578522572745e-8,2.7487964055970077e-6,1.6229693411677984e-4,5.579547610279758e-6,0,2023-05-10,2.771339068047305e-7,houspa,House Sparrow
houspa,state,COD-1883,Bas-Congo,AF,Africa,resident,0.004638275150652158,3.1297112966310567e-6,9.338253282353904e-5,0.01168580414481093,4.423920231854104e-5,365,2023-10-11,7.591078095556265e-6,houspa,House Sparrow
houspa,state,COD-1884,Kinshasa City,AF,Africa,resident,0.03628710661296409,4.929049802629357e-6,1.4707016442007466e-4,0.04316985065891262,3.2899729474172634e-5,365,2023-10-11,8.659248721361274e-6,houspa,House Sparrow
houspa,state,COD-1894,Sud-Kivu,AF,Africa,resident,0.0010471788330145525,7.776534437949681e-7,2.3203177979608524e-5,0.0021771614795944648,9.071034136918905e-6,365,2023-12-06,1.555171977762829e-6,houspa,House Sparrow
houspa,state,COD-1897,Katanga,AF,Africa,resident,0.0018864946068103431,1.1024061911830244e-5,3.2892964422576594e-4,0.002561444848218073,8.397925159712062e-5,365,2023-10-11,1.75865153678067e-5,houspa,House Sparrow
houspa,state,COD-1898,Nord-Kivu,AF,Africa,resident,0.0013464839472102307,9.68398017343557e-7,2.8894505297718284e-5,0.004726005361935217,1.9069874572430623e-5,365,2023-12-13,1.742445915895962e-6,houspa,House Sparrow
houspa,state,COG-2626,Bouenza,AF,Africa,resident,5.368362280664487e-4,8.180178310998933e-8,2.440754744539972e-6,0.0014503225671487778,1.2398994689510574e-6,365,2023-09-27,2.2460696667728477e-7,houspa,House Sparrow
houspa,state,COG-3341,Pool,AF,Africa,resident,1.430379015078448e-4,5.0797793350699995e-8,1.5156754586409677e-6,3.983736867142123e-4,7.937528119310611e-7,0,2023-10-11,3.021336185307249e-7,houspa,House Sparrow
houspa,state,COG-3343,Kouilou,AF,Africa,resident,0.010349588747183856,1.7860105951164983e-6,5.328996102649652e-5,0.03044358410084607,2.9475259228589978e-5,365,2023-10-04,4.8369387689021285e-6,houspa,House Sparrow
houspa,state,COG-3345,Niari,AF,Africa,resident,8.815000575184347e-5,3.0436159029926815e-8,9.081366778763444e-7,6.400561270126016e-4,1.2398994689510574e-6,0,2023-09-27,1.900424548453852e-7,houspa,House Sparrow
houspa,state,COG-4855,Brazzaville,AF,Africa,resident,0.04945134792816224,3.650838559075864e-6,1.08931629554243e-4,0.05078619017042728,2.1035897425198367e-5,365,2023-09-20,6.166366412568186e-6,houspa,House Sparrow
houspa,state,COG-5855,Pointe Noire,AF,Africa,resident,0.6680283677993794,1.0723027406830686e-6,3.1994754911226486e-5,0.7027458013730326,6.328804574857862e-6,365,2023-10-11,2.352849415879387e-6,houspa,House Sparrow
houspa,state,COL-1318,La Guajira,SA,South America,resident,0.007098316801582241,1.8687263300832193e-6,1.0320735355750168e-4,0.01511011388000696,2.2318190441119033e-5,365,2023-12-20,3.1873912780074743e-6,houspa,House Sparrow
houspa,state,COL-1406,Nariño,SA,South America,resident,0.0019979910554914055,7.850008849097553e-7,4.335459000474664e-5,0.027737815998223735,6.114342811980829e-5,365,2023-10-11,1.1927373779032634e-6,houspa,House Sparrow
houspa,state,COL-1413,Bolívar,SA,South America,resident,1.0940885524426956e-6,3.627327637011834e-10,2.003326436168457e-8,3.3328920885456853e-4,6.199497344755287e-7,0,2023-02-15,2.189109119081712e-8,houspa,House Sparrow
houspa,state,COM-4934,Moûhîlî,AF,Africa,resident,0.09955211617706115,6.270193091414112e-7,1.870864296010912e-5,0.07017543859649122,2.479798937902115e-6,365,2023-11-29,9.484938333418008e-7,houspa,House Sparrow
houspa,state,COM-4935,Andjazîdja,AF,Africa,resident,0.7821699616916734,1.5038549336336062e-5,4.487116203115915e-4,0.5287356321839081,5.703537557174864e-5,365,2023-03-29,2.307642009916382e-5,houspa,House Sparrow
houspa,state,COM-4936,Andjouân,AF,Africa,resident,0.28058937511852255,2.8524274849168354e-6,8.510909729077534e-5,0.2065217391304348,1.1779044955035046e-5,365,2023-03-29,5.020364424266445e-6,houspa,House Sparrow
houspa,state,CPV-5046,Santa Catarina,AF,Africa,resident,8.542125042615418e-4,3.5376805523335484e-9,1.0555528577127645e-7,0.026681047352251117,6.199497344755287e-7,365,2023-12-06,2.463629481157601e-7,houspa,House Sparrow
houspa,state,CPV-5053,Praia,AF,Africa,resident,0.013114257589216352,1.7362639689011714e-8,5.1805649690683e-7,0.08346098775265558,6.199497344755287e-7,365,2023-07-12,1.2988593610879538e-7,houspa,House Sparrow
houspa,state,CPV-5054,Maio,AF,Africa,resident,0.002671580951092607,1.741710271776012e-8,5.196815335596492e-7,0.01694915254237288,6.199497344755287e-7,365,2023-07-12,1.0597487603618893e-7,houspa,House Sparrow
houspa,state,CPV-5056,Sal,AF,Africa,resident,0.006386031829086798,3.951615398310773e-8,1.1790603658426154e-6,0.07142857142857142,2.479798937902115e-6,365,2023-07-12,4.052615679758484e-7,houspa,House Sparrow
houspa,state,CPV-5057,Ribeira Brava,AF,Africa,resident,0.0010319466889572365,6.391152531757999e-9,1.9069554809083457e-7,0.017841593597502398,6.199497344755287e-7,365,2023-12-13,1.776830834394614e-7,houspa,House Sparrow
houspa,state,CPV-5059,São Vicente,AF,Africa,resident,0.7936968426507565,7.1038737542727075e-6,2.1196131564810283e-4,0.4074074074074074,2.0458341237692447e-5,365,2023-10-04,2.8416902549559544e-5,houspa,House Sparrow
houspa,state,CPV-5060,Porto Novo,AF,Africa,resident,0.0034587563597992897,3.607479583812077e-8,1.0763790928837564e-6,0.012808345308606283,7.495107285878101e-7,365,2023-10-04,1.3831779544335972e-6,houspa,House Sparrow
houspa,state,CPV-5061,Ribeira Grande,AF,Africa,resident,0.017038548538642756,5.462475964028056e-8,1.6298622865237902e-6,0.06254290790416346,1.1249570143295676e-6,365,2023-10-04,2.0306126719396408e-6,houspa,House Sparrow
houspa,state,CPV-5062,Paul,AF,Africa,resident,0.026895244077669057,3.1489735532606976e-8,9.395726900253072e-7,0.09215069540998697,6.053311949847372e-7,365,2023-10-04,7.5678862782332e-7,houspa,House Sparrow
houspa,state,CRI-1327,Cartago,NA,North America,resident,0.06481776857538188,2.466458310418897e-6,5.0815434140482306e-5,0.08160060453132517,1.7421036654786728e-5,365,2023-01-25,3.849408205299394e-6,houspa,House Sparrow
houspa,state,CRI-1328,Heredia,NA,North America,resident,0.07597929482091376,2.5138936746211694e-6,5.179272559331898e-5,0.18242705527391043,3.386427713704768e-5,365,2023-01-25,5.160913884820695e-6,houspa,House Sparrow
houspa,state,CRI-1329,Limón,NA,North America,resident,0.04147079247251021,5.048336532120852e-6,1.0400881761646684e-4,0.1504638809237485,1.0276355933575904e-4,365,2023-03-15,8.794432022996022e-6,houspa,House Sparrow
houspa,state,CRI-1330,Puntarenas,NA,North America,resident,0.007572071760933236,1.2385837434244398e-6,2.551803546631495e-5,0.048289181002685505,4.431608729327296e-5,365,2023-03-22,2.866786901670364e-6,houspa,House Sparrow
houspa,state,CRI-1331,San José,NA,North America,resident,0.03925756623842095,2.413307294879436e-6,4.972038545539567e-5,0.048640635161605925,1.6776038186393805e-5,365,2023-01-25,4.4179173709997324e-6,houspa,House Sparrow
houspa,state,CRI-1333,Alajuela,NA,North America,resident,0.03291031510132516,3.867095760704349e-6,7.96721960038464e-5,0.07543684924371097,4.973216229022271e-5,365,2023-01-25,6.529642249089023e-6,houspa,House Sparrow
houspa,state,CRI-1334,Guanacaste,NA,North America,resident,0.02132950863187944,2.947301352499837e-6,6.072204713027305e-5,0.047980317884390375,3.719698406853172e-5,365,2023-01-25,5.109630899366295e-6,houspa,House Sparrow
houspa,state,CUB-1319,Cienfuegos,NA,North America,resident,1.2746628198861094,6.978192197672592e-5,0.0014376884642345112,0.6807423893113868,2.090890639336585e-4,365,2023-06-21,9.87240929208574e-5,houspa,House Sparrow
houspa,state,CUB-1320,Isla de la Juventud,NA,North America,resident,0.15327093362129643,9.111662853738096e-6,1.8772387179565595e-4,0.1579925650557621,5.269572743041994e-5,365,2023-05-24,1.4834683982147473e-5,houspa,House Sparrow
houspa,state,CUB-1321,Pinar del Río,NA,North America,resident,0.8891425735854562,1.4934417159798478e-4,0.00307687702810326,0.5062077256174046,4.7703094954293303e-4,365,2023-05-10,1.9681225987698043e-4,houspa,House Sparrow
houspa,state,CUB-1322,Sancti Spíritus,NA,North America,resident,0.8391793821339351,8.17775765844915e-5,0.0016848300413363588,0.5330715749147189,2.914512159464236e-4,365,2023-07-12,1.3732902668386543e-4,houspa,House Sparrow
houspa,state,CUB-1363,Ciego de Ávila,NA,North America,resident,1.1855697170961337,1.2564870033057032e-4,0.0025886889024290464,0.6634228035145449,3.944774784032877e-4,365,2023-07-12,2.0461064545546456e-4,houspa,House Sparrow
houspa,state,CUB-1364,Camagüey,NA,North America,resident,0.9545097186726228,2.184823377742782e-4,0.004501302454263605,0.6464446620161587,8.301723187200532e-4,365,2023-07-12,3.6889554480836487e-4,houspa,House Sparrow
houspa,state,CUB-1365,Guantánamo,NA,North America,resident,0.46908100446792406,4.018250472478764e-5,8.278637485242052e-4,0.2737091542984133,1.3154652978571236e-4,365,2023-05-31,5.0034934003207406e-5,houspa,House Sparrow
houspa,state,CUB-1366,Granma,NA,North America,resident,1.301313892281048,1.489580443671596e-4,0.00306892180632434,0.6507058746730666,4.178953497774821e-4,365,2023-09-06,2.0778525005022664e-4,houspa,House Sparrow
houspa,state,CUB-1367,Holguín,NA,North America,resident,1.3276909497970384,1.6756073006227902e-4,0.0034521853489446427,0.6627008180717135,4.6923853560986513e-4,365,2023-08-23,2.1714271529783504e-4,houspa,House Sparrow
houspa,state,CUB-1368,Las Tunas,NA,North America,resident,1.698393427386947,1.472791107587359e-4,0.003034331422272558,0.911099297554772,4.432711635136639e-4,365,2023-08-23,2.226302680658601e-4,houspa,House Sparrow
houspa,state,CUB-1369,Santiago de Cuba,NA,North America,resident,0.9990859702978384,8.229118991150871e-5,0.0016954118071348997,0.461854734224137,2.1343065466364e-4,365,2023-08-23,9.929046458446268e-5,houspa,House Sparrow
houspa,state,CUB-1428,Ciudad de la Habana,NA,North America,resident,6.282272107532545,6.274414958630899e-5,0.001292692111411423,0.8757033319603805,4.906981394528377e-5,365,2023-05-31,8.238224567358235e-5,houspa,House Sparrow
houspa,state,CUB-1429,Artemisa,NA,North America,resident,2.8352412712228583,8.859841912918514e-5,0.0018253570770654216,0.7368509816263864,1.2918632151839534e-4,365,2023-05-10,1.1719402975760488e-4,houspa,House Sparrow
houspa,state,CUB-1430,Matanzas,NA,North America,resident,0.8156519210828576,1.4238841604830924e-4,0.002933570434783302,0.3778552341322907,3.700804581538513e-4,365,2023-05-24,1.8609839663295415e-4,houspa,House Sparrow
houspa,state,CUB-1431,Villa Clara,NA,North America,resident,0.9512581633438864,1.1898894498279918e-4,0.0024514806804871504,0.5445212771568767,3.821413087584322e-4,365,2023-06-21,1.7960382717057568e-4,houspa,House Sparrow
houspa,state,CUB-5489,Mayabeque,NA,North America,resident,2.261069497328351,1.1279274496501478e-4,0.0023238228998569547,0.771735471746765,2.1599148591700275e-4,365,2023-05-10,1.5178951931491046e-4,houspa,House Sparrow
houspa,state,CUW-5151,Curaçao,NA,North America,resident,0.3330357057787478,3.679987651073776e-6,7.581728396989123e-5,0.26,1.6118693096363746e-5,365,2023-12-20,5.41107280116949e-6,houspa,House Sparrow
houspa,state,CYM-001,Cayman Islands,NA,North America,resident,0.01387772078697498,1.5948030149430238e-7,3.2857075763472413e-6,0.009615384615384616,6.199497344755287e-7,365,2023-12-13,2.054860581401544e-7,houspa,House Sparrow
houspa,state,CYP-001,Northern Cyprus,AS,Asia,resident,8.634256715321554,4.5641784168998895e-4,5.619520969438626e-4,0.8432241475972403,2.500815232676711e-4,365,2023-04-05,7.285714970341799e-4,houspa,House Sparrow
houspa,state,CYP-002,Larnaca,AS,Asia,resident,10.54087077291684,1.6353029660295688e-4,2.0134224540744783e-4,0.9283616276495764,8.080529715976938e-5,365,2023-04-05,2.764616200360351e-4,houspa,House Sparrow
houspa,state,CYP-004,Nicosia,AS,Asia,resident,7.4781195848796465,1.8370305678648444e-4,2.261794096258851e-4,0.7073548956957243,9.749049059893992e-5,365,2023-04-05,3.0531646695319435e-4,houspa,House Sparrow
houspa,state,CYP-005,Paphos,AS,Asia,resident,5.976553915159043,1.2685438375464577e-4,1.5618602176788705e-4,0.7404838338009306,8.818021121588506e-5,365,2023-04-12,1.9961961429587448e-4,houspa,House Sparrow
houspa,state,CYP-006,Famagusta,AS,Asia,resident,13.154586858874804,4.8208446016652264e-5,5.935534252813796e-5,0.8793937997227586,1.808132422327632e-5,365,2023-04-05,8.054536275428311e-5,houspa,House Sparrow
houspa,state,CYP-007,Limassol,AS,Asia,resident,7.390125382445336,1.466951474654123e-4,1.806144243275881e-4,0.8717849050226697,9.7089932965022e-5,365,2023-04-05,2.194742179914659e-4,houspa,House Sparrow
houspa,state,CZE-10368,Ústecký,EU,Europe,resident,0.252099384411363,1.6455506601416132e-5,2.2484111139661024e-4,0.2493054440279502,9.13002883491248e-5,365,2023-05-24,4.761432881484217e-5,houspa,House Sparrow
houspa,state,CZE-10369,Plzeňský,EU,Europe,resident,0.34058141808699133,3.285143622356227e-5,4.488681880413786e-4,0.24851121991418404,1.3448700685028849e-4,365,2023-05-31,7.546470138571728e-5,houspa,House Sparrow
houspa,state,CZE-10370,Jihomoravský,EU,Europe,resident,0.48037627978614805,4.182358777373852e-5,5.714598878913753e-4,0.37968285078927017,1.8546485642641152e-4,365,2023-07-12,8.303065133268123e-5,houspa,House Sparrow
houspa,state,CZE-10371,Zlínský,EU,Europe,resident,0.3965933949527852,1.9146855410843615e-5,2.6161456797409074e-4,0.33163966466837214,8.98295787515199e-5,365,2023-07-12,3.785421762778717e-5,houspa,House Sparrow
houspa,state,CZE-10372,Olomoucký,EU,Europe,resident,0.31485227095466756,1.915457955670228e-5,2.617201074498126e-4,0.2816827447726375,9.614505507190322e-5,365,2023-07-12,3.7605740058921205e-5,houspa,House Sparrow
houspa,state,CZE-10373,Pardubický,EU,Europe,resident,0.29204725186237995,1.5722262963833274e-5,2.148223791635695e-4,0.2741827078235399,8.281383718192496e-5,365,2023-05-24,3.749783240562121e-5,houspa,House Sparrow
houspa,state,CZE-1590,Karlovarský,EU,Europe,resident,0.0706601035528242,2.8495688495602604e-6,3.893530856601835e-5,0.07937117781130149,1.7958440705369753e-5,365,2023-05-31,9.189630199981377e-6,houspa,House Sparrow
houspa,state,CZE-1593,Jihočeský,EU,Europe,resident,0.2325424520195105,2.849238401601644e-5,3.893079346429139e-4,0.1825122616938776,1.254641080640513e-4,365,2023-05-31,6.309107259895615e-5,houspa,House Sparrow
houspa,state,CZE-1594,Vysočina,EU,Europe,resident,0.3717404075334932,3.175704310658968e-5,4.3391486143253737e-4,0.3026820836130718,1.4507344286932635e-4,365,2023-05-24,7.212998344820987e-5,houspa,House Sparrow
houspa,state,CZE-1595,Prague,EU,Europe,resident,0.7018256134854273,4.452811888929916e-6,6.084134619476756e-5,0.5908067812970635,2.103059312037954e-5,365,2023-05-31,1.5197125204594583e-5,houspa,House Sparrow
houspa,state,CZE-1596,Středočeský,EU,Europe,resident,0.573103224665484,7.674125001798303e-5,0.0010485601180168795,0.49134782504297647,3.691356329226895e-4,365,2023-05-24,1.9549251930856373e-4,houspa,House Sparrow
houspa,state,CZE-1597,Liberecký,EU,Europe,resident,0.15233895025467403,5.982055212338477e-6,8.173628287216144e-5,0.1525394449314517,3.360644201872862e-5,365,2023-05-24,1.8381367335373547e-5,houspa,House Sparrow
houspa,state,CZE-1598,Královéhradecký,EU,Europe,resident,0.2647980376178889,1.547607498285808e-5,2.114585702820984e-4,0.2710739380026548,8.888628249629319e-5,365,2023-05-24,4.1051346522897755e-5,houspa,House Sparrow
houspa,state,CZE-1612,Moravskoslezský,EU,Europe,resident,0.4035320000296302,2.7836258663666535e-5,3.80342914178266e-4,0.3815507670813388,1.4766791048140314e-4,365,2023-07-12,5.331627798804001e-5,houspa,House Sparrow
houspa,state,DEU-1572,Nordrhein-Westfalen,EU,Europe,resident,1.2397998527259473,5.257263686240279e-4,0.007183303673054827,0.6615679826992401,0.0015739233333214209,365,2023-06-21,8.009959386676936e-4,houspa,House Sparrow
houspa,state,DEU-1573,Baden-Württemberg,EU,Europe,resident,1.0353597018818197,4.5818729076474863e-4,0.006260478159601737,0.4804238781784084,0.001192826505397723,365,2023-06-21,6.992771407508951e-4,houspa,House Sparrow
houspa,state,DEU-1574,Hessen,EU,Europe,resident,0.8677983907995764,2.2387658253912216e-4,0.003058955330456936,0.4313201138228527,6.242958594589257e-4,365,2023-06-21,3.5789691009897976e-4,houspa,House Sparrow
houspa,state,DEU-1575,Bremen,EU,Europe,resident,0.8737217957960783,4.29261602340588e-6,5.865249736027064e-5,0.6395632052827425,1.7629226519530682e-5,365,2023-03-08,1.523102421262368e-5,houspa,House Sparrow
houspa,state,DEU-1576,Niedersachsen,EU,Europe,resident,0.7917990832724549,4.8096519255982185e-4,0.006571705816029305,0.49955818223221427,0.001702494214460536,365,2023-07-12,8.342066352396938e-4,houspa,House Sparrow
houspa,state,DEU-1577,Thüringen,EU,Europe,resident,0.36942229432969553,7.287770634514576e-5,9.957702845361338e-4,0.2486923472518253,2.752548189594088e-4,365,2023-06-14,1.6125269602580217e-4,houspa,House Sparrow
houspa,state,DEU-1578,Hamburg,EU,Europe,resident,1.2057959703878662,1.163392170265698e-5,1.5896100611703014e-4,0.7559279170923313,4.091980995453664e-5,365,2023-06-21,2.2555661871426807e-5,houspa,House Sparrow
houspa,state,DEU-1579,Schleswig-Holstein,EU,Europe,resident,0.796439530693923,1.786380405493465e-4,0.0024408349464835827,0.5938798264907605,7.473441281547503e-4,365,2023-07-12,3.3794595311363996e-4,houspa,House Sparrow
houspa,state,DEU-1580,Rheinland-Pfalz,EU,Europe,resident,0.9316502967797254,2.298720999395045e-4,0.0031408755549964633,0.599415780027992,8.297789693738915e-4,365,2023-06-21,4.4327528691916754e-4,houspa,House Sparrow
houspa,state,DEU-1581,Saarland,EU,Europe,resident,1.472083021147764,4.7969967044455704e-5,6.554414254864689e-4,0.7809190857786333,1.4277233709906038e-4,365,2023-07-26,8.894235562081076e-5,houspa,House Sparrow
houspa,state,DEU-1591,Bayern,EU,Europe,resident,0.4954169442854304,4.258231445482669e-4,0.005818268096978085,0.32623131987730764,0.0015732037563793329,365,2023-06-21,7.687023973740357e-4,houspa,House Sparrow
houspa,state,DEU-1599,Berlin,EU,Europe,resident,6.348960236266116,6.9316958772004e-5,9.471177294285882e-4,0.8169905572865105,5.0044326069090616e-5,365,2023-01-25,1.0990935802327447e-4,houspa,House Sparrow
houspa,state,DEU-1600,Sachsen-Anhalt,EU,Europe,resident,0.39934497449340167,1.0132151850174328e-4,0.0013844145537496644,0.2436198857492307,3.4679043996122753e-4,365,2023-06-21,2.1056483770333175e-4,houspa,House Sparrow
houspa,state,DEU-1601,Sachsen,EU,Europe,resident,0.6117668416060915,1.364516877317332e-4,0.0018644183898237343,0.3726503015959414,4.663321628853962e-4,365,2023-06-21,2.6461465314438936e-4,houspa,House Sparrow
houspa,state,DEU-3487,Brandenburg,EU,Europe,resident,0.18565024516539844,6.846601697839869e-5,9.354908191643016e-4,0.10426415753365316,2.1573245706498997e-4,365,2023-06-21,1.273025923692226e-4,houspa,House Sparrow
houspa,state,DEU-3488,Mecklenburg-Vorpommern,EU,Europe,resident,0.3896428191367616,1.2243629719453525e-4,0.001672917996589416,0.3056598752623138,5.388685735803282e-4,365,2023-07-12,2.992054311466416e-4,houspa,House Sparrow
houspa,state,DJI-1566,Ali Sabieh,AF,Africa,resident,0.004168562295655728,9.561221872021048e-8,2.852822611012858e-6,0.11456042007376782,1.474221065861054e-5,365,2023-09-13,2.0336059234371163e-6,houspa,House Sparrow
houspa,state,DJI-1567,Djibouti,AF,Africa,resident,0.19474678988189992,8.660574105976449e-7,2.5840924899130604e-5,0.5437203062155351,1.3566032162586622e-5,365,2023-09-13,2.9245005871077047e-6,houspa,House Sparrow
houspa,state,DJI-1568,Arta,AF,Africa,resident,0.012930784546192566,3.054282849190818e-7,9.113194201776766e-6,0.14400185389543324,1.9083295544083357e-5,365,2023-09-13,3.417801188543382e-6,houspa,House Sparrow
houspa,state,DJI-1569,Dikhil,AF,Africa,resident,0.0013911803568859304,1.1546007071574173e-7,3.4450314490755127e-6,0.05061382708012799,2.3567769083282306e-5,365,2023-09-13,2.730042849122512e-6,houspa,House Sparrow
houspa,state,DJI-1570,Obock,AF,Africa,resident,1.3407934195682844e-4,8.266770937223682e-9,2.466591756309759e-7,0.005376538794781512,1.8598492034265864e-6,365,2023-09-13,2.450821701512314e-7,houspa,House Sparrow
houspa,state,DJI-1571,Tadjourah,AF,Africa,resident,2.830281901558076e-4,2.3801208498900572e-8,7.101668247422663e-7,0.007884141048971102,3.719843038456123e-6,365,2023-09-06,5.646974020393561e-7,houspa,House Sparrow
houspa,state,DNK-3416,Midtjylland,EU,Europe,resident,0.12688911386415305,2.450620093807407e-5,3.348424079846346e-4,0.23496725239014116,2.546008675725798e-4,365,2023-07-19,5.754582552917886e-5,houspa,House Sparrow
houspa,state,DNK-3417,Syddanmark,EU,Europe,resident,0.22457002532666423,4.317181906052205e-5,5.898815523397979e-4,0.27171119901812335,2.9306031644762146e-4,365,2023-07-12,9.013170677615912e-5,houspa,House Sparrow
houspa,state,DNK-3418,Nordjylland,EU,Europe,resident,0.038165536838294406,4.741023763994744e-6,6.477935186526453e-5,0.08374591012056927,5.836671867809811e-5,365,2023-07-12,1.2242509079256586e-5,houspa,House Sparrow
houspa,state,DNK-3419,Hovedstaden,EU,Europe,resident,0.6524787571450037,2.9050560073094732e-5,3.969346171917004e-4,0.6915472992402313,1.727471684550123e-4,365,2023-07-19,5.053592312347969e-5,houspa,House Sparrow
houspa,state,DNK-3420,Sjaælland,EU,Europe,resident,0.20877025089861193,2.6830514622569167e-5,3.666008512045627e-4,0.43707957950263376,3.1515327257722884e-4,365,2023-07-19,8.219093874354255e-5,houspa,House Sparrow
houspa,state,DOM-1390,Santiago,NA,North America,resident,0.4426152861114467,1.515850187928793e-5,3.123044288490365e-4,0.2405530221305296,4.62212414349057e-5,365,2023-04-05,2.374300711535112e-5,houspa,House Sparrow
houspa,state,DOM-1391,Santiago Rodríguez,NA,North America,resident,0.3461990526622562,4.661289797047789e-6,9.603465166672752e-5,0.30463461777881495,2.3012319652552707e-5,365,2023-04-12,7.923054461951811e-6,houspa,House Sparrow
houspa,state,DOM-1392,Valverde,NA,North America,resident,1.0732769674811842,1.0110509317533642e-5,2.0830269791367612e-4,0.5993245301328116,3.167555206908945e-5,365,2023-03-22,1.5388361627713278e-5,houspa,House Sparrow
houspa,state,DOM-1393,San Juan,NA,North America,resident,0.2506062356367485,1.023064047153941e-5,2.107777110605894e-4,0.19583607060554137,4.485434833637513e-5,365,2023-04-26,1.3891399800857511e-5,houspa,House Sparrow
houspa,state,DOM-1394,Santo Domingo,NA,North America,resident,1.826996104547434,3.19056609951909e-5,6.573393144984158e-4,0.8112943722287437,7.94894520937226e-5,365,2023-04-05,4.48233752725942e-5,houspa,House Sparrow
houspa,state,DOM-1395,Sánchez Ramírez,NA,North America,resident,0.4133331610570727,6.0682055867571055e-6,1.250207635953886e-4,0.3688140556102627,3.037864615894989e-5,365,2023-03-29,1.0920619137597037e-5,houspa,House Sparrow
houspa,state,DOM-1396,San Pedro de Macorís,NA,North America,resident,1.4953173570163631,2.466113269637848e-5,5.080832540606296e-4,0.8933896776970206,8.266496590309443e-5,365,2023-03-22,3.374599695661893e-5,houspa,House Sparrow
houspa,state,DOM-1964,Monte Cristi,NA,North America,resident,0.7374379321327992,1.9529902718448307e-5,4.0236661660451346e-4,0.5761772070176971,8.561139941327238e-5,365,2023-04-12,2.8139937025280592e-5,houspa,House Sparrow
houspa,state,DOM-1965,Puerto Plata,NA,North America,resident,0.31411467590700537,8.284924008273464e-6,1.7069090871023844e-4,0.3117162011415905,4.6127571583314554e-5,365,2023-04-05,1.2631875241168112e-5,houspa,House Sparrow
houspa,state,DOM-1966,Dajabón,NA,North America,resident,0.3195848120615658,4.373869229715929e-6,9.01130429988755e-5,0.388289115813888,2.9815067341454273e-5,365,2023-05-31,9.189524098693777e-6,houspa,House Sparrow
houspa,state,DOM-1967,Espaillat,NA,North America,resident,0.4317664944481048,4.905059575153455e-6,1.0105694093569336e-4,0.26011004457245324,1.6578811265233793e-5,365,2023-03-29,1.0193680084379797e-5,houspa,House Sparrow
houspa,state,DOM-1968,Hermanas,NA,North America,resident,0.597326917039481,3.5326716845168263e-6,7.278219322264694e-5,0.3872028438637071,1.284785555183393e-5,365,2023-03-29,6.579736334678546e-6,houspa,House Sparrow
houspa,state,DOM-1969,Bahoruco,NA,North America,resident,0.41427739323943974,6.572979657422251e-6,1.3542041780213311e-4,0.291218967915977,2.5923380043705066e-5,365,2023-03-22,1.0841362673897412e-5,houspa,House Sparrow
houspa,state,DOM-1970,Barahona,NA,North America,resident,0.26740459059751026,6.137896832275537e-6,1.2645658388955305e-4,0.201484344608102,2.5947346284417584e-5,365,2023-03-22,1.1431981354027273e-5,houspa,House Sparrow
houspa,state,DOM-1971,Independencia,NA,North America,resident,0.12439786729477788,3.063709543723576e-6,6.312035759412919e-5,0.14546719008609288,2.0100211147723404e-5,365,2023-05-31,5.697588683507466e-6,houspa,House Sparrow
houspa,state,DOM-1972,La Estrelleta,NA,North America,resident,0.09702559453872545,1.6803008049925735e-6,3.461855184481019e-5,0.09346662506135602,9.081512794570676e-6,365,2023-05-31,3.0965456242980965e-6,houspa,House Sparrow
houspa,state,DOM-1973,Pedernales,NA,North America,resident,0.08802885829390115,2.732956257012874e-6,5.630598259066878e-5,0.04952572558363866,8.626594284747867e-6,365,2023-03-08,3.82241901609353e-6,houspa,House Sparrow
houspa,state,DOM-1974,Azua,NA,North America,resident,0.2761953727062415,9.638455143396486e-6,1.985771583838665e-4,0.1919906273943001,3.7589969656897726e-5,365,2023-03-22,1.381326978291378e-5,houspa,House Sparrow
houspa,state,DOM-1975,La Vega,NA,North America,resident,0.4197396730100572,1.180552732972178e-5,2.432244623730353e-4,0.2447692115546728,3.862451819490049e-5,365,2023-03-29,2.0371248474224803e-5,houspa,House Sparrow
houspa,state,DOM-1976,Monseñor Nouel,NA,North America,resident,0.23703848732204705,2.839707177935408e-6,5.850532825512218e-5,0.15734312664576636,1.0575560237243329e-5,365,2023-03-29,4.406416271666134e-6,houspa,House Sparrow
houspa,state,DOM-1977,Peravia,NA,North America,resident,0.8453493847048745,9.759513938762652e-6,2.010712833472075e-4,0.3992067440715445,2.5857750005740717e-5,365,2023-03-22,1.4272713963169144e-5,houspa,House Sparrow
houspa,state,DOM-1978,San José de Ocoa,NA,North America,resident,0.020649831517901777,2.1244759175091358e-7,4.3769710443997404e-6,0.03222118572210172,1.8598492034265864e-6,365,2023-03-22,5.747541272258921e-7,houspa,House Sparrow
houspa,state,DOM-1979,Duarte,NA,North America,resident,0.7587250673682149,1.3642931056545694e-5,2.8107974161107756e-4,0.521653102714934,5.262667860193178e-5,365,2023-03-22,2.1426917484533295e-5,houspa,House Sparrow
houspa,state,DOM-1980,Hato Mayor,NA,North America,resident,0.26684975825097323,4.825223125105892e-6,9.941210313232792e-5,0.29147371568805125,2.956997104424491e-5,365,2023-05-31,1.0635290930565148e-5,houspa,House Sparrow
houspa,state,DOM-1981,Monte Plata,NA,North America,resident,0.17323421604944975,5.640642208358541e-6,1.162118497758786e-4,0.2947574763179887,5.384688965922099e-5,365,2023-06-07,1.3050242791386107e-5,houspa,House Sparrow
houspa,state,DOM-1982,María Trinidad Sánchez,NA,North America,resident,0.24654165422756516,4.749633487982128e-6,9.785476068273542e-5,0.29662000517800474,3.20605630751594e-5,365,2023-05-24,8.128715159646481e-6,houspa,House Sparrow
houspa,state,DOM-1983,Samaná,NA,North America,resident,0.05240484989077509,8.893812000506003e-7,1.8323557955974013e-5,0.1002531554765501,9.545868110585462e-6,365,2023-05-17,2.4541862660043102e-6,houspa,House Sparrow
houspa,state,DOM-1984,San Cristóbal,NA,North America,resident,0.5542853431104413,8.874924128915155e-6,1.828464404484791e-4,0.3124146060378815,2.8064900003735e-5,365,2023-04-05,1.4158126382794093e-5,houspa,House Sparrow
houspa,state,DOM-1985,Distrito Nacional,NA,North America,resident,2.789786090806343,3.931993717726168e-6,8.100926213099858e-5,0.9216004350644011,7.287616270320363e-6,365,2023-04-05,8.226263657760621e-6,houspa,House Sparrow
houspa,state,DOM-1986,El Seybo,NA,North America,resident,0.24884295914552765,6.12027335945004e-6,1.2609349467012143e-4,0.3614123133249691,4.987114311442883e-5,365,2023-06-21,1.312358632228576e-5,houspa,House Sparrow
houspa,state,DOM-1987,La Altagracia,NA,North America,resident,0.6155538604235037,2.902558843224167e-5,5.98002354686798e-4,0.5120581201330053,1.3546750935750982e-4,365,2023-06-21,3.56901302052785e-5,houspa,House Sparrow
houspa,state,DOM-1988,La Romana,NA,North America,resident,1.1853616755561562,9.51910234892955e-6,1.961181814609251e-4,0.8049894720563925,3.626905417556143e-5,365,2023-06-21,1.4028384226740389e-5,houspa,House Sparrow
houspa,state,DZA-2144,Aïn Témouchent,AF,Africa,resident,2.694922074126491,6.878847349458236e-5,0.002052471066869216,0.7089324038714194,1.0152551539453474e-4,365,2023-04-05,1.6388836683307553e-4,houspa,House Sparrow
houspa,state,DZA-2145,Oran,AF,Africa,resident,3.212674052716683,1.1366663540227064e-4,0.0033915199535559785,0.7017563336445578,1.3930079506562502e-4,365,2023-04-05,1.9844616199230755e-4,houspa,House Sparrow
houspa,state,DZA-2146,Sidi Bel Abbès,AF,Africa,resident,0.781316991505869,7.327521985551437e-5,0.00218634403456807,0.2737475899365146,1.440393259790074e-4,365,2023-03-29,1.9456566801818645e-4,houspa,House Sparrow
houspa,state,DZA-2147,Tlemcen,AF,Africa,resident,1.5489823360031008,1.8656487861807777e-4,0.005566615975098354,0.40221752770628955,2.717974212427822e-4,365,2023-03-29,4.177159746570558e-4,houspa,House Sparrow
houspa,state,DZA-2148,Béchar,AF,Africa,resident,0.004353681619932058,8.825093449802112e-6,2.6331808292798405e-4,0.006413556074929731,7.293944556150069e-5,365,2023-04-05,1.033092086692435e-4,houspa,House Sparrow
houspa,state,DZA-2150,Tindouf,AF,Africa,resident,0.009596625545509545,1.796646877380229e-5,5.360732032372066e-4,0.017905088249143462,1.880708808499752e-4,365,2023-04-05,1.546125636671575e-4,houspa,House Sparrow
houspa,state,DZA-2163,Annaba,AF,Africa,resident,0.08279681322444384,1.6391950252093886e-6,4.890936215444872e-5,0.29438095483841836,3.2698484949040395e-5,365,2023-12-27,2.2899562303932107e-5,houspa,House Sparrow
houspa,state,DZA-2164,El Tarf,AF,Africa,resident,0.046946421457541666,1.679604251711204e-6,5.011506950651073e-5,0.2142914835456118,4.301404633410101e-5,365,2023-12-27,2.8010986358553155e-5,houspa,House Sparrow
houspa,state,DZA-2165,Jijel,AF,Africa,resident,0.015840334198520687,5.126010724299001e-7,1.5294697157240485e-5,0.09805607106565524,1.780289265791868e-5,365,2023-12-27,1.86574458195241e-5,houspa,House Sparrow
houspa,state,DZA-2166,Skikda,AF,Africa,resident,0.0655891060922686,3.640007606758772e-6,1.0860846180348282e-4,0.3308343316865504,1.0301063529161118e-4,365,2023-12-27,7.967170296267711e-5,houspa,House Sparrow
houspa,state,DZA-2191,El Oued,AF,Africa,resident,0.003830071495762776,2.179565311840335e-6,6.503262121751243e-5,0.029320373894698062,9.361240990580484e-5,365,2023-01-04,4.706468224484661e-5,houspa,House Sparrow
houspa,state,DZA-2192,Ghardaïa,AF,Africa,resident,0.012284235483709443,1.1384523698741733e-5,3.396848965342225e-4,0.018600020772253475,9.671215857818248e-5,365,2023-01-11,6.711414908534224e-5,houspa,House Sparrow
houspa,state,DZA-2193,Laghouat,AF,Africa,resident,2.987610150827694e-4,9.947382695741537e-8,2.968043065484363e-6,6.637440773212633e-4,1.2398994689510574e-6,0,2023-01-11,1.0136516456142348e-6,houspa,House Sparrow
houspa,state,DZA-2194,Ouargla,AF,Africa,resident,6.809132729037079e-4,1.7656716095141866e-6,5.26830980252191e-5,0.0019175643320164537,2.7897738051398792e-5,365,2023-01-04,1.5849787415148045e-5,houspa,House Sparrow
houspa,state,DZA-2195,Alger,AF,Africa,resident,0.8973880053234151,2.9497909627467647e-6,8.801417296790069e-5,0.6996284734440856,1.2902663512731957e-5,365,2023-06-28,8.90511531733451e-6,houspa,House Sparrow
houspa,state,DZA-2196,Boumerdès,AF,Africa,resident,0.03758247050704332,6.957553453205269e-7,2.075954943239799e-5,0.08804350879385507,9.144700439052172e-6,365,2023-06-28,5.6313808805760265e-6,houspa,House Sparrow
houspa,state,DZA-2198,Tipaza,AF,Africa,resident,0.014081022525603497,4.18187786679949e-7,1.247764762138922e-5,0.060049877579650336,1.0005762569562714e-5,365,2023-06-28,6.275755995236512e-6,houspa,House Sparrow
houspa,state,DZA-2199,Aïn Defla,AF,Africa,resident,0.0013255414599640514,7.528082376071779e-8,2.246186094987598e-6,0.005836947287870641,1.8598492034265864e-6,365,2023-02-08,1.0386833896766123e-6,houspa,House Sparrow
houspa,state,DZA-2200,Chlef,AF,Africa,resident,0.025019576900482853,1.4047324525039372e-6,4.191360222121573e-5,0.05226457294898018,1.6463492712118218e-5,365,2023-06-28,8.583606999757663e-6,houspa,House Sparrow
houspa,state,DZA-2201,Mascara,AF,Africa,resident,0.7186164081751839,5.09426989456342e-5,0.0015199990687738976,0.3262470071637638,1.2975744108940576e-4,365,2023-06-28,1.254787163252555e-4,houspa,House Sparrow
houspa,state,DZA-2202,Mostaganem,AF,Africa,resident,0.984282206532106,3.0548005252018356e-5,9.114738813803532e-4,0.6170149737796111,1.0743847645776784e-4,365,2023-06-28,1.002176727633606e-4,houspa,House Sparrow
houspa,state,DZA-2203,Relizane,AF,Africa,resident,0.13940086473066454,8.394566994135502e-6,2.5047228116953883e-4,0.1472603298751959,4.975302781318851e-5,365,2023-06-28,3.779706849893199e-5,houspa,House Sparrow
houspa,state,DZA-2204,Saïda,AF,Africa,resident,0.04917164528801204,5.590069833887098e-6,1.667933014494834e-4,0.027156107681212256,1.7320918986994335e-5,365,2023-06-28,1.6953080249358284e-5,houspa,House Sparrow
houspa,state,DZA-2205,Tiaret,AF,Africa,resident,0.007410624356658001,1.8449879072710255e-6,5.5049692281594295e-5,0.011190693354629602,1.563135531013051e-5,365,2023-02-08,9.424469949939317e-6,houspa,House Sparrow
houspa,state,DZA-2206,Tissemsilt,AF,Africa,resident,0.0016553838566429288,6.144618783291726e-8,1.833396153301855e-6,0.005953732670972273,1.2398994689510574e-6,365,2023-02-08,1.126812904256111e-6,houspa,House Sparrow
houspa,state,DZA-2207,Bordj Bou Arréridj,AF,Africa,resident,0.19243557097400896,9.56020997902738e-6,2.8525206881780047e-4,0.5624950539914766,1.567839859813806e-4,365,2023-12-27,1.5085882418602764e-4,houspa,House Sparrow
houspa,state,DZA-2208,Béjaïa,AF,Africa,resident,0.0013037944678825236,6.017421889173281e-8,1.795443872678228e-6,0.006215376951196986,1.6094211918401397e-6,365,2023-12-27,1.376340682275106e-6,houspa,House Sparrow
houspa,state,DZA-2209,Blida,AF,Africa,resident,0.00930077631449516,2.21635478396519e-7,6.6130324412039675e-6,0.033837069971260035,4.5239078127093486e-6,365,2023-06-28,4.792672989398671e-6,houspa,House Sparrow
houspa,state,DZA-2210,Bouira,AF,Africa,resident,0.0021441278051756987,1.19319056622217e-7,3.560173659944902e-6,0.015696147053850095,4.9006435616369706e-6,365,2023-01-11,5.587561031956245e-6,houspa,House Sparrow
houspa,state,DZA-2211,Biskra,AF,Africa,resident,0.03329932496672062,8.508115418892822e-6,2.5386027402158733e-4,0.1433694346569241,2.05520633931047e-4,365,2023-01-04,1.539595702977303e-4,houspa,House Sparrow
houspa,state,DZA-2212,Djelfa,AF,Africa,resident,0.0067519177964354095,2.913913087256855e-6,8.694366947156165e-5,0.025661979144094346,6.213560203117807e-5,365,2023-01-11,4.4941229185321026e-5,houspa,House Sparrow
houspa,state,DZA-2213,Médéa,AF,Africa,resident,0.0017998787112153416,1.999940455432688e-7,5.967307764955885e-6,0.010961183135970227,6.833326534847581e-6,365,2023-01-11,4.71379927374656e-6,houspa,House Sparrow
houspa,state,DZA-2214,M'Sila,AF,Africa,resident,0.11124223728765956,2.4109583856773047e-5,7.19367952018605e-4,0.4024649806317131,4.893831500069641e-4,365,2023-01-04,3.866835745121068e-4,houspa,House Sparrow
houspa,state,DZA-2215,Sétif,AF,Africa,resident,0.26292783729128294,1.998888013738328e-5,5.96416754971705e-4,0.7473073192029004,3.187513593003961e-4,365,2023-12-27,3.280162424623347e-4,houspa,House Sparrow
houspa,state,DZA-2216,Batna,AF,Africa,resident,0.1745778383090014,2.583921395938637e-5,7.709756642071806e-4,0.6463173262096145,5.367065556261854e-4,365,2023-01-04,4.6538643032671223e-4,houspa,House Sparrow
houspa,state,DZA-2217,Constantine,AF,Africa,resident,0.3666216841284903,9.541765432499448e-6,2.847017310044009e-4,0.9592322547435396,1.4006682255909654e-4,365,2023-12-27,1.5213289640897355e-4,houspa,House Sparrow
houspa,state,DZA-2218,Guelma,AF,Africa,resident,0.18167747462393627,8.439972731591092e-6,2.518270715532039e-4,0.712890711433472,1.8580775252244745e-4,365,2023-12-27,1.631076327058926e-4,houspa,House Sparrow
houspa,state,DZA-2219,Khenchela,AF,Africa,resident,0.10767559224986752,1.3029834016660757e-5,3.88776723289415e-4,0.3982667554630355,2.7039371039264105e-4,365,2023-01-04,2.2314305556397348e-4,houspa,House Sparrow
houspa,state,DZA-2220,Mila,AF,Africa,resident,0.27367136382019247,1.1930573857027369e-5,3.559776283540221e-4,0.904395835869896,2.212032208395023e-4,365,2023-12-27,2.300612731231776e-4,houspa,House Sparrow
houspa,state,DZA-2221,Oum el Bouaghi,AF,Africa,resident,0.24656037585127136,1.9177855304520245e-5,5.722178606017794e-4,0.8403659970287389,3.6672974869979773e-4,365,2023-12-27,3.1282420967603203e-4,houspa,House Sparrow
houspa,state,DZA-2222,Souk Ahras,AF,Africa,resident,0.22198136890532705,1.0989705437415266e-5,3.2790453542317087e-4,0.8179056876829157,2.2718187000535695e-4,365,2023-12-27,1.7094632762677648e-4,houspa,House Sparrow
houspa,state,DZA-2223,Tébessa,AF,Africa,resident,0.14118796432836783,2.334178442110815e-5,6.964587922887438e-4,0.5768310561070751,5.350395998518189e-4,365,2023-01-04,3.976805403926904e-4,houspa,House Sparrow
houspa,state,ECU-1266,Azuay,SA,South America,resident,0.00287260899340088,3.04401096607541e-7,1.6811681354897296e-5,0.032853250673074645,1.9532100908172614e-5,365,2023-06-21,5.595514516000647e-7,houspa,House Sparrow
houspa,state,ECU-1267,El Oro,SA,South America,resident,0.003150364615478965,2.457343366784465e-7,1.3571591601463208e-5,0.02236301131206647,9.786698805898912e-6,365,2023-11-08,4.879375043737043e-7,houspa,House Sparrow
houspa,state,ECU-1268,Loja,SA,South America,resident,5.122692792318075e-4,7.212397255471684e-8,3.983314311782999e-6,0.002393037847098528,1.8903046807224865e-6,365,2023-01-11,1.4090313401387658e-7,houspa,House Sparrow
houspa,state,ECU-1269,Zamora Chinchipe,SA,South America,resident,0.0023772116600467366,2.99581867179206e-7,1.6545521507156112e-5,0.00876814840431007,6.199497344755288e-6,365,2023-12-20,4.085982847789585e-7,houspa,House Sparrow
houspa,state,ECU-1277,Bolivar,SA,South America,resident,0.0011383404943014618,5.726769987219938e-8,3.162821464538239e-6,0.008340903931923754,2.3542446335553363e-6,365,2023-12-13,1.3021207807251385e-7,houspa,House Sparrow
houspa,state,ECU-1278,Cañar,SA,South America,resident,0.0016870167899836032,8.371536447455672e-8,4.623491990470284e-6,0.022807573412567977,6.349883595157725e-6,365,2023-12-13,1.9822636388723817e-7,houspa,House Sparrow
houspa,state,ECU-1279,Cotopaxi,SA,South America,resident,0.013331561497408924,9.798767674759815e-7,5.411733454794952e-5,0.0811604640324386,3.3468471368128305e-5,365,2023-12-13,1.4990262881658912e-6,houspa,House Sparrow
houspa,state,ECU-1280,Guayas,SA,South America,resident,0.005682112769883449,1.1549344259456369e-6,6.378554404431889e-5,0.03476360745468644,3.9643613238664506e-5,365,2023-01-25,2.0764625139579174e-6,houspa,House Sparrow
houspa,state,ECU-1281,Los Rios,SA,South America,resident,0.01094964043464593,9.579261897309678e-7,5.2905032349574546e-5,0.08668114563800794,4.2545903108304794e-5,365,2023-11-01,1.761787821505928e-6,houspa,House Sparrow
houspa,state,ECU-1282,Manabi,SA,South America,resident,0.017413998155207874,4.341067409498703e-6,2.3975157396595825e-4,0.0899409435999924,1.2579297557523334e-4,365,2023-01-25,7.068713204158363e-6,houspa,House Sparrow
houspa,state,ECU-1284,Chimborazo,SA,South America,resident,0.006139728647728488,4.337249163911872e-7,2.3954069716933715e-5,0.040669020874720054,1.6118693096363746e-5,365,2023-01-25,6.635960208748329e-7,houspa,House Sparrow
houspa,state,ECU-1285,Morona Santiago,SA,South America,resident,5.756423198805367e-4,1.6569369093663242e-07,9.151049603920812e-6,0.005036656478750484,8.133856453589635e-6,365,2023-12-13,2.6347059194165853e-7,houspa,House Sparrow
houspa,state,ECU-1287,Pichincha,SA,South America,resident,0.007291482696404674,8.394987535020995e-7,4.636443724743512e-5,0.06957048456134848,4.493969798503992e-5,365,2023-10-11,1.6277867959628289e-6,houspa,House Sparrow
houspa,state,ECU-1288,Pastaza,SA,South America,resident,8.65727956620519e-5,3.0962278135449064e-8,1.710006829265733e-6,0.0024345573440368285,4.885087970396469e-6,365,2023-01-25,7.584437266091978e-8,houspa,House Sparrow
houspa,state,ECU-1289,Napo,SA,South America,resident,0.026653942369437113,1.1094292432840318e-6,6.12723512883492e-5,0.11831484107300856,2.762983520275668e-5,365,2023-12-13,1.5837774042445426e-6,houspa,House Sparrow
houspa,state,ECU-1290,Tungurahua,SA,South America,resident,3.728055585993431e-4,5.7562040349433194e-8,3.1790775108148496e-6,0.0050095625409606,4.339648141328701e-6,365,2023-03-01,9.382690582009924e-8,houspa,House Sparrow
houspa,state,ECU-1335,Esmeraldas,SA,South America,resident,0.0164857948717517,3.3706043079398517e-6,1.861541440883401e-4,0.10869950938134366,1.246884937741116e-4,365,2023-10-11,5.575666432314774e-6,houspa,House Sparrow
houspa,state,ECU-1410,Imbabura,SA,South America,resident,0.001708364923678726,9.638568299113865e-8,5.323257398478848e-6,0.03329450798221015,1.0539145486083987e-5,365,2023-10-11,2.100489782183774e-7,houspa,House Sparrow
houspa,state,ECU-5507,Santa Elena,SA,South America,resident,0.041257408062839146,2.3413639478011635e-6,1.293105217588182e-4,0.1600798565553064,5.0968821009846266e-5,365,2023-01-25,4.514563742872658e-6,houspa,House Sparrow
houspa,state,ECU-5508,Santo Domingo de los Tsáchilas,SA,South America,resident,0.04429231586080818,2.1431488562211053e-6,1.1836335699327192e-4,0.2442617743189631,6.6310205070246e-5,365,2023-11-01,3.787184071154314e-6,houspa,House Sparrow
houspa,state,EGY-1530,Al Gharbiyah,AF,Africa,resident,26.36184154047733,6.235993374542147e-4,0.018606599804026645,1,1.3271830147840483e-4,365,2023-12-27,0.001082470349218463,houspa,House Sparrow
houspa,state,EGY-1531,Al Isma`iliyah,AF,Africa,resident,12.127591578787904,8.447720543266797e-4,0.025205824631967383,0.6736694374888127,2.6327688808600134e-4,365,2023-04-05,0.0012186533099188942,houspa,House Sparrow
houspa,state,EGY-1532,Al Minufiyah,AF,Africa,resident,28.01260425076722,4.981521662569268e-4,0.014863578971862069,1,9.97721779144173e-5,365,2023-12-27,8.704936437488347e-4,houspa,House Sparrow
houspa,state,EGY-1533,Al Qahirah,AF,Africa,resident,14.315894423667086,5.508887192625302e-4,0.016437102030473633,0.7612927124291022,1.643606991174981e-4,365,2023-12-20,8.770114806342305e-4,houspa,House Sparrow
houspa,state,EGY-1534,Al Qalyubiyah,AF,Africa,resident,29.463900791363184,3.657488317641063e-4,0.0109130041241018,1,6.964558956850414e-5,365,2023-12-27,6.739016141132281e-4,houspa,House Sparrow
houspa,state,EGY-1535,Ash Sharqiyah,AF,Africa,resident,23.84204343911637,0.001496833920219411,0.044661673054871995,0.9947198449381378,3.5037397378787544e-4,365,2023-03-29,0.0022615520223800752,houspa,House Sparrow
houspa,state,EGY-1536,As Suways,AF,Africa,resident,2.30332818986343,2.691587847931402e-4,0.008031005633888755,0.2219131102063647,1.4549116162278518e-4,365,2023-06-14,3.362122627700223e-4,houspa,House Sparrow
houspa,state,EGY-1537,Ad Daqahliyah,AF,Africa,resident,22.02971095703861,0.0011466163887246755,0.034212082971150845,0.9299416092613568,2.7156008827510447e-4,365,2023-03-29,0.0017966960257129153,houspa,House Sparrow
houspa,state,EGY-1538,Bur Sa`id,AF,Africa,resident,11.387648269658987,8.136278182815445e-5,0.0024276560757730955,0.7582294077978563,3.0394379644280972e-5,365,2023-04-05,1.344232539959658e-4,houspa,House Sparrow
houspa,state,EGY-1539,Dumyat,AF,Africa,resident,13.986024101735923,2.0688834093517385e-4,0.0061730158014839725,0.7086745502107705,5.8815188932079405e-5,365,2023-01-04,3.4511607402732243e-4,houspa,House Sparrow
houspa,state,EGY-1540,Matruh,AF,Africa,resident,0.2871709357037491,5.649598148629042e-4,0.01685694732041444,0.028203687271887625,3.113034116038993e-4,365,2023-05-31,7.206365226929321e-4,houspa,House Sparrow
houspa,state,EGY-1541,Al Buhayrah,AF,Africa,resident,17.2862477562878,0.002533214281793236,0.07558459659625952,0.8872248957979701,7.2946730156229e-4,365,2023-04-05,0.003732913629200189,houspa,House Sparrow
houspa,state,EGY-1542,Al Fayyum,AF,Africa,resident,9.25917452798518,6.824255580919531e-4,0.020361822876998777,0.41997917397695667,1.7366475317353517e-4,365,2023-12-27,9.48774802379127e-4,houspa,House Sparrow
houspa,state,EGY-1543,Al Iskandariyah,AF,Africa,resident,16.5605219528015,5.081254618953002e-4,0.015161156453948608,0.8785947609969358,1.512468928059522e-4,365,2023-04-05,7.631420245459245e-4,houspa,House Sparrow
houspa,state,EGY-1544,Al Jizah,AF,Africa,resident,2.2011948576165734,0.001014839100646415,0.03028018773767949,0.12472739598466076,3.226275667136612e-4,365,2023-12-27,0.0014896425475618175,houspa,House Sparrow
houspa,state,EGY-1545,Al Minya,AF,Africa,resident,5.392482584696763,0.0012833057401877123,0.038290541538036994,0.26154684430157704,3.492141116571308e-4,365,2023-12-27,0.001703485413404625,houspa,House Sparrow
houspa,state,EGY-1546,Bani Suwayf,AF,Africa,resident,11.60885255027603,6.836936273922208e-4,0.02039965880237063,0.4530599838390962,1.497024324625533e-4,365,2023-12-27,9.965045499948e-4,houspa,House Sparrow
houspa,state,EGY-1547,Kafr ash Shaykh,AF,Africa,resident,18.781954948904666,9.643040267468944e-4,0.02877235115152479,0.9029529301043804,2.600993174279576e-4,365,2023-04-05,0.0014644645045914849,houspa,House Sparrow
houspa,state,EGY-1548,Aswan,AF,Africa,resident,8.167823712028426,0.0015037039408922386,0.04486665679623795,0.5595565475635813,5.779641212588777e-4,365,2023-12-20,0.002324502506771909,houspa,House Sparrow
houspa,state,EGY-1549,Asyut,AF,Africa,resident,25.06564205532749,8.007979924539962e-4,0.023893751764214217,0.8786091989548759,1.5748558326424153e-4,365,2023-12-27,0.0011919710342193602,houspa,House Sparrow
houspa,state,EGY-1550,Al Wadi at Jadid,AF,Africa,resident,0.17341106965910688,9.644371068195126e-4,0.02877632191849707,0.020824021559512854,6.497744259417695e-4,365,2023-06-28,0.0017270298889622288,houspa,House Sparrow
houspa,state,EGY-1551,Qina,AF,Africa,resident,25.59008833066151,0.0011290361365336387,0.03368753347706723,0.9275023556485668,2.2958948496332865e-4,365,2023-12-13,0.0016722440115484304,houspa,House Sparrow
houspa,state,EGY-1552,Suhaj,AF,Africa,resident,24.1243753690411,7.835251342853196e-4,0.02337837411688008,0.81485424872625,1.4848333197162256e-4,365,2023-12-27,0.0011842930064455825,houspa,House Sparrow
houspa,state,EGY-1556,Al Bahr al Ahmar,AF,Africa,resident,0.1496732994649954,3.5981006151270895e-4,0.01073580649934659,0.020448256761274777,2.75794865004859e-4,365,2023-06-28,6.457888945172602e-4,houspa,House Sparrow
houspa,state,EGY-1557,Janub Sina',AF,Africa,resident,0.5097342592030253,1.944893248116281e-4,0.005803061061127263,0.07757695425841073,1.6606785838221749e-4,365,2023-06-21,2.906936507146285e-4,houspa,House Sparrow
houspa,state,EGY-1558,Shamal Sina',AF,Africa,resident,0.8310778926326393,2.864242279003183e-4,0.008546162034865593,0.12694317606950498,2.454586245315686e-4,365,2023-10-04,4.926234638450625e-4,houspa,House Sparrow
houspa,state,EGY-5494,Luxor,AF,Africa,resident,36.99638084323263,5.584751980501499e-6,1.666346303864796e-4,1,8.469261927226992e-7,365,2023-12-13,2.960405646675117e-5,houspa,House Sparrow
houspa,state,ENG-2028,Darlington,EU,Europe,resident,0.9965855589028796,2.1188003445409804e-6,2.895039550183871e-5,0.8725078678421271,1.0407483047328623e-5,365,2023-05-31,8.336400259227849e-6,houspa,House Sparrow
houspa,state,ENG-2029,Durham,EU,Europe,resident,0.6008269397482897,1.6867212892129547e-5,2.304664927485896e-4,0.527039807505537,8.301150031226964e-5,365,2023-06-07,3.8266285952262014e-5,houspa,House Sparrow
houspa,state,ENG-2030,Hartlepool,EU,Europe,resident,0.7944537211929525,1.508441875503334e-6,2.061071445446531e-5,0.5761743477731593,6.137829364147274e-6,365,2023-06-14,4.273024615470342e-6,houspa,House Sparrow
houspa,state,ENG-2031,Middlesbrough,EU,Europe,resident,1.8167410916858648,1.0704269439313588e-6,1.4625862914587604e-5,0.8790909075416762,2.9060206508400953e-6,365,2023-01-25,3.260259523489684e-6,houspa,House Sparrow
houspa,state,ENG-2032,Redcar and Cleveland,EU,Europe,resident,0.7703581077994976,3.6933801073911615e-6,5.046479019275503e-5,0.5418692578881604,1.457561122096254e-5,365,2023-06-21,7.659813474711783e-6,houspa,House Sparrow
houspa,state,ENG-2033,Stockton-on-Tees,EU,Europe,resident,1.3335323018823604,2.3937684478325604e-6,3.270744385289806e-5,0.7688230895153502,7.742940661856137e-6,365,2023-06-14,6.12296565909484e-6,houspa,House Sparrow
houspa,state,ENG-2034,Northumberland,EU,Europe,resident,0.30724381638040854,2.0271572201733325e-5,2.769822244914725e-4,0.39011030163669547,1.444084529807232e-4,365,2023-06-07,6.123291063397814e-5,houspa,House Sparrow
houspa,state,ENG-2035,Hampshire,EU,Europe,resident,1.0177285087130072,4.7538998430265925e-5,6.495528518595014e-4,0.51903603749052,1.3602430484843537e-4,365,2023-01-25,8.881123014256031e-5,houspa,House Sparrow
houspa,state,ENG-2036,Southampton,EU,Europe,resident,2.168489144812014,1.743772567461507e-6,2.382617391173024e-5,1,4.511630290343416e-6,365,2023-01-18,4.950578583117065e-6,houspa,House Sparrow
houspa,state,ENG-2038,Milton Keynes,EU,Europe,resident,1.1217466412207344,4.653217399504425e-6,6.357960268355291e-5,0.7426777396861544,1.7284622049429564e-5,365,2023-01-25,1.3827175577782627e-5,houspa,House Sparrow
houspa,state,ENG-2039,Gloucestershire,EU,Europe,resident,0.7306015198265335,2.415058377016272e-5,3.299834047827506e-4,0.4078712943280542,7.56434133550012e-5,365,2023-01-25,5.9626841358867506e-5,houspa,House Sparrow
houspa,state,ENG-2040,Buckinghamshire,EU,Europe,resident,0.6576338070057912,1.25749659164999e-5,1.7181903790169627e-4,0.5051562075044848,5.419376139211507e-5,365,2023-01-25,3.58524209827158e-5,houspa,House Sparrow
houspa,state,ENG-2042,Hertfordshire,EU,Europe,resident,0.839681821485233,1.6836669579556225e-5,2.300491617899591e-4,0.7393867361955593,8.317906005153071e-5,365,2023-06-21,3.724871513394325e-5,houspa,House Sparrow
houspa,state,ENG-2043,Bath and North East Somerset,EU,Europe,resident,1.5441303153289752,5.861541305174372e-6,8.008963160326681e-5,0.8278074480714688,1.763023596449491e-5,365,2023-01-25,1.7628383029867455e-5,houspa,House Sparrow
houspa,state,ENG-2044,Bristol,EU,Europe,resident,2.78173698224974,4.733298707896707e-6,6.467379995241522e-5,0.9155264244650057,8.740165313940308e-6,365,2023-01-25,1.209854283664176e-5,houspa,House Sparrow
houspa,state,ENG-2045,North Somerset,EU,Europe,resident,1.9110110436281185,1.1265055974447206e-5,1.5392098016731747e-4,0.6987427218494353,2.310938401984768e-5,365,2023-01-25,2.292909725126712e-5,houspa,House Sparrow
houspa,state,ENG-2046,South Gloucestershire,EU,Europe,resident,2.0703709695061345,1.50202465303474e-5,2.05230322294894e-4,0.815442894396252,3.3191230954123665e-5,365,2023-01-25,3.376838568442441e-5,houspa,House Sparrow
houspa,state,ENG-2047,Somerset,EU,Europe,resident,1.5125344553679825,6.799052598604961e-5,9.289939105143032e-4,0.6460160818348809,1.6292486462089097e-4,365,2023-01-25,1.3869005692369394e-4,houspa,House Sparrow
houspa,state,ENG-2048,Devon,EU,Europe,resident,0.950228724699587,8.612780082241742e-5,0.0011768139947384963,0.5792938960910925,2.945880128983085e-4,365,2023-01-25,1.6718751349992448e-4,houspa,House Sparrow
houspa,state,ENG-2050,Bournemouth,EU,Europe,resident,1.3671599280838966,8.749046097118066e-7,1.195432809079796e-5,0.43004499295646137,1.5440316370581817e-6,365,2023-01-18,3.020346571509449e-6,houspa,House Sparrow
houspa,state,ENG-2051,Dorset,EU,Europe,resident,1.088015444305304,4.051325432164655e-5,5.535560434941958e-4,0.5812957043567818,1.2143953589282354e-4,365,2023-01-25,8.723951415097642e-5,houspa,House Sparrow
houspa,state,ENG-2052,Poole,EU,Europe,resident,1.4856099214527902,1.2829677681132915e-6,1.752993121729819e-5,0.5260034494506071,2.5485928590140926e-6,365,2023-01-18,4.33682110188188e-6,houspa,House Sparrow
houspa,state,ENG-2053,Cambridgeshire,EU,Europe,resident,0.6315038316883446,2.3728832451282644e-5,3.2422077239671257e-4,0.40986320366240614,8.640526872491649e-5,365,2023-01-25,5.084617417035887e-5,houspa,House Sparrow
houspa,state,ENG-2054,Leicestershire,EU,Europe,resident,0.5435897725971257,1.3718544107581502e-5,1.874444086471697e-4,0.4396085411571286,6.224490144826998e-5,365,2023-01-25,3.899691253061197e-5,houspa,House Sparrow
houspa,state,ENG-2055,Kingston upon Hull,EU,Europe,resident,1.247967597090594,1.1009507886499385e-6,1.504292787265048e-5,0.5682475812175763,2.8125685002913506e-6,365,2023-01-25,3.0314551557716764e-6,houspa,House Sparrow
houspa,state,ENG-2056,North East Lincolnshire,EU,Europe,resident,1.1218495662447785,3.22868350306985e-6,4.411537151433871e-5,0.4736061086635861,7.64731642974856e-6,365,2023-01-25,6.631479898558501e-6,houspa,House Sparrow
houspa,state,ENG-2057,North Lincolnshire,EU,Europe,resident,0.6974194270695807,7.816142909542511e-6,1.0679648467735629e-4,0.411208450408868,2.585600342274176e-5,365,2023-02-08,1.6761706593998472e-5,houspa,House Sparrow
houspa,state,ENG-2058,Derby,EU,Europe,resident,1.3993797314125336,1.3112392312158163e-6,1.7916220581627626e-5,0.6776122053727078,3.5622835901654346e-6,365,2023-02-01,4.448260974730377e-6,houspa,House Sparrow
houspa,state,ENG-2059,Derbyshire,EU,Europe,resident,0.5090750822809978,1.6132379427959474e-5,2.2042603779467155e-4,0.3712185973950837,6.600050040737007e-5,365,2023-01-25,4.048984547490248e-5,houspa,House Sparrow
houspa,state,ENG-2060,Barking and Dagenham,EU,Europe,resident,3.473186087863352,1.7985208782809722e-6,2.457423177162477e-5,1,2.90528235219992e-6,365,2023-01-25,6.173269825509972e-6,houspa,House Sparrow
houspa,state,ENG-2061,Bexley,EU,Europe,resident,1.8832740028279027,1.5122642334187552e-6,2.0662941543103526e-5,0.8461139824347929,3.8119215703995264e-6,365,2023-03-22,4.836918017217707e-6,houspa,House Sparrow
houspa,state,ENG-2062,Brent,EU,Europe,resident,2.0824545466579627,1.162845218660353e-6,1.5888627295335147e-5,0.9569579874662366,2.9980589455584782e-6,365,2023-03-22,3.946579219420855e-6,houspa,House Sparrow
houspa,state,ENG-2063,Bromley,EU,Europe,resident,0.7104847848638675,1.367770963228544e-6,1.8688646357557437e-5,0.5323111340462294,5.749433605122591e-6,365,2023-03-29,5.786328418273387e-6,houspa,House Sparrow
houspa,state,ENG-2064,Camden,EU,Europe,resident,0.825681363765754,2.4183779780617933e-7,3.3043698108796395e-6,0.8218381408193747,1.3505134221461638e-6,365,2023-03-22,1.7257920792826778e-6,houspa,House Sparrow
houspa,state,ENG-2065,Croydon,EU,Europe,resident,1.1564708435682498,1.1882739731505038e-6,1.6236075086490057e-5,0.6376519814678241,3.6759240146804337e-6,365,2023-03-22,4.424365377569793e-6,houspa,House Sparrow
houspa,state,ENG-2066,Ealing,EU,Europe,resident,2.8782484245288757,1.902557029176283e-6,2.5995737919038917e-5,0.9933699347649476,3.6840145316710145e-6,365,2023-01-18,5.5159356587525e-6,houspa,House Sparrow
houspa,state,ENG-2067,Enfield,EU,Europe,resident,1.896292726643476,1.8647919564166131e-6,2.5479731870915957e-5,0.8193826552040737,4.520772885667743e-6,365,2023-03-29,5.194151321654358e-6,houspa,House Sparrow
houspa,state,ENG-2068,Greenwich,EU,Europe,resident,2.3451598164627616,1.3267120104991632e-6,1.8127634120859694e-5,0.9637152784084024,3.058819681445308e-6,365,2023-01-25,4.971856434592253e-6,houspa,House Sparrow
houspa,state,ENG-2069,Hammersmith and Fulham,EU,Europe,resident,0.7800884527178052,1.3725913671253437e-7,1.8754510326123664e-6,0.5482898505681572,5.412632433060942e-7,365,2023-04-12,1.894666731034646e-6,houspa,House Sparrow
houspa,state,ENG-2070,Hounslow,EU,Europe,resident,1.468317546254019,9.576452307184757e-7,1.3084861087161876e-5,0.8919813748620119,3.263933957974798e-6,365,2023-03-08,4.3779934508122e-6,houspa,House Sparrow
houspa,state,ENG-2071,Islington,EU,Europe,resident,1.731716735442945,2.49035770207978e-7,3.40271987410305e-6,0.8747596263227677,7.057884107009379e-7,365,2023-03-22,1.9067623916789513e-6,houspa,House Sparrow
houspa,state,ENG-2072,Kensington and Chelsea,EU,Europe,resident,0.13380583481747654,1.8361730219255143e-8,2.508869480388262e-7,0.2870197337986489,2.209791112808464e-7,365,2023-05-31,5.806041986287953e-7,houspa,House Sparrow
houspa,state,ENG-2073,Merton,EU,Europe,resident,2.664616697930632,1.2073659831535455e-6,1.649694026991198e-5,0.9997987743898998,2.54166147204877e-6,365,2023-03-01,4.406490713915927e-6,houspa,House Sparrow
houspa,state,ENG-2074,Redbridge,EU,Europe,resident,2.221923712186213,1.4614758938546556e-6,1.996899106256361e-5,0.972499115614511,3.58882798423895e-6,365,2023-01-25,6.463747698583045e-6,houspa,House Sparrow
houspa,state,ENG-2075,Richmond upon Thames,EU,Europe,resident,1.0581355630531768,7.591480906406297e-7,1.037267976906677e-5,0.850543311134673,3.423596247953372e-6,365,2023-04-12,4.079874999875323e-6,houspa,House Sparrow
houspa,state,ENG-2076,Sutton,EU,Europe,resident,2.559562459759548,1.4244821476294673e-6,1.946352409533698e-5,0.9592559349022168,2.995205943307257e-6,365,2023-03-01,4.586827785381158e-6,houspa,House Sparrow
houspa,state,ENG-2077,Tower Hamlets,EU,Europe,resident,0.6198078874206779,1.7098237153127244e-7,2.336231109470128e-6,0.923785199368565,1.429769909355457e-6,365,2023-03-22,1.7137193110838286e-6,houspa,House Sparrow
houspa,state,ENG-2078,Waltham Forest,EU,Europe,resident,2.3491660042752,1.0671285364248134e-6,1.4580794863656451e-5,0.8789574015548378,2.240122504175781e-6,365,2023-01-18,4.9559984521908776e-6,houspa,House Sparrow
houspa,state,ENG-2079,Wandsworth,EU,Europe,resident,1.1637863266367,5.295485144585202e-7,7.235527863908557e-6,0.8415718608136673,2.148446901026239e-6,365,2023-04-12,2.4237025705454926e-6,houspa,House Sparrow
houspa,state,ENG-2080,Westminster,EU,Europe,resident,0.38394134809451896,8.389694985916329e-8,1.1463325867765505e-6,0.9572367242159976,1.1735498803286862e-6,365,2023-06-21,1.4986868084641217e-6,houspa,House Sparrow
houspa,state,ENG-2081,Lincolnshire,EU,Europe,resident,0.6008458675613164,4.6264760268522335e-5,6.321421983068636e-4,0.42141970023212794,1.8205515738546247e-4,365,2023-06-28,8.28898823549637e-5,houspa,House Sparrow
houspa,state,ENG-2108,Halton,EU,Europe,resident,1.1459416688525172,5.198514613669029e-6,7.103031414713638e-5,0.5984153888787493,1.5230719712939615e-5,365,2023-01-18,1.2980939042058164e-5,houspa,House Sparrow
houspa,state,ENG-2110,Cornwall,EU,Europe,resident,1.2857734252268689,7.4849159970414e-5,0.0010227073965259914,0.6307171004380531,2.059956295404037e-4,365,2023-01-25,1.2109085405746652e-4,houspa,House Sparrow
houspa,state,ENG-2120,York,EU,Europe,resident,1.1700966790915288,4.334581038255799e-6,5.922588964816403e-5,0.5457923543981243,1.1343674149976048e-5,365,2023-02-01,9.83828560720225e-6,houspa,House Sparrow
houspa,state,ENG-2121,Telford and Wrekin,EU,Europe,resident,1.829879309062573,6.628427460780661e-6,9.056804103287097e-5,0.7500681414219084,1.5243675528946649e-5,365,2023-01-18,2.068807028238132e-5,houspa,House Sparrow
houspa,state,ENG-2122,Blackburn with Darwen,EU,Europe,resident,0.7502860087828171,1.286423910688542e-6,1.7577154493772553e-5,0.43586805049382366,4.192887470644196e-6,365,2023-02-08,3.2883456277228803e-6,houspa,House Sparrow
houspa,state,ENG-2123,Lancashire,EU,Europe,resident,0.8263127833052182,2.989395122460996e-5,4.08458358662682e-4,0.5578208033620328,1.132229515194459e-4,365,2023-05-24,5.422633670355663e-5,houspa,House Sparrow
houspa,state,ENG-2124,East Riding of Yorkshire,EU,Europe,resident,1.092941442396692,3.7528019454194424e-5,5.127670516001337e-4,0.5419239449042429,1.0439940101065002e-4,365,2023-06-21,5.783278200666672e-5,houspa,House Sparrow
houspa,state,ENG-2139,Cumbria,EU,Europe,resident,0.5193759744726224,4.749911527706176e-5,6.490079052522877e-4,0.4711759385130917,2.4176180188251593e-4,365,2023-06-07,1.0350049149963324e-4,houspa,House Sparrow
houspa,state,ENG-2140,North Yorkshire,EU,Europe,resident,0.5449022006985793,5.457099351841135e-5,7.45635070976235e-4,0.3858162445659175,2.1678275097274525e-4,365,2023-06-21,1.0519868680113982e-4,houspa,House Sparrow
houspa,state,ENG-2141,Plymouth,EU,Europe,resident,3.4850358211178523,3.357540193591531e-6,4.587601506117978e-5,0.945568129338628,5.111021581829092e-6,365,2023-01-25,6.540818715110125e-6,houspa,House Sparrow
houspa,state,ENG-2142,Torbay,EU,Europe,resident,1.6536732360642754,3.563303057432058e-6,4.868747216855757e-5,0.5705410839935087,6.897487162640327e-6,365,2023-01-25,7.424435557796495e-6,houspa,House Sparrow
houspa,state,ENG-2317,Essex,EU,Europe,resident,1.389748285570964,6.399255881003119e-5,8.743673709031927e-4,0.7687652046141921,1.9860398696005372e-4,365,2023-06-21,1.0748767094767837e-4,houspa,House Sparrow
houspa,state,ENG-2318,Suffolk,EU,Europe,resident,0.8712463352431749,4.2936433995480555e-5,5.866653499516236e-4,0.5943491315851009,1.6433404878122665e-4,365,2023-06-21,7.153201188766027e-5,houspa,House Sparrow
houspa,state,ENG-2319,Norfolk,EU,Europe,resident,0.6915296030020706,5.053535196058399e-5,6.904937644799547e-4,0.3733637370753957,1.5307968804826276e-4,365,2023-01-25,7.338079643761004e-5,houspa,House Sparrow
houspa,state,ENG-2674,Brighton and Hove,EU,Europe,resident,3.2890219232336477,5.422838090710296e-6,7.409537565584558e-5,0.8338515864694769,7.71346554711312e-6,365,2023-01-25,1.1701926946247134e-5,houspa,House Sparrow
houspa,state,ENG-2675,Havering,EU,Europe,resident,1.7994250907824283,2.664567414150696e-6,3.640752687232835e-5,0.9786948500621032,8.130947533006989e-6,365,2023-04-12,8.142355019369413e-6,houspa,House Sparrow
houspa,state,ENG-2676,Thurrock,EU,Europe,resident,2.757469036959139,5.816251137095377e-6,7.94708058221545e-5,1,1.1834050574612222e-5,365,2023-03-22,1.4281480664175426e-5,houspa,House Sparrow
houspa,state,ENG-2677,East Sussex,EU,Europe,resident,1.523765701048286,3.615854053300885e-5,4.940550684244168e-4,0.6294566901014153,8.380298108676425e-5,365,2023-01-25,6.105754680132509e-5,houspa,House Sparrow
houspa,state,ENG-2678,Medway,EU,Europe,resident,3.713725696112084,1.2259086372501152e-5,1.675029928560809e-4,0.8729620434516787,1.6167562862427378e-5,365,2023-04-12,1.839451601598668e-5,houspa,House Sparrow
houspa,state,ENG-2679,Southend-on-Sea,EU,Europe,resident,3.600910450457026,4.521250220998904e-6,6.177645873899013e-5,0.5599729794648441,3.944702072051107e-6,365,2023-03-22,8.692862630100253e-6,houspa,House Sparrow
houspa,state,ENG-2748,West Sussex,EU,Europe,resident,1.6387414962072768,4.3789177320064926e-5,5.983168755764312e-4,0.6692561283364465,1.0033434196772792e-4,365,2023-01-25,7.45784571143182e-5,houspa,House Sparrow
houspa,state,ENG-2749,Northamptonshire,EU,Europe,resident,0.6684995955677063,1.909927626697447e-5,2.6096446659186305e-4,0.5176653683930947,8.2978539920788e-5,365,2023-01-25,4.890267060945125e-5,houspa,House Sparrow
houspa,state,ENG-2750,Warwickshire,EU,Europe,resident,0.934881784449619,2.2555708417446768e-5,3.0819169970009726e-4,0.6669609482363409,9.028198408679432e-5,365,2023-01-25,6.025572583080842e-5,houspa,House Sparrow
houspa,state,ENG-2751,Oxfordshire,EU,Europe,resident,1.058641278360753,3.401590458309969e-5,4.647789932500161e-4,0.6698033806548914,1.20748418404055e-4,365,2023-01-25,8.284622739920918e-5,houspa,House Sparrow
houspa,state,ENG-2752,Luton,EU,Europe,resident,0.4847752201990866,4.090831067547369e-7,5.5895392712125725e-6,0.5874204468431261,2.781128832931043e-6,365,2023-06-14,2.1960298297769883e-6,houspa,House Sparrow
houspa,state,ENG-2753,Hillingdon,EU,Europe,resident,1.608397649553733,2.235577209162891e-6,3.054598539542134e-5,0.8817021117209354,6.8757335702704505e-6,365,2023-01-18,7.608449565716378e-6,houspa,House Sparrow
houspa,state,ENG-2754,Kingston upon Thames,EU,Europe,resident,2.7536293919713586,1.3570369036307789e-6,1.854198068823363e-5,0.9255824589216756,2.559188055584898e-6,365,2023-03-01,3.801959555730123e-6,houspa,House Sparrow
houspa,state,ENG-2755,Surrey,EU,Europe,resident,0.6216301505713628,1.2845070593154149e-5,1.7550963443958327e-4,0.46478566816592787,5.388378166937213e-5,365,2023-03-01,2.8526056108310914e-5,houspa,House Sparrow
houspa,state,ENG-2756,Swindon,EU,Europe,resident,0.9229157589748804,2.893686292919675e-6,3.953811073049587e-5,0.601580876450097,1.0582403637663767e-5,365,2023-01-25,8.158361310773019e-6,houspa,House Sparrow
houspa,state,ENG-2757,Wiltshire,EU,Europe,resident,0.7761445601028663,3.0286799950485313e-5,4.1382607819122905e-4,0.4691893995619122,1.0272115113067764e-4,365,2023-01-25,7.365733034768224e-5,houspa,House Sparrow
houspa,state,ENG-2758,Isle of Wight,EU,Europe,resident,0.8198446393090417,7.137708291161327e-6,9.75266397979751e-5,0.48229407458813905,2.3558089910070092e-5,365,2023-06-07,1.3684883402244027e-5,houspa,House Sparrow
houspa,state,ENG-2759,Portsmouth,EU,Europe,resident,3.426280400223729,5.471098535309713e-6,7.475478604429837e-5,0.7232013804013393,6.47905693174657e-6,365,2023-01-18,9.301553918463836e-6,houspa,House Sparrow
houspa,state,ENG-2760,Peterborough,EU,Europe,resident,0.27269114619185403,1.041571046144987e-6,1.423158808089294e-5,0.2765442763567021,5.926297520081201e-6,365,2023-06-21,3.1044392736149056e-6,houspa,House Sparrow
houspa,state,ENG-2761,Leicester,EU,Europe,resident,2.1329745784430645,1.712160598594248e-6,2.3394241283600887e-5,0.8628497726493429,3.885929553796962e-6,365,2023-01-25,6.455019746729854e-6,houspa,House Sparrow
houspa,state,ENG-2762,Rutland,EU,Europe,resident,0.5930121350934812,2.95315561107383e-6,4.035067444619625e-5,0.3822336656840523,1.0679541353040795e-5,365,2023-12-20,6.776708205959812e-6,houspa,House Sparrow
houspa,state,ENG-2763,Nottingham,EU,Europe,resident,1.2985067380942128,1.30651986537592e-6,1.7851737154515257e-5,0.7676740118826502,4.333607394451994e-6,365,2023-01-25,4.684392087745642e-6,houspa,House Sparrow
houspa,state,ENG-2764,Nottinghamshire,EU,Europe,resident,0.8812102668215746,2.2514553774596937e-5,3.0762937999389683e-4,0.4560882505079416,6.537829567529491e-5,365,2023-01-25,5.480166199681354e-5,houspa,House Sparrow
houspa,state,ENG-2765,Hackney,EU,Europe,resident,1.9221217856143535,4.636084925913957e-7,6.334551178034591e-6,1,1.3532293137312407e-6,365,2023-03-22,2.861076749628848e-6,houspa,House Sparrow
houspa,state,ENG-2766,Haringey,EU,Europe,resident,2.520782369435943,9.069279318407012e-7,1.2391881276638662e-5,0.7964697162694181,1.6077096091780195e-6,365,2023-01-25,3.5433996960303085e-6,houspa,House Sparrow
houspa,state,ENG-2767,Harrow,EU,Europe,resident,1.6818732328195023,1.134490683858021e-6,1.5501202874288057e-5,0.7816415452886861,2.9581229772938835e-6,365,2023-01-18,4.92194441274419e-6,houspa,House Sparrow
houspa,state,ENG-2768,Lambeth,EU,Europe,resident,2.4499342375759765,8.778051790954616e-7,1.1993960249181213e-5,1,2.0102248019916015e-6,365,2023-03-08,2.598270390616476e-6,houspa,House Sparrow
houspa,state,ENG-2769,Lewisham,EU,Europe,resident,2.273349361704403,9.109144238028788e-7,1.2446351023761035e-5,1,2.24808284745859e-6,365,2023-03-01,4.340885252227897e-6,houspa,House Sparrow
houspa,state,ENG-2770,Newham,EU,Europe,resident,2.9354190735865804,1.4692173386485696e-6,2.007476690365071e-5,0.8600287441746128,2.415070509552087e-6,365,2023-03-22,4.695643890585226e-6,houspa,House Sparrow
houspa,state,ENG-2771,Southwark,EU,Europe,resident,2.815326005152256,1.0689803950746776e-6,1.4606097880273945e-5,1,2.130305867425241e-6,365,2023-01-25,3.984210183788929e-6,houspa,House Sparrow
houspa,state,ENG-2774,Warrington,EU,Europe,resident,1.2285566396826555,2.6662608069640515e-6,3.643066467849915e-5,0.7919983905304628,9.643455027007007e-6,365,2023-01-25,1.046272845665126e-5,houspa,House Sparrow
houspa,state,ENG-2775,Herefordshire,EU,Europe,resident,1.002559509159442,2.6251382885116265e-5,3.586878390653464e-4,0.6336215989542934,9.308354485261064e-5,365,2023-01-18,6.44712017163222e-5,houspa,House Sparrow
houspa,state,ENG-2776,Worcestershire,EU,Europe,resident,0.901902054325759,1.9776564791832028e-5,2.7021865173205425e-4,0.5925844584741773,7.290253877347157e-5,365,2023-01-25,5.249942600854699e-5,houspa,House Sparrow
houspa,state,ENG-2777,Staffordshire,EU,Europe,resident,0.8453918267895684,2.705722218950904e-5,3.6969848791350464e-4,0.5475618719141583,9.832394106542112e-5,365,2023-01-18,7.558684075259179e-5,houspa,House Sparrow
houspa,state,ENG-2778,Stoke-on-Trent,EU,Europe,resident,2.1457569121868185,2.7400830225390703e-6,3.7439340339339575e-5,0.9818211618795126,7.034229040373754e-6,365,2023-01-25,8.16273959424253e-6,houspa,House Sparrow
houspa,state,ENG-2779,Shropshire,EU,Europe,resident,1.430625344912055,5.601303838601846e-5,7.653385646802002e-4,0.6739683470999198,1.4804837061718632e-4,365,2023-01-18,1.3999636808245707e-4,houspa,House Sparrow
houspa,state,ENG-3409,Kent,EU,Europe,resident,1.8996782428213363,9.217857950620168e-5,0.0012594892861792289,0.7527394984746305,2.0492530159699668e-4,365,2023-01-25,1.3545278117039935e-4,houspa,House Sparrow
houspa,state,ENG-4809,City,EU,Europe,resident,0.86844775864126,3.3230687543278096e-8,4.540501183391792e-7,1,2.1468245022007365e-7,365,2023-01-18,8.236686020443489e-7,houspa,House Sparrow
houspa,state,ENG-5661,Newcastle upon Tyne,EU,Europe,resident,1.6753218059690842,2.013556260849146e-6,2.7512384669455492e-5,0.9702414039288118,6.542537886156152e-6,365,2023-05-24,5.124335915474686e-6,houspa,House Sparrow
houspa,state,ENG-5662,North Tyneside,EU,Europe,resident,1.0534569818935835,1.2422700250286e-6,1.697385439704956e-5,0.906296381329325,5.9961206294062135e-6,365,2023-06-21,4.751260689418226e-6,houspa,House Sparrow
houspa,state,ENG-5663,South Tyneside,EU,Europe,resident,0.8124791891110184,1.1620143959598764e-6,1.587727528388552e-5,0.6222538097335523,4.993071004491289e-6,365,2023-06-21,3.720865708054e-6,houspa,House Sparrow
houspa,state,ENG-5664,Sunderland,EU,Europe,resident,0.980318895622046,1.9508409346086445e-6,2.6655468866431728e-5,0.8097002498680863,9.040234050792066e-6,365,2023-06-07,5.837551967701097e-6,houspa,House Sparrow
houspa,state,ENG-5665,Gateshead,EU,Europe,resident,0.9972441568945722,2.020218037057622e-6,2.7603408373730888e-5,0.7707044694221185,8.759625446357574e-6,365,2023-05-24,6.221129520197261e-6,houspa,House Sparrow
houspa,state,ENG-5666,Knowsley,EU,Europe,resident,1.3052466372828175,2.3843148013115036e-6,3.2578273208564196e-5,0.7361112553326519,7.544238075756285e-6,365,2023-01-18,8.361357529197481e-6,houspa,House Sparrow
houspa,state,ENG-5667,Sefton,EU,Europe,resident,0.2849632251390681,7.574521568911892e-7,1.034950724461551e-5,0.24096866428400496,3.5935846095610947e-6,365,2023-01-18,3.350493220648198e-6,houspa,House Sparrow
houspa,state,ENG-5668,Liverpool,EU,Europe,resident,0.7223284929574277,1.2306869644915735e-6,1.681558833647777e-5,0.37113279503091173,3.547669069469512e-6,365,2023-01-18,4.531320937716541e-6,houspa,House Sparrow
houspa,state,ENG-5669,Merseyside,EU,Europe,resident,1.8836472347276867,3.207039654850732e-6,4.381963908832715e-5,0.9459533695577091,9.035982917450735e-6,365,2023-01-18,1.1935212122242945e-5,houspa,House Sparrow
houspa,state,ENG-5670,Blackpool,EU,Europe,resident,0.6094536442400734,1.396400138583662e-6,1.9079823351443436e-5,0.5384621861464672,6.921900148879762e-6,365,2023-04-12,4.4728205939927915e-6,houspa,House Sparrow
houspa,state,ENG-5671,Kirklees,EU,Europe,resident,1.326465394586457,7.050760914468566e-6,9.633862746373692e-5,0.612351141320917,1.826171289468676e-5,365,2023-01-25,1.634491742330281e-5,houspa,House Sparrow
houspa,state,ENG-5672,Calderdale,EU,Europe,resident,0.4663843245618692,2.422675449938327e-6,3.3102416954488584e-5,0.29160554110619263,8.498611577270706e-6,365,2023-01-25,7.69520815698491e-6,houspa,House Sparrow
houspa,state,ENG-5673,Bradford,EU,Europe,resident,1.143498340799664,4.274526214921202e-6,5.840532583628383e-5,0.5629965248016352,1.1807530477479044e-5,365,2023-01-25,1.234501814201996e-5,houspa,House Sparrow
houspa,state,ENG-5674,Leeds,EU,Europe,resident,0.7945158086582976,5.366239993160553e-6,7.332204308917012e-5,0.6308973864846558,2.390711618359863e-5,365,2023-01-25,1.63441315604677e-5,houspa,House Sparrow
houspa,state,ENG-5675,Wakefield,EU,Europe,resident,1.1190576316750536,4.386787597354879e-6,5.9939218083097774e-5,0.6413199956198904,1.4104894741872758e-5,365,2023-01-25,1.1043132029829909e-5,houspa,House Sparrow
houspa,state,ENG-5676,Salford,EU,Europe,resident,2.0164394143251005,3.187019398101396e-6,4.354609073232706e-5,0.9114062344300042,8.081880770827732e-6,365,2023-01-25,9.79404436294926e-6,houspa,House Sparrow
houspa,state,ENG-5677,Wigan,EU,Europe,resident,1.807214971835981,4.51624122011636e-6,6.170801786064483e-5,1,1.4020652629010564e-5,365,2023-02-01,1.22604948529764e-5,houspa,House Sparrow
houspa,state,ENG-5678,Bolton,EU,Europe,resident,1.3259725571064174,1.8694815222319472e-6,2.5543808123044017e-5,0.7988475715953954,6.319045399061564e-6,365,2023-06-21,4.806919419433505e-6,houspa,House Sparrow
houspa,state,ENG-5679,Bury,EU,Europe,resident,1.9094158851101133,2.3010759796639693e-6,3.144093300847791e-5,0.8017325010596432,5.420768146692414e-6,365,2023-01-25,6.354694484325064e-6,houspa,House Sparrow
houspa,state,ENG-5680,Rochdale,EU,Europe,resident,1.2444073895779222,2.9197743938457494e-6,3.989456755364471e-5,0.624771966981617,8.22449354457721e-6,365,2023-01-25,7.64688597375998e-6,houspa,House Sparrow
houspa,state,ENG-5681,Oldham,EU,Europe,resident,1.125546146879936,2.54560162096462e-6,3.478202838078785e-5,0.5421679086255679,6.879578904077992e-6,365,2023-01-25,9.139848550094034e-6,houspa,House Sparrow
houspa,state,ENG-5682,Tameside,EU,Europe,resident,2.779105034845203,4.2848360297906944e-6,5.8546194804325846e-5,0.9202429832943938,7.960359398356121e-6,365,2023-01-25,1.316550172423136e-5,houspa,House Sparrow
houspa,state,ENG-5683,Stockport,EU,Europe,resident,2.773567744360831,4.11060075849761e-6,5.616551744258144e-5,0.9117854911267452,7.581586813986928e-6,365,2023-01-18,1.360244503779519e-5,houspa,House Sparrow
houspa,state,ENG-5684,Manchester,EU,Europe,resident,2.809380453121749,4.211426942975648e-6,5.754316396085823e-5,0.8720454296332614,7.334301181651486e-6,365,2023-01-25,1.3614300695320017e-5,houspa,House Sparrow
houspa,state,ENG-5685,Trafford,EU,Europe,resident,3.319170947807155,3.1538786839342365e-6,4.309326997230377e-5,0.9816986834855116,5.233527216259971e-6,365,2023-01-25,9.65934845490196e-6,houspa,House Sparrow
houspa,state,ENG-5686,Rotherham,EU,Europe,resident,1.5005886720098682,5.127793309696848e-6,7.006400803638109e-5,0.7942671980234819,1.5227772856063176e-5,365,2023-01-25,1.281734183466893e-5,houspa,House Sparrow
houspa,state,ENG-5687,Sheffield,EU,Europe,resident,0.7619131843656146,3.5482082985878197e-6,4.84812237413891e-5,0.37565933741432833,9.815190242644083e-6,365,2023-01-25,8.223270565147319e-6,houspa,House Sparrow
houspa,state,ENG-5688,Barnsley,EU,Europe,resident,0.7292813998050812,3.0636326214626255e-6,4.186018578493887e-5,0.5977005040677593,1.4087245568695205e-5,365,2023-01-25,1.1585266257124243e-5,houspa,House Sparrow
houspa,state,ENG-5689,Doncaster,EU,Europe,resident,1.0762794680642247,8.493779859895342e-6,1.160554305567635e-4,0.556137036530102,2.4624004327957934e-5,365,2023-02-01,1.960518312020304e-5,houspa,House Sparrow
houspa,state,ENG-5690,Birmingham,EU,Europe,resident,1.5875098303998494,5.335286660009516e-6,7.289910978206004e-5,0.8458697398331944,1.5949451018286794e-5,365,2023-02-22,1.3351267141539954e-5,houspa,House Sparrow
houspa,state,ENG-5691,Sandwell,EU,Europe,resident,2.024048334376421,2.459609719330148e-6,3.3607071255314805e-5,0.9969206531071751,6.7968366046038245e-6,365,2023-01-25,9.435756346108374e-6,houspa,House Sparrow
houspa,state,ENG-5692,Dudley,EU,Europe,resident,2.986230957363391,3.3183808561726794e-6,4.5340958367996497e-05,0.9118271628298552,5.684814219059111e-6,365,2023-01-25,1.0767041443183031e-5,houspa,House Sparrow
houspa,state,ENG-5693,Wolverhampton,EU,Europe,resident,1.5987378167960031,1.2707530617932195e-6,1.7363034614786304e-5,0.8592814800995275,3.8319539691187685e-6,365,2023-01-25,7.370325482517367e-6,houspa,House Sparrow
houspa,state,ENG-5694,Walsall,EU,Europe,resident,1.1000813536447511,1.3082944722322629e-6,1.787598463516334e-5,0.7072934682175142,4.719339985803458e-6,365,2023-01-25,6.987036998213004e-6,houspa,House Sparrow
houspa,state,ENG-5695,Solihull,EU,Europe,resident,1.1256476055631992,2.0136038277290295e-6,2.7513034603267787e-5,0.7258260816640769,7.284589127145413e-6,365,2023-01-25,7.003425166461851e-6,houspa,House Sparrow
houspa,state,ENG-5696,Coventry,EU,Europe,resident,1.2877031252902864,1.7326120668781272e-6,2.3673681532389353e-5,0.7568301489414321,5.713272310916709e-6,365,2023-02-01,4.268102210260732e-6,houspa,House Sparrow
houspa,state,ENG-5697,Central Bedfordshire,EU,Europe,resident,0.703295228543858,5.98887707669846e-6,8.182949395351235e-5,0.6024527799254623,2.8782708274708855e-5,365,2023-01-18,1.8085663815997417e-5,houspa,House Sparrow
houspa,state,ENG-5698,Bedford,EU,Europe,resident,0.7290996314921787,3.88539622228723e-6,5.3088417512474006e-5,0.6438741186611027,1.925086809745415e-5,365,2023-01-25,1.428286906624844e-5,houspa,House Sparrow
houspa,state,ENG-5699,Reading,EU,Europe,resident,1.662003112811941,9.299542659465426e-7,1.2706503407524713e-5,0.7309618266535343,2.2946971190421086e-6,365,2023-01-25,3.0997225798326546e-6,houspa,House Sparrow
houspa,state,ENG-5700,West Berkshire,EU,Europe,resident,0.2784388138548673,2.2019731262106253e-6,3.0086833359482133e-5,0.31896205443633874,1.4152141896210384e-5,365,2023-01-18,6.454444246308091e-6,houspa,House Sparrow
houspa,state,ENG-5701,Wokingham,EU,Europe,resident,1.1213554081887318,2.6378466926069977e-6,3.6042426187510337e-5,0.6663735990585674,8.794779735358826e-6,365,2023-01-25,7.0968874021109e-6,houspa,House Sparrow
houspa,state,ENG-5702,Bracknell Forest,EU,Europe,resident,0.46465104847123434,6.489522858958197e-7,8.867010705804099e-6,0.3951724179622224,3.096516399766379e-6,365,2023-06-28,2.1143210869593096e-6,houspa,House Sparrow
houspa,state,ENG-5703,Royal Borough of Windsor and Maidenhead,EU,Europe,resident,0.7216595885295737,1.7231208632506127e-6,2.354399772357132e-5,0.54247581510537,7.26715880297569e-6,365,2023-01-25,5.646258776279261e-6,houspa,House Sparrow
houspa,state,ENG-5704,Slough,EU,Europe,resident,0.9891627373167912,6.260559625916161e-7,8.554164987753084e-6,0.5172203824133175,1.8366311867236992e-6,365,2023-03-08,3.009948784000121e-6,houspa,House Sparrow
houspa,state,ENG-5705,Barnet,EU,Europe,resident,0.6294686188459006,7.261307391687849e-7,9.9215445849538e-6,0.601420620002039,3.892422436366984e-6,365,2023-03-29,3.643987417850273e-6,houspa,House Sparrow
houspa,state,ENG-5706,Cheshire East,EU,Europe,resident,1.3372092248189542,1.848530356570526e-5,2.5257540219753634e-4,0.7101237709136582,5.507597430929585e-5,365,2023-01-18,4.936489359591471e-5,houspa,House Sparrow
houspa,state,ENG-5707,Cheshire West and Chester,EU,Europe,resident,1.3037216965823288,1.529116194102839e-5,2.0893199636105376e-4,0.7251062149205708,4.771535256676959e-5,365,2023-01-18,4.018560791044005e-5,houspa,House Sparrow
houspa,state,ENG-5988,Isles of Scilly,EU,Europe,resident,2.03898024559021,4.055469005228058e-6,5.541222038654896e-5,0.2222222222222222,2.479798937902115e-6,365,2023-12-13,5.8785661979313034e-6,houspa,House Sparrow
houspa,state,ERI-1565,Debubawi Keyih Bahri,AF,Africa,resident,7.607193441744296e-6,2.306089478845059e-9,6.880777683362559e-8,3.6450531796208786e-4,6.199497344755287e-7,0,2023-09-13,1.1328309036361525e-7,houspa,House Sparrow
houspa,state,ESP-5801,Álava,EU,Europe,resident,3.1039905250700093,1.1028038181323716e-4,0.0015068246887031058,0.591546251533727,1.1791457660247964e-4,365,2023-01-11,1.7609004099616784e-4,houspa,House Sparrow
houspa,state,ESP-5802,Albacete,EU,Europe,resident,1.0694233621862534,1.9589388484857176e-4,0.002676611535093185,0.3791080047694329,3.896144730583834e-4,365,2023-06-21,4.2087740277515514e-4,houspa,House Sparrow
houspa,state,ESP-5803,Alicante,EU,Europe,resident,6.181417409311936,4.859362857760352e-4,0.0066396287399879865,0.6829336048065809,3.012108816864424e-4,365,2023-12-27,6.33154438112187e-4,houspa,House Sparrow
houspa,state,ESP-5804,Almería,EU,Europe,resident,3.287753020913112,3.787814785064295e-4,0.005175510585405353,0.5275930471963284,3.4102759955360976e-4,365,2023-12-20,4.41937482564464e-4,houspa,House Sparrow
houspa,state,ESP-5805,Asturias,EU,Europe,resident,1.6355978137798222,2.266792105681323e-4,0.0030972492594217057,0.3828336396617931,2.976776150295654e-4,365,2023-07-12,2.98442056837769e-4,houspa,House Sparrow
houspa,state,ESP-5806,Ávila,EU,Europe,resident,6.324320725072391,6.286756207318461e-4,0.008589958893221653,0.5368252425814888,2.993964021887458e-4,365,2023-12-20,9.941175472026273e-4,houspa,House Sparrow
houspa,state,ESP-5807,Badajoz,EU,Europe,resident,4.657793184541503,0.001257535887999166,0.017182440718933753,0.9111191204635556,0.0013801181350723438,365,2023-09-27,0.005870506042008341,houspa,House Sparrow
houspa,state,ESP-5808,Baleares,EU,Europe,resident,9.880136189346214,8.919500841679359e-4,0.012187230274476027,0.7564259485924113,3.831289359058768e-4,365,2023-12-27,0.0013085430226004815,houspa,House Sparrow
houspa,state,ESP-5809,Barcelona,EU,Europe,resident,4.701168389971874,4.666011260544113e-4,0.006375441261222259,0.7036590396184376,3.9183494179058554e-4,365,2023-12-13,5.841115874915452e-4,houspa,House Sparrow
houspa,state,ESP-5810,Burgos,EU,Europe,resident,3.5687817639465016,6.350626869431825e-4,0.008677229075799747,0.5783916206685357,5.774568176549837e-4,365,2023-12-20,8.947113651461749e-4,houspa,House Sparrow
houspa,state,ESP-5811,Cáceres,EU,Europe,resident,3.979928819643743,9.828996407894844e-4,0.013429926709604804,0.7550962894422466,0.0010462539790619242,365,2023-06-21,0.0014515073700377388,houspa,House Sparrow
houspa,state,ESP-5812,Cádiz,EU,Europe,resident,5.755791356287558,5.747716767671761e-4,0.007853438106396772,0.754234360852341,4.2256891398601145e-4,365,2023-04-05,8.142545110509248e-4,houspa,House Sparrow
houspa,state,ESP-5813,Cantabria,EU,Europe,resident,1.8894576538973356,1.3346450284973258e-4,0.001823602753752198,0.4881317129735728,1.934490266666009e-4,365,2023-06-21,1.9795028613910296e-4,houspa,House Sparrow
houspa,state,ESP-5814,Castellón,EU,Europe,resident,2.052386550422737,1.767565165071649e-4,0.0024151265944400706,0.4077133650593663,1.9700268127760927e-4,365,2023-06-28,2.211307220544262e-4,houspa,House Sparrow
houspa,state,ESP-5815,Ceuta,EU,Europe,resident,0.8995504569545504,1.205416506886658e-6,1.6470303447290512e-5,0.2546243963913785,1.91431116975079e-6,365,2023-07-26,2.9190892771611113e-6,houspa,House Sparrow
houspa,state,ESP-5816,Ciudad Real,EU,Europe,resident,2.20129174502196,5.33206149988229e-4,0.007285504255246924,0.6574297691753319,8.934450058230914e-4,365,2023-06-21,0.0010901871879387649,houspa,House Sparrow
houspa,state,ESP-5817,Córdoba,EU,Europe,resident,4.291941281877184,7.241881388879575e-4,0.0098950017129098,0.8177564098082957,7.74145346807008e-4,365,2023-04-05,0.0012160771787099402,houspa,House Sparrow
houspa,state,ESP-5818,Cuenca,EU,Europe,resident,1.04299408423576,2.1979417473284976e-4,0.0030031750296391243,0.3154196520727379,3.729271448991112e-4,365,2023-06-21,4.344102975178195e-4,houspa,House Sparrow
houspa,state,ESP-5820,Gerona,EU,Europe,resident,4.402268083704895,3.3809664196403344e-4,0.004619610114714616,0.5831978188298943,2.5129345490360457e-4,365,2023-12-13,4.366454932568794e-4,houspa,House Sparrow
houspa,state,ESP-5821,Granada,EU,Europe,resident,2.582603334008701,4.0800520210086954e-4,0.005574811236018916,0.43580576586423614,3.862796951149675e-4,365,2023-06-21,5.06886962736473e-4,houspa,House Sparrow
houspa,state,ESP-5822,Guadalajara,EU,Europe,resident,1.7714014816025545,2.66179086104023e-4,0.0036369589220068216,0.3524541704742739,2.971395729820279e-4,365,2023-12-27,3.6929300895326166e-4,houspa,House Sparrow
houspa,state,ESP-5823,Gipuzkoa,EU,Europe,resident,2.5837559952256512,6.750845240218473e-5,9.224070601063188e-4,0.4826700925754131,7.075513428179484e-5,365,2023-06-21,8.814205873279492e-5,houspa,House Sparrow
houspa,state,ESP-5824,Huelva,EU,Europe,resident,3.123877485958624,4.0429223036459865e-4,0.00552407875406084,0.7808135379999147,0.00056695638651546045,365,2023-05-31,6.39099114598399e-4,houspa,House Sparrow
houspa,state,ESP-5825,Huesca,EU,Europe,resident,5.68732180383729,0.0010843065681624738,0.01481550825419828,0.5466124906537092,5.84688770153734e-4,365,2023-10-11,0.002512973204376651,houspa,House Sparrow
houspa,state,ESP-5826,Jaén,EU,Europe,resident,2.660107602461109,4.442213323698767e-4,0.006069653186340107,0.5542004017166441,5.192397800804585e-4,365,2023-06-21,6.614471214602528e-4,houspa,House Sparrow
houspa,state,ESP-5827,La Coruña,EU,Europe,resident,2.4886092125870043,2.856617899455174e-4,0.0039031623814831545,0.6136639096262538,3.952091093728616e-4,365,2023-07-12,5.056753353232234e-4,houspa,House Sparrow
houspa,state,ESP-5828,La Rioja,EU,Europe,resident,4.241578717397798,2.776587219339565e-4,0.003793811830941784,0.5540158125059161,2.0347303563805007e-4,365,2023-01-11,5.163093839020912e-4,houspa,House Sparrow
houspa,state,ESP-5829,Las Palmas,EU,Europe,resident,0.0010614319754070078,7.928561983183243e-8,1.0833253155040633e-6,0.0073964497041420114,3.099748672377644e-6,365,2023-10-04,1.4030461643439658e-7,houspa,House Sparrow
houspa,state,ESP-5830,León,EU,Europe,resident,3.627539885914641,6.967228471966131e-4,0.009519727535195786,0.4699018757127062,5.063559873844648e-4,365,2023-12-20,9.882803470136197e-4,houspa,House Sparrow
houspa,state,ESP-5831,Lérida,EU,Europe,resident,5.331799361011873,7.90847521071701e-4,0.010805807435166593,0.5099861081771058,4.244027806411913e-4,365,2023-10-11,0.001355763662049363,houspa,House Sparrow
houspa,state,ESP-5832,Lugo,EU,Europe,resident,1.294724227745308,1.603197629238124e-4,0.0021905417163838,0.3863580864866176,2.684112463041804e-4,365,2023-06-21,2.576610153213936e-4,houspa,House Sparrow
houspa,state,ESP-5833,Madrid,EU,Europe,resident,8.306342825831576,8.159368123985974e-4,0.011148616944635434,0.8138515884056802,4.485313530710651e-4,365,2023-12-27,0.001030965274722495,houspa,House Sparrow
houspa,state,ESP-5834,Málaga,EU,Europe,resident,4.709352771618916,4.521986331359619e-4,0.006178651664092063,0.6977709421782289,3.759082143640799e-4,365,2023-04-05,6.205241387026599e-4,houspa,House Sparrow
houspa,state,ESP-5835,Melilla,EU,Europe,resident,3.6153446577594983,1.5990113160117278e-6,2.1848217143122976e-5,0.550600430274116,1.3662786847396331e-6,365,2023-03-29,5.018168254385367e-6,houspa,House Sparrow
houspa,state,ESP-5836,Murcia,EU,Europe,resident,4.917748184959789,7.143987212852829e-4,0.009761243233938297,0.6489686140845714,5.289309625041838e-4,365,2023-12-27,8.773299519857197e-4,houspa,House Sparrow
houspa,state,ESP-5837,Navarra,EU,Europe,resident,5.108036540892827,6.330070330295324e-4,0.0086491414865333,0.6191947800866969,4.305095020410451e-4,365,2023-01-11,0.0011759071700055224,houspa,House Sparrow
houspa,state,ESP-5838,Orense,EU,Europe,resident,1.866891345714733,1.692931118036642e-4,0.002313149776042187,0.4928064930368627,2.5072496640470444e-4,365,2023-06-21,2.706035788253933e-4,houspa,House Sparrow
houspa,state,ESP-5839,Palencia,EU,Europe,resident,4.2959298529221215,4.229937850890464e-4,0.005779608921009785,0.5669184643977779,3.1318310270271886e-4,365,2023-12-20,5.976117535295925e-4,houspa,House Sparrow
houspa,state,ESP-5840,Pontevedra,EU,Europe,resident,2.906797381575183,1.830088196314544e-4,0.002500555430956886,0.5165862218279873,1.8247400043930692e-4,365,2023-07-12,2.943765199818624e-4,houspa,House Sparrow
houspa,state,ESP-5841,Salamanca,EU,Europe,resident,6.54641989484618,0.0010109914816228364,0.01381376179090239,0.711467035328609,6.1645209938254e-4,365,2023-12-20,0.0014330156045520008,houspa,House Sparrow
houspa,state,ESP-5843,Segovia,EU,Europe,resident,7.342906200027391,6.217691482924642e-4,0.008495591762709424,0.6879394763796929,3.2682279139344844e-4,365,2023-12-20,9.736360975370104e-4,houspa,House Sparrow
houspa,state,ESP-5844,Sevilla,EU,Europe,resident,5.821720603110285,0.0010018898223186602,0.013689400551648403,0.8938200265490768,8.630174995904167e-4,365,2023-04-05,0.0015372399300205785,houspa,House Sparrow
houspa,state,ESP-5845,Soria,EU,Europe,resident,2.5835574903721255,3.256754168378454e-4,0.004449891726218495,0.42497613347180974,3.005607761431028e-4,365,2023-01-18,4.967244222724372e-4,houspa,House Sparrow
houspa,state,ESP-5846,Tarragona,EU,Europe,resident,3.851025471314843,3.230151321395698e-4,0.00441354271657207,0.5707172520475831,2.685767367906888e-4,365,2023-12-13,4.079988409127964e-4,houspa,House Sparrow
houspa,state,ESP-5847,Teruel,EU,Europe,resident,0.7075972607321234,1.286554187727225e-4,0.0017578934544358446,0.23851557676089755,2.4330979994882895e-4,365,2023-07-05,2.2987346155473889e-4,houspa,House Sparrow
houspa,state,ESP-5848,Toledo,EU,Europe,resident,5.574624106133432,0.001051086743811862,0.01436160656594828,0.7245961283229687,7.66513652614446e-4,365,2023-06-21,0.0015157481290393564,houspa,House Sparrow
houspa,state,ESP-5849,Valencia,EU,Europe,resident,3.435662633794937,4.6972974206984194e-4,0.006418189352732376,0.4559542783308327,3.4975163882057357e-4,365,2023-12-27,5.710676443355376e-4,houspa,House Sparrow
houspa,state,ESP-5850,Valladolid,EU,Europe,resident,7.120844235922586,7.108644069756275e-4,0.009712951851809749,0.6837070920274491,3.829360767521424e-4,365,2023-12-20,0.001077320486594905,houspa,House Sparrow
houspa,state,ESP-5851,Bizkaia,EU,Europe,resident,2.556120598279332,7.679128870833703e-5,0.0010492438256063533,0.6008741365255974,1.0127798263152357e-4,365,2023-06-21,1.1583178145036386e-4,houspa,House Sparrow
houspa,state,ESP-5852,Zamora,EU,Europe,resident,4.494214743392357,5.879310597072962e-4,0.008033242372361795,0.4845656857274898,3.5565273724657225e-4,365,2023-12-20,8.90252398838453e-4,houspa,House Sparrow
houspa,state,ESP-5853,Zaragoza,EU,Europe,resident,3.5129271888682614,7.455973097085646e-4,0.0101875276057906,0.5332866426444153,6.350337465334155e-4,365,2023-01-11,0.0013145165957615152,houspa,House Sparrow
houspa,state,EST-1654,Harju,EU,Europe,resident,0.06630832771930577,4.448185230480452e-6,6.0778129482391145e-5,0.04612100965946256,1.7358592565314805e-5,365,2023-12-06,7.009161561888947e-6,houspa,House Sparrow
houspa,state,EST-1655,Ida-Viru,EU,Europe,resident,0.0016694572516417151,7.704694642178178e-8,1.0527370249237836e-6,0.007922787878736997,2.0514411921690575e-6,365,2023-06-28,4.810073433924622e-7,houspa,House Sparrow
houspa,state,EST-1656,Järva,EU,Europe,resident,2.568538432713863e-4,8.187224308716677e-9,1.1186678462192003e-7,0.007097350885066451,1.2692518718032366e-6,365,2023-06-21,2.0188270981807857e-7,houspa,House Sparrow
houspa,state,EST-1658,Lääne-Viru,EU,Europe,resident,8.094089732300535e-4,3.6831691302948936e-8,5.032527170241741e-7,0.007169921681350054,1.830496800574407e-6,365,2023-06-28,2.488877275278774e-7,houspa,House Sparrow
houspa,state,EST-1659,Tartu,EU,Europe,resident,0.021280494059531776,8.507946041172674e-7,1.1624899129116027e-5,0.013819188705178884,3.099748672377644e-6,365,2023-12-20,1.1681404577114774e-6,houspa,House Sparrow
houspa,state,EST-1661,Lääne,EU,Europe,resident,0.003133422793230001,1.2068724704505553e-7,1.6490197120198247e-6,0.005737770540057364,1.2398994689510574e-6,365,2023-01-11,2.1272250574133117e-7,houspa,House Sparrow
houspa,state,EST-2346,Pärnu,EU,Europe,resident,0.007845768760516689,5.177922486104759e-7,7.074895198918417e-6,0.006697234624042054,2.479798937902115e-6,365,2023-01-18,8.203057982933095e-7,houspa,House Sparrow
houspa,state,EST-2349,Valga,EU,Europe,resident,3.4248917315123155e-5,8.666986921666503e-10,1.1842205889666632e-8,7.173769907941471e-4,1.018520213067126e-7,365,2023-06-28,6.911531551584384e-8,houspa,House Sparrow
houspa,state,EST-2350,Viljandi,EU,Europe,resident,0.002429385749402974,1.0701910066252412e-7,1.4622639166609965e-6,0.005016730156420367,1.2398994689510574e-6,365,2023-01-18,2.762276071153659e-7,houspa,House Sparrow
houspa,state,EST-2351,Võru,EU,Europe,resident,2.630025847413793e-4,7.892112242656486e-9,1.078344976479163e-7,0.0036823267829038217,6.199497344755287e-7,365,2023-06-28,6.621159119833018e-8,houspa,House Sparrow
houspa,state,FIN-3176,Lapland,EU,Europe,resident,0.003505966376114735,4.220539593541281e-6,5.7667675380079406e-5,0.004432506338510979,2.9937154075049223e-5,365,2023-03-01,7.890507530758765e-6,houspa,House Sparrow
houspa,state,FIN-3177,Central Finland,EU,Europe,resident,0.0013374721079450968,3.145125071391878e-7,4.297366429741134e-6,0.0023494833998192917,3.099748672377644e-6,365,2023-12-27,6.231847549801921e-7,houspa,House Sparrow
houspa,state,FIN-3178,Northern Savonia,EU,Europe,resident,0.0018952732346350064,4.598676079933914e-7,6.283437306490257e-6,0.002277008108318011,3.099748672377644e-6,365,2023-01-18,8.442958387616381e-7,houspa,House Sparrow
houspa,state,FIN-3179,Kainuu,EU,Europe,resident,0.0013665396096513309,4.052071367700693e-7,5.536579649840747e-6,0.0033538467277259188,5.579547610279758e-6,365,2023-12-20,8.385128736322545e-7,houspa,House Sparrow
houspa,state,FIN-3180,Northern Ostrobothnia,EU,Europe,resident,0.0012722824058924414,5.99631285596242e-7,8.193109330953976e-6,0.0025789771005034247,6.819447079230816e-6,365,2023-07-26,9.317455066937572e-7,houspa,House Sparrow
houspa,state,FIN-3181,Central Ostrobothnia,EU,Europe,resident,0.0012813727591629595,9.049388622913537e-8,1.2364703468081738e-6,0.001564630569144823,6.199497344755287e-7,365,2023-01-11,1.543582800827549e-7,houspa,House Sparrow
houspa,state,FIN-3182,Ostrobothnia,EU,Europe,resident,0.0034206040508953143,4.442772041841695e-7,6.070416595278258e-6,0.005104527985268842,3.719698406853172e-6,365,2023-01-25,9.880772479998833e-7,houspa,House Sparrow
houspa,state,FIN-3183,Southern Ostrobothnia,EU,Europe,resident,0.002977846633333667,5.100852529538864e-7,6.969590056334275e-6,0.002580329178695537,2.479798937902115e-6,365,2023-12-27,8.920093273184911e-7,houspa,House Sparrow
houspa,state,FIN-3184,Päijät-Häme,EU,Europe,resident,0.007524964560172031,5.380817378777505e-7,7.352122234647055e-6,0.007726481585175858,3.099748672377644e-6,365,2023-01-18,9.936550732486553e-7,houspa,House Sparrow
houspa,state,FIN-3185,Tavastia Proper,EU,Europe,resident,0.0025852540416215646,1.8671319344556773e-7,2.5511704345279132e-06,0.004964051887931742,2.011448921790101e-6,365,2023-01-18,8.678317489855472e-7,houspa,House Sparrow
houspa,state,FIN-3186,Pirkanmaa,EU,Europe,resident,0.005367768537288334,9.90116454165886e-7,1.3528534207969662e-5,0.005990499907994493,6.199497344755288e-6,365,2023-01-18,1.8967881413990553e-6,houspa,House Sparrow
houspa,state,FIN-3187,Kymenlaakso,EU,Europe,resident,0.00949342986039842,7.433805518195282e-7,1.015723875965898e-5,0.009877921133532756,4.339648141328701e-6,365,2023-01-18,1.4262950322013202e-6,houspa,House Sparrow
houspa,state,FIN-3188,South Karelia,EU,Europe,resident,0.0045738361654568535,3.7402589960714953e-7,5.110532358301949e-6,0.00540498486979366,2.479798937902115e-6,365,2023-01-11,7.311399948824541e-7,houspa,House Sparrow
houspa,state,FIN-3189,Southern Savonia,EU,Europe,resident,6.949509822606302e-4,1.5240202681436032e-7,2.0823571050123657e-6,0.001007741141633908,1.2398994689510574e-6,0,2023-12-13,2.509122344795798e-7,houspa,House Sparrow
houspa,state,FIN-3190,North Karelia,EU,Europe,resident,0.0010455373035987618,2.6325952127003124e-7,3.5970672177907584e-6,0.0017553794101396246,2.479798937902115e-6,365,2023-01-18,5.044734559179018e-7,houspa,House Sparrow
houspa,state,FIN-3191,Finland Proper,EU,Europe,resident,0.014884876498200646,2.6413942886536323e-6,3.60908990456989e-5,0.02366198425461706,2.3558089910070092e-5,365,2023-01-18,4.071648272539479e-6,houspa,House Sparrow
houspa,state,FIN-3192,Satakunta,EU,Europe,resident,0.002590698265777262,2.891827917724637e-7,3.95127186745498e-6,0.006929437652863303,4.339648141328701e-6,365,2023-12-27,6.384342570860436e-7,houspa,House Sparrow
houspa,state,FIN-3193,Uusimaa,EU,Europe,resident,0.09971752603601536,1.4058122558259207e-5,1.92084265572033e-4,0.05937637758828019,4.6964580101776666e-5,365,2023-01-18,2.5244497524302373e-5,houspa,House Sparrow
houspa,state,FLK-5152,Falkland Islands,SA,South America,resident,0.035876110033081186,9.058308658344249e-6,5.002787456272854e-4,0.00612691466083151,8.679296282657403e-6,365,2023-12-20,1.432529956719479e-5,houspa,House Sparrow
houspa,state,FRA-5262,Ain,EU,Europe,resident,1.2733601053772614,8.859084086807193e-5,0.0012104679365279069,0.6202923405788906,2.4212237104116868e-4,365,2023-07-26,1.919155747485419e-4,houspa,House Sparrow
houspa,state,FRA-5263,Aisne,EU,Europe,resident,1.1508686185507844,1.0552368910269849e-4,0.0014418312429517834,0.842122910760873,4.3321213719279866e-4,365,2023-07-26,2.826200840274554e-4,houspa,House Sparrow
houspa,state,FRA-5264,Allier,EU,Europe,resident,3.8903895910532382,3.517876657558373e-4,0.004806678497358131,0.9606880661342116,4.8738350252594705e-4,365,2023-10-04,4.874864950266632e-4,houspa,House Sparrow
houspa,state,FRA-5265,Alpes-de-Haute-Provence,EU,Europe,resident,0.4318296111768648,3.692985420411291e-5,5.045939735609814e-4,0.3135902346688289,1.504626197050826e-4,365,2023-06-07,7.884482293815038e-5,houspa,House Sparrow
houspa,state,FRA-5266,Alpes-Maritimes,EU,Europe,resident,0.12643319175582649,6.851242689078618e-6,9.361249446600262e-5,0.1511019920270073,4.5938769151782094e-5,365,2023-07-05,1.3418680800574262e-5,houspa,House Sparrow
houspa,state,FRA-5267,Ardèche,EU,Europe,resident,0.9017655750084574,6.268531187067912e-5,8.565056993160997e-4,0.5680053503999245,2.2152639522656544e-4,365,2023-07-26,1.4667145397700482e-4,houspa,House Sparrow
houspa,state,FRA-5268,Ardennes,EU,Europe,resident,1.332306743521078,8.493520231427892e-5,0.0011605188310273575,0.8005316181377005,2.8632739642259143e-4,365,2023-07-26,1.8979845634296336e-4,houspa,House Sparrow
houspa,state,FRA-5269,Ariège,EU,Europe,resident,1.8596435842624637,1.137359740206172e-4,0.0015540404451826989,0.4305789082143263,1.477480651843678e-4,365,2023-03-29,1.7473917702885927e-4,houspa,House Sparrow
houspa,state,FRA-5270,Aube,EU,Europe,resident,1.6754418368976856,1.2661997970823757e-4,0.001730082072354208,0.7932511411601686,3.3634463472041645e-4,365,2023-07-26,2.918674251769822e-4,houspa,House Sparrow
houspa,state,FRA-5271,Aude,EU,Europe,resident,3.6146475516004073,2.888842468199019e-4,0.003947192674965697,0.6906352970160796,3.0967602800470434e-4,365,2023-07-26,3.7187809879106216e-4,houspa,House Sparrow
houspa,state,FRA-5272,Aveyron,EU,Europe,resident,2.2466946881332217,2.4323869281401891e-4,0.003323511050231426,0.8395237571275496,5.099440253434588e-4,365,2023-04-05,4.034774212211e-4,houspa,House Sparrow
houspa,state,FRA-5273,Bas-Rhin,EU,Europe,resident,0.8367087261315401,4.763605678765363e-5,6.508790163753666e-4,0.4978660213331149,1.5902848014129057e-4,365,2023-07-26,9.545682363371718e-5,houspa,House Sparrow
houspa,state,FRA-5274,Bouches-du-Rhône,EU,Europe,resident,2.527007945924517,1.854595866734912e-4,0.002534041679594063,0.7026010373027929,2.8930262998053016e-4,365,2023-12-27,2.5304070591641343e-4,houspa,House Sparrow
houspa,state,FRA-5275,Calvados,EU,Europe,resident,2.29417801656213,1.6780460387615516e-4,0.0022928114306572447,0.8842444445861772,3.628691212804131e-4,365,2023-08-02,2.7551842586620156e-4,houspa,House Sparrow
houspa,state,FRA-5276,Cantal,EU,Europe,resident,1.0883424012509977,7.741813387114104e-5,0.0010578087738934098,0.5744721968125298,2.292699197422182e-4,365,2023-07-12,1.5106741123407187e-4,houspa,House Sparrow
houspa,state,FRA-5277,Charente,EU,Europe,resident,4.508309480313673,3.3083355442058436e-4,0.0045203703456211854,0.9801023366785848,4.035228844841981e-4,365,2023-10-11,4.712891170357208e-4,houspa,House Sparrow
houspa,state,FRA-5278,Charente-Maritime,EU,Europe,resident,4.755282610021155,4.5741838094709864e-4,0.0062499720997063034,0.9229277867659036,4.980878138808818e-4,365,2023-09-20,6.618119522472596e-4,houspa,House Sparrow
houspa,state,FRA-5279,Cher,EU,Europe,resident,3.0325585587761417,2.7254419277128185e-4,0.00372392905862366,0.8399901167504118,4.235481880592219e-4,365,2023-07-26,4.2072669640085534e-4,houspa,House Sparrow
houspa,state,FRA-5280,Corrèze,EU,Europe,resident,1.7712754839371558,1.2854814428590704e-4,0.001756427701030354,0.8310943224698636,3.384004489008081e-4,365,2023-07-12,2.3645058084708747e-4,houspa,House Sparrow
houspa,state,FRA-5282,Côte-d'Or,EU,Europe,resident,1.3625251820394513,1.4746661226702724e-4,0.0020149216793579608,0.6806520278920732,4.1330934377912024e-4,365,2023-07-26,3.458513357882044e-4,houspa,House Sparrow
houspa,state,FRA-5283,Côtes-d'Armor,EU,Europe,resident,1.5211796650628242,1.457050002093006e-4,0.001990851754164966,0.8202429751301189,4.40795730513515e-4,365,2023-08-02,2.6871066464720595e-4,houspa,House Sparrow
houspa,state,FRA-5284,Creuse,EU,Europe,resident,3.393519138224459,2.3310295730378296e-4,0.0031850206292347596,0.9367892332871628,3.6102750183673247e-4,365,2023-10-04,3.1618422581582373e-4,houspa,House Sparrow
houspa,state,FRA-5285,Deux-Sèvres,EU,Europe,resident,5.098863744210387,3.823569134369202e-4,0.005224363822377627,0.9952281248233594,4.1871555617206126e-4,365,2023-08-30,5.723188917384855e-4,houspa,House Sparrow
houspa,state,FRA-5286,Dordogne,EU,Europe,resident,2.3838002248678354,2.7175292965399994e-4,0.00371311757265692,0.900451705716786,5.759247181917498e-4,365,2023-07-26,4.6886921957767474e-4,houspa,House Sparrow
houspa,state,FRA-5287,Doubs,EU,Europe,resident,0.6426449183112226,4.108482584190418e-5,5.613657560099027e-4,0.48735651374317185,1.7480669532475514e-4,365,2023-07-26,1.1099814127354436e-4,houspa,House Sparrow
houspa,state,FRA-5288,Drôme,EU,Europe,resident,0.95747696434777,7.687382709699558e-5,0.00105037159538509,0.4800411367706791,2.162367667201703e-4,365,2023-07-26,1.6041039820721857e-4,houspa,House Sparrow
houspa,state,FRA-5289,Essonne,EU,Europe,resident,1.813773955625526,4.0942022248577216e-5,5.594145478573501e-4,0.9569373361088672,1.211910485414814e-4,365,2023-07-12,9.76594322831753e-5,houspa,House Sparrow
houspa,state,FRA-5290,Eure,EU,Europe,resident,1.939005245414913,1.44321213424438e-4,0.001971944274366217,0.8766566722724887,3.660847563581285e-4,365,2023-07-26,3.0519241295658725e-4,houspa,House Sparrow
houspa,state,FRA-5291,Eure-et-Loir,EU,Europe,resident,2.9929437987842267,2.153856260708634e-4,0.002942938477534326,0.9738750040270708,3.932079494858903e-4,365,2023-07-26,4.5099826747350415e-4,houspa,House Sparrow
houspa,state,FRA-5292,Finistère,EU,Europe,resident,0.997445034431836,1.0517529771247022e-4,0.0014370709697327751,0.7278427732725029,4.30589332881941e-4,365,2023-08-02,2.1628345796567545e-4,houspa,House Sparrow
houspa,state,FRA-5293,Gard,EU,Europe,resident,2.5829956293990217,1.8809120363787223e-4,0.0025699989853989595,0.7876709942444584,3.218033659397221e-4,365,2023-07-26,2.9268096335553756e-4,houspa,House Sparrow
houspa,state,FRA-5294,Gers,EU,Europe,resident,6.931090761090571,5.35551204702187e-4,0.007317546095157631,1,4.3351120755472675e-4,365,2023-03-29,7.572219736156344e-4,houspa,House Sparrow
houspa,state,FRA-5295,Gironde,EU,Europe,resident,3.5375639325794856,4.742337102693175e-4,0.0064797296772081915,0.9422744899226284,7.087065936076426e-4,365,2023-06-21,7.208086383598175e-4,houspa,House Sparrow
houspa,state,FRA-5296,Haute-Rhin,EU,Europe,resident,0.9592990303631956,4.016638416766378e-5,5.488165558065249e-4,0.4143117042663996,9.732778719091472e-5,365,2023-07-26,7.622073484316935e-5,houspa,House Sparrow
houspa,state,FRA-5298,Haute-Garonne,EU,Europe,resident,6.307915370706673,4.935695070912751e-4,0.006743925861044541,0.8958668069169723,3.932844938491666e-4,365,2023-10-25,6.773017720963187e-4,houspa,House Sparrow
houspa,state,FRA-5299,Haute-Loire,EU,Europe,resident,1.2088769251553184,7.429588179441738e-5,0.0010151476365613929,0.6644589522993618,2.2911405183010625e-4,365,2023-07-12,1.4787682103171228e-4,houspa,House Sparrow
houspa,state,FRA-5300,Haute-Marne,EU,Europe,resident,1.056357023180986,8.219008605995243e-5,0.0011230107187287944,0.620543456201671,2.708830473130017e-4,365,2023-07-26,2.135722694103641e-4,houspa,House Sparrow
houspa,state,FRA-5301,Haute-Saône,EU,Europe,resident,0.5672068828183847,3.692938656742309e-5,5.04587583970213e-4,0.5254851560535848,1.9195170279840003e-4,365,2023-07-26,1.384711441410202e-4,houspa,House Sparrow
houspa,state,FRA-5302,Haute-Savoie,EU,Europe,resident,1.358957655906601,7.758336843140918e-5,0.0010600664693306695,0.42867106203556776,1.373054540800399e-4,365,2023-03-22,1.1514628554863362e-4,houspa,House Sparrow
houspa,state,FRA-5303,Haute-Vienne,EU,Europe,resident,3.510362999034501,2.3741154776632856e-4,0.003243891394603248,0.9361262618390436,3.5520997666030736e-4,365,2023-07-26,3.208607138863825e-4,houspa,House Sparrow
houspa,state,FRA-5304,Hautes-Alpes,EU,Europe,resident,0.35614962041207676,2.4234691426367497e-5,3.311326163722874e-4,0.16410955744180364,6.265270091995873e-5,365,2023-03-22,3.728585913224801e-5,houspa,House Sparrow
houspa,state,FRA-5305,Hautes-Pyrénées,EU,Europe,resident,1.7113786814192151,9.542169673687466e-5,0.001303801874068273,0.46566245254267025,1.4567101731746966e-4,365,2023-04-05,1.8530874422918132e-4,houspa,House Sparrow
houspa,state,FRA-5306,Hauts-de-Seine,EU,Europe,resident,1.2327543685276892,2.530050438225536e-6,3.456954356975891e-5,0.7671958877863296,8.83404913291109e-6,365,2023-07-12,7.686222802063099e-6,houspa,House Sparrow
houspa,state,FRA-5307,Hérault,EU,Europe,resident,3.189520363623597,2.5243021563337595e-4,0.0034491001467077194,0.7421429933140655,3.295372139261313e-4,365,2023-07-26,3.5195910819218605e-4,houspa,House Sparrow
houspa,state,FRA-5308,Ille-et-Vilaine,EU,Europe,resident,2.8580931284609785,2.424608699584971e-4,0.003312883206340545,0.903993238765572,4.302604039588366e-4,365,2023-07-26,3.59897703586584e-4,houspa,House Sparrow
houspa,state,FRA-5309,Indre,EU,Europe,resident,3.5342011607219144,3.015286790482685e-4,0.004119960871294602,0.916413848065198,4.3866190292334966e-4,365,2023-07-26,4.597613469099886e-4,houspa,House Sparrow
houspa,state,FRA-5310,Indre-et-Loire,EU,Europe,resident,2.9551881434427316,2.229579984066923e-4,0.003046404183764859,0.867677111989863,3.672797446684659e-4,365,2023-07-26,3.6027569450200887e-4,houspa,House Sparrow
houspa,state,FRA-5311,Isère,EU,Europe,resident,1.0135539895808665,9.862279367184188e-5,0.001347540314335094,0.5324356447908788,2.9066882195979597e-4,365,2023-07-26,2.0759441289534437e-4,houspa,House Sparrow
houspa,state,FRA-5312,Jura,EU,Europe,resident,0.4810236895805354,2.922158955950645e-5,3.992714920590528e-4,0.4306591001742739,1.4678170056985068e-4,365,2023-07-26,1.001728369931608e-4,houspa,House Sparrow
houspa,state,FRA-5313,Landes,EU,Europe,resident,2.3355547218884483,2.788071350756019e-4,0.0038095032644153543,0.9571103440050648,6.410276482299046e-4,365,2023-07-12,5.99874773203467e-4,houspa,House Sparrow
houspa,state,FRA-5314,Loir-et-Cher,EU,Europe,resident,1.7986025794341447,1.4055062586937738e-4,0.0019204245541270904,0.6665830500859706,2.922488111788008e-4,365,2023-07-26,2.925247550244892e-4,houspa,House Sparrow
houspa,state,FRA-5315,Loire,EU,Europe,resident,2.5694319373000005,1.5435257680712394e-4,0.0021090085985719675,0.8768337851777419,2.9552549702247763e-4,365,2023-07-26,2.516317307186847e-4,houspa,House Sparrow
houspa,state,FRA-5316,Loire-Atlantique,EU,Europe,resident,3.1204949914257885,2.773232875163508e-4,0.003789228596339414,0.9314965143438296,4.644564508627395e-4,365,2023-07-26,4.110468973130775e-4,houspa,House Sparrow
houspa,state,FRA-5317,Loiret,EU,Europe,resident,1.8144334586620572,1.4953351363037852e-4,0.002043162949039873,0.7777996024146018,3.596384558016406e-4,365,2023-07-26,3.221309244360158e-4,houspa,House Sparrow
houspa,state,FRA-5318,Lot,EU,Europe,resident,2.752680524788267,1.7258267856105455e-4,0.002358097030700475,0.9824348776987996,3.455779961694972e-4,365,2023-04-05,3.230754765763321e-4,houspa,House Sparrow
houspa,state,FRA-5319,Lot-et-Garonne,EU,Europe,resident,4.276132810122914,2.823920414002152e-4,0.003858485914527714,0.9762026983559978,3.616947345568069e-4,365,2023-03-29,4.5348480227544024e-4,houspa,House Sparrow
houspa,state,FRA-5320,Lozère,EU,Europe,resident,0.4367638089383616,2.7779967589687626e-5,3.795737766523488e-4,0.34759235674620204,1.240384193147967e-4,365,2023-06-28,6.801997755363164e-5,houspa,House Sparrow
houspa,state,FRA-5321,Maine-et-Loire,EU,Europe,resident,3.3896952884181046,3.046085239338567e-4,0.004162042574628197,0.9314086925436807,4.6959405940908913e-4,365,2023-07-26,4.679062252803902e-4,houspa,House Sparrow
houspa,state,FRA-5322,Manche,EU,Europe,resident,1.8962499558306296,1.6036048760600905e-4,0.0021910981612887283,0.8801861220957032,4.176160836191035e-4,365,2023-08-02,2.605345446437941e-4,houspa,House Sparrow
houspa,state,FRA-5323,Marne,EU,Europe,resident,1.3047087766450107,1.2976376188887786e-4,0.0017730373879579948,0.8150594528277475,4.548100441390768e-4,365,2023-07-26,3.3387708834191647e-4,houspa,House Sparrow
houspa,state,FRA-5324,Mayenne,EU,Europe,resident,3.0783110603026635,1.9810843445734787e-4,0.0027068702082134214,0.9422378832028004,3.4021381082571995e-4,365,2023-07-26,3.2004716314959584e-4,houspa,House Sparrow
houspa,state,FRA-5325,Meurthe-et-Moselle,EU,Europe,resident,1.0242888914099662,6.571274339739678e-5,8.978712485897852e-4,0.6723965189509542,2.4202125428125475e-4,365,2023-07-26,1.7838590665844082e-4,houspa,House Sparrow
houspa,state,FRA-5326,Meuse,EU,Europe,resident,1.0675133240678016,8.144464120674326e-5,0.001112825274224399,0.6228703619363748,2.666169717984162e-4,365,2023-07-26,1.9617523637081096e-4,houspa,House Sparrow
houspa,state,FRA-5327,Morbihan,EU,Europe,resident,1.6848606152498955,1.627652015962672e-4,0.0022239551604232364,0.8074731585741284,4.37649656327287e-4,365,2023-07-19,2.6769803089641707e-4,houspa,House Sparrow
houspa,state,FRA-5328,Moselle,EU,Europe,resident,0.9565852707073738,7.178153143138978e-5,9.807926122065095e-4,0.6943622950345696,2.923318097479755e-4,365,2023-07-26,1.8458813233346012e-4,houspa,House Sparrow
houspa,state,FRA-5329,Nièvre,EU,Europe,resident,1.9639837121588488,1.6596655742945007e-4,0.002267697138166231,0.7798709418902915,3.6974844633307286e-4,365,2023-07-26,3.037204509363826e-4,houspa,House Sparrow
houspa,state,FRA-5330,Nord,EU,Europe,resident,1.1376799449801709,7.93797609121638e-5,0.0010846116195749426,0.7438446880505766,2.911875920749677e-4,365,2023-06-21,1.6488508370588915e-4,houspa,House Sparrow
houspa,state,FRA-5331,Oise,EU,Europe,resident,1.4738557334471332,1.0776298741684455e-4,0.001472428071958423,0.8636804208975631,3.5429794781620405e-4,365,2023-07-26,2.486728350196229e-4,houspa,House Sparrow
houspa,state,FRA-5332,Orne,EU,Europe,resident,2.3750074011776663,1.8005566326984918e-4,0.002460204746255745,0.8506608380883933,3.618255017975957e-4,365,2023-07-26,3.431385245939569e-4,houspa,House Sparrow
houspa,state,FRA-5333,Paris,EU,Europe,resident,2.510130059376505,3.987138331752613e-6,5.447857884400443e-5,0.9007826000735504,8.027604775759487e-6,365,2023-03-29,8.720105889797854e-6,houspa,House Sparrow
houspa,state,FRA-5334,Pas-de-Calais,EU,Europe,resident,1.2281240507251334,1.0602313556131156e-4,0.0014486554690031409,0.8318806272349276,4.0292139911162313e-4,365,2023-06-21,2.243585877725561e-4,houspa,House Sparrow
houspa,state,FRA-5335,Puy-de-Dôme,EU,Europe,resident,2.189394160110231,2.1330777120306705e-4,0.002914547543781124,0.8115916890330466,4.436303284394621e-4,365,2023-07-26,3.440635917729418e-4,houspa,House Sparrow
houspa,state,FRA-5336,Pyrénées-Atlantiques,EU,Europe,resident,2.283495015278434,2.2390849978110117e-4,0.003059391434208288,0.6430441771298504,3.5376286077152126e-4,365,2023-06-21,3.714888411785729e-4,houspa,House Sparrow
houspa,state,FRA-5337,Pyrénées-Orientales,EU,Europe,resident,2.7259937737842055,1.4730463517280504e-4,0.0020127084925647583,0.41734629947398,1.265286969107966e-4,365,2023-07-26,1.8280656679995336e-4,houspa,House Sparrow
houspa,state,FRA-5338,Rhône,EU,Europe,resident,2.5276163814578037,1.0169298721389908e-4,0.001389490145775679,0.9511011461298098,2.1468784842366368e-4,365,2023-07-26,1.9400822491062047e-4,houspa,House Sparrow
houspa,state,FRA-5339,Saône-et-Loire,EU,Europe,resident,1.996222587542511,2.1302885314928584e-4,0.0029107365249702324,0.8576251734139044,5.134851628221135e-4,365,2023-07-26,3.9642727137608727e-4,houspa,House Sparrow
houspa,state,FRA-5340,Sarthe,EU,Europe,resident,2.8507790310168777,2.188917518330602e-4,0.002990844703222982,0.9058678418007984,3.90239834630228e-4,365,2023-07-26,3.619800254435017e-4,houspa,House Sparrow
houspa,state,FRA-5341,Savoie,EU,Europe,resident,0.2634916275516034,1.9946333409476963e-5,2.7253829861963587e-4,0.1412404167000947,5.998686412331426e-5,365,2023-07-26,3.6826366065040235e-5,houspa,House Sparrow
houspa,state,FRA-5342,Seien-et-Marne,EU,Europe,resident,1.6469373597422725,1.1922403765614752e-4,0.0016290270352109736,0.8441272298337128,3.4284322308345124e-4,365,2023-07-26,2.560871504481776e-4,houspa,House Sparrow
houspa,state,FRA-5343,Seine-Maritime,EU,Europe,resident,1.623808831381915,1.3215207274345388e-4,0.0018056702615552893,0.8429521845717937,3.848955905267244e-4,365,2023-07-12,2.5256462274974873e-4,houspa,House Sparrow
houspa,state,FRA-5344,Seine-Saint-Denis,EU,Europe,resident,1.7887810637319188,5.1356310221945445e-6,7.01710992388262e-5,1,1.6107848635344695e-5,365,2023-07-12,1.534690672958854e-5,houspa,House Sparrow
houspa,state,FRA-5345,Somme,EU,Europe,resident,1.5192102721408502,1.1888089920661104e-4,0.0016243385359611202,0.897862273498419,3.941893004185258e-4,365,2023-07-26,2.474467915381768e-4,houspa,House Sparrow
houspa,state,FRA-5346,Tarn,EU,Europe,resident,3.9629350853413783,2.842679744447154e-4,0.0038841178735337504,0.8780439550862378,3.533687570332519e-4,365,2023-03-29,4.065300220412646e-4,houspa,House Sparrow
houspa,state,FRA-5347,Tarn-et-Garonne,EU,Europe,resident,5.321001784863961,2.419472924809936e-4,0.0033058658999988357,1,2.551104665146714e-4,365,2023-03-29,3.845709125710157e-4,houspa,House Sparrow
houspa,state,FRA-5348,Territoire de Belfort,EU,Europe,resident,0.8851665949503748,7.156379265251549e-6,9.778175212401809e-5,0.5434462905557007,2.4650508167517244e-5,365,2023-07-26,2.182625442969207e-5,houspa,House Sparrow
houspa,state,FRA-5349,Val-d'Oise,EU,Europe,resident,2.1153447174077855,3.489430287674546e-5,4.76781057566602e-4,0.955803076287425,8.845914046273725e-5,365,2023-07-12,7.166164740264558e-5,houspa,House Sparrow
houspa,state,FRA-5350,Val-de-Marne,EU,Europe,resident,1.9306008799884664,5.581659700503833e-6,7.626544723885625e-5,0.947116641847204,1.5362971966615743e-5,365,2023-07-12,1.4483860663720776e-5,houspa,House Sparrow
houspa,state,FRA-5351,Var,EU,Europe,resident,0.38707248067894245,3.253510610450135e-5,4.445459865278889e-4,0.42655010655261943,2.011550321375258e-4,365,2023-06-07,7.543225803322064e-5,houspa,House Sparrow
houspa,state,FRA-5352,Vaucluse,EU,Europe,resident,2.0630663991864195,8.797898410148969e-5,0.0012021077833739438,0.769413196743249,1.8408834061879587e-4,365,2023-07-26,1.4690113407178737e-4,houspa,House Sparrow
houspa,state,FRA-5353,Vendée,EU,Europe,resident,4.171414199791237,3.8006672322372616e-4,0.005193071627897276,0.9199570719069504,4.7026754641513527e-4,365,2023-08-30,5.94535705186624e-4,houspa,House Sparrow
houspa,state,FRA-5354,Vienne,EU,Europe,resident,4.122755622690608,3.535076386519587e-4,0.004830179482584725,0.9583253002607026,4.610256393927182e-4,365,2023-08-30,5.171984524166547e-4,houspa,House Sparrow
houspa,state,FRA-5355,Vosges,EU,Europe,resident,0.4776899106636838,3.515246942838567e-5,4.8030853659245096e-4,0.41905411529927594,1.7301382022030532e-4,365,2023-07-26,1.0976114577545392e-4,houspa,House Sparrow
houspa,state,FRA-5356,Yonne,EU,Europe,resident,1.9740159611779813,1.815554012351185e-4,0.002480696534146725,0.828583246120339,4.27558531168985e-4,365,2023-07-26,3.890635735364844e-4,houspa,House Sparrow
houspa,state,FRA-5357,Yvelines,EU,Europe,resident,1.6895578910574154,4.691118840476645e-5,6.409747200949596e-4,0.857133813716932,1.3352202227002484e-4,365,2023-07-12,1.0767524681002876e-4,houspa,House Sparrow
houspa,state,FRO-1443,Eysturoyar,EU,Europe,resident,0.5494750500797001,2.216135981156855e-5,3.028034864429173e-4,0.32054794520547947,7.253411893363686e-5,365,2023-10-11,3.669691368955314e-5,houspa,House Sparrow
houspa,state,GAB-2168,Estuaire,AF,Africa,resident,0.0033649554026506396,8.773702213400631e-7,2.617847006555459e-5,0.02373231001853698,3.471718513062961e-5,365,2023-11-01,1.9255110885604254e-6,houspa,House Sparrow
houspa,state,GAB-2621,Moyen-Ogooué,AF,Africa,resident,1.1692384496574436e-4,2.558220632617938e-8,7.633072176735704e-7,0.003518592962824327,4.31921530834609e-6,365,2023-10-04,2.270162091431766e-7,houspa,House Sparrow
houspa,state,GAB-2622,Ngounié,AF,Africa,resident,2.4601643927363745e-5,1.1307197055700149e-8,3.373776684554736e-7,4.808335097876241e-4,1.2398994689510574e-6,0,2023-10-04,1.0780233664095216e-7,houspa,House Sparrow
houspa,state,GAB-2624,Ogooué-Maritime,AF,Africa,resident,0.008452040853543627,2.5106604196613604e-6,7.491164737787807e-5,0.03981499872937175,6.635505442186419e-5,365,2023-11-01,4.929247629782927e-6,houspa,House Sparrow
houspa,state,GEO-3015,Abkhazia,AS,Asia,resident,0.5388970572339536,6.075211156726859e-5,7.479939075690803e-5,0.260256252718129,1.6461054496323324e-4,365,2023-08-02,1.5904561675980593e-4,houspa,House Sparrow
houspa,state,GEO-3027,Ajaria,AS,Asia,resident,0.4226839274759717,1.5971313441149297e-5,1.966424679186332e-5,0.1108616754841538,2.350213149139121e-5,365,2023-08-02,2.8502375847195925e-5,houspa,House Sparrow
houspa,state,GEO-3028,Guria,AS,Asia,resident,0.6701803054610231,1.6343786087641367e-5,2.0122843642449663e-5,0.3268723069101176,4.472393952196086e-5,365,2023-08-02,4.4735854413681256e-5,houspa,House Sparrow
houspa,state,GEO-3029,Samegrelo-Zemo Svaneti,AS,Asia,resident,0.5890919950016781,5.570589842191341e-5,6.858637759300956e-5,0.31769877382896766,1.6855223488580252e-4,365,2023-08-02,1.6737196118020344e-4,houspa,House Sparrow
houspa,state,GEO-3030,Imereti,AS,Asia,resident,0.7606158102529232,5.814089489339677e-5,7.158440100097792e-5,0.3132484472685427,1.343402665252589e-4,365,2023-08-02,1.2836229221935635e-4,houspa,House Sparrow
houspa,state,GEO-3033,Kakheti,AS,Asia,resident,0.5040327303600342,6.92847748997767e-5,8.530500121785009e-5,0.22551353170649704,1.739212277891956e-4,365,2023-08-02,1.6602275575728403e-4,houspa,House Sparrow
houspa,state,GEO-3034,Mtskheta-Mtianeti,AS,Asia,resident,0.28659470919898156,2.4490295632088895e-5,3.0153012718059432e-5,0.0890612904687457,4.26988086385766e-5,365,2023-08-02,5.3376995432033546e-5,houspa,House Sparrow
houspa,state,GEO-3035,Racha-Lechkhumi-Kvemo Svaneti,AS,Asia,resident,2.0496908529020103e-4,1.2997841301920628e-8,1.6003239812695632e-8,0.0017424996364560604,6.199497344755287e-7,365,2023-07-26,2.930420833793421e-7,houspa,House Sparrow
houspa,state,GEO-3036,Tbilisi,AS,Asia,resident,7.439694955809173,2.145217696551525e-5,2.6412411454261816e-5,0.937321967761858,1.5163726850171695e-5,365,2023-11-08,4.228985351535366e-5,houspa,House Sparrow
houspa,state,GEO-3037,Kvemo Kartli,AS,Asia,resident,1.3757941456826157,1.084157497541502e-4,1.334839534109783e-4,0.3874407235721427,1.7129516418406708e-4,365,2023-08-02,2.106158348095793e-4,houspa,House Sparrow
houspa,state,GEO-3038,Samtskhe-Javakheti,AS,Asia,resident,0.07431766478455575,5.959756485413212e-6,7.337788640890894e-6,0.09420844979635085,4.238646836561387e-5,365,2023-06-28,2.5236514304687644e-5,houspa,House Sparrow
houspa,state,GEO-3039,Shida Kartli,AS,Asia,resident,1.1080569082953715,7.812843369417638e-5,9.61935164121016e-5,0.2841199570561237,1.1239570283767848e-4,365,2023-08-02,1.5393017372118922e-4,houspa,House Sparrow
houspa,state,GGY-001,Sark,EU,Europe,resident,0.9464343999113356,5.124389828050744e-6,7.001750429666262e-5,0.2653061224489796,8.059346548181873e-6,365,2023-12-27,6.941688739466142e-6,houspa,House Sparrow
houspa,state,GHA-2158,Ashanti,AF,Africa,resident,9.1330760768462e-4,2.791481830741494e-7,8.32906357740191e-6,0.011248228766294152,1.92886923251151e-5,365,2023-06-21,7.018775032255647e-7,houspa,House Sparrow
houspa,state,GHA-2160,Central,AF,Africa,resident,0.005992579920870022,7.520187937180826e-7,2.2438305975343624e-5,0.03245935188544736,2.2853652450542073e-5,365,2023-02-01,1.0820233085060846e-6,houspa,House Sparrow
houspa,state,GHA-2161,Eastern,AF,Africa,resident,7.53270952168021e-5,1.69686766029663e-8,5.0630165202593e-7,9.810447241072108e-4,1.2398994689510574e-6,0,2023-06-07,3.3873444312734455e-8,houspa,House Sparrow
houspa,state,GHA-2162,Western,AF,Africa,resident,0.00573655419719255,1.801086414529717e-6,5.3739784690012086e-05,0.030275165202238948,5.332991433357425e-5,365,2023-03-22,2.3443237624070236e-6,houspa,House Sparrow
houspa,state,GIB-001,Gibraltar,EU,Europe,resident,0.4897113942043856,2.2274167074065285e-7,3.0434483736499665e-6,0.1237043307423278,3.156800109982286e-7,365,2023-03-29,9.00623954588518e-7,houspa,House Sparrow
houspa,state,GLP-4603,Guadeloupe,NA,North America,resident,0.003572456394954596,1.278991063522153e-7,2.635053099423247e-6,0.012345679012345678,2.479798937902115e-6,365,2023-03-22,1.7783845611929378e-7,houspa,House Sparrow
houspa,state,GMB-2153,Banjul,AF,Africa,resident,0.5587819737138411,2.08399765108456e-6,6.21811281015175e-5,0.4133757088208581,8.649693238028405e-6,365,2023-12-27,4.594752897905272e-6,houspa,House Sparrow
houspa,state,GMB-5512,West Coast,AF,Africa,resident,0.0121819822686223,2.864545342874355e-7,8.547066299483476e-6,0.023720056786466215,3.129351717006642e-6,365,2023-12-27,8.88121962387889e-7,houspa,House Sparrow
houspa,state,GMB-5513,North Bank,AF,Africa,resident,0.010275322478240654,3.04109167160554e-7,9.0738351217503e-6,0.011200638140711525,1.8598492034265864e-6,365,2023-01-04,9.05519423946678e-7,houspa,House Sparrow
houspa,state,GNB-769,Bissau,AF,Africa,resident,0.0686373110999928,1.567464795711122e-7,4.676911665711731e-6,0.193543245967032,2.479798937902115e-6,365,2023-12-27,8.650698859666406e-7,houspa,House Sparrow
houspa,state,GRC-2883,Ionioi Nisoi,EU,Europe,resident,3.719736936392078,2.250790855639137e-4,0.0030753858253119923,0.5288574215620134,1.795405011859099e-4,365,2023-09-27,2.813141260651907e-4,houspa,House Sparrow
houspa,state,GRC-2884,Attiki,EU,Europe,resident,5.432658104030696,4.227727736211654e-4,0.005776589113399276,0.6475177076016381,2.827139259310764e-4,365,2023-09-20,5.784183139576834e-4,houspa,House Sparrow
houspa,state,GRC-2885,Peloponnisos,EU,Europe,resident,3.158388991597695,7.214665229193409e-4,0.009857814698617216,0.5902528438621919,7.564662733372219e-4,365,2023-07-05,0.001034351871934638,houspa,House Sparrow
houspa,state,GRC-2886,Dytiki Ellada,EU,Europe,resident,4.646339553353433,7.256733428869606e-4,0.0099152949148072,0.7201769807572426,6.310595972392154e-4,365,2023-07-05,0.0011603964985439023,houspa,House Sparrow
houspa,state,GRC-2892,Dytiki Makedonia,EU,Europe,resident,1.2600691720652883,1.5027899782610234e-4,0.0020533489311038173,0.5092517001181399,3.4075113119736545e-4,365,2023-07-05,4.614897461766813e-4,houspa,House Sparrow
houspa,state,GRC-2900,Thessalia,EU,Europe,resident,3.856006325823613,7.53883153770222e-4,0.010300741889179586,0.5555652565592422,6.093997819066274e-4,365,2023-10-11,0.002204162172657035,houspa,House Sparrow
houspa,state,GRC-2949,Ipeiros,EU,Europe,resident,2.296833648908081,2.641890544901936e-4,0.0036097679682060265,0.6368923900375763,4.110098720634952e-4,365,2023-07-05,5.560690681381381e-4,houspa,House Sparrow
houspa,state,GRC-2988,Voreio Aigaio,EU,Europe,resident,2.834834885126869,2.4213793017270868e-4,0.00330847069312478,0.4204398447606727,2.0148366370454683e-4,365,2023-09-20,4.190730721586189e-4,houspa,House Sparrow
houspa,state,GRC-2989,Stereá Elláda,EU,Europe,resident,5.689585287004523,0.0013089624972930794,0.0178851122482325,0.5571323951958541,7.191275364887186e-4,365,2023-09-27,0.0026036712600787017,houspa,House Sparrow
houspa,state,GRC-2991,Kentriki Makedonia,EU,Europe,resident,3.6359349173987185,9.43477457558636e-4,0.01289127860195299,0.6251356397275888,9.101031165124416e-4,365,2023-07-05,0.0017682321650616714,houspa,House Sparrow
houspa,state,GRC-2992,Ayion Oros,EU,Europe,resident,0.03503311981338298,3.0531654571974533e-7,4.1717166861027425e-6,0.007395505556649195,3.61609897278267e-7,365,2023-09-06,1.2340473443969088e-6,houspa,House Sparrow
houspa,state,GRC-3001,Anatoliki Makedonia kai Thraki,EU,Europe,resident,2.3999994981744446,4.5355753715530314e-4,0.006197219156262964,0.4511453651468631,4.783421514480637e-4,365,2023-09-20,8.324370460770068e-4,houspa,House Sparrow
houspa,state,GRC-3013,Notio Aigaio,EU,Europe,resident,4.089065490689399,6.899516643507671e-4,0.009427208944707742,0.4296005239030779,4.066870258159469e-4,365,2023-09-20,8.45943732889443e-4,houspa,House Sparrow
houspa,state,GTM-1942,Baja Verapaz,NA,North America,resident,0.005964324611852545,2.10862777422692e-7,4.344319761472945e-6,0.021429583127314328,4.250629855207287e-6,365,2023-03-15,6.497168804702972e-7,houspa,House Sparrow
houspa,state,GTM-1943,Huehuetenango,NA,North America,resident,0.053614783291953634,4.800619400354931e-6,9.890520263074164e-5,0.06670911857900869,3.351188356315071e-5,365,2023-03-15,9.196902727919072e-6,houspa,House Sparrow
houspa,state,GTM-1944,Petén,NA,North America,resident,2.1341035285498552e-4,9.448394544638853e-8,1.9466141742117863e-6,0.001497491194482818,3.719698406853172e-6,365,2023-03-01,2.0636436762876218e-7,houspa,House Sparrow
houspa,state,GTM-1945,Quezaltenango,NA,North America,resident,0.33764512592123774,7.93902517852853e-6,1.6356449626372583e-4,0.26736501869315976,3.5270546935786855e-5,365,2023-03-22,1.3586035229076565e-5,houspa,House Sparrow
houspa,state,GTM-1947,San Marcos,NA,North America,resident,0.10263648129450494,4.607916793529995e-6,9.493502945390465e-5,0.16439874800519355,4.140972005736324e-5,365,2023-03-22,9.794972716199354e-6,houspa,House Sparrow
houspa,state,GTM-1948,Alta Verapaz,NA,North America,resident,8.443303016997222e-4,1.0276401950157617e-7,2.117205161317603e-6,0.002723630010388241,1.8598492034265864e-6,365,2023-03-29,2.579267612719158e-7,houspa,House Sparrow
houspa,state,GTM-1949,Chimaltenango,NA,North America,resident,0.295757118004746,6.292125469014457e-6,1.296340935598673e-4,0.2497186138299408,2.9806707043503375e-5,365,2023-01-11,1.1470945792962554e-5,houspa,House Sparrow
houspa,state,GTM-1950,Escuintla,NA,North America,resident,9.732851579945766e-4,6.081860533061069e-8,1.2530209088223946e-6,0.00516075132459487,1.8092984198969944e-6,365,2023-04-26,2.872000190556124e-7,houspa,House Sparrow
houspa,state,GTM-1951,Guatemala,NA,North America,resident,0.2471583916050935,6.698773491023548e-6,1.3801209682611786e-4,0.2462298287675054,3.744221310781017e-5,365,2023-04-05,1.02887360612303e-5,houspa,House Sparrow
houspa,state,GTM-1953,Sacatepéquez,NA,North America,resident,0.41505229361582985,3.480720479547937e-6,7.171186374516757e-5,0.41929279816214376,1.9728072187002908e-5,365,2023-03-15,6.97022797438119e-6,houspa,House Sparrow
houspa,state,GTM-1954,Sololá,NA,North America,resident,0.3342893287955621,4.635944586740329e-6,9.55124746407811e-5,0.3280946733714779,2.552794277794837e-5,365,2023-01-25,8.34806288316441e-6,houspa,House Sparrow
houspa,state,GTM-1955,Totonicapán,NA,North America,resident,0.31151987127043135,4.986286619056127e-6,1.02730428576829e-4,0.2987137256326034,2.6825484688104855e-5,365,2023-03-22,1.0182223442949453e-5,houspa,House Sparrow
houspa,state,GTM-1956,El Progreso,NA,North America,resident,0.045145599329224705,1.0638000328656107e-6,2.1917037997510032e-5,0.09287749877698633,1.227880218423825e-5,365,2023-03-08,1.949067442315133e-6,houspa,House Sparrow
houspa,state,GTM-1957,Santa Rosa,NA,North America,resident,0.0021653856308626695,8.531894329156204e-8,1.7577913745607089e-6,0.008413304367365974,1.8598492034265864e-6,365,2023-05-10,2.014798562411973e-7,houspa,House Sparrow
houspa,state,GTM-1959,Izabal,NA,North America,resident,1.0474040527535228e-4,1.1147821030398084e-8,2.2967400786266186e-7,0.0020763942669495988,1.2398994689510574e-6,0,2023-01-04,7.740338180477778e-8,houspa,House Sparrow
houspa,state,GTM-1960,Chiquimula,NA,North America,resident,0.02266911024209805,6.607613866331233e-7,1.3613397227592563e-5,0.04547705883342727,7.437097343707735e-6,365,2023-01-25,1.009813719567118e-6,houspa,House Sparrow
houspa,state,GTM-1961,Jalapa,NA,North America,resident,0.023731836611884834,5.79218653272457e-7,1.1933405565369774e-5,0.04923709004577918,6.742244268426642e-6,365,2023-02-22,1.020512784897175e-6,houspa,House Sparrow
houspa,state,GTM-1962,Jutiapa,NA,North America,resident,0.023312202426271487,9.61018523830626e-7,1.979947250647215e-5,0.045889986875295,1.0613712070139372e-5,365,2023-01-25,1.726435463744455e-6,houspa,House Sparrow
houspa,state,GTM-1963,Zacapa,NA,North America,resident,0.03602914073833114,1.1403804488554371e-6,2.3494793059796428e-5,0.0809846026729643,1.4381335868208096e-5,365,2023-01-25,2.4563300314371836e-6,houspa,House Sparrow
houspa,state,GTM-3467,Quiché,NA,North America,resident,0.02401157144794588,2.0794463921791137e-6,4.284198550775218e-5,0.03473266697139308,1.6875870825462173e-5,365,2023-03-22,4.451980910820545e-6,houspa,House Sparrow
houspa,state,GUF-2000,Guyane française,SA,South America,resident,8.177455855845937e-4,8.500925396618781e-7,4.694951844209894e-5,0.0010697700003253765,6.2393496840205955e-6,365,2023-04-05,1.2713045356884123e-6,houspa,House Sparrow
houspa,state,GUY-677,East Berbice-Corentyne,SA,South America,resident,4.937708912966656e-4,1.3399308728974313e-8,7.400266005540714e-7,0.0059219797110072105,9.01622497883872e-7,365,2023-04-05,5.75656819104021e-8,houspa,House Sparrow
houspa,state,GUY-678,Demerara-Mahaica,SA,South America,resident,2.9473395190619166e-4,1.3812281738241156e-8,7.628345691105003e-7,0.0012865784038282898,3.382769710671856e-7,365,2023-09-27,3.5130468095398927e-8,houspa,House Sparrow
houspa,state,HND-637,Atlántida,NA,North America,resident,7.583943965602237e-6,4.5947926973771406e-10,9.466463905610568e-9,0.0018238316862932377,6.199497344755287e-7,365,2023-03-22,2.8346951857820044e-8,houspa,House Sparrow
houspa,state,HND-639,Francisco Morazán,NA,North America,resident,0.037407215486801454,3.944138736568221e-6,8.125948099847193e-5,0.03404666713531565,2.0140596155832165e-5,365,2023-12-13,5.606904102630333e-6,houspa,House Sparrow
houspa,state,HND-642,Olancho,NA,North America,resident,0.015465169408220776,4.536817619553035e-6,9.347020218420908e-5,0.015066726867195653,2.479798937902115e-5,365,2023-01-25,6.396228413486363e-6,houspa,House Sparrow
houspa,state,HND-643,Yoro,NA,North America,resident,0.011611252089909287,1.1075137458025097e-6,2.2817653787932075e-5,0.0184216587244004,9.858247528011893e-6,365,2023-03-08,1.7753878731578977e-6,houspa,House Sparrow
houspa,state,HND-645,Valle,NA,North America,resident,0.0997326932608407,2.397384764159606e-6,4.9392340052104054e-5,0.10881063839535916,1.4674809328926534e-5,365,2023-01-25,3.653836244543248e-6,houspa,House Sparrow
houspa,state,HND-646,Comayagua,NA,North America,resident,0.10056433498783576,6.300124834925031e-6,1.297989012316115e-4,0.054585028730197785,1.9185787377590777e-5,365,2023-12-13,1.1098267166042134e-5,houspa,House Sparrow
houspa,state,HND-647,Cortés,NA,North America,resident,0.041411439480275786,2.128216362579153e-6,4.384677330750038e-5,0.07757047015955351,2.236623015797984e-5,365,2023-03-01,3.202351702477322e-6,houspa,House Sparrow
houspa,state,HND-648,Intibucá,NA,North America,resident,0.0017229067586434525,6.638871345477046e-8,1.3677795736426945e-6,0.0057352596068735735,1.2398994689510574e-6,365,2023-12-27,1.416309949582186e-7,houspa,House Sparrow
houspa,state,HND-649,La Paz,NA,North America,resident,0.06132115087041445,1.9591132116978736e-6,4.036281009180091e-5,0.02616538325440215,4.6900476143396e-6,365,2023-10-25,4.4731742081642205e-6,houspa,House Sparrow
houspa,state,HND-650,Santa Bárbara,NA,North America,resident,0.0015707012046033489,9.805286012429205e-8,2.0201430670383613e-6,0.0071171104599082385,2.492707444637878e-6,365,2023-03-08,3.518821654244159e-7,houspa,House Sparrow
houspa,state,HND-651,Copán,NA,North America,resident,0.005927670205062133,2.3894022047159e-7,4.922787863713886e-6,0.01370630338386996,3.099748672377644e-6,365,2023-02-22,4.322517432884912e-7,houspa,House Sparrow
houspa,state,HND-652,Lempira,NA,North America,resident,6.911182216096649e-4,3.6445248730571846e-8,7.508665882486918e-7,0.002095400234619185,6.199497344755287e-7,365,2023-01-04,1.0394595873207369e-7,houspa,House Sparrow
houspa,state,HND-653,Ocotepeque,NA,North America,resident,0.011345868759143396,2.34011228140872e-7,4.821237845980968e-6,0.01423735401628962,1.647514096989086e-6,365,2023-02-08,3.621701365831872e-7,houspa,House Sparrow
houspa,state,HND-661,Choluteca,NA,North America,resident,0.13494018377902306,7.820326942244654e-6,1.6111900493594007e-4,0.10001567970179492,3.252015585942937e-5,365,2023-12-27,1.0736690347703169e-5,houspa,House Sparrow
houspa,state,HND-662,El Paraíso,NA,North America,resident,0.03461529672838725,3.2409841430695073e-6,6.677267382821693e-5,0.02242334076185886,1.1779044955035046e-5,365,2023-12-13,4.6824355660410615e-6,houspa,House Sparrow
houspa,state,HRV-1490,Dubrovacko-Neretvanska,EU,Europe,resident,0.7159390415769565,2.804841999090392e-5,3.832417971945645e-4,0.3582290995946814,7.873976827349947e-5,365,2023-07-19,6.691303883973231e-5,houspa,House Sparrow
houspa,state,HRV-1491,Šibensko-Kninska,EU,Europe,resident,0.5680890607538026,1.867053515814452e-5,2.551063286599415e-4,0.4756315964953712,8.770249576568403e-5,365,2023-07-19,5.14872696971926e-5,houspa,House Sparrow
houspa,state,HRV-1492,Splitsko-Dalmatinska,EU,Europe,resident,0.71822360182048,5.357945319823494e-5,7.32087081662808e-4,0.493835691541508,2.0669120378527008e-4,365,2023-07-19,1.2573833512987654e-4,houspa,House Sparrow
houspa,state,HRV-1493,Zadarska,EU,Europe,resident,0.24611276356310305,2.333557068410004e-5,3.188474092457099e-4,0.22853030112687164,1.2157072205168928e-4,365,2023-07-12,7.222068965790368e-5,houspa,House Sparrow
houspa,state,HRV-1582,Krapinsko-Zagorska,EU,Europe,resident,1.267797327078352,1.9833024130017677e-5,2.70990088349222e-4,0.7206642020951763,6.325181225662209e-5,365,2023-07-12,4.2093794470178066e-5,houspa,House Sparrow
houspa,state,HRV-1583,Karlovacka,EU,Europe,resident,0.41956271317968685,1.696924701462832e-5,2.3186064402321696e-4,0.22831989751899937,5.1809614670294906e-5,365,2023-07-12,3.917377760007608e-5,houspa,House Sparrow
houspa,state,HRV-1584,Licko-Senjska,EU,Europe,resident,0.15990250300640566,8.944444444739969e-6,1.2221312163112022e-4,0.11888018875034852,3.7308561986821184e-5,365,2023-07-12,2.2595080795260157e-5,houspa,House Sparrow
houspa,state,HRV-1586,Primorsko-Goranska,EU,Europe,resident,0.2846802194085115,1.8252218013803503e-5,2.4939061938838395e-4,0.12971361960007796,4.6660012311150895e-5,365,2023-07-12,3.183253606010826e-5,houspa,House Sparrow
houspa,state,HRV-1587,Sisacko-Moslavacka,EU,Europe,resident,0.929387948136357,5.778558339299543e-5,7.895578730869628e-4,0.3176976062262772,1.1082489368173632e-4,365,2023-07-12,1.3450853711478457e-4,houspa,House Sparrow
houspa,state,HRV-1588,Zagrebacka,EU,Europe,resident,1.92935439241334,6.346776395309423e-5,8.671967950134918e-4,0.640601040053393,1.1823055934701704e-4,365,2023-10-04,1.3398909800674895e-4,houspa,House Sparrow
houspa,state,HRV-1589,Grad Zagreb,EU,Europe,resident,3.871891836194724,3.3482809406891225e-5,4.5749500529375543e-4,0.7895424176086567,3.830672786524688e-5,365,2023-09-20,5.8877960941968554e-5,houspa,House Sparrow
houspa,state,HRV-1592,Istarska,EU,Europe,resident,1.0752009075492726,4.557943822050099e-5,6.227782464897582e-4,0.5683053549773474,1.3516430297271835e-4,365,2023-07-12,8.625066466242156e-5,houspa,House Sparrow
houspa,state,HRV-1602,Brodsko-Posavska,EU,Europe,resident,0.420215609932553,2.1852862606319897e-5,2.985883105646562e-4,0.2557080658374444,7.460732970125577e-5,365,2023-07-12,8.318109388483352e-5,houspa,House Sparrow
houspa,state,HRV-1603,Osjecko-Baranjska,EU,Europe,resident,0.3892543052563387,1.7117301984031503e-5,2.338836047666764e-4,0.24991381080597624,6.165851485674328e-5,365,2023-07-12,6.001225930568701e-5,houspa,House Sparrow
houspa,state,HRV-1605,Vukovarsko-Srijemska,EU,Europe,resident,0.6253036203947641,1.8028779135809175e-5,2.463376446684727e-4,0.3563545390299713,5.7644594064036765e-5,365,2023-07-12,6.657329268743055e-5,houspa,House Sparrow
houspa,state,HRV-1606,Viroviticko-Podravska,EU,Europe,resident,0.1552280450257134,3.977581311946075e-6,5.434799575063698e-5,0.12303438915231842,1.7687901497359356e-5,365,2023-06-21,1.2503774227467345e-5,houspa,House Sparrow
houspa,state,HRV-1607,Bjelovarsko-bilogorska,EU,Europe,resident,0.3153117909574563,1.0346491535704284e-5,1.4137010256148378e-4,0.3355134189773784,6.176802356760456e-5,365,2023-06-21,3.8003368820808755e-5,houspa,House Sparrow
houspa,state,HRV-1608,Koprivničko-Križevačka,EU,Europe,resident,0.5477308918355852,1.125832917271154e-5,1.538290679816263e-4,0.4763608781248657,5.4934314436618005e-5,365,2023-06-21,3.9350383521468314e-5,houspa,House Sparrow
houspa,state,HRV-1609,Medimurska,EU,Europe,resident,1.0866670946754384,1.0810662682917589e-5,1.477123416152907e-4,0.6670844704081947,3.723381578400573e-5,365,2023-06-21,2.5680234892811373e-5,houspa,House Sparrow
houspa,state,HRV-1610,Varaždinska,EU,Europe,resident,1.0131299750509586,1.4803024353297411e-5,2.022622899583078e-4,0.5641971640163664,4.625057140868304e-5,365,2023-07-12,3.037609867290539e-5,houspa,House Sparrow
houspa,state,HTI-1359,Grand'Anse,NA,North America,resident,0.003447729434779721,9.908384050233125e-8,2.0413839350794203e-6,0.003844907608624391,6.199497344755287e-7,365,2023-01-11,1.550738038298773e-7,houspa,House Sparrow
houspa,state,HTI-1360,Nippes,NA,North America,resident,0.00786558330874166,1.455428784755017e-7,2.9985605370041664e-6,0.023886665612058273,2.479798937902115e-6,365,2023-07-19,2.926110240160252e-7,houspa,House Sparrow
houspa,state,HTI-1361,Nord-Ouest,NA,North America,resident,0.013900666004065644,4.854883943874163e-7,1.000231928784246e-5,0.018982944134072005,3.719698406853172e-6,365,2023-03-08,9.275229505427864e-7,houspa,House Sparrow
houspa,state,HTI-1384,L'Artibonite,NA,North America,resident,0.03159996327785568,2.0679088811252775e-6,4.260428287534817e-5,0.08442688134944895,3.099748672377644e-5,365,2023-06-07,6.840901136045158e-6,houspa,House Sparrow
houspa,state,HTI-1385,Centre,NA,North America,resident,0.02609181832366107,1.114514046988986e-6,2.2961878136830364e-5,0.03635855113684238,8.713420724466196e-6,365,2023-06-07,2.7266349055555987e-6,houspa,House Sparrow
houspa,state,HTI-1386,Nord-Est,NA,North America,resident,0.10947065766918704,2.258228737060383e-6,4.652536520787456e-5,0.1886184643018279,2.1830079742834805e-5,365,2023-05-31,5.2852821956343175e-6,houspa,House Sparrow
houspa,state,HTI-1387,Nord,NA,North America,resident,0.05632432154090957,1.5921971573894496e-6,3.280338834360654e-5,0.0961384055852672,1.5247502226391844e-5,365,2023-05-31,3.117112018521232e-6,houspa,House Sparrow
houspa,state,HTI-1388,Ouest,NA,North America,resident,0.1069849130665598,7.630024319494162e-6,1.571982776516843e-4,0.10379823795731376,4.1533093549382545e-5,365,2023-06-07,1.007660029452465e-5,houspa,House Sparrow
houspa,state,HTI-1389,Sud-Est,NA,North America,resident,0.0028972155027687063,8.626439085298413e-8,1.7772700448823505e-6,0.007422236686930047,1.2398994689510574e-6,365,2023-06-21,2.938171424385704e-7,houspa,House Sparrow
houspa,state,HUN-3138,Vas,EU,Europe,resident,0.09342305409669256,3.7888472331958105e-6,5.176921279047135e-5,0.12464973124420402,2.8362551378897947e-5,365,2023-07-05,1.3996056119616678e-5,houspa,House Sparrow
houspa,state,HUN-3155,Baranya,EU,Europe,resident,0.1709757378288993,9.065607593897975e-6,1.2386864386916877e-4,0.1416685531673901,4.21441019319824e-5,365,2023-06-21,3.039723320445738e-5,houspa,House Sparrow
houspa,state,HUN-3156,Gyor-Moson-Sopron,EU,Europe,resident,0.2020020926796111,9.426905997837151e-6,1.288052730872881e-4,0.19039013008729871,4.9849252859359166e-5,365,2023-07-05,2.7262201673183894e-5,houspa,House Sparrow
houspa,state,HUN-3157,Somogy,EU,Europe,resident,0.1254546668567477,8.968222921381439e-6,1.2253802072082227e-4,0.13404919632102025,5.376314959874723e-5,365,2023-06-21,2.9971234725343283e-5,houspa,House Sparrow
houspa,state,HUN-3158,Veszprém,EU,Europe,resident,0.18505068256745125,1.125449426661581e-5,1.5377666943993743e-4,0.17353680402363303,5.921446405742135e-5,365,2023-07-05,2.726299795498967e-5,houspa,House Sparrow
houspa,state,HUN-3159,Zala,EU,Europe,resident,0.1438042964447339,5.440884456360399e-6,7.434195359523819e-5,0.1538627297854876,3.2661188936334376e-5,365,2023-06-21,1.8971489917291697e-5,houspa,House Sparrow
houspa,state,HUN-3160,Budapest,EU,Europe,resident,2.969917919692504,1.963266039899952e-5,2.682524027186978e-4,0.9265403356464864,3.4363702701938206e-5,365,2023-07-26,2.9278136462908763e-5,houspa,House Sparrow
houspa,state,HUN-3161,Bács-Kiskun,EU,Europe,resident,0.2910668306501209,2.9104904779997243e-5,3.976771603776654e-4,0.17348538769269992,9.732788406728936e-5,365,2023-07-12,8.710704491656178e-5,houspa,House Sparrow
houspa,state,HUN-3162,Fejér,EU,Europe,resident,0.18788745789316952,9.112101949310632e-6,1.2450392315882316e-4,0.2034603544482429,5.5360689624266104e-5,365,2023-07-12,3.190263136803871e-5,houspa,House Sparrow
houspa,state,HUN-3163,Komárom-Esztergom,EU,Europe,resident,0.18599997336099955,5.20956402496553e-6,7.118128864925047e-5,0.20561677708860104,3.231081855311403e-5,365,2023-07-12,1.575905320753103e-5,houspa,House Sparrow
houspa,state,HUN-3164,Pest,EU,Europe,resident,0.4909431782879739,3.792520805501097e-5,5.181940693519889e-4,0.35862100282761705,1.554294742050727e-4,365,2023-07-12,1.002505173105344e-4,houspa,House Sparrow
houspa,state,HUN-3165,Tolna,EU,Europe,resident,0.12391224879463957,5.3564650721630765e-6,7.31884826857063e-5,0.11384813189789364,2.761155480742943e-5,365,2023-07-12,1.9558479799676533e-5,houspa,House Sparrow
houspa,state,HUN-3166,Nógrád,EU,Europe,resident,0.07379673575417707,2.145291081085546e-6,2.9312353768494703e-5,0.1580102175265275,2.5771230842511784e-5,365,2023-07-05,1.0582305061515807e-5,houspa,House Sparrow
houspa,state,HUN-3168,Borsod-Abaúj-Zemplén,EU,Europe,resident,0.2298538461858431,1.9030330204117537e-5,2.600224166280023e-4,0.30181424021467984,1.4019586050223131e-4,365,2023-07-05,8.248491791338668e-5,houspa,House Sparrow
houspa,state,HUN-3169,Szabolcs-Szatmár-Bereg,EU,Europe,resident,0.41479918965974005,2.735281913524215e-5,3.737374000791353e-4,0.37305240134186946,1.3801775200699426e-4,365,2023-07-05,1.1416065737068022e-4,houspa,House Sparrow
houspa,state,HUN-3171,Békés,EU,Europe,resident,0.7984266945716576,5.266240215856784e-5,7.19556882504526e-4,0.4381621065042499,1.6214417354661414e-4,365,2023-07-05,2.0168881473711612e-4,houspa,House Sparrow
houspa,state,HUN-3172,Csongrád,EU,Europe,resident,0.6389250017068819,2.686164462468162e-5,3.670261984419513e-4,0.33922019911796375,8.001388103414592e-5,365,2023-07-12,9.948099610945252e-5,houspa,House Sparrow
houspa,state,HUN-3173,Hajdú-Bihar,EU,Europe,resident,0.9915463765279536,6.712603574691779e-5,9.171818799967384e-4,0.68777084116894,2.6122975468973543e-4,365,2023-07-05,2.9547844721410446e-4,houspa,House Sparrow
houspa,state,HUN-3174,Heves,EU,Europe,resident,0.31600027421905813,1.2988721953394296e-5,1.7747242612217116e-4,0.2675303301442632,6.169541659339644e-5,365,2023-07-05,4.607280177068242e-5,houspa,House Sparrow
houspa,state,HUN-3175,Jász-Nagykun-Szolnok,EU,Europe,resident,0.6574434606243136,4.234187849997613e-5,5.785415940786398e-4,0.47678456548354026,1.7227998078871967e-4,365,2023-07-05,1.702204290344899e-4,houspa,House Sparrow
houspa,state,HUN-4903,Szombathely,EU,Europe,resident,1.2157751417880729,2.177806864638242e-6,2.975663573981309e-5,0.566756147491012,5.695911824779177e-6,365,2023-07-12,4.123911414829464e-6,houspa,House Sparrow
houspa,state,HUN-4904,Sopron,EU,Europe,resident,0.4502385412967304,1.0658291763986533e-6,1.4563040955529367e-5,0.46138098592230303,6.1278135652452414e-6,365,2023-07-12,4.358249618933749e-6,houspa,House Sparrow
houspa,state,HUN-4905,Gyôr,EU,Europe,resident,1.554956611690047,4.554407449591773e-6,6.222950514517069e-5,0.714470355150389,1.1740828239155812e-5,365,2023-08-02,9.3681289968675e-6,houspa,House Sparrow
houspa,state,HUN-4906,Tatabánya,EU,Europe,resident,0.40624565831372605,4.725013080297727e-7,6.456058862668107e-6,0.3984550476649263,2.60012681691677e-6,365,2023-07-12,1.7532773635959251e-6,houspa,House Sparrow
houspa,state,HUN-4907,Érd,EU,Europe,resident,2.189342201187753,2.9875795195569004e-6,4.082102823289053e-5,0.7993989195844041,6.120265988714445e-6,365,2023-07-26,5.489936891629228e-6,houspa,House Sparrow
houspa,state,HUN-4908,Székesfehérvár,EU,Europe,resident,0.5734234303130524,2.0792110944430246e-6,2.8409464662880725e-5,0.3805249037537281,7.741179703431981e-6,365,2023-07-26,4.878453870236496e-6,houspa,House Sparrow
houspa,state,HUN-4910,Zalaegerszeg,EU,Europe,resident,1.721981081700191,2.321162019563629e-6,3.171538019773719e-5,0.7373412708120728,5.5763052348215385e-6,365,2023-07-12,4.024750903755127e-6,houspa,House Sparrow
houspa,state,HUN-4911,Nagykanizsa,EU,Europe,resident,0.9689731027269456,1.896648238926646e-6,2.5915002697759037e-5,0.4373395711723771,4.802802854740168e-6,365,2023-06-28,3.1705674251023695e-6,houspa,House Sparrow
houspa,state,HUN-4912,Kaposvár,EU,Europe,resident,0.7697527528177953,1.877378895486904e-6,2.5651714504948143e-5,0.4770159853782331,6.527314355134801e-6,365,2023-06-21,3.3209806438599064e-6,houspa,House Sparrow
houspa,state,HUN-4913,Pécs,EU,Europe,resident,1.0346486131851138,3.201925872831608e-6,4.374976652466383e-5,0.5894706037739532,1.023484949597191e-5,365,2023-07-12,7.729603131415555e-6,houspa,House Sparrow
houspa,state,HUN-4914,Szekszárd,EU,Europe,resident,0.897616502414902,1.3298511267140633e-6,1.8170525682672845e-5,0.2379591399413047,1.977950882897246e-6,365,2023-08-02,3.613819463060849e-6,houspa,House Sparrow
houspa,state,HUN-4915,Kecskemét,EU,Europe,resident,1.8995968911126,5.669618497365647e-6,7.74672791922898e-5,0.7107627543420184,1.190194566387418e-5,365,2023-08-02,1.5050232843414952e-5,houspa,House Sparrow
houspa,state,HUN-4916,Szeged,EU,Europe,resident,2.5424231208934382,7.821126745132463e-6,1.0686458170774285e-4,0.9294105940813208,1.604094789596193e-5,365,2023-07-26,2.602704230800016e-5,houspa,House Sparrow
houspa,state,HUN-4917,Hódmezôvásárhely,EU,Europe,resident,0.8018209699261893,7.261341376606792e-6,9.92159102051565e-5,0.4043777267412581,2.054601430315532e-5,365,2023-07-26,2.6805231795728924e-5,houspa,House Sparrow
houspa,state,HUN-4918,Szolnok,EU,Europe,resident,1.4699138414225474,5.8665176104937954e-6,8.015762574320851e-5,0.7064390013257537,1.58184556865328e-5,365,2023-07-05,1.8385200937532337e-5,houspa,House Sparrow
houspa,state,HUN-4919,Békéscsaba,EU,Europe,resident,2.361038142732132,7.701406100125757e-6,1.052287692388572e-4,0.7682300330575104,1.4059154964447631e-5,365,2023-07-12,2.239272215851343e-5,houspa,House Sparrow
houspa,state,HUN-4920,Eger,EU,Europe,resident,0.5647527726545494,1.4021631870028404e-6,1.9158567217736138e-5,0.4111576093236355,5.727293457539927e-6,365,2023-07-12,3.2170135441611733e-6,houspa,House Sparrow
houspa,state,HUN-4921,Salgótarján,EU,Europe,resident,0.0467091913738716,6.355242229620776e-8,8.683535309570086e-7,0.31805479178496,2.4279101879500617e-6,365,2023-07-05,9.763392633553353e-7,houspa,House Sparrow
houspa,state,HUN-4922,Miskolc,EU,Europe,resident,1.4512463352161629,7.88094118190337e-6,1.0768186097886387e-4,0.49427232763974416,1.5059278393577426e-5,365,2023-07-12,1.2409008974802556e-5,houspa,House Sparrow
houspa,state,HUN-4923,Nyíregyháza,EU,Europe,resident,2.435054327544938,1.0247813185914165e-5,1.4002180315174793e-4,0.7227119541756041,1.70643086626089e-5,365,2023-06-28,2.055667101230786e-5,houspa,House Sparrow
houspa,state,HUN-4924,Debrecen,EU,Europe,resident,1.962535054074311,1.8197905027637985e-5,2.4864850962120897e-4,0.4995093185811976,2.598654133472259e-5,365,2023-06-28,3.451471984545754e-5,houspa,House Sparrow
houspa,state,HUN-4925,Dunaújváros,EU,Europe,resident,0.5481359574377621,8.849364601749733e-7,1.209139907026625e-5,0.518713898597541,4.6984282178808295e-6,365,2023-07-26,2.983593245783639e-6,houspa,House Sparrow
houspa,state,IDN-1796,Kepulauan Riau,AS,Asia,resident,2.2830511293655365e-6,5.494511369664313e-10,6.764968202014264e-10,4.591368227731864e-4,6.199497344755287e-7,0,2023-09-27,8.618654686610566e-10,houspa,House Sparrow
houspa,state,IMN-001,Isle of Man,EU,Europe,resident,0.8382136756046252,1.0188329701077124e-5,1.392090458684594e-4,0.4272727272727273,2.913763752034985e-5,365,2023-06-21,1.3623909602673046e-5,houspa,House Sparrow
houspa,state,IND-20011,Telangana,AS,Asia,resident,1.2789596754553612,0.001802594652964454,0.0022193958093803144,0.6409607546696895,0.005068431492797592,365,2023-09-20,0.003069171528939688,houspa,House Sparrow
houspa,state,IND-20012,Ladakh,AS,Asia,resident,0.29103250325246094,2.295936692203682e-4,2.826809823772308e-4,0.1294318653877686,5.728758825307006e-4,365,2023-08-30,6.186070253189754e-4,houspa,House Sparrow
houspa,state,IND-2427,Chandigarh,AS,Asia,resident,0.8413991695306592,1.2266280021137688e-6,1.5102524813788675e-6,0.349197929222342,2.8561655097547686e-6,365,2023-02-22,6.762993269721645e-6,houspa,House Sparrow
houspa,state,IND-2428,Delhi,AS,Asia,resident,5.667193288360365,1.0314386852563556e-4,1.2699309253614197e-4,0.9514297700756572,9.715229007551352e-5,365,2023-01-11,2.4216580145506336e-4,houspa,House Sparrow
houspa,state,IND-2429,Himachal Pradesh,AS,Asia,resident,1.6553317013204936,0.0011231299850597222,0.0013828233530658743,0.4115382927093938,0.0015665929088210914,365,2023-02-22,0.001684858381209485,houspa,House Sparrow
houspa,state,IND-2430,Haryana,AS,Asia,resident,9.03194628664546,0.004873126012203824,0.005999904322516951,0.9976575627306056,0.003020012285895297,365,2023-11-22,0.011040453613220045,houspa,House Sparrow
houspa,state,IND-2431,Jammu and Kashmir,AS,Asia,resident,2.4020085566509124,0.0013165010747801052,0.001620906266201635,0.5534391423028499,0.001701835013298614,365,2023-11-01,0.0019858313510316915,houspa,House Sparrow
houspa,state,IND-2441,Andhra Pradesh,AS,Asia,resident,0.5028908785576404,0.0010141526074032578,0.0012486479105223965,0.3505606514029437,0.003966373751618952,365,2023-02-22,0.0017022233362750604,houspa,House Sparrow
houspa,state,IND-2442,Kerala,AS,Asia,resident,0.05292858709273853,2.6113874157185964e-5,3.215199977201213e-5,0.04301881500881699,1.190804218070392e-4,365,2023-01-25,3.792201637578651e-5,houspa,House Sparrow
houspa,state,IND-2444,Odisha,AS,Asia,resident,0.21117547101500797,4.0810346170230057e-4,5.024663260850947e-4,0.16549424535469626,0.0017943642957274897,365,2023-02-22,0.0015049214309144502,houspa,House Sparrow
houspa,state,IND-2445,Dadra and Nagar Haveli and Daman and Diu,AS,Asia,resident,3.519566139722472,2.678496145056053e-5,3.29782578129946e-5,0.741396864613837,3.165581905959366e-5,365,2023-02-22,7.159295996691493e-5,houspa,House Sparrow
houspa,state,IND-2446,Karnataka,AS,Asia,resident,1.5015835046970452,0.003554187430782865,0.004375996942329344,0.7143336161569034,0.00948621232933865,365,2023-11-15,0.005263368812289778,houspa,House Sparrow
houspa,state,IND-2447,Maharashtra,AS,Asia,resident,3.0345342137148377,0.01150480247199059,0.01416497622030154,0.722894242354521,0.015376688231081936,365,2023-02-22,0.018796291865297885,houspa,House Sparrow
houspa,state,IND-2474,Andaman and Nicobar,AS,Asia,resident,0.06042062390800672,1.0555350006493857e-5,1.2995988605884816e-5,0.041113219481340925,4.0296732740909366e-5,365,2023-06-28,2.226760355009659e-5,houspa,House Sparrow
houspa,state,IND-2477,Assam,AS,Asia,resident,1.0948342204089572,0.00106903231347227,0.0013162170611738103,0.5337508789050498,0.0029240311010269152,365,2023-09-27,0.0014304411500321245,houspa,House Sparrow
houspa,state,IND-2478,Manipur,AS,Asia,resident,0.003881461499334162,1.0326284191153222e-6,1.2713957529290186e-6,0.001035433712035792,1.5455106649768295e-6,365,2023-02-15,2.443730018119194e-6,houspa,House Sparrow
houspa,state,IND-2479,Nagaland,AS,Asia,resident,0.011914426233070407,2.3802066551594592e-6,2.9305649316292564e-6,0.014014613924528055,1.5708097410347725e-5,365,2023-01-11,7.671375294239763e-6,houspa,House Sparrow
houspa,state,IND-2489,Meghalaya,AS,Asia,resident,0.1107617952931512,3.144217672307743e-5,3.871232788926362e-5,0.044952156208918126,7.15935769688149e-5,365,2023-09-27,8.61082249341958e-5,houspa,House Sparrow
houspa,state,IND-3249,Punjab,AS,Asia,resident,7.42931504702967,0.004595203373847405,0.005657719606787451,0.9972895763865998,0.003460813184347263,365,2023-12-20,0.007868375294328262,houspa,House Sparrow
houspa,state,IND-3250,Rajasthan,AS,Asia,resident,9.368074041518698,0.03945833265081693,0.048582002607373984,0.9983305550894576,0.023591942099829347,365,2023-01-11,0.07101762692878692,houspa,House Sparrow
houspa,state,IND-3253,Uttar Pradesh,AS,Asia,resident,5.09012125085885,0.015015004354865968,0.018486817148943263,0.949719295098686,0.015717863444506895,365,2023-01-25,0.02415900859251157,houspa,House Sparrow
houspa,state,IND-3254,Uttarakhand,AS,Asia,resident,1.8216792694719717,0.0011773237881866929,0.0014495480043104443,0.4683412179162254,0.0016981939881235064,365,2023-02-15,0.0017037944865407218,houspa,House Sparrow
houspa,state,IND-3256,Jharkhand,AS,Asia,resident,0.23865345926590892,2.283945598292456e-4,2.812046114397771e-4,0.188664035387522,0.0010129967589433,365,2023-03-08,7.461247830854526e-4,houspa,House Sparrow
houspa,state,IND-3257,West Bengal,AS,Asia,resident,0.6918194527830949,7.512124715463117e-4,9.249099949133098e-4,0.3246183069095665,0.0019776249989504236,365,2023-03-08,0.001246076630777647,houspa,House Sparrow
houspa,state,IND-3258,Bihar,AS,Asia,resident,2.3702652200123815,0.002755569362424346,0.0033927200912106416,0.8695491892370546,0.005671650659897281,365,2023-10-04,0.005394846094948083,houspa,House Sparrow
houspa,state,IND-3259,Sikkim,AS,Asia,resident,9.70292629149514e-4,8.27021046658391e-8,1.0182472483230809e-7,0.003692744814321838,1.7658916039477037e-6,365,2023-05-31,3.576443519053281e-7,houspa,House Sparrow
houspa,state,IND-3260,Chhattisgarh,AS,Asia,resident,1.5092618970967662,0.002492493828480569,0.003068815470376941,0.4044459943973599,0.003747407635119298,365,2023-02-22,0.003928687417172999,houspa,House Sparrow
houspa,state,IND-3261,Madhya Pradesh,AS,Asia,resident,4.185623991994879,0.015905510636630794,0.019583228872302943,0.7990899240008142,0.01703664109330182,365,2023-01-11,0.025774538661886,houspa,House Sparrow
houspa,state,IND-3262,Puducherry,AS,Asia,resident,0.05859138901014276,4.844177213169824e-7,5.964261898327466e-7,0.07565729014685932,3.5094408385922746e-6,365,2023-02-15,1.46266860017127e-6,houspa,House Sparrow
houspa,state,IND-3263,Tamil Nadu,AS,Asia,resident,0.7355655101169828,0.0012071062927850162,0.00148621690587945,0.47548834836050113,0.004377891064564085,365,2023-01-18,0.0016758640863504643,houspa,House Sparrow
houspa,state,IND-3264,Gujarat,AS,Asia,resident,8.158405132062617,0.019225333612341335,0.023670670931481046,0.8550940567026184,0.011305334583043882,365,2023-03-01,0.0461632828138698,houspa,House Sparrow
houspa,state,IND-3265,Goa,AS,Asia,resident,0.06688737768979008,3.185488977810108e-6,3.922046965218835e-6,0.08584704497150503,2.2938140175594564e-5,365,2023-04-05,5.035006960600883e-6,houspa,House Sparrow
houspa,state,IND-3299,Arunachal Pradesh,AS,Asia,resident,0.0022496741497636513,2.225996730472754e-6,2.7406981415266247e-6,0.008207395126494753,4.556287931362912e-5,365,2023-02-15,7.948258639901684e-6,houspa,House Sparrow
houspa,state,IND-3301,Tripura,AS,Asia,resident,0.5368955406813928,7.083169753420233e-5,8.720960778407598e-5,0.17431602642839833,1.2902565898110686e-4,365,2023-01-18,1.284552533415089e-4,houspa,House Sparrow
houspa,state,IRL-1444,Waterford,EU,Europe,resident,0.662017851165368,1.7417040243109063e-5,2.3797910209358847e-4,0.5407188754446131,7.981363678919874e-5,365,2023-03-01,3.1703996301353874e-5,houspa,House Sparrow
houspa,state,IRL-3412,Monaghan,EU,Europe,resident,1.463917849491296,2.2901592356841593e-5,3.1291771216701683e-4,0.8224407072000711,7.218625092400938e-5,365,2023-03-01,5.207546198644064e-5,houspa,House Sparrow
houspa,state,IRL-5568,Galway,EU,Europe,resident,0.6753926188396423,6.0988658781627305e-5,8.333233461113633e-4,0.43398834626142746,2.198729257889837e-4,365,2023-03-08,1.0986070326337296e-4,houspa,House Sparrow
houspa,state,IRL-5569,Cork,EU,Europe,resident,0.5115513596269498,5.513396342845558e-5,7.533272547128513e-4,0.5638327887277184,3.4094255666137065e-4,365,2023-07-12,9.801450483690184e-5,houspa,House Sparrow
houspa,state,IRL-5570,Limerick,EU,Europe,resident,1.2586530900449413,4.322053524015044e-5,5.905471896997381e-4,0.7914268141702737,1.5247399166351232e-4,365,2023-03-01,7.751598054961097e-5,houspa,House Sparrow
houspa,state,IRL-5572,South Tipperary,EU,Europe,resident,1.3931528018911927,3.630724635456967e-5,4.960869221376294e-4,0.7212455099995472,1.054577732416052e-4,365,2023-03-01,6.751309777763006e-5,houspa,House Sparrow
houspa,state,IRL-5573,South Dublin,EU,Europe,resident,0.7216705266774829,2.1637662101902453e-6,2.9564790151142385e-5,0.6269395296408622,1.054624689810464e-5,365,2023-03-08,7.145454480426318e-6,houspa,House Sparrow
houspa,state,IRL-5574,Fingal,EU,Europe,resident,2.0488400285334487,1.5516158489167728e-5,2.1200625442975983e-4,0.7373654172753856,3.132995974239786e-5,365,2023-03-01,3.278243622358308e-5,houspa,House Sparrow
houspa,state,IRL-5575,Dublin,EU,Europe,resident,1.6810730185674014,2.8319232079574085e-6,3.86942059512286e-5,0.910468580876279,8.605196132563134e-6,365,2023-03-15,5.724508184949923e-6,houspa,House Sparrow
houspa,state,IRL-5576,Dún Laoghaire–Rathdown,EU,Europe,resident,0.9249901911603516,2.1278283481805003e-6,2.9073750341113466e-5,0.4987108346310968,6.436491227529435e-6,365,2023-03-01,3.917126227257731e-6,houspa,House Sparrow
houspa,state,IRL-712,Louth,EU,Europe,resident,1.968856107454087,2.3899025726510097e-5,3.265462216266425e-4,0.7763462127862274,5.287161462931709e-5,365,2023-03-01,4.866290417039567e-5,houspa,House Sparrow
houspa,state,IRL-714,Mayo,EU,Europe,resident,0.3877575925609367,3.248564265816431e-5,4.43870138830379e-4,0.35511031586642255,1.6691499589361708e-4,365,2023-03-08,6.703133531840487e-5,houspa,House Sparrow
houspa,state,IRL-715,Meath,EU,Europe,resident,2.402787298885296,7.004283226431255e-5,9.570357591007922e-4,0.9623990093474012,1.573999005843018e-4,365,2023-03-01,1.3472040141528186e-4,houspa,House Sparrow
houspa,state,IRL-716,Offaly,EU,Europe,resident,0.9480123312920666,2.3584401318151413e-5,3.222473262257693e-4,0.5414846809270537,7.55784462609469e-5,365,2023-03-01,5.328254973942943e-5,houspa,House Sparrow
houspa,state,IRL-717,Westmeath,EU,Europe,resident,1.3336205552739224,3.048929132114475e-5,4.165928349936829e-4,0.7390321486937371,9.479366078524298e-5,365,2023-03-01,6.164186566154864e-5,houspa,House Sparrow
houspa,state,IRL-718,Wexford,EU,Europe,resident,1.674527005680847,5.886984312984589e-5,8.043727414578384e-4,0.786495805681507,1.5513080587258103e-4,365,2023-03-01,1.0070257045424708e-4,houspa,House Sparrow
houspa,state,IRL-719,Wicklow,EU,Europe,resident,0.49685531003741457,1.3222091478124044e-5,1.8066108901644025e-4,0.34771146930250213,5.191467662570423e-5,365,2023-03-01,3.213373842324018e-5,houspa,House Sparrow
houspa,state,IRL-721,Kildare,EU,Europe,resident,1.9785040399588472,4.178990203158777e-5,5.709996200985417e-4,0.8528917623225456,1.010716245934166e-4,365,2023-03-01,8.237292465768583e-5,houspa,House Sparrow
houspa,state,IRL-722,Kilkenny,EU,Europe,resident,1.3523856872041358,3.411945825416604e-5,4.661939069962604e-4,0.714926810685441,1.0119616630203566e-4,365,2023-03-01,6.45852993098688e-5,houspa,House Sparrow
houspa,state,IRL-723,Laoighis,EU,Europe,resident,1.2222782787011384,2.556954325142012e-5,3.493714694908414e-4,0.6508942026625345,7.639486976379735e-5,365,2023-03-01,5.181183662664495e-5,houspa,House Sparrow
houspa,state,IRL-724,North Tipperary,EU,Europe,resident,1.2384409511166938,3.311016920044252e-5,4.524034064631378e-4,0.6625130201187284,9.937598094574506e-5,365,2023-03-01,6.613590474786037e-5,houspa,House Sparrow
houspa,state,IRL-725,Kerry,EU,Europe,resident,0.2945681628290505,2.1934419058450992e-5,2.9970266357625796e-4,0.347344542540864,1.451114644587536e-4,365,2023-03-01,3.88957687865276e-5,houspa,House Sparrow
houspa,state,IRL-727,Roscommon,EU,Europe,resident,0.863625340626885,2.6545505983016767e-5,3.6270661319495425e-4,0.57121050048902,9.850601001327456e-5,365,2023-03-01,5.207613086951583e-5,houspa,House Sparrow
houspa,state,IRL-728,Sligo,EU,Europe,resident,0.560702045292795,1.5512084132271296e-5,2.119505841331832e-4,0.4453950657408963,6.913282878401909e-5,365,2023-03-08,2.9286396193626145e-5,houspa,House Sparrow
houspa,state,IRL-729,Donegal,EU,Europe,resident,0.2536246641171695,1.993314564270536e-5,2.7235810652895227e-4,0.2922297731670798,1.2885750886267115e-4,365,2023-06-21,4.3209582456818615e-5,houspa,House Sparrow
houspa,state,IRL-730,Leitrim,EU,Europe,resident,0.12141312441953218,2.438155967226904e-6,3.3313936222565e-5,0.17688180548705482,1.9928743893716977e-5,365,2023-07-12,6.616250716107573e-6,houspa,House Sparrow
houspa,state,IRL-731,Longford,EU,Europe,resident,0.9183971425783972,1.2517218804189598e-5,1.710300056812798e-4,0.5308188911974993,4.0590519115906825e-5,365,2023-03-01,2.609566657708152e-5,houspa,House Sparrow
houspa,state,IRL-76,Clare,EU,Europe,resident,0.44955880433460355,2.1957940625792547e-5,3.000240523654922e-4,0.4647720192958631,1.2736379419261778e-4,365,2023-03-01,4.5914903750505755e-5,houspa,House Sparrow
houspa,state,IRL-77,Carlow,EU,Europe,resident,2.1000358030743143,2.3383340772077656e-5,3.1950011960781303e-4,0.836011891533844,5.222677750136434e-5,365,2023-03-01,4.7397410251498734e-5,houspa,House Sparrow
houspa,state,IRL-79,Cavan,EU,Europe,resident,0.7844145080174972,1.8222669395579995e-5,2.489868795143994e-4,0.5993473937436689,7.811706447485721e-5,365,2023-03-01,4.457445362091902e-5,houspa,House Sparrow
houspa,state,IRN-3209,Kohgiluyeh and Buyer Ahmad,AS,Asia,resident,5.640062420921762,9.258299208838562e-4,0.0011399029966217577,0.57981009335492,5.339910622090004e-4,365,2023-08-16,0.0013407373337437091,houspa,House Sparrow
houspa,state,IRN-3210,Bushehr,AS,Asia,resident,14.104467506859892,0.004442932350333094,0.00547024003620183,0.7275466802284161,0.0012858040351717303,365,2023-10-04,0.005464329760369653,houspa,House Sparrow
houspa,state,IRN-3211,Esfahan,AS,Asia,resident,2.2458858212890433,0.0030465677807926085,0.003751004006676998,0.37856527019276,0.002881143274521356,365,2023-06-28,0.005350320040938912,houspa,House Sparrow
houspa,state,IRN-3212,Fars,AS,Asia,resident,7.1765445309426426,0.011077039298551724,0.013638304406992789,0.5515053790504275,0.004775941298032567,365,2023-06-07,0.013789696483618144,houspa,House Sparrow
houspa,state,IRN-3213,Golestan,AS,Asia,resident,1.6143841110155646,4.164425326057767e-4,5.127335811148727e-4,0.4266478544743865,6.174740142857463e-4,365,2023-06-28,9.882468016275206e-4,houspa,House Sparrow
houspa,state,IRN-3214,Mazandaran,AS,Asia,resident,1.1066785643336894,3.5073237244287025e-4,4.3182972740631536e-4,0.33025214937547204,5.872201136700951e-4,365,2023-06-28,7.843438457698371e-4,houspa,House Sparrow
houspa,state,IRN-3215,Semnan,AS,Asia,resident,0.6814141654570547,7.57083258489951e-4,9.321382422173004e-4,0.3789226879006297,0.0023620223868639945,365,2023-06-28,0.003007486320391794,houspa,House Sparrow
houspa,state,IRN-3216,Tehran,AS,Asia,resident,7.801953532864371,0.0013809931342082605,0.0017003103663956328,0.6544606398518419,6.49939014730894e-4,365,2023-10-25,0.001783535459101612,houspa,House Sparrow
houspa,state,IRN-3217,Yazd,AS,Asia,resident,1.6249557331962905,0.002545124166467954,0.0031336151475441715,0.5076074770949697,0.004460631694768954,365,2023-06-28,0.007646245812009276,houspa,House Sparrow
houspa,state,IRN-3218,Chahar Mahall and Bakhtiari,AS,Asia,resident,1.9485083594381072,3.641890390511178e-4,4.483978834415378e-4,0.3464955137945673,3.6334829656639264e-4,365,2023-07-05,7.001055529017741e-4,houspa,House Sparrow
houspa,state,IRN-3219,Khuzestan,AS,Asia,resident,10.523777877160413,0.008461060543087465,0.010417451467172273,0.6648670798229495,0.0029990856899685587,365,2023-10-04,0.013357050852422343,houspa,House Sparrow
houspa,state,IRN-3220,Lorestan,AS,Asia,resident,2.234914529161198,7.98991326253128e-4,9.837364147847495e-4,0.44188091349128905,8.863133768664507e-4,365,2023-07-26,0.0014974065214051365,houspa,House Sparrow
houspa,state,IRN-3221,Ilam,AS,Asia,resident,5.667394406696772,0.0013083159330911274,0.0016108285323451486,0.5160416936138146,6.683668480507897e-4,365,2023-10-04,0.001989797784816435,houspa,House Sparrow
houspa,state,IRN-3228,Hormozgan,AS,Asia,resident,11.535620965084638,0.010272396193959563,0.01264760939331252,0.6205621603762377,0.0031003947229501123,365,2023-04-12,0.013522390975546588,houspa,House Sparrow
houspa,state,IRN-3230,Ardebil,AS,Asia,resident,1.7276904324231583,4.2810470992093774e-4,5.270923208453787e-4,0.48303389621496295,6.715256417009985e-4,365,2023-08-02,9.572931470382976e-4,houspa,House Sparrow
houspa,state,IRN-3231,Markazi,AS,Asia,resident,2.9107677513644696,0.001006945430313614,0.0012397742690723277,0.5231607479231231,0.0010153936607060431,365,2023-07-26,0.0017495344956074672,houspa,House Sparrow
houspa,state,IRN-3232,Qom,AS,Asia,resident,3.01580931038216,4.296176317845445e-4,5.289550648840825e-4,0.4260609833896257,3.4052648823182304e-4,365,2023-08-30,6.582301101423571e-4,houspa,House Sparrow
houspa,state,IRN-3233,Hamadan,AS,Asia,resident,2.8846144092564705,7.258561116171997e-4,8.936906640031345e-4,0.62881716728541,8.877446714568259e-4,365,2023-08-02,0.0014117629500926504,houspa,House Sparrow
houspa,state,IRN-3234,Zanjan,AS,Asia,resident,1.7985089887727042,4.903441571971716e-4,6.037229533815691e-4,0.40449939631604426,0.00061873856374251965,365,2023-08-02,9.054665748012296e-4,houspa,House Sparrow
houspa,state,IRN-3235,Qazvin,AS,Asia,resident,3.3640732809781486,6.459723338009132e-4,7.953359277171002e-4,0.5215357862012718,5.618669660203491e-4,365,2023-08-16,0.0010033929053539785,houspa,House Sparrow
houspa,state,IRN-3237,West Azarbaijan,AS,Asia,resident,1.3697283996090626,6.195151995510762e-4,7.627612982596487e-4,0.3650660246128913,9.2638142277356e-4,365,2023-10-04,0.0014767041136624975,houspa,House Sparrow
houspa,state,IRN-3238,East Azarbaijan,AS,Asia,resident,1.4926314514820016,8.056833882882616e-4,9.919758347855042e-4,0.3561313439960746,0.0010785069166499809,365,2023-08-02,0.001378630380282437,houspa,House Sparrow
houspa,state,IRN-3239,Kermanshah,AS,Asia,resident,3.379651201797808,9.729462116661344e-4,0.001197913652619079,0.6171514606745018,9.968036661732592e-4,365,2023-10-04,0.001985707441336646,houspa,House Sparrow
houspa,state,IRN-3240,Gilan,AS,Asia,resident,1.5651809326995674,2.9287000272170094e-4,3.605882529745648e-4,0.4277294940289093,4.490352712293374e-4,365,2023-06-28,5.867624803011965e-4,houspa,House Sparrow
houspa,state,IRN-3241,Kordestan,AS,Asia,resident,1.135695250370877,4.131415762806345e-4,5.086693681078498e-4,0.4298432957378094,8.773000723133963e-4,365,2023-06-28,0.001044081577222336,houspa,House Sparrow
houspa,state,IRN-3244,South Khorasan,AS,Asia,resident,2.1807344228909824,0.0022247202998937595,0.0027391265709722987,0.769761129288096,0.004405848206266547,365,2023-06-28,0.007962429932984655,houspa,House Sparrow
houspa,state,IRN-3245,Razavi Khorasan,AS,Asia,resident,1.5153819660015628,0.002547380789629401,0.003136393553648744,0.7243584049789081,0.006831658890881537,365,2023-06-28,0.009610217147037636,houspa,House Sparrow
houspa,state,IRN-3246,North Khorasan,AS,Asia,resident,0.7269134106795925,2.2434460597099104e-4,2.7621821552075457e-4,0.44140657756294294,7.643154989862439e-4,365,2023-06-28,9.555722796893588e-4,houspa,House Sparrow
houspa,state,IRN-3247,Sistan and Baluchestan,AS,Asia,resident,9.28337112953029,0.019995538519625825,0.024618964848130677,0.81314632664931,0.009826458210886534,365,2023-06-07,0.028470044696401076,houspa,House Sparrow
houspa,state,IRN-3248,Kerman,AS,Asia,resident,7.846082666901214,0.017642908084312833,0.0217223523897683,0.7238491801390456,0.009132008222703198,365,2023-06-07,0.027292962681436723,houspa,House Sparrow
houspa,state,IRN-5490,Alborz,AS,Asia,resident,6.206349363062187,3.5493123270542915e-4,4.3699946029971505e-4,0.6123065924914703,1.96461677931979e-4,365,2023-08-23,4.911493911169828e-4,houspa,House Sparrow
houspa,state,IRQ-3046,Dihok,AS,Asia,resident,4.846708513863122,3.900607600967709e-4,4.802517387582334e-4,0.7426029577866762,3.353072554461663e-4,365,2023-08-16,6.381620252050441e-4,houspa,House Sparrow
houspa,state,IRQ-3049,At-Ta'mim,AS,Asia,resident,15.31113102915366,0.001977036492067587,0.002434172595747339,0.9547628621161948,6.916778133627021e-4,365,2023-10-04,0.004195744449948204,houspa,House Sparrow
houspa,state,IRQ-3050,Arbil,AS,Asia,resident,8.708607350813038,0.0015476581977447968,0.001905512208626098,0.7921886550217007,7.898704675896843e-4,365,2023-10-04,0.003022457890004818,houspa,House Sparrow
houspa,state,IRQ-3051,Ninawa,AS,Asia,resident,7.433776790472069,0.0034561045904902173,0.004255235103632204,0.9063076977351162,0.0023640352279831827,365,2023-10-04,0.005766927798045195,houspa,House Sparrow
houspa,state,IRQ-3052,Sala ad-Din,AS,Asia,resident,10.660726113697809,0.0032564802520554815,0.004009453047503412,0.9197212080568988,0.001576227060129379,365,2023-10-04,0.005748252967961953,houspa,House Sparrow
houspa,state,IRQ-3061,An-Najaf,AS,Asia,resident,5.5691474858690055,0.001999152196489775,0.0024614019573985448,0.48301891308041706,9.72796928052373e-4,365,2023-07-26,0.003811516445170576,houspa,House Sparrow
houspa,state,IRQ-3062,Karbala',AS,Asia,resident,18.778202723235033,0.0010481900711867256,0.0012905556152627432,0.954068607993124,2.987903312637204e-4,365,2023-09-06,0.0014639564671721714,houspa,House Sparrow
houspa,state,IRQ-3063,Baghdad,AS,Asia,resident,24.045227786234,1.943154373049388e-4,2.3924561550388033e-4,1,4.533977115424387e-5,365,2023-10-04,3.3769613652349814e-4,houspa,House Sparrow
houspa,state,IRQ-3222,Al-Basrah,AS,Asia,resident,16.910265449974474,0.003597800218103172,0.004429694004647211,0.8998144861257021,0.001074089607241751,365,2023-04-05,0.0050859484156426625,houspa,House Sparrow
houspa,state,IRQ-3223,Al-Muthannia,AS,Asia,resident,9.66871908062737,0.006237093581519272,0.007679252423595031,0.6123096807961621,0.0022160796154534427,365,2023-07-26,0.011290449262664017,houspa,House Sparrow
houspa,state,IRQ-3224,Al-Qādisiyyah,AS,Asia,resident,7.6777588297347075,8.055174602857192e-4,9.917715404296455e-4,0.7479263031909553,4.4025086133137113e-4,365,2023-10-04,0.0015357530383596444,houspa,House Sparrow
houspa,state,IRQ-3225,Dhi-Qar,AS,Asia,resident,8.046317911183559,0.0013463401195096655,0.0016576447812747764,0.7105567417529975,6.670482963793586e-4,365,2023-07-26,0.0020230248921645905,houspa,House Sparrow
houspa,state,IRQ-3226,Maysan,AS,Asia,resident,5.966562422403974,0.0011824468659249652,0.0014558556549210534,0.6146032959737475,6.833658091403379e-4,365,2023-10-04,0.0018095633154539296,houspa,House Sparrow
houspa,state,IRQ-3227,Wasit,AS,Asia,resident,5.6678667783685635,0.001229054732581307,0.0015132403274935183,0.6651685451228203,8.092527960869188e-4,365,2023-10-04,0.002348061229942987,houspa,House Sparrow
houspa,state,IRQ-3242,As-Sulaymaniyah,AS,Asia,resident,5.271012107538628,0.001114300669904952,0.00137195249808915,0.7721238902934876,9.157908142192238e-4,365,2023-10-04,0.002513954755357172,houspa,House Sparrow
houspa,state,IRQ-3243,Diyala,AS,Asia,resident,9.739647364159651,0.0023678797106451406,0.002915387715302474,0.755601568082689,0.0010306475348843664,365,2023-10-04,0.004728112053244955,houspa,House Sparrow
houspa,state,IRQ-3471,Al-Anbar,AS,Asia,resident,3.255183811447679,0.00548934302158745,0.006758604813526262,0.4396244767728151,0.004159370742057069,365,2023-07-26,0.009943041472052438,houspa,House Sparrow
houspa,state,IRQ-3472,Babil,AS,Asia,resident,17.75370038061573,0.0014545981566490012,0.0017909345553033678,0.9796792981560164,4.503384125950384e-4,365,2023-10-04,0.003227227989456894,houspa,House Sparrow
houspa,state,ISR-3053,HaDarom,AS,Asia,resident,6.509497147713992,0.001168334149200426,0.0014384797549615678,0.4913127117838236,4.94741732665697e-4,365,2023-10-04,0.0018569517602387365,houspa,House Sparrow
houspa,state,ISR-3054,Haifa,AS,Asia,resident,11.348441779173632,1.4104615007997352e-4,1.736592494058025e-4,0.9733282313439672,6.787115466856086e-5,365,2023-10-25,2.222514039363513e-4,houspa,House Sparrow
houspa,state,ISR-3055,HaMerkaz,AS,Asia,resident,14.865480695681107,2.5226165353963706e-4,3.105903236828582e-4,0.9869769329046918,9.396804654537575e-5,365,2023-10-25,3.8661744326516574e-4,houspa,House Sparrow
houspa,state,ISR-3056,HaZafon,AS,Asia,resident,10.67995301452276,6.115645207779761e-4,7.529722405135112e-4,0.9787550485540064,3.144473004199607e-4,365,2023-10-25,9.76361404272168e-4,houspa,House Sparrow
houspa,state,ISR-3057,Tel Aviv,AS,Asia,resident,16.372341902764155,4.973673761350773e-5,6.123701013432664e-5,0.9636261665805166,1.6423888546904425e-5,365,2023-12-13,8.998722741316049e-5,houspa,House Sparrow
houspa,state,ISR-3058,Jerusalem,AS,Asia,resident,11.584201246214691,9.035098563846454e-5,1.1124220221646436e-4,1,4.3759032974495576e-5,365,2023-10-25,1.917071994949027e-4,houspa,House Sparrow
houspa,state,ITA-5369,Imperia,EU,Europe,resident,0.001995508191804434,3.496838766030061e-8,4.777933208457333e-7,0.004282556529896177,4.210426714878813e-7,365,2023-07-26,1.8824597491326596e-7,houspa,House Sparrow
houspa,state,ITA-5434,Turin,EU,Europe,resident,0.0015452248873396718,1.322690002029319e-7,1.8072679091135577e-6,0.001290889852012698,6.199497344755287e-7,365,2023-04-05,3.5590049332904757e-7,houspa,House Sparrow
houspa,state,ITA-5442,Aoste,EU,Europe,resident,0.014657871911983733,5.946071644302565e-7,8.124461855424162e-6,0.016343595241956055,3.719698406853172e-6,365,2023-06-21,1.7852768601660625e-6,houspa,House Sparrow
houspa,state,ITA-5444,Sondrio,EU,Europe,resident,0.008629066943743024,3.4309379227141697e-7,4.687889071792202e-6,0.008337345440425194,1.8598492034265864e-6,365,2023-03-29,8.905830168568784e-7,houspa,House Sparrow
houspa,state,ITA-5445,Brescia,EU,Europe,resident,6.865254254751905e-4,4.0653297755801046e-8,5.55469537994352e-7,0.0018660204903970905,6.199497344755287e-7,365,2023-07-19,1.909109809666559e-7,houspa,House Sparrow
houspa,state,ITA-5451,Varese,EU,Europe,resident,0.010175565036234471,1.403462245036351e-7,1.9176316999562853e-6,0.01602298253402876,1.2398994689510574e-6,365,2023-07-12,4.958794315953089e-7,houspa,House Sparrow
houspa,state,ITA-5455,Udine,EU,Europe,resident,0.04408288750780953,2.610176264642284e-6,3.566434911415723e-5,0.05355642906847482,1.7791490359012953e-5,365,2023-07-12,7.927356868342549e-6,houspa,House Sparrow
houspa,state,ITA-5457,Gorizia,EU,Europe,resident,0.4656324220777344,2.743368086988465e-6,3.748422607635771e-5,0.2901427419617307,9.590770430248105e-6,365,2023-07-12,6.488518285982034e-6,houspa,House Sparrow
houspa,state,ITA-5458,Trieste,EU,Europe,resident,1.2226768307891085,3.9275780707749e-6,5.366477252386667e-5,0.577729722427472,1.0412110542246903e-5,365,2023-07-12,8.013649798238388e-6,houspa,House Sparrow
houspa,state,ITA-5459,Bozen,EU,Europe,resident,0.041634815542056294,3.7788078362069778e-6,5.163203869845485e-5,0.03667721923392869,1.8676499419210643e-5,365,2023-07-12,6.559113249295008e-6,houspa,House Sparrow
houspa,state,ITA-5460,Trento,EU,Europe,resident,0.011742722018441568,8.830527541494848e-7,1.2065660904521849e-5,0.01763270493160491,7.439396813706345e-6,365,2023-05-31,2.2204324051124835e-6,houspa,House Sparrow
houspa,state,ITA-5467,Belluno,EU,Europe,resident,0.0010945027477295092,4.96508331362396e-8,6.784080718097759e-7,0.002435823853736758,6.199497344755287e-7,365,2023-04-05,2.843922622351762e-7,houspa,House Sparrow
houspa,state,JEY-001,Jersey,EU,Europe,resident,0.6187207102775574,2.529600512790458e-6,3.456339597811564e-5,0.3783783783783784,8.679296282657403e-6,365,2023-06-21,5.341836799225503e-6,houspa,House Sparrow
houspa,state,JOR-849,Aqaba,AS,Asia,resident,2.3416759055234846,1.8824501663809723e-4,2.3177157458902052e-4,0.26719951250215257,1.2051282781839928e-4,365,2023-10-04,3.5885663922179584e-4,houspa,House Sparrow
houspa,state,JOR-850,Mafraq,AS,Asia,resident,1.9973234836418796,6.556921744363405e-4,8.073032180552998e-4,0.3149833477299318,5.801497397280117e-4,365,2023-07-12,0.001267851145272085,houspa,House Sparrow
houspa,state,JOR-851,Amman,AS,Asia,resident,6.386735108580298,6.172346048745142e-4,7.599533778768089e-4,0.5996416363444398,3.251352510826205e-4,365,2023-06-21,9.570875564055996e-4,houspa,House Sparrow
houspa,state,JOR-852,Tafilah,AS,Asia,resident,4.670822527873157,1.2506985518863275e-4,1.5398886933840693e-4,0.4663767316145912,7.006434565816234e-5,365,2023-10-04,2.3876462907725568e-4,houspa,House Sparrow
houspa,state,JOR-853,Ma`an,AS,Asia,resident,1.1867521115099608,4.79118364788313e-4,5.899015007392787e-4,0.2500961098142231,5.664879239136388e-4,365,2023-06-21,0.0011006572642497847,houspa,House Sparrow
houspa,state,JOR-854,Irbid,AS,Asia,resident,14.494860236452269,3.201003301455236e-4,3.941148555710485e-4,1,1.2390048460357068e-4,365,2023-10-25,5.472413655192403e-4,houspa,House Sparrow
houspa,state,JOR-855,Ajlun,AS,Asia,resident,13.752597236001185,6.988227022342772e-5,8.604065114072909e-5,1,2.850907956259777e-5,365,2023-10-25,1.3230645877535888e-4,houspa,House Sparrow
houspa,state,JOR-856,Jarash,AS,Asia,resident,15.060069366282557,7.581294468117917e-5,9.334263332329356e-5,1,2.8243421565135706e-5,365,2023-09-27,1.511436019550449e-4,houspa,House Sparrow
houspa,state,JOR-857,Balqa,AS,Asia,resident,18.110980960534647,2.4849394697787477e-4,3.059514370976805e-4,1,7.69794414031265e-5,365,2023-09-27,4.20562357579619e-4,houspa,House Sparrow
houspa,state,JOR-858,Madaba,AS,Asia,resident,11.660357327033656,1.567511714142511e-4,1.9299563125859575e-4,0.878289611187219,6.624263453345228e-5,365,2023-09-27,2.848708518233583e-4,houspa,House Sparrow
houspa,state,JOR-859,Karak,AS,Asia,resident,8.364540113788326,3.4749363329046465e-4,4.278421176069055e-4,0.7076978905291771,1.649504861425964e-4,365,2023-10-04,5.892847414601252e-4,houspa,House Sparrow
houspa,state,JOR-860,Zarqa,AS,Asia,resident,6.841018452912446,3.524010527782297e-4,4.338842448417253e-4,0.7505904358370158,2.169303797900874e-4,365,2023-06-21,6.2577448851238e-4,houspa,House Sparrow
houspa,state,KAZ-3195,Aqtöbe,AS,Asia,resident,0.010016906096609816,3.7053168040941736e-5,4.562070887045525e-5,0.0206505240513457,4.285719428637485e-4,365,2023-05-10,1.7794749321779085e-4,houspa,House Sparrow
houspa,state,KAZ-3196,Qostanay,AS,Asia,resident,0.004862627477417673,1.1978559946541963e-5,1.4748277270236835e-5,0.005186311982344819,7.167920238481923e-5,365,2023-05-31,2.6919330249188867e-5,houspa,House Sparrow
houspa,state,KAZ-3197,Qyzylorda,AS,Asia,resident,0.31453591790787777,8.775345529952247e-4,0.0010804406338946542,0.6560347336983875,0.010268848070272047,365,2023-05-10,0.007382110485458727,houspa,House Sparrow
houspa,state,KAZ-3198,Atyrau,AS,Asia,resident,0.005083241705183146,7.1321846007345615e-6,8.781308980676998e-6,0.0052921408657796995,4.1659506933755846e-5,365,2023-06-28,2.133511767077397e-5,houspa,House Sparrow
houspa,state,KAZ-3201,West Kazakhstan,AS,Asia,resident,0.00603905689279084,1.140605995838059e-5,1.4043402176712032e-5,0.005331687682604803,5.649787921235835e-5,365,2023-07-05,2.3255800742744985e-05,houspa,House Sparrow
houspa,state,KAZ-3202,Aqmola,AS,Asia,resident,0.026321114358910772,4.723110863381137e-5,5.815202236502717e-5,0.02657769725402569,2.675729043800614e-4,365,2023-06-07,1.1233572249013872e-4,houspa,House Sparrow
houspa,state,KAZ-3203,Qaraghandy,AS,Asia,resident,0.026727187731317895,1.3957250632914045e-4,1.7184486547886708e-4,0.07325982441269803,0.002146413551494724,365,2023-05-10,6.083974466479358e-4,houspa,House Sparrow
houspa,state,KAZ-3204,North Kazakhstan,AS,Asia,resident,0.01210020705237286,1.4583791643351842e-5,1.7955898185374783e-5,0.007954218643098374,5.3786847278379384e-5,365,2023-05-31,2.419068275974411e-5,houspa,House Sparrow
houspa,state,KAZ-3205,Pavlodar,AS,Asia,resident,0.010624771645013568,1.618129535326936e-5,1.992278132986304e-5,0.01596822898402567,1.364430274664694e-4,365,2023-06-07,4.150041117638564e-5,houspa,House Sparrow
houspa,state,KAZ-3206,East Kazakhstan,AS,Asia,resident,0.06085224835551551,2.068880527943467e-4,2.5472530756013553e-4,0.12933656693855403,0.0024670674713800785,365,2023-06-07,6.362478189983398e-4,houspa,House Sparrow
houspa,state,KAZ-3207,Almaty,AS,Asia,resident,0.04350998068280982,1.145848413520619e-4,1.410794802353655e-4,0.1430237209619789,0.002113232421123164,365,2023-06-07,5.37639845741439e-4,houspa,House Sparrow
houspa,state,KAZ-3236,Mangghystau,AS,Asia,resident,0.09934134835589896,2.0460033793049905e-4,2.5190862063968414e-4,0.10840287757047906,0.0012526161943697402,365,2023-06-14,8.515370017584281e-4,houspa,House Sparrow
houspa,state,KAZ-3251,South Kazakhstan,AS,Asia,resident,0.2613430038427866,3.69823575766875e-4,4.553352540557164e-4,0.49622215593481783,0.003939678489475774,365,2023-05-10,0.002037924804096336,houspa,House Sparrow
houspa,state,KAZ-3252,Zhambyl,AS,Asia,resident,0.03580691787552929,6.053764924123188e-5,7.453533983070947e-5,0.08350733652720328,7.921075624462946e-4,365,2023-06-07,2.3750959828635593e-4,houspa,House Sparrow
houspa,state,KAZ-4829,Almaty City,AS,Asia,resident,1.6308991166463098,5.908203425663417e-6,7.274315333355411e-6,0.9288703979607698,1.8879234474324515e-5,365,2023-03-15,1.2805736986371345e-5,houspa,House Sparrow
houspa,state,KAZ-4830,Astana,AS,Asia,resident,1.33392420653508,1.0151473731055055e-5,1.249872688831404e-5,0.7534170427061364,3.216875821111985e-5,365,2023-06-07,1.5945260808168394e-5,houspa,House Sparrow
houspa,state,KEN-1193,Coast,AF,Africa,resident,0.04214988327297168,4.404828852314155e-5,0.0013142876000290329,0.0420162930692579,2.463492879017731e-4,365,2023-10-11,6.630200947465167e-5,houspa,House Sparrow
houspa,state,KEN-1195,Central,AF,Africa,resident,0.08141317108056419,1.298319672849746e-5,3.8738518660122337e-4,0.16422063057382422,1.4693173173967994e-4,365,2023-09-06,2.1188399133472412e-5,houspa,House Sparrow
houspa,state,KEN-1196,Nairobi,AF,Africa,resident,1.1965483972291355,1.120105077939343e-5,3.342105366685965e-4,0.9079254834916044,4.76847618224e-5,365,2023-11-01,1.9636506570782483e-5,houspa,House Sparrow
houspa,state,KEN-1197,Nyanza,AF,Africa,resident,0.04160753490689235,7.225757497969277e-6,2.1559801297179929e-4,0.1380432369683472,1.3450159842629135e-4,365,2023-08-30,1.1098628395953512e-5,houspa,House Sparrow
houspa,state,KEN-889,Eastern,AF,Africa,resident,0.017812470924988572,3.3615684983764496e-5,0.001003005551905444,0.03274192329235172,3.4667529881483844e-4,365,2023-10-11,5.423423155053998e-5,houspa,House Sparrow
houspa,state,KEN-890,Rift Valley,AF,Africa,resident,0.01541521560291394,3.3926260377086544e-5,0.0010122723225792435,0.04603933173278593,5.684814708272689e-4,365,2023-09-06,5.4475286720964946e-5,houspa,House Sparrow
houspa,state,KEN-891,Western,AF,Africa,resident,0.012051192527602908,1.217606052584546e-6,3.633023189519451e-5,0.08131276671065203,4.609315406039456e-5,365,2023-09-13,2.8789698212103615e-6,houspa,House Sparrow
houspa,state,KEN-893,North-Eastern,AF,Africa,resident,0.001772341517013465,2.7544139115405205e-6,8.218462443514215e-5,0.0016600203492910073,1.4474251654366154e-5,365,2023-11-08,4.6047603795111606e-6,houspa,House Sparrow
houspa,state,KGZ-1115,Bishkek,AS,Asia,resident,1.9231836566162044,2.637048743964193e-6,3.246794792085274e-6,0.979570965307034,7.535884211927875e-6,365,2023-03-15,6.472327872105236e-6,houspa,House Sparrow
houspa,state,KGZ-1116,Chuy,AS,Asia,resident,0.17386049025818856,4.1985617568561704e-5,5.1693653663438354e-5,0.2136727972018396,2.895008186599035e-4,365,2023-06-14,1.1134255339242576e-4,houspa,House Sparrow
houspa,state,KGZ-1117,Ysyk-Köl,AS,Asia,resident,0.013969719205175216,6.4291574556567814e-6,7.915725862974828e-6,0.03337367083350045,8.61730130920985e-5,365,2023-07-12,2.149500842200572e-5,houspa,House Sparrow
houspa,state,KGZ-1118,Naryn,AS,Asia,resident,0.009059698381586696,5.05155069892226e-6,6.219584882060196e-6,0.0210063429602324,6.571467185440604e-5,365,2023-06-14,1.9016992380112218e-5,houspa,House Sparrow
houspa,state,KGZ-1119,Batken,AS,Asia,resident,0.07635760980791764,1.5827858251114542e-05,1.9487621477307217e-5,0.12466385349660722,1.4498106617242602e-4,365,2023-06-14,9.13949432157572e-5,houspa,House Sparrow
houspa,state,KGZ-1120,Jalal-Abad,AS,Asia,resident,0.054105915154734736,2.240280955514096e-5,2.7582852064526545e-5,0.08630425313401317,2.0048914024659937e-4,365,2023-06-14,9.37567680838626e-5,houspa,House Sparrow
houspa,state,KGZ-1121,Talas,AS,Asia,resident,0.09305410105893464,1.318621607429418e-5,1.6235171145517063e-5,0.12081315829415872,9.605054265102316e-5,365,2023-06-14,4.052105702761851e-5,houspa,House Sparrow
houspa,state,KGZ-1122,Osh,AS,Asia,resident,0.09815067579696832,3.49720918676528e-5,4.305844023707006e-5,0.10030935499926366,2.0052599006678228e-4,365,2023-07-05,1.0312251120159048e-4,houspa,House Sparrow
houspa,state,KHM-1777,Bântéay Méanchey,AS,Asia,resident,4.609369032705906,3.4710727843866474e-4,4.2736642866729376e-4,0.7995592458352739,3.378110141445478e-4,365,2023-11-01,6.461282025988297e-4,houspa,House Sparrow
houspa,state,KHM-1778,Batdâmbâng,AS,Asia,resident,3.0640146570851186,4.5804471523218794e-4,5.639551408983147e-4,0.5482550253214905,4.598334650299941e-4,365,2023-10-04,8.354610256904669e-4,houspa,House Sparrow
houspa,state,KHM-1779,Kaôh Kong,AS,Asia,resident,0.007690859212753649,1.3602318806879756e-6,1.6747486357066916e-6,0.003748596760116912,3.719698406853172e-6,365,2023-12-20,1.991923201617832e-6,houspa,House Sparrow
houspa,state,KHM-1780,Pouthisat,AS,Asia,resident,1.503823522841234,2.2146051921810944e-4,2.726672618758472e-4,0.2756997872580421,2.2779111796170087e-4,365,2023-10-04,3.879306948446968e-4,houspa,House Sparrow
houspa,state,KHM-1781,Siemréab,AS,Asia,resident,2.2185063821098625,3.662547329316083e-4,4.5094121304383274e-4,0.38234686881884566,3.5414491973707825e-4,365,2023-10-04,6.524961613742231e-4,houspa,House Sparrow
houspa,state,KHM-1782,Otdar Mean Chey,AS,Asia,resident,0.7958550313021013,3.583503047785048e-5,4.4120910012000086e-5,0.40107463126696785,1.0132110556607352e-4,365,2023-12-27,8.718868472776543e-5,houspa,House Sparrow
houspa,state,KHM-1783,Krong Pailin,AS,Asia,resident,0.04670920172878801,6.821587735802365e-7,8.398895009070275e-7,0.024583722241980733,2.014334446371906e-6,365,2023-01-04,2.2242345092439175e-6,houspa,House Sparrow
houspa,state,KHM-1784,Kâmpóng Cham,AS,Asia,resident,2.022484994536591,2.3155304001803924e-4,2.85093404565559e-4,0.4197205101386034,2.696039719174941e-4,365,2023-10-04,5.15605149762631e-4,houspa,House Sparrow
houspa,state,KHM-1785,Kâmpóng Chhnang,AS,Asia,resident,2.6555573255612654,1.7246573185565186e-4,2.1234375787848887e-4,0.5477102567347805,1.9957168476203983e-4,365,2023-10-04,3.812560863902156e-4,houspa,House Sparrow
houspa,state,KHM-1786,Kândal,AS,Asia,resident,5.695595620130426,2.5683056441150223e-4,3.1621567135920554e-4,0.9747031822613772,2.4659306453092854e-4,365,2023-10-04,6.794151098788441e-4,houspa,House Sparrow
houspa,state,KHM-1787,Kâmpóng Spœ,AS,Asia,resident,0.47819912752862825,3.9990809028739335e-5,4.923759971558216e-5,0.2691266869477212,1.2627259071258803e-4,365,2023-01-04,8.411185707570068e-5,houspa,House Sparrow
houspa,state,KHM-1788,Kâmpóng Thum,AS,Asia,resident,2.778203198536961,4.4653739673515514e-4,5.497870668903737e-4,0.4033457677287194,3.637242428758696e-4,365,2023-10-04,8.246604366753445e-4,houspa,House Sparrow
houspa,state,KHM-1789,Phnom Penh,AS,Asia,resident,8.861497919177003,4.3167276454006106e-5,5.314853913874995e-5,1,2.7330553294251277e-5,365,2023-10-04,9.640703439820736e-5,houspa,House Sparrow
houspa,state,KHM-1790,Prey Vêng,AS,Asia,resident,6.6049981611324835,3.921766944454067e-4,4.82856925575227e-4,0.9852601753050068,3.282168887779835e-4,365,2023-10-04,8.394848310356912e-4,houspa,House Sparrow
houspa,state,KHM-1791,Preah Vihéar,AS,Asia,resident,0.005975108441426727,9.945309859287875e-7,1.2244893209015576e-6,0.0043879413029795245,4.097644254628043e-6,365,2023-12-27,3.048125252116336e-6,houspa,House Sparrow
houspa,state,KHM-1792,Stœng Trêng,AS,Asia,resident,0.013613369604141796,1.8993985700209328e-6,2.3385830085065424e-6,0.021625076817981384,1.6928132310623267e-5,365,2023-06-21,4.080765241657137e-6,houspa,House Sparrow
houspa,state,KHM-1793,Krâchéh,AS,Asia,resident,0.105796092637349,1.5489044892460473e-5,1.9070466712578342e-5,0.04393549226607769,3.608871529320408e-5,365,2023-12-13,2.526027381734399e-5,houspa,House Sparrow
houspa,state,KHM-1794,Môndól Kiri,AS,Asia,resident,0.0062024708429628235,1.0222229488591334e-6,1.258584299703393e-6,0.006034164944362054,5.579547610279758e-6,365,2023-12-27,2.058201310106176e-6,houspa,House Sparrow
houspa,state,KHM-1795,Rôtânôkiri,AS,Asia,resident,0.0026119950706789867,3.892243695008994e-7,4.792219555063917e-7,0.005190700038534056,4.339648141328701e-6,365,2023-01-18,1.1264008859668725e-6,houspa,House Sparrow
houspa,state,KHM-1797,Kâmpôt,AS,Asia,resident,1.1042634663020183,6.695650468770366e-5,8.24383816240984e-5,0.30651489262490356,1.0427316733269364e-4,365,2023-10-04,1.4277706467410325e-4,houspa,House Sparrow
houspa,state,KHM-1798,Kep,AS,Asia,resident,0.7300374134663515,2.3901804021640244e-6,2.9428448373026414e-6,0.2244774669773857,4.123435746950333e-6,365,2023-10-04,4.934051082552896e-6,houspa,House Sparrow
houspa,state,KHM-1800,Krong Preah Sihanouk,AS,Asia,resident,0.2901182022990126,6.72892908784658e-6,8.284811560171922e-6,0.07146211220352625,9.29924601713293e-6,365,2023-10-04,1.0440185189037792e-5,houspa,House Sparrow
houspa,state,KHM-1801,Svay Rieng,AS,Asia,resident,5.927377797974302,1.9975788010432165e-4,2.459464756899893e-4,0.98436949345641,1.861231407675863e-4,365,2023-10-04,4.35169398918685e-4,houspa,House Sparrow
houspa,state,KHM-1802,Takêv,AS,Asia,resident,4.814289258144983,1.986736508185633e-4,2.4461154776858325e-4,0.8903463008422846,2.061427026510887e-4,365,2023-10-04,5.104931312376992e-4,houspa,House Sparrow
houspa,state,KNA-5099,Christ Church Nichola Town,NA,North America,resident,0.3118666435015449,1.3010073731725045e-7,2.6804124038285943e-6,0.47913877826685886,1.1214323185940175e-6,365,2023-03-29,3.3569456109135545e-7,houspa,House Sparrow
houspa,state,KNA-5100,Saint Anne Sandy Point,NA,North America,resident,0.3201329791265676,1.803313653054033e-7,3.715293535848839e-6,0.32573289213504236,1.029445560471279e-6,365,2023-04-05,3.349125753702012e-7,houspa,House Sparrow
houspa,state,KNA-5101,Saint George Basseterre,NA,North America,resident,0.2302073646254938,3.077583511018554e-7,6.34061972810872e-6,0.337845671968114,2.5340192402229e-6,365,2023-04-05,7.413480042448247e-7,houspa,House Sparrow
houspa,state,KNA-5102,Saint George Gingerland,NA,North America,resident,0.1205332781767805,5.562712100568556e-8,1.1460628756417018e-6,0.4681530789141859,1.2121836284062577e-6,365,2023-09-27,1.8923131133311558e-7,houspa,House Sparrow
houspa,state,KNA-5103,Saint James Windward,NA,North America,resident,0.04795933880696488,4.6652389136233115e-8,9.611601370411075e-7,0.24485339217075325,1.3363116129315308e-6,365,2023-09-27,1.2110231880329448e-7,houspa,House Sparrow
houspa,state,KNA-5104,Saint John Capesterre,NA,North America,resident,0.14570556755479394,9.711069854181016e-8,2.0007320963999932e-6,0.24847963835863304,9.291431994623328e-7,365,2023-04-12,2.98943311782756e-7,houspa,House Sparrow
houspa,state,KNA-5105,Saint John Figtree,NA,North America,resident,0.13155317599799718,8.316746345090003e-8,1.7134653133068424e-6,0.4327105662783194,1.5347955591878022e-6,365,2023-09-27,2.8732279312913793e-7,houspa,House Sparrow
houspa,state,KNA-5106,Saint Mary Cayon,NA,North America,resident,0.36281858891310725,9.775980957924548e-8,2.0141054662369452e-6,0.5267096381977405,7.962381786448085e-7,365,2023-03-29,3.247081663924496e-7,houspa,House Sparrow
houspa,state,KNA-5107,Saint Paul Capesterre,NA,North America,resident,0.11221066012358984,5.4553788951307016e-8,1.1239494532944664e-6,0.4285591920160754,1.1689677547526492e-6,365,2023-03-22,2.4422820851514937e-7,houspa,House Sparrow
houspa,state,KNA-5108,Saint Paul Charlestown,NA,North America,resident,0.1564449232926193,2.8509310486963186e-8,5.873656908455078e-7,0.39364030736489874,4.024627741484668e-7,365,2023-09-20,1.0907187753213335e-7,houspa,House Sparrow
houspa,state,KNA-5109,Saint Peter Basseterre,NA,North America,resident,0.45241614820156306,1.478156928796544e-7,3.045386404759518e-6,0.6237884505989036,1.1434592450225823e-6,365,2023-04-05,5.273825066920477e-7,houspa,House Sparrow
houspa,state,KNA-5110,Saint Thomas Lowland,NA,North America,resident,0.17121097841328775,8.796328515814933e-8,1.812271671024209e-6,0.594531873437427,1.7137437700812296e-6,365,2023-10-11,1.7514563734546838e-7,houspa,House Sparrow
houspa,state,KNA-5111,Saint Thomas Middle Island,NA,North America,resident,0.03119323458297056,1.5781580297316837e-8,3.251414592508707e-7,0.21446051176576095,6.087490986371099e-7,365,2023-09-20,1.3210650218910508e-7,houspa,House Sparrow
houspa,state,KNA-5112,Trinity Palmetto Point,NA,North America,resident,0.30776048101617665,1.232028219577328e-7,2.538297468344986e-6,0.5377087107090506,1.2076908902763096e-6,365,2023-03-29,5.161060436836711e-7,houspa,House Sparrow
houspa,state,KOS-5886,Peć,EU,Europe,resident,1.0590271708062795,7.911873580810503e-6,1.0810450824928244e-4,0.43046538933216655,1.804310973143668e-5,365,2023-07-05,3.463538074699655e-5,houspa,House Sparrow
houspa,state,KOS-5887,Istok,EU,Europe,resident,1.4314958176579702,8.338846197360215e-6,1.1393848224754845e-4,0.6010151766448095,1.9642747504903905e-5,365,2023-07-19,3.516116470120491e-5,houspa,House Sparrow
houspa,state,KOS-5888,Klina,EU,Europe,resident,2.245634116935807,8.878832055933219e-6,1.2131662158538924e-4,0.9757950620784184,2.1645936234510515e-5,365,2023-07-05,4.123711179664067e-5,houspa,House Sparrow
houspa,state,KOS-5889,Dečani,EU,Europe,resident,1.0339288121799433,4.592579037396033e-6,6.275106564364507e-5,0.3552258598678127,8.852613234686834e-6,365,2023-07-05,2.0864745659178048e-5,houspa,House Sparrow
houspa,state,KOS-5890,Đakovica,EU,Europe,resident,1.6137523002987813,1.178374168350383e-5,1.6100808323346033e-4,0.6640911813298364,2.7206643596639422e-5,365,2023-07-05,4.6402890592217405e-5,houspa,House Sparrow
houspa,state,KOS-5891,Orahovac,EU,Europe,resident,2.844146983547722,8.954698669016958e-6,1.2235323103272015e-4,0.9725203771178031,1.717902708322645e-5,365,2023-07-05,3.715198636740812e-5,houspa,House Sparrow
houspa,state,KOS-5892,Zvečan,EU,Europe,resident,0.33334883428936185,5.495235257714219e-7,7.508458005321898e-6,0.3214485304177026,2.9730328559384376e-6,365,2023-07-05,5.132061709424313e-6,houspa,House Sparrow
houspa,state,KOS-5893,Leposavić,EU,Europe,resident,0.1105151859209968,7.790050901154497e-7,1.0643997446429328e-5,0.11526171992214924,4.558315147388596e-6,365,2023-07-05,5.280928737861308e-6,houspa,House Sparrow
houspa,state,KOS-5894,Kosovska Mitrovica,EU,Europe,resident,0.7143485226147299,2.910394432972545e-6,3.976640371896784e-5,0.2989552945310292,6.833589147989257e-6,365,2023-07-19,1.3391975388121763e-5,houspa,House Sparrow
houspa,state,KOS-5895,Vučitrn,EU,Europe,resident,2.077731240491454,8.892285613868186e-6,1.2150044533458186e-4,0.6639032240869855,1.5941519928545162e-5,365,2023-07-19,3.23408507042651e-5,houspa,House Sparrow
houspa,state,KOS-5896,Srbica,EU,Europe,resident,1.7049248907126906,7.412789031544626e-6,1.0128522717481472e-4,0.8537975221274294,2.0827262663087517e-5,365,2023-07-19,3.5254545434146706e-5,houspa,House Sparrow
houspa,state,KOS-5897,Zubin Potok,EU,Europe,resident,0.04905309482848328,2.1942128069889025e-7,2.9980799626163068e-6,0.04950892913197883,1.2425010961473398e-6,365,2023-07-05,2.759254750572962e-6,houspa,House Sparrow
houspa,state,KOS-5898,Kosovo Polje,EU,Europe,resident,3.445558543156394,3.84258348023535e-6,5.2503442237142606e-5,1,6.256977496545357e-6,365,2023-07-05,1.8292667185596094e-5,houspa,House Sparrow
houspa,state,KOS-5899,Glogovac,EU,Europe,resident,2.6200212093790594,8.822918812151626e-6,1.2055264657215192e-4,0.9285248477877888,1.754292154449745e-5,365,2023-07-05,3.7158760602231235e-5,houspa,House Sparrow
houspa,state,KOS-5900,Obilić,EU,Europe,resident,3.559368102573632,5.04708613017484e-6,6.896125912800943e-5,0.9979855433589548,7.939496786733463e-6,365,2023-07-05,2.4934698540530916e-5,houspa,House Sparrow
houspa,state,KOS-5901,Podujevo,EU,Europe,resident,1.4929657455868246,1.0517370119707727e-5,1.4370491556188738e-4,0.5188356877361331,2.050633605493773e-5,365,2023-07-05,3.812882282026922e-5,houspa,House Sparrow
houspa,state,KOS-5902,Priština,EU,Europe,resident,1.8590024704955728,1.2781688400691425e-5,1.7464360685737283e-4,0.4191123052846151,1.616737776323386e-5,365,2023-07-05,4.132177093438454e-5,houspa,House Sparrow
houspa,state,KOS-5903,Lipljan,EU,Europe,resident,2.512654897654763,1.247849762924401e-5,1.7050093585558392e-4,0.7792598635130207,2.1712642401950345e-5,365,2023-07-05,4.750403157719361e-5,houspa,House Sparrow
houspa,state,KOS-5904,Gnjilane,EU,Europe,resident,1.5007892654912205,9.534146462943892e-6,1.3027056163447955e-4,0.6126934541762522,2.1837668049646737e-5,365,2023-07-05,3.865953476305477e-5,houspa,House Sparrow
houspa,state,KOS-5905,Vitina,EU,Europe,resident,2.0611093348521208,7.693714034868208e-6,1.0512366809895707e-4,0.6735233861179389,1.4105503884144927e-5,365,2023-07-05,2.867956233950185e-5,houspa,House Sparrow
houspa,state,KOS-5906,Novo Brdo,EU,Europe,resident,0.5422816064223303,5.56942047475171e-7,7.6098215613152014e-6,0.5543782877528672,3.1944218000585373e-6,365,2023-07-05,4.474942616025401e-6,houspa,House Sparrow
houspa,state,KOS-5907,Kosovska Kamenica,EU,Europe,resident,0.7318025461473325,4.943372274511358e-6,6.754415668689722e-5,0.32864781909553903,1.2455497272947822e-5,365,2023-07-05,2.0646971687463983e-5,houspa,House Sparrow
houspa,state,KOS-5908,Prizren,EU,Europe,resident,1.209111146166569,8.990393444767118e-6,1.2284094941448226e-4,0.5029964206819696,2.0983517095722868e-5,365,2023-07-05,3.486770057052646e-5,houspa,House Sparrow
houspa,state,KOS-5909,Dragaš,EU,Europe,resident,0.0749256137806129,4.052157976874678e-7,5.536697988968236e-6,0.13063955537522434,3.963981945289929e-6,365,2023-07-05,3.0454168236592604e-6,houspa,House Sparrow
houspa,state,KOS-5910,Suva Reka,EU,Europe,resident,2.2345398611965344,9.504821349257664e-6,1.2986987563235573e-4,0.7390748963543676,1.763783267561464e-5,365,2023-07-05,3.418761280500208e-5,houspa,House Sparrow
houspa,state,KOS-5911,Mališevo,EU,Europe,resident,2.603592985025765,1.0315175835850377e-5,1.4094221802836895e-4,0.9657365698407016,2.14665936338112e-5,365,2023-07-05,4.495961404340835e-5,houspa,House Sparrow
houspa,state,KOS-5912,Štimlje,EU,Europe,resident,1.142547503941255,1.7730622684131189e-6,2.422637604916355e-5,0.5404163502969136,4.705211147064363e-6,365,2023-07-05,1.47817561495587e-5,houspa,House Sparrow
houspa,state,KOS-5913,Uroševac,EU,Europe,resident,2.748078581933634,1.1633143014780706e-5,1.5895036645386006e-4,0.7024114925012686,1.6682473499426493e-5,365,2023-07-05,3.699611623384084e-5,houspa,House Sparrow
houspa,state,KOS-5914,Štrpce,EU,Europe,resident,0.12231555770120632,3.662277623037517e-7,5.00398189464327e-6,0.13514235461289895,2.2701887128387418e-6,365,2023-07-05,2.8192125052023485e-6,houspa,House Sparrow
houspa,state,KOS-5915,Kačanik,EU,Europe,resident,0.685460166452414,2.384440069783635e-6,3.2579984824206256e-5,0.36153462032317774,7.055941894961035e-6,365,2023-07-05,1.4994343296493604e-5,houspa,House Sparrow
houspa,state,KWT-1663,Al Asimah,AS,Asia,resident,10.047431603131912,3.643760037775611e-5,4.486280786935251e-5,0.3296779060566627,6.707882833815957e-6,365,2023-01-25,6.656703009624837e-5,houspa,House Sparrow
houspa,state,KWT-1664,Al Farwaniyah,AS,Asia,resident,36.56062207027009,9.786562547704512e-5,1.2049439884276655e-4,1,1.5018187240203047e-5,365,2023-01-18,1.9215515448397583e-4,houspa,House Sparrow
houspa,state,KWT-1665,Al Ahmadi,AS,Asia,resident,33.56671645523784,0.0020917170514096204,0.002575369926163541,0.978721415584681,3.4217957541221556e-4,365,2023-04-05,0.002832157454070672,houspa,House Sparrow
houspa,state,KWT-1666,Mubarak Al-Kabeer,AS,Asia,resident,29.434971124014915,3.562123837820214e-5,4.385768428387656e-5,0.8173834392711212,5.549733760380598e-6,365,2023-01-18,6.427874587087809e-5,houspa,House Sparrow
houspa,state,KWT-1667,Al Jahrah,AS,Asia,resident,23.34529072110084,0.003777542713418034,0.004650997080307244,0.8941533385413183,8.117513406783296e-4,365,2023-04-05,0.005322111014650527,houspa,House Sparrow
houspa,state,KWT-3506,Hawalli,AS,Asia,resident,25.49654784009811,3.572659751905278e-5,4.398740487042067e-5,0.7634262561646602,6.001755272516778e-6,365,2023-10-18,6.488564769221141e-5,houspa,House Sparrow
houspa,state,LAO-3271,Bokeo,AS,Asia,resident,0.028876468408725924,2.4641797976765133e-6,3.0339545873659756e-6,0.00943416532645633,4.516819258295906e-6,365,2023-12-20,8.438406250265142e-6,houspa,House Sparrow
houspa,state,LAO-3272,Louang Namtha,AS,Asia,resident,0.004424473269158524,5.248552799157348e-7,6.462138378478169e-7,0.0027944659561572683,1.8598492034265864e-6,365,2023-12-20,1.5359898791703887e-6,houspa,House Sparrow
houspa,state,LAO-3278,Xaignabouri,AS,Asia,resident,0.010267017400311404,2.0920738710428425e-6,2.575809250665794e-6,0.0045883291385698565,5.245515761997343e-6,365,2023-12-13,6.02453679489438e-6,houspa,House Sparrow
houspa,state,LAO-3280,Champasak,AS,Asia,resident,0.173792068205205,3.225320899792848e-5,3.971088939565465e-5,0.0861257069407486,8.967609616201155e-5,365,2023-12-27,5.647859009194494e-5,houspa,House Sparrow
houspa,state,LAO-3281,Saravan,AS,Asia,resident,0.13940991771684205,1.711883374418255e-5,2.1077100062864924e-5,0.06694071666192687,4.611813920837734e-5,365,2023-12-27,3.194621122545687e-5,houspa,House Sparrow
houspa,state,LAO-3282,Savannakhét,AS,Asia,resident,0.3265941367690687,8.465760949630168e-5,1.0423238715329314e-4,0.1509721616711511,2.1956110397835472e-4,365,2023-12-27,1.799439295293918e-4,houspa,House Sparrow
houspa,state,LAO-3283,Vientiane [prefecture],AS,Asia,resident,1.5073392577517954,6.486323158973073e-5,7.986109585777847e-5,0.5084190220985971,1.227468279805448e-4,365,2023-12-06,1.227314053894836e-4,houspa,House Sparrow
houspa,state,LAO-3284,Vientiane,AS,Asia,resident,0.061519491410653174,1.5115335709733634e-5,1.861034741026771e-5,0.027014919538402245,3.7239998450083246e-5,365,2023-12-13,2.821829661161652e-5,houspa,House Sparrow
houspa,state,LAO-3289,Louangphrabang,AS,Asia,resident,0.0018360720523029031,4.463801098641198e-7,5.495934116934761e-7,9.090137326575764e-4,1.2398994689510574e-6,0,2023-12-20,1.1198403535357572e-6,houspa,House Sparrow
houspa,state,LAO-3292,Bolikhamxai,AS,Asia,resident,0.06448922497501054,1.2221195229024945e-5,1.504701538546698e-5,0.03485457155268398,3.70584446391432e-5,365,2023-12-06,3.566033081536053e-5,houspa,House Sparrow
houspa,state,LAO-3293,Khammouan,AS,Asia,resident,0.11392182749533776,2.2377733978683254e-5,2.7551978440655257e-5,0.04302392411671016,4.7415474120824306e-5,365,2023-12-06,5.5118855774508016e-5,houspa,House Sparrow
houspa,state,LAO-3294,Attapu,AS,Asia,resident,0.035932215410617384,4.050848540816407e-6,4.987497472677559e-6,0.03724578646124335,2.3558089910070092e-5,365,2023-12-27,1.031773988165029e-5,houspa,House Sparrow
houspa,state,LBN-3022,Beqaa,AS,Asia,resident,4.953453090453302,2.393539952965304e-4,2.946981193170278e-4,0.6123603594807292,1.660124316727893e-4,365,2023-10-18,3.551114254566385e-4,houspa,House Sparrow
houspa,state,LBN-3023,North Lebanon,AS,Asia,resident,3.471769266299391,9.2498169908261825e-05,1.1388586465189784e-4,0.6166774248867866,9.218096521356286e-5,365,2023-06-21,1.4702370718747e-4,houspa,House Sparrow
houspa,state,LBN-3024,Beirut,AS,Asia,resident,12.605689058220715,1.1559860533007774e-5,1.42327649656488e-5,0.6385145562990536,3.2851690423571163e-6,365,2023-12-13,2.2821726107136163e-5,houspa,House Sparrow
houspa,state,LBN-3025,Mount Lebanon,AS,Asia,resident,3.810567906908937,1.0453829057848205e-4,1.287099368946368e-4,0.6994838580332102,1.0766246041331876e-4,365,2023-06-21,1.6885082957773088e-4,houspa,House Sparrow
houspa,state,LBN-3059,An Nabatiyah,AS,Asia,resident,5.272546532727304,6.925777389347142e-5,8.527175696066534e-5,0.9629018455155516,7.096284866186813e-5,365,2023-10-18,1.4389380454144833e-4,houspa,House Sparrow
houspa,state,LBN-3060,South Lebanon,AS,Asia,resident,5.705530879199342,7.788747370216778e-5,9.58968409528614e-5,0.895090100215624,6.85550143880376e-5,365,2023-06-21,1.32230124113593e-4,houspa,House Sparrow
houspa,state,LBR-785,Grand Bassa,AF,Africa,resident,9.062746499387875e-5,8.954123925728401e-9,2.6716802035396765e-7,9.92523893246077e-4,5.501804498073539e-7,365,2023-03-22,8.403113786619478e-8,houspa,House Sparrow
houspa,state,LBR-786,Grand Cape Mount,AF,Africa,resident,1.6778827424686953e-4,1.1421005142408778e-8,3.4077340895207877e-7,0.001623352534538758,6.199497344755287e-7,365,2023-04-05,4.422309745847871e-8,houspa,House Sparrow
houspa,state,LBR-788,Montserrado,AF,Africa,resident,0.0019699351836412493,4.6158570274551574e-8,1.3772529780592966e-6,0.0094315950838313,1.2398994689510574e-6,365,2023-06-14,9.723126210910285e-8,houspa,House Sparrow
houspa,state,LBR-789,Margibi,AF,Africa,resident,0.0018615748484220344,5.6491827598234226e-8,1.685570790709165e-6,0.011333535623419532,1.9296184880947612e-6,365,2023-03-22,1.3023872007799516e-7,houspa,House Sparrow
houspa,state,LBY-2981,Al Marj,AF,Africa,resident,1.086099959181258,1.9983022825317655e-4,0.005962419878496337,0.4791695047811046,4.946311613752616e-4,365,2023-06-21,3.775226427896496e-4,houspa,House Sparrow
houspa,state,LBY-2982,Al Jabal al Akhdar,AF,Africa,resident,0.15377288276843007,1.6228064605240856e-5,4.842036954950672e-4,0.06301492823671537,3.731052266780622e-5,365,2023-06-14,3.516677006238521e-5,houspa,House Sparrow
houspa,state,LBY-2984,Benghazi,AF,Africa,resident,1.494491987559485,1.873123245025048e-4,0.005588917837225847,0.406392814702314,2.8577201573015454e-4,365,2023-06-21,3.078823376424576e-4,houspa,House Sparrow
houspa,state,LCA-5081,Gros Islet,NA,North America,resident,0.00365423463257128,4.346641848771142e-9,8.955208837930091e-8,0.09289623986471772,6.199497344755287e-7,365,2023-09-27,3.4278471759770824e-8,houspa,House Sparrow
houspa,state,LIE-4892,Triesenberg,EU,Europe,resident,0.05147074149969747,1.3335787665590421e-8,1.8221458583490325e-7,0.017517058044372095,2.5463630944282994e-8,365,2023-01-25,4.21503615822631e-7,houspa,House Sparrow
houspa,state,LIE-4893,Triesen,EU,Europe,resident,0.35051197435510173,1.1026401060631545e-7,1.506600999427027e-6,0.27125302748804675,4.787474072172864e-7,365,2023-04-12,9.015072353612828e-7,houspa,House Sparrow
houspa,state,LIE-4894,Balzers,EU,Europe,resident,0.6083861059167217,1.4003768702117186e-7,1.913415973747128e-6,0.5187984575084754,6.699852366252547e-7,365,2023-06-14,5.716422624530986e-7,houspa,House Sparrow
houspa,state,LIE-4895,Vaduz,EU,Europe,resident,1.3282435940669586,2.31955502514702e-7,3.169342290286986e-6,0.5093485310794995,4.99048692951766e-7,365,2023-01-25,7.286051003875188e-7,houspa,House Sparrow
houspa,state,LIE-4896,Schaan,EU,Europe,resident,0.8267012211064179,2.5267582715963925e-7,3.4524560791548016e-6,0.33070507226631624,5.670963970530994e-7,365,2023-01-25,1.4287756424719167e-6,houspa,House Sparrow
houspa,state,LIE-4897,Gamprin,EU,Europe,resident,0.12374224843844424,1.076095790738365e-8,1.470331964972785e-7,0.19720766340029067,9.621828949954616e-8,365,2023-08-02,1.893098650426758e-7,houspa,House Sparrow
houspa,state,LIE-4898,Ruggell,EU,Europe,resident,0.5629579219249178,4.0951039851009796e-8,5.59537760578914e-7,0.98492161757939,4.019680952612161e-7,365,2023-08-02,3.746626985440899e-7,houspa,House Sparrow
houspa,state,LIE-4899,Schellenberg,EU,Europe,resident,1.3187876830961327,4.2459915064214395e-8,5.801543959772143e-7,1,1.8063635191458224e-7,365,2023-08-09,1.014689852355197e-6,houspa,House Sparrow
houspa,state,LIE-4900,Mauren,EU,Europe,resident,1.683069941803141,7.297242322451304e-8,9.97064456082522e-7,0.9833771481319667,2.3920906376118364e-7,365,2023-06-21,4.978406382733563e-7,houspa,House Sparrow
houspa,state,LIE-4902,Eschen,EU,Europe,resident,0.15782475097025772,1.4708553843651737e-8,2.0097148470402836e-7,0.24064386472852084,1.2582605217082098e-7,365,2023-06-21,4.978406382733563e-7,houspa,House Sparrow
houspa,state,LKA-2448,Mahanuvara,AS,Asia,resident,0.08525567383277037,2.0413896662778675e-6,2.5134056972811397e-6,0.18013990883638928,2.419989459718724e-5,365,2023-01-25,6.926394047991025e-6,houspa,House Sparrow
houspa,state,LKA-2449,Mātale,AS,Asia,resident,0.001178854904005235,3.025678921425894e-8,3.7252851647482386e-8,0.012557514496389373,1.8082858690131368e-6,365,2023-01-18,7.76723763273769e-7,houspa,House Sparrow
houspa,state,LKA-2450,Nuvara Ĕliya,AS,Asia,resident,1.1085921450034415,2.358749774170089e-5,2.9041467284731195e-5,0.7385640868851039,8.816560166709659e-5,365,2023-01-25,3.8677631040023705e-5,houspa,House Sparrow
houspa,state,LKA-2451,Ampāra,AS,Asia,resident,0.001397319126747875,8.385221148019903e-8,1.0324076267527653e-7,0.007738316579646775,2.6053515060319265e-6,365,2023-03-22,3.940825983001365e-7,houspa,House Sparrow
houspa,state,LKA-2452,Maḍakalapuva,AS,Asia,resident,1.700147814961614e-4,6.19927040622594e-9,7.632683664165157e-9,0.006091067459698172,1.2460865923497802e-6,365,2023-03-01,1.913883701337455e-7,houspa,House Sparrow
houspa,state,LKA-2454,Trikuṇāmalaya,AS,Asia,resident,0.010951455503899424,4.243135961893256e-7,5.224246148167456e-7,0.025639001878666013,5.573360486881035e-6,365,2023-03-01,1.303485900517786e-6,houspa,House Sparrow
houspa,state,LKA-2457,Mannārama,AS,Asia,resident,0.08087730823368511,2.466421337824284e-6,3.0367144229187657e-6,0.12564053842578848,2.149667468949487e-5,365,2023-02-22,5.329186591378432e-6,houspa,House Sparrow
houspa,state,LKA-2459,Yāpanaya,AS,Asia,resident,0.007297243533450743,1.8024867110631834e-7,2.2192629088400058e-7,0.013420342104992404,1.8598492034265864e-6,365,2023-02-01,6.254430809795029e-7,houspa,House Sparrow
houspa,state,LKA-2460,Kilinŏchchi,AS,Asia,resident,3.5334248774890824e-4,8.262502248949949e-9,1.0172981949190631e-8,0.014176241064297488,1.8598492034265864e-6,365,2023-02-15,2.728083261456642e-7,houspa,House Sparrow
houspa,state,LKA-2461,Kuruṇægala,AS,Asia,resident,7.988955104771194e-4,4.7980961488364187e-8,5.9075258368367966e-8,0.0050906164276243145,1.7153401604465423e-6,365,2023-04-26,2.800112920453391e-7,houspa,House Sparrow
houspa,state,LKA-2462,Puttalama,AS,Asia,resident,0.008526446577931359,4.262287858307182e-7,5.247826401538813e-7,0.0302999905630353,8.49802706409496e-6,365,2023-02-22,1.6656302038433712e-6,houspa,House Sparrow
houspa,state,LKA-2463,Ratnapura,AS,Asia,resident,0.021229062782669655,8.614731252273802e-7,1.060665436280484e-6,0.11192077925813285,2.548135700527725e-5,365,2023-01-25,3.928103434788008e-6,houspa,House Sparrow
houspa,state,LKA-2464,Gālla,AS,Asia,resident,0.02997912520647512,6.866030268531127e-7,8.453613672933085e-7,0.12936456914640593,1.6622755583875284e-5,365,2023-04-19,2.2693673445814262e-6,houspa,House Sparrow
houspa,state,LKA-2465,Hambantŏṭa,AS,Asia,resident,0.03291449936511184,1.210879848015236e-6,1.4908629934791448e-6,0.11132558610450802,2.2977866563352373e-5,365,2023-04-05,2.702224521927078e-6,houspa,House Sparrow
houspa,state,LKA-2466,Mātara,AS,Asia,resident,0.02444583391156409,4.362887606838349e-7,5.371687115286967e-7,0.18697172026689257,1.8721731278677067e-5,365,2023-04-19,1.7580378726757753e-6,houspa,House Sparrow
houspa,state,LKA-2467,Badulla,AS,Asia,resident,0.3249215069373662,1.133296272093375e-5,1.3953403184315158e-5,0.2875778152999928,5.6275750638363546e-5,365,2023-01-25,2.003857168251464e-5,houspa,House Sparrow
houspa,state,LKA-2468,Mŏṇarāgala,AS,Asia,resident,0.0015279849686305478,1.0774478115302314e-7,1.3265784150660853e-7,0.005052902068030714,1.9990283698970093e-6,365,2023-04-05,1.2087802959548782e-6,houspa,House Sparrow
houspa,state,LKA-2469,Kægalla,AS,Asia,resident,0.005219303660670426,1.0695775875283656e-7,1.3168884150764044e-7,0.043432742951583725,4.993647721717439e-6,365,2023-01-18,9.790836720286485e-7,houspa,House Sparrow
houspa,state,LKA-2470,Kŏḷamba,AS,Asia,resident,0.0869555411971774,8.367538005973837e-7,1.0302304378162963e-6,0.11781597485688038,6.360709002658953e-6,365,2023-01-25,1.6334830219805192e-6,houspa,House Sparrow
houspa,state,LKA-2471,Gampaha,AS,Asia,resident,0.01464180734642373,2.7984050971124064e-7,3.445460428536097e-7,0.019818909269133468,2.125184107396725e-6,365,2023-01-25,7.194192808604188e-7,houspa,House Sparrow
houspa,state,LKA-2472,Kaḷutara,AS,Asia,resident,0.049471752420727155,1.0788304426763453e-6,1.328280742190244e-6,0.1903280580228421,2.3286253978498253e-5,365,2023-10-04,2.7392815781186164e-6,houspa,House Sparrow
houspa,state,LSO-1202,Berea,AF,Africa,resident,0.015873098357997707,4.026899736517016e-7,1.201523275412615e-5,0.05150724411979337,7.331255206334638e-6,365,2023-09-06,1.407911094383365e-6,houspa,House Sparrow
houspa,state,LSO-1203,Maseru,AF,Africa,resident,0.04576099700072419,2.1556491194140553e-6,6.431902356821321e-5,0.08848533339269421,2.3385938310318126e-5,365,2023-09-13,4.204021996507569e-6,houspa,House Sparrow
houspa,state,LSO-1204,Mohale's Hoek,AF,Africa,resident,0.04471648039820792,1.8331978445434035e-6,5.469790714382811e-5,0.13351813155513215,3.071021705617431e-5,365,2023-08-23,4.692815884869885e-6,houspa,House Sparrow
houspa,state,LSO-1205,Quthing,AF,Africa,resident,0.002047206629315007,7.151993493527343e-8,2.133970848627403e-6,0.011139986614296025,2.183489035948001e-6,365,2023-09-06,3.791867743098136e-7,houspa,House Sparrow
houspa,state,LSO-1211,Butha-Buthe,AF,Africa,resident,1.5571308773272002e-4,3.2844156347516574e-9,9.799851224248477e-8,6.40803781765084e-4,7.583312886936092e-8,365,2023-09-20,1.7624948572721237e-7,houspa,House Sparrow
houspa,state,LSO-1212,Leribe,AF,Africa,resident,0.03732844849064527,1.2390496284533576e-6,3.6970053028082664e-5,0.09582315548962844,1.7845147651620527e-5,365,2023-09-06,3.1572324672997584e-6,houspa,House Sparrow
houspa,state,LSO-1213,Mokhotlong,AF,Africa,resident,2.5095920564352275e-4,1.1818904930508756e-8,3.526457148937554e-7,0.007038866197799706,1.8598492034265864e-6,365,2023-08-23,1.8197954315807964e-7,houspa,House Sparrow
houspa,state,LSO-1214,Qacha's Nek,AF,Africa,resident,5.433750962402717e-5,1.3493445066541676e-9,4.0260968421762045e-8,0.004449717585423283,6.199497344755287e-7,365,2023-08-09,5.857621884472868e-8,houspa,House Sparrow
houspa,state,LSO-3453,Mafeteng,AF,Africa,resident,0.04455831103307102,1.469284738182265e-6,4.3839676342710493e-5,0.16625817658169362,3.0758218303425995e-5,365,2023-08-23,4.418355461264818e-6,houspa,House Sparrow
houspa,state,LTU-1067,Alytaus,EU,Europe,resident,0.001174585108002274,8.141016121628306e-8,1.11235415415719e-6,0.009565610417529753,3.719698406853172e-6,365,2023-06-14,6.115646415090643e-7,houspa,House Sparrow
houspa,state,LTU-1069,Kauno,EU,Europe,resident,0.012033743590005778,1.208811872403018e-6,1.651669629163056e-5,0.01980022407302158,1.1159095220559517e-5,365,2023-02-15,2.014578911727196e-6,houspa,House Sparrow
houspa,state,LTU-1070,Marijampoles,EU,Europe,resident,0.019843373743504308,1.1530704582713847e-6,1.575506908635834e-5,0.045324637094618654,1.4776636293978868e-5,365,2023-06-07,2.739765397861918e-6,houspa,House Sparrow
houspa,state,LTU-1071,Panevezio,EU,Europe,resident,0.008691403201232304,8.259966825119784e-7,1.1286070772802806e-5,0.006976191734163293,3.719698406853172e-6,365,2023-01-25,1.385103130154288e-6,houspa,House Sparrow
houspa,state,LTU-1072,Šiauliai,EU,Europe,resident,0.006068830588783262,6.374018243428253e-7,8.709190064019933e-6,0.00946868752947032,5.579547610279758e-6,365,2023-03-01,9.799381949790415e-7,houspa,House Sparrow
houspa,state,LTU-1073,Taurages,EU,Europe,resident,0.004449040032394002,2.092820886212235e-7,2.8595423125381193e-6,0.006742998338018558,1.7795890099400265e-6,365,2023-03-22,4.1136217853084435e-7,houspa,House Sparrow
houspa,state,LTU-1074,Utenos,EU,Europe,resident,0.001579072404854956,1.3669197047907478e-7,1.8677015120800297e-6,0.0012764817300141814,6.199497344755287e-7,365,2023-01-18,3.051183042175866e-7,houspa,House Sparrow
houspa,state,LTU-1075,Vilniaus,EU,Europe,resident,0.008732560722194272,1.0510673472154685e-6,1.4361341539024705e-5,0.01416575636402982,9.5659831896359e-6,365,2023-01-25,1.84135342049854e-6,houspa,House Sparrow
houspa,state,LTU-935,Klaipedos,EU,Europe,resident,0.02278685937996677,1.6312996587627392e-6,2.228939145912169e-5,0.03086997557497735,1.2398994689510575e-5,365,2023-02-01,3.0824116194213174e-6,houspa,House Sparrow
houspa,state,LTU-936,Telšiai,EU,Europe,resident,0.007927423079510264,3.913470419449513e-7,5.3472011518081345e-6,0.022383373648512915,6.199497344755288e-6,365,2023-04-12,9.307541192682952e-7,houspa,House Sparrow
houspa,state,LUX-906,Diekirch,EU,Europe,resident,1.4708808011812229,2.0713217434763e-5,2.830166789414413e-4,0.9143399697091146,7.224016095498515e-5,365,2023-07-26,4.645764010539334e-5,houspa,House Sparrow
houspa,state,LUX-907,Grevenmacher,EU,Europe,resident,1.256525663042188,7.139557858199351e-6,9.75519115029736e-5,0.8816940523451906,2.8107277452010152e-5,365,2023-07-26,2.3568570576554048e-5,houspa,House Sparrow
houspa,state,LUX-908,Luxembourg,EU,Europe,resident,2.1129409693468,2.5908068811020243e-5,3.539969401554821e-4,0.9334991995402644,6.421885274892063e-5,365,2023-07-26,4.905987115968141e-5,houspa,House Sparrow
houspa,state,LVA-1065,Ludzas,EU,Europe,resident,1.5698489615419473e-4,1.862093641312032e-9,2.544286322981559e-8,0.0027453982628197,1.827047829205752e-7,365,2023-07-05,6.487355366006004e-8,houspa,House Sparrow
houspa,state,LVA-1066,Rezeknes,EU,Europe,resident,0.002090503739489487,6.467336878014528e-8,8.836696715881908e-7,0.0018094268107134827,3.140627802279505e-7,365,2023-01-18,3.139733708776667e-7,houspa,House Sparrow
houspa,state,LVA-1068,Saldus,EU,Europe,resident,6.539285049859264e-4,1.3265211892020888e-8,1.8125026819027457e-7,0.0030949291345549784,3.5223746516793466e-7,365,2023-04-19,9.281229762089825e-8,houspa,House Sparrow
houspa,state,LVA-1077,Valkas,EU,Europe,resident,4.183691913746569e-4,4.408696112821783e-9,6.023856681090935e-8,0.008763150927892413,5.180977131688161e-7,365,2023-06-28,6.911531551584384e-8,houspa,House Sparrow
houspa,state,LVA-1079,Bauska,EU,Europe,resident,0.004247876664172453,3.939581258049393e-8,5.38287790192283e-7,0.02382908656138701,1.2398994689510574e-6,365,2023-06-07,2.052839239305015e-7,houspa,House Sparrow
houspa,state,LVA-1080,Cesu,EU,Europe,resident,0.06258603510615435,1.3259294526102182e-7,1.811694157946645e-6,0.040905224020892535,4.862086362844433e-7,365,2023-01-25,2.69298904734421e-7,houspa,House Sparrow
houspa,state,LVA-1081,Daugavpils,EU,Europe,resident,0.017365853497257094,4.057670587997266e-7,5.544230188623477e-6,0.023645304627194223,3.099748672377644e-6,365,2023-01-25,7.465605056656672e-7,houspa,House Sparrow
houspa,state,LVA-1084,Jelgava,EU,Europe,resident,0.017132750508422487,2.936040928515848e-7,4.011682663216385e-6,0.02036053401848628,1.9576051295979015e-6,365,2023-01-18,6.550067419007344e-7,houspa,House Sparrow
houspa,state,LVA-1085,Jekabpils,EU,Europe,resident,4.02812206863451e-4,4.6917953155360525e-9,6.410671507978687e-8,0.008943783251050058,5.844651427034636e-7,365,2023-06-28,1.0243213703455756e-7,houspa,House Sparrow
houspa,state,LVA-1088,Ogre,EU,Europe,resident,0.0024073904094982167,3.0049986908427824e-8,4.1059036452655e-7,0.007369287807265475,5.160885149082905e-7,365,2023-03-01,2.3148991856408385e-7,houspa,House Sparrow
houspa,state,LVA-1091,Talsi,EU,Europe,resident,6.015020992255899e-4,1.2925137760656728e-8,1.7660363849328461e-7,0.00514230142483517,6.199497344755287e-7,365,2023-04-26,1.086185446649849e-7,houspa,House Sparrow
houspa,state,LVA-1092,Tukums,EU,Europe,resident,0.0026886882257646477,3.870049689627076e-8,5.287872895392811e-7,0.02244095675750669,1.8122511324056629e-6,365,2023-06-21,2.887283093049631e-7,houspa,House Sparrow
houspa,state,LVA-1093,Valmiera,EU,Europe,resident,0.7091947306596457,2.032024638897337e-7,2.7764728808510486e-6,0.74395661262459,1.1959471628311484e-6,365,2023-01-18,5.220193870136478e-7,houspa,House Sparrow
houspa,state,LVA-1094,Riga,EU,Europe,resident,1.818519278865007,8.06866378206365e-6,1.1024682352159512e-4,0.5205714778356136,1.295880616604515e-5,365,2023-01-25,1.318249338674441e-5,houspa,House Sparrow
houspa,state,LVA-4848,Liepāja,EU,Europe,resident,0.4021489423452599,6.144102195075009e-7,8.39504245925879e-6,0.21196460844388249,1.816919843638175e-6,365,2023-01-25,9.061372659095732e-7,houspa,House Sparrow
houspa,state,LVA-4851,Rezekne,EU,Europe,resident,0.3310577988350569,1.5067078276854996e-7,2.0587021155436575e-6,0.3625836782787561,9.258366887231068e-7,365,2023-01-18,5.822760895371148e-7,houspa,House Sparrow
houspa,state,LVA-4852,Ventspils,EU,Europe,resident,0.015393999362368233,5.314523585801656e-7,7.26154118811699e-6,0.006401366376737852,1.2398994689510574e-6,365,2023-12-13,9.363183437865208e-7,houspa,House Sparrow
houspa,state,LVA-5709,Kuldigas,EU,Europe,resident,4.49423762818443e-4,9.722140481065208e-9,1.328392327179133e-7,0.005107986051644844,6.199497344755287e-7,365,2023-07-05,9.651858122847113e-8,houspa,House Sparrow
houspa,state,LVA-5711,Brocenu,EU,Europe,resident,0.001528278512634287,1.0082005265299868e-8,1.377562735602086e-7,0.007233074653272681,2.677122693075941e-7,365,2023-04-19,9.281229762089825e-8,houspa,House Sparrow
houspa,state,LVA-5717,Nicas,EU,Europe,resident,3.4671181407496573e-4,1.6636488846142932e-9,2.27313976561632e-8,0.001594631959435423,4.2929359788411086e-8,365,2023-04-26,1.0155215358364705e-7,houspa,House Sparrow
houspa,state,LVA-5726,Krustpils,EU,Europe,resident,2.887441546666051e-5,2.8485264438490855e-10,3.892106557342604e-9,6.411089560702459e-4,3.548459177206517e-8,365,2023-06-28,1.0243213703455756e-7,houspa,House Sparrow
houspa,state,LVA-5730,Aizkraukles,EU,Europe,resident,0.01568653903327263,1.7489238198289432e-8,2.3896558454450973e-7,0.0991087058062378,6.199497344755287e-7,365,2023-07-12,8.26383941082249e-8,houspa,House Sparrow
houspa,state,LVA-5736,Iecavas,EU,Europe,resident,0.005725883917990954,2.194695732586101e-8,2.998739811812239e-7,0.02882861533407878,6.199497344755287e-7,365,2023-04-26,9.659780950075858e-8,houspa,House Sparrow
houspa,state,LVA-5737,Ozolnieku,EU,Europe,resident,5.531387207892952e-4,2.101629708464391e-9,2.871578316249482e-8,0.024496760997070863,5.221938083042133e-7,365,2023-06-07,1.0510760844791177e-7,houspa,House Sparrow
houspa,state,LVA-5738,Rundales,EU,Europe,resident,0.008151311486806883,2.2373990808519662e-8,3.057087868283665e-7,0.04025683217714432,6.199497344755287e-7,365,2023-06-21,1.2791689126320312e-7,houspa,House Sparrow
houspa,state,LVA-5740,Auces,EU,Europe,resident,0.0017666035739382483,1.145428526869178e-8,1.565065295434202e-7,0.01704223984050309,6.199497344755287e-7,365,2023-05-24,8.577554554743668e-8,houspa,House Sparrow
houspa,state,LVA-5745,Ciblas,EU,Europe,resident,7.27009219406745e-4,4.45632035993392e-9,6.08892844648525e-8,0.012714152105771556,4.372449515549535e-7,365,2023-07-05,6.487355366006004e-8,houspa,House Sparrow
houspa,state,LVA-5753,Vilanu,EU,Europe,resident,0.005305100151479472,1.5889608446815696e-8,2.1710891735970938e-7,0.03894678628874655,6.544736272977758e-7,365,2023-06-28,1.619270178796523e-7,houspa,House Sparrow
houspa,state,LVA-5755,Alojas,EU,Europe,resident,0.001279134103021399,1.012231210046535e-8,1.383070091792935e-7,0.01396342373491236,6.199497344755287e-7,365,2023-06-21,5.7518810087964424e-8,houspa,House Sparrow
houspa,state,LVA-5756,Babites,EU,Europe,resident,0.0035293788740206247,9.623622227901208e-9,1.3149312080104656e-7,0.001816801212698878,2.7793843702823666e-8,365,2023-01-18,7.518692633395317e-7,houspa,House Sparrow
houspa,state,LVA-5759,Engures,EU,Europe,resident,2.2955405949016752e-4,1.6077978167764502e-9,2.1968272188833782e-8,0.0012112728430181824,4.7598071020923295e-8,365,2023-07-12,9.345704460948454e-8,houspa,House Sparrow
houspa,state,LVA-5761,Ikskiles,EU,Europe,resident,0.0901628932908932,1.2236892146176693e-7,1.6719974029544868e-6,0.07566847373224342,5.761813301687566e-7,365,2023-03-01,4.46836202707899e-7,houspa,House Sparrow
houspa,state,LVA-5764,Jurmala,EU,Europe,resident,0.20592630428608197,4.484753336079871e-7,6.127778067538049e-6,0.0992002611516816,1.2121056252482338e-6,365,2023-01-18,7.518692633395317e-7,houspa,House Sparrow
houspa,state,LVA-5766,Keguma,EU,Europe,resident,9.22310660079501e-4,5.799384027919089e-9,7.924034074653548e-8,0.0028232947489607724,9.960055887785452e-8,365,2023-03-01,2.3148991856408385e-7,houspa,House Sparrow
houspa,state,LVA-5767,Kekavas,EU,Europe,resident,0.0544777226054865,1.8742975295999605e-7,2.5609612019292653e-6,0.02214817255232004,4.275219350931074e-7,365,2023-01-18,2.300932386629491e-6,houspa,House Sparrow
houspa,state,LVA-5771,Marupes,EU,Europe,resident,0.05296131275613707,6.870253460650106e-8,9.387224964171218e-7,0.093425709537728,6.79956826081568e-7,365,2023-01-18,1.1849126011549805e-6,houspa,House Sparrow
houspa,state,LVA-5772,Olaines,EU,Europe,resident,1.4230749763647917e-7,4.964256041494516e-13,6.782950368303511e-12,1.2488580587695018e-7,2.444220525126325e-12,365,2023-01-18,3.278622520339643e-7,houspa,House Sparrow
houspa,state,LVA-5775,Salaspils,EU,Europe,resident,0.0043266176936662525,6.982158220129013e-9,9.540126914267623e-8,0.0950444193358747,8.60535320968494e-7,365,2023-02-15,2.334554608488729e-7,houspa,House Sparrow
houspa,state,LVA-5781,Amatas,EU,Europe,resident,0.004227589541553361,3.6472256533973315e-8,4.983415517292626e-7,0.0027630844000951517,1.3374109819108546e-7,365,2023-01-25,2.69298904734421e-7,houspa,House Sparrow
houspa,state,LVA-5783,Beverinas,EU,Europe,resident,1.0667627858410595e-5,3.849630460982408e-11,5.259972921399098e-10,1.0401076806248325e-5,2.1058644043596232e-10,365,2023-01-18,2.728902650744352e-7,houspa,House Sparrow
houspa,state,LVA-5784,Burtnieku,EU,Europe,resident,6.849271251635145e-4,5.7538194503190354e-9,7.861776554930443e-8,6.678129130546929e-4,3.147513428197149e-8,365,2023-01-18,2.728902650744352e-7,houspa,House Sparrow
houspa,state,LVA-5788,Kocenu,EU,Europe,resident,3.1518626504686256e-4,1.9310712517834304e-9,2.6385344246992966e-8,3.568549760280897e-4,1.2266585397501552e-8,365,2023-01-18,2.491291219392126e-7,houspa,House Sparrow
houspa,state,LVA-5792,Nauksenu,EU,Europe,resident,0.00227917913798432,7.2547619849802e-9,9.912601216910887e-8,0.012042417954986995,2.1505984022339745e-7,365,2023-07-12,9.93675779940977e-8,houspa,House Sparrow
houspa,state,LVA-5796,Rujienas,EU,Europe,resident,0.003535068020989147,1.3658430183300412e-8,1.8662303730484906e-7,0.01867811349208345,4.048898942521313e-7,365,2023-07-12,9.93675779940977e-8,houspa,House Sparrow
houspa,state,LVA-5800,Varaklanu,EU,Europe,resident,0.004202458265628266,1.4953255724235527e-8,2.043149881356739e-7,0.029325040637326796,5.854258416532815e-7,365,2023-06-28,8.892531892409545e-8,houspa,House Sparrow
houspa,state,MAF-5145,St. Martin,NA,North America,resident,0.01481786275402158,4.001507580993744e-8,8.244142789102881e-7,0.08216132096392377,1.244819561166723e-6,365,2023-03-29,1.68399091768537e-7,houspa,House Sparrow
houspa,state,MAR-1445,Tanger - Tétouan,AF,Africa,resident,2.0723158790960325,3.161070302948991e-4,0.009431820489014475,0.5317110717780965,4.5504549453739606e-4,365,2023-04-05,6.043501846065109e-4,houspa,House Sparrow
houspa,state,MAR-1446,Fès - Boulemane,AF,Africa,resident,0.7372697512557586,1.7936939367392156e-4,0.005351921217245691,0.19694094933982317,2.6881832222846867e-4,365,2023-04-05,4.700198833216879e-4,houspa,House Sparrow
houspa,state,MAR-1447,Taza - Al Hoceima - Taounate,AF,Africa,resident,0.7850272560857812,2.1601554968389376e-4,0.0064453482276352605,0.27872860675335476,4.3031128718719845e-4,365,2023-04-05,6.653981092071015e-4,houspa,House Sparrow
houspa,state,MAR-1448,Gharb - Chrarda - Béni Hssen,AF,Africa,resident,2.8503852368245544,3.2358746610319127e-4,0.009655017447518016,0.8296095636777067,5.283999845282307e-4,365,2023-04-05,9.349632943780968e-4,houspa,House Sparrow
houspa,state,MAR-1449,Chaouia - Ouardigha,AF,Africa,resident,4.504597307642576,9.19228881042232e-4,0.027427424775145464,0.8521607495435851,9.756411957179154e-4,365,2023-04-05,0.0020099133015005215,houspa,House Sparrow
houspa,state,MAR-1450,Grand Casablanca,AF,Africa,resident,6.637387280521712,7.63874759435087e-5,0.002279205748875468,0.8655816383471838,5.5889979640187194e-5,365,2023-04-05,1.313275193796691e-4,houspa,House Sparrow
houspa,state,MAR-1451,Rabat - Salé - Zemmour - Zaer,AF,Africa,resident,1.3839583268716948,1.6485995648562107e-4,0.004918996942106944,0.5254679711703574,3.511877289211986e-4,365,2023-04-05,5.255516543480137e-4,houspa,House Sparrow
houspa,state,MAR-1452,Meknès - Tafilalet,AF,Africa,resident,0.6644776483231799,4.8082884417622327e-4,0.014346695611228968,0.16513011239772177,6.704051274660282e-4,365,2023-04-05,0.0011237238576732864,houspa,House Sparrow
houspa,state,MAR-1453,Tadla - Azilal,AF,Africa,resident,3.020112956890366,6.106916452194556e-4,0.018221467477257076,0.43277983401034,4.909833028077136e-4,365,2023-04-05,0.0010419364535285574,houspa,House Sparrow
houspa,state,MAR-1454,Oriental,AF,Africa,resident,0.3174600068360547,2.2905516653225804e-4,0.006834416845452982,0.10379571945074556,4.201761809844974e-4,365,2023-04-05,5.658000124907027e-4,houspa,House Sparrow
houspa,state,MAR-1455,Souss - Massa - Draâ,AF,Africa,resident,1.656275383372079,0.0014768731667769098,0.044066095528109896,0.4781120499711892,0.0023918902982162224,365,2023-12-20,0.0024273933511078706,houspa,House Sparrow
houspa,state,MAR-1456,Marrakech - Tensift - Al Haouz,AF,Africa,resident,4.123775342148562,0.0016387904768898206,0.04889729147343369,0.8538340482393281,0.001903718885625953,365,2023-01-11,0.0027843954045331373,houspa,House Sparrow
houspa,state,MAR-1457,Doukkala - Abda,AF,Africa,resident,5.5308345664974965,9.874884138538745e-4,0.029464113612919143,0.970076446060976,9.71735827394464e-4,365,2023-03-08,0.001669866436667836,houspa,House Sparrow
houspa,state,MAR-3456,Laâyoune - Boujdour - Sakia El Hamra,AF,Africa,resident,0.12718810712148015,1.1751083545920496e-4,0.003506220992716792,0.10491252792817886,5.438256364312378e-4,365,2023-12-20,2.138475972544005e-4,houspa,House Sparrow
houspa,state,MAR-3457,Guelmim - Es-Semara,AF,Africa,resident,0.4141060859690502,5.184020659480854e-4,0.015467783878755083,0.31412129431514857,0.002206243299378241,365,2023-12-20,0.0012840712320973083,houspa,House Sparrow
houspa,state,MAR-3469,Oued el Dahab,AF,Africa,resident,0.15168575559190295,1.433342323118888e-4,0.004276724715154963,0.2579469467181179,0.0013675286450400982,365,2023-12-20,2.912435594426558e-4,houspa,House Sparrow
houspa,state,MCO-001,Monaco,EU,Europe,resident,0.2342725093027749,1.268476975024691e-7,1.7331935123833709e-6,0.09320908898385076,2.831525241277539e-7,365,2023-12-13,3.764849351516296e-7,houspa,House Sparrow
houspa,state,MDA-1613,Briceni,EU,Europe,resident,1.220525481124249,1.1246112022378145e-5,1.536621379851457e-4,0.701705728006601,3.627533996478394e-5,365,2023-10-11,5.511164809219136e-5,houspa,House Sparrow
houspa,state,MDA-1614,Donduseni,EU,Europe,resident,1.630735112756467,1.715541366875389e-5,2.3440434677467035e-4,0.8951918702896599,5.2836594337693935e-5,365,2023-10-11,6.138195363994784e-5,houspa,House Sparrow
houspa,state,MDA-1615,Edineţ,EU,Europe,resident,1.3259894267092345,1.531670547515089e-5,2.0928101245276169e-4,0.8601854460529175,5.574658983462577e-5,365,2023-10-11,6.492853176434907e-5,houspa,House Sparrow
houspa,state,MDA-1616,Ocniţa,EU,Europe,resident,1.6715551889106135,1.3309170272656222e-5,0.00018185089698868505,0.7171503619835352,3.203622965395596e-5,365,2023-10-11,4.573130286235463e-5,houspa,House Sparrow
houspa,state,MDA-1617,Rîşcani,EU,Europe,resident,2.4784934446017632,3.2291162580123185e-5,4.412128449560292e-4,0.9462940529185532,6.917082132140076e-5,365,2023-09-20,1.2169213928546936e-4,houspa,House Sparrow
houspa,state,MDA-1618,Bălţi,EU,Europe,resident,3.859263528000447,4.8127722862822e-6,6.575969345443127e-5,0.9206184341462236,6.44126935478511e-6,365,2023-09-20,2.2232283762938792e-5,houspa,House Sparrow
houspa,state,MDA-1619,Drochia,EU,Europe,resident,2.3673969438130182,2.2127432136358097e-5,3.023399129786543e-4,0.9308105207647364,4.881149767942665e-5,365,2023-09-20,7.398467366404542e-5,houspa,House Sparrow
houspa,state,MDA-1620,Făleşti,EU,Europe,resident,3.8511211439062376,5.3859369199024455e-5,7.359117360013011e-4,0.9305337321346946,7.301416424308848e-5,365,2023-09-20,1.875386356729999e-4,houspa,House Sparrow
houspa,state,MDA-1621,Glodeni,EU,Europe,resident,3.4126301649602233,3.3337673661337064e-5,4.55511931595437e-4,0.9412898204133392,5.159057197327236e-5,365,2023-09-20,1.1924993617193e-4,houspa,House Sparrow
houspa,state,MDA-1622,Sîngerei,EU,Europe,resident,4.2702619157756745,5.172050435986522e-5,7.066871876958538e-4,0.9639101888722856,6.550066724377964e-5,365,2023-09-20,1.780877724927394e-4,houspa,House Sparrow
houspa,state,MDA-1623,Ungheni,EU,Europe,resident,3.617951242407502,4.861353676412999e-5,6.642348910744756e-4,0.8065335461270333,6.0801999196312586e-5,365,2023-09-20,1.6373585450259927e-4,houspa,House Sparrow
houspa,state,MDA-1624,Cahul,EU,Europe,resident,2.44928074029214,4.3225153691601546e-5,5.906102942751456e-4,0.8160098381331587,8.079682378933841e-5,365,2023-09-20,1.7778929137103735e-4,houspa,House Sparrow
houspa,state,MDA-1625,Taraclia,EU,Europe,resident,2.688354048322859,2.615080395114475e-5,3.5731357087385264e-4,0.8795850568183349,4.800399026976178e-5,365,2023-09-20,1.2895650165423522e-4,houspa,House Sparrow
houspa,state,MDA-1626,Comrat,EU,Europe,resident,3.791668010409565,7.993952105505293e-5,0.0010922599464050558,0.9446846419377634,1.1174266051666536e-4,365,2023-09-20,3.1867455589576883e-4,houspa,House Sparrow
houspa,state,MDA-1627,Chişinău,EU,Europe,resident,6.577398538731637,1.4231473381478603e-5,1.9445285820781437e-4,1,1.213938324259285e-5,365,2023-09-20,5.6844370038764014e-5,houspa,House Sparrow
houspa,state,MDA-1628,Stîngă Nistrului,EU,Europe,resident,3.5098537551448024,2.6498499930979938e-5,3.620643422981459e-4,0.803542433913102,3.4036273085965154e-5,365,2023-09-20,1.021406304639976e-4,houspa,House Sparrow
houspa,state,MDA-1629,Anenii Noi,EU,Europe,resident,5.340549822404316,5.441263869698073e-5,7.434713773928113e-4,0.9397745066610124,5.372029525507798e-5,365,2023-09-20,0.00018364532318533792,houspa,House Sparrow
houspa,state,MDA-1630,Basarabeasca,EU,Europe,resident,2.8899873593651564,1.625757928100895e-5,2.221367158544959e-4,0.9827231082253496,3.101644513142481e-5,365,2023-09-20,9.371650830688327e-5,houspa,House Sparrow
houspa,state,MDA-1631,Cantemir,EU,Europe,resident,3.8375432998865433,4.121870732324757e-5,5.631950561821672e-4,0.9522781308529968,5.738598027365369e-5,365,2023-09-20,1.6204609562324318e-4,houspa,House Sparrow
houspa,state,MDA-1632,Călărași,EU,Europe,resident,2.552699190329182,2.3486046016705703e-5,3.2090344081254845e-4,0.5315908335458311,2.7440288019148507e-5,365,2023-09-20,7.420262672278395e-5,houspa,House Sparrow
houspa,state,MDA-1633,Cimişlia,EU,Europe,resident,3.4856739800288032,5.19531730919402e-5,7.098662752544511e-4,0.9043702369595064,7.562623665781282e-5,365,2023-09-20,2.0229333140254447e-4,houspa,House Sparrow
houspa,state,MDA-1634,Criuleni,EU,Europe,resident,5.159277015591841,5.102678131535387e-5,6.972084482010788e-4,0.9726601205765492,5.3972353072862746e-5,365,2023-09-20,1.6424810841750192e-4,houspa,House Sparrow
houspa,state,MDA-1635,Floreşti,EU,Europe,resident,3.1773955001936387,3.0698108270247975e-5,4.1944602183575664e-4,0.9662598021205429,5.2376342152690594e-5,365,2023-09-20,1.0719125426956237e-4,houspa,House Sparrow
houspa,state,MDA-1637,Grigoriopol,EU,Europe,resident,2.24489312563515,1.878587372413992e-5,2.5668226624688066e-4,0.7764593896249811,3.645485624235753e-5,365,2023-09-20,8.031131939297973e-5,houspa,House Sparrow
houspa,state,MDA-1638,Transnistria,EU,Europe,resident,5.556865931224241,1.1670767926136418e-6,1.5946445739559313e-5,1,1.1783394814833026e-6,365,2023-09-20,1.1449342159904027e-5,houspa,House Sparrow
houspa,state,MDA-1639,Hîncesti,EU,Europe,resident,3.566845813873249,5.522737878718161e-5,7.54603642829378e-4,0.7812255116821025,6.786524591254447e-5,365,2023-09-20,1.8119456669074988e-4,houspa,House Sparrow
houspa,state,MDA-1640,Ialoveni,EU,Europe,resident,5.417759233107926,4.2978342838114974e-5,5.872379747260233e-4,0.9077616373793028,4.0401985203426654e-5,365,2023-09-20,1.279333132873574e-4,houspa,House Sparrow
houspa,state,MDA-1641,Leova,EU,Europe,resident,3.884597992422849,3.5612274811777335e-5,4.865911236881913e-4,0.909333788586835,4.677113169687736e-5,365,2023-09-20,1.39170571288605e-4,houspa,House Sparrow
houspa,state,MDA-1642,Nisporeni,EU,Europe,resident,2.942138103319268,3.0152909847731385e-5,4.1199666021964206e-4,0.6945678266167046,3.993758060559656e-5,365,2023-09-20,1.0278321399081676e-4,houspa,House Sparrow
houspa,state,MDA-1643,Orhei,EU,Europe,resident,4.459757335742956,5.904197447130706e-5,8.067246716085022e-4,0.9010237842341844,6.692475875397431e-5,365,2023-09-20,1.7517720103955292e-4,houspa,House Sparrow
houspa,state,MDA-1644,Rezina,EU,Europe,resident,3.656016909652722,6.242991092992587e-5,8.530160084325776e-4,0.8275148710717546,7.92795619330276e-5,365,2023-09-20,1.8521113781933744e-4,houspa,House Sparrow
houspa,state,MDA-1646,Şoldăneşti,EU,Europe,resident,2.714859707944464,1.8397307348961328e-5,2.5137305895459413e-4,0.780536825967129,2.9675714541815605e-5,365,2023-09-20,6.203969031199021e-5,houspa,House Sparrow
houspa,state,MDA-1647,Străşeni,EU,Europe,resident,3.480781448114572,3.283169517017417e-5,4.485984546025102e-4,0.6736094960888775,3.564722006780332e-5,365,2023-09-20,9.76935749186686e-5,houspa,House Sparrow
houspa,state,MDA-1648,Teleneşti,EU,Europe,resident,4.326845386864864,4.650046211681117e-5,6.353627290879054e-4,0.9183752575372264,5.537413841533433e-5,365,2023-09-20,1.4954137970920082e-4,houspa,House Sparrow
houspa,state,MDA-1649,Causeni,EU,Europe,resident,3.9621373734423138,6.021223455678289e-5,8.227146125209768e-4,0.9199642413734594,7.84381022172388e-5,365,2023-09-20,2.259509248693292e-4,houspa,House Sparrow
houspa,state,MDA-1650,Bender,EU,Europe,resident,2.1087795598818047,2.385300660966072e-5,3.2591743579655363e-4,0.8698887859279328,5.520476842500217e-5,365,2023-08-02,1.31903242859257e-4,houspa,House Sparrow
houspa,state,MDA-1651,Ștefan Vodă,EU,Europe,resident,2.657490747859336,3.639630559315689e-5,4.973037900633097e-4,0.8166592380115868,6.275196587960354e-5,365,2023-08-02,1.3815914723418053e-4,houspa,House Sparrow
houspa,state,MDA-1652,Camenca,EU,Europe,resident,3.571330697615387,2.925791298945071e-5,3.9976780010694374e-4,0.8035233631630918,3.693283970048747e-5,365,2023-09-20,8.73013042584694e-5,houspa,House Sparrow
houspa,state,MDA-1653,Soroca,EU,Europe,resident,3.0429971442134622,3.061812205989965e-5,4.1835312394651304e-4,0.9539726905011304,5.385349116582728e-5,365,2023-09-20,1.1735496471368876e-4,houspa,House Sparrow
houspa,state,MDG-5863,Analanjirofo,AF,Africa,resident,0.002218765126758249,6.482828642936233e-7,1.9343092737979687e-5,0.0026472831311596797,4.339648141328701e-6,365,2023-12-13,1.3290806478893203e-6,houspa,House Sparrow
houspa,state,MDG-5868,Atsinanana,AF,Africa,resident,0.0016440755599554549,4.601400439529491e-7,1.3729395041681487e-5,0.004342901627878174,6.819447079230816e-6,365,2023-12-13,1.5046529929940829e-6,houspa,House Sparrow
houspa,state,MDG-5870,Boeny,AF,Africa,resident,0.02200626451718928,8.612060332836603e-6,2.5696172281932273e-4,0.03955964111185246,8.685883354818703e-5,365,2023-12-13,2.183406042161161e-5,houspa,House Sparrow
houspa,state,MDG-5872,Diana,AF,Africa,resident,0.034340137190707394,9.606638462039962e-6,0.00028663737529751845,0.06560222924187856,1.029648363001529e-4,365,2023-12-13,2.117500427017264e-5,houspa,House Sparrow
houspa,state,MDG-5876,Melaky,AF,Africa,resident,0.00153164536410033,8.093574885894009e-7,2.41491451066218e-5,0.007752949456390174,2.2985292586747657e-5,365,2023-11-29,3.999981879241796e-6,houspa,House Sparrow
houspa,state,MDG-5879,Sava,AF,Africa,resident,0.005478648197430102,1.6791787758559951e-6,5.010237440167553e-5,0.011502906465986337,1.978026137162369e-5,365,2023-12-13,4.239185338659849e-6,houspa,House Sparrow
houspa,state,MDG-5880,Sofia,AF,Africa,resident,0.00418579256971438,2.7173625276960884e-6,8.107910646876147e-5,0.014097777834577196,5.13477545830809e-5,365,2023-12-13,9.98346322705611e-6,houspa,House Sparrow
houspa,state,MEX-AG,Aguascalientes,NA,North America,resident,2.561220472981914,1.7445878832537484e-4,0.0035943032286123605,0.5421121741543933,2.07174339299194e-4,365,2023-04-05,2.634169590037732e-4,houspa,House Sparrow
houspa,state,MEX-BC,Baja California,NA,North America,resident,0.19425148097759917,1.8814135146175628e-4,0.003876199493792572,0.058641052993768664,3.186563637356319e-4,365,2023-12-20,2.5793131128387534e-4,houspa,House Sparrow
houspa,state,MEX-BS,Baja California Sur,NA,North America,resident,0.11429708797414836,1.1431956535073742e-4,0.0023552793572506566,0.03056898759613029,1.7154077570966867e-4,365,2023-03-22,1.4761237471102963e-4,houspa,House Sparrow
houspa,state,MEX-CH,Chihuahua,NA,North America,resident,0.2122632120171613,6.462623239532999e-4,0.013314678955488397,0.06848071856805159,0.001169777678598128,365,2023-04-12,8.040087847388336e-4,houspa,House Sparrow
houspa,state,MEX-CL,Colima,NA,North America,resident,0.08596106948503285,6.3153549617001965e-6,1.3011268131896407e-4,0.05849768337983651,2.4112127867262113e-5,365,2023-04-05,1.1936064913691624e-5,houspa,House Sparrow
houspa,state,MEX-CO,Coahuila,NA,North America,resident,0.10028639746203048,1.8589448668684212e-4,0.003829908255659774,0.04807214212642045,4.999411316752106e-4,365,2023-04-12,2.692443719870379e-4,houspa,House Sparrow
houspa,state,MEX-CS,Chiapas,NA,North America,resident,0.01556456737891602,1.420758104451453e-5,2.927129949098861e-4,0.020405657875044177,1.04504406748698e-4,365,2023-03-22,2.3538780479915055e-5,houspa,House Sparrow
houspa,state,MEX-DF,Distrito Federal,NA,North America,resident,3.829511415248317,6.46554304653192e-5,0.0013320694514706642,0.5739408020302629,5.436628461903196e-5,365,2023-03-29,1.1934813373168566e-4,houspa,House Sparrow
houspa,state,MEX-DG,Durango,NA,North America,resident,0.16339907130073936,2.4279434427425896e-4,0.0050021928037594894,0.057289429547635426,4.776000845376926e-4,365,2023-04-05,3.3888886075604947e-4,houspa,House Sparrow
houspa,state,MEX-GJ,Guanajuato,NA,North America,resident,1.5817498772331176,5.907400673816836e-4,0.012170776558992284,0.4472203853286428,9.370896157083688e-4,365,2023-04-05,8.715803399773486e-4,houspa,House Sparrow
houspa,state,MEX-GR,Guerrero,NA,North America,resident,0.019796253350113157,1.6023291102628126e-5,3.3012132834351005e-4,0.011943053997813133,5.42356726123886e-5,365,2023-04-05,2.6901035491593177e-5,houspa,House Sparrow
houspa,state,MEX-HG,Hidalgo,NA,North America,resident,0.49575218338266064,1.2967265957465406e-4,0.002671592892773401,0.1904293062026099,2.794592459443255e-4,365,2023-05-31,2.000475870777535e-4,houspa,House Sparrow
houspa,state,MEX-JA,Jalisco,NA,North America,resident,0.6477781330790764,6.379110457437008e-4,0.01314262097824383,0.1933450461321269,0.001068237458817029,365,2023-04-05,9.84364041572976e-4,houspa,House Sparrow
houspa,state,MEX-MI,Michoacán,NA,North America,resident,0.32836171568626266,2.3942838550722803e-4,0.004932845328749222,0.1039908503258296,4.254212362877732e-4,365,2023-04-05,3.6807304255236914e-4,houspa,House Sparrow
houspa,state,MEX-MO,Morelos,NA,North America,resident,0.6620265705732921,4.1289777466533065e-5,8.506764370038899e-4,0.33040120351763524,1.156137951483724e-4,365,2023-05-10,6.14020303675712e-5,houspa,House Sparrow
houspa,state,MEX-MX,México,NA,North America,resident,1.2155926783544224,0.00032573899720498867,0.00671106764283626,0.3372259811641848,5.069949359127329e-4,365,2023-04-05,4.678743187550577e-4,houspa,House Sparrow
houspa,state,MEX-NA,Nayarit,NA,North America,resident,0.07470941242315539,2.608033273189196e-5,5.373224532930534e-4,0.044537951595153,8.72306203526498e-5,365,2023-05-10,4.095045494684642e-5,houspa,House Sparrow
houspa,state,MEX-NL,Nuevo León,NA,North America,resident,0.12835392011305322,1.0240671156217536e-4,0.0021098436916402947,0.06978624918221826,3.1238491605720944e-4,365,2023-06-28,1.4053387632755192e-4,houspa,House Sparrow
houspa,state,MEX-OA,Oaxaca,NA,North America,resident,0.06088736094639817,7.047661672246447e-5,0.0014520009766133728,0.03359149651817541,2.181464570463114e-4,365,2023-01-11,1.3296928582051348e-4,houspa,House Sparrow
houspa,state,MEX-PU,Puebla,NA,North America,resident,0.45580012543094184,1.9357454010175256e-4,0.003988137262350135,0.1892215059315708,4.508636321230725e-4,365,2023-03-29,2.872465018203635e-4,houspa,House Sparrow
houspa,state,MEX-QT,Querétaro,NA,North America,resident,1.0015554769673225,1.4387168207049967e-4,0.002964129559397345,0.3113384021786828,2.509192138874606e-4,365,2023-03-29,2.067443720388678e-4,houspa,House Sparrow
houspa,state,MEX-SI,Sinaloa,NA,North America,resident,0.6643603706022178,4.966812841480085e-4,0.010232921828363184,0.16422666058164193,6.888404687659242e-4,365,2023-03-22,6.75824974213689e-4,houspa,House Sparrow
houspa,state,MEX-SL,San Luis Potosí,NA,North America,resident,0.14571176760055857,1.1485608226880974e-4,0.0023663329963899814,0.05777135084379304,2.5548935478068835e-4,365,2023-04-05,1.8028744427164105e-4,houspa,House Sparrow
houspa,state,MEX-SO,Sonora,NA,North America,resident,0.29926379521742946,6.744703263963657e-4,0.013895836919653104,0.077755883491439,9.832022043667734e-4,365,2023-03-22,9.084352447533188e-4,houspa,House Sparrow
houspa,state,MEX-TB,Tabasco,NA,North America,resident,6.839103494498071e-5,2.0682271403050933e-8,4.261083983936545e-7,3.525310163320493e-4,5.981323682195845e-7,0,2023-04-05,5.2154244507491515e-8,houspa,House Sparrow
houspa,state,MEX-TL,Tlaxcala,NA,North America,resident,1.2636352959724713,6.0080161374287936e-5,0.0012378070493095682,0.46377455065080647,1.2371352191854813e-4,365,2023-04-05,9.296598567771947e-5,houspa,House Sparrow
houspa,state,MEX-TM,Tamaulipas,NA,North America,resident,0.09391732196975054,9.216229330498746e-5,0.001898782122483964,0.032320072971720806,1.779429639967744e-4,365,2023-06-28,1.2560140983434412e-4,houspa,House Sparrow
houspa,state,MEX-VE,Veracruz,NA,North America,resident,0.009912419204928769,8.893674702695695e-6,1.8323275086897824e-4,0.009488864960662728,4.7765767593531455e-5,365,2023-02-08,1.9934239808630516e-5,houspa,House Sparrow
houspa,state,MEX-ZA,Zacatecas,NA,North America,resident,0.3074763524809233,2.8209524685497326e-4,0.005811893263043805,0.12536300592312982,6.45289145970014e-4,365,2023-04-05,4.5329788589083505e-4,houspa,House Sparrow
houspa,state,MKD-2894,Resen,EU,Europe,resident,0.5965062378455266,5.179930359199024e-6,7.07763867214591e-5,0.3729684769801021,1.8171131595928168e-5,365,2023-07-05,2.3910836005921706e-5,houspa,House Sparrow
houspa,state,MKD-2895,Vevčani,EU,Europe,resident,0.4579339864946437,2.1179237869192434e-7,2.893841858768782e-6,0.2667374903583378,6.921375751009594e-7,365,2023-07-05,2.3362725767276577e-6,houspa,House Sparrow
houspa,state,MKD-2896,Bitola,EU,Europe,resident,1.424768267276336,1.327497721883072e-5,1.8138369750279936e-4,0.4807920296232681,2.5133196409231864e-5,365,2023-07-05,5.2895363302530245e-5,houspa,House Sparrow
houspa,state,MKD-2897,Demir Hisar,EU,Europe,resident,0.1917135541682132,1.1221826177860684e-6,1.5333030643448164e-5,0.18814739633584693,6.178881218729272e-6,365,2023-06-28,5.375155803022644e-6,houspa,House Sparrow
houspa,state,MKD-2898,Ohrid,EU,Europe,resident,0.9688483891872252,5.634020871730997e-6,7.698088822878788e-5,0.4061855095041758,1.3252199681721415e-5,365,2023-07-05,2.250712788165436e-5,houspa,House Sparrow
houspa,state,MKD-2899,Debarca,EU,Europe,resident,0.33172465130517775,1.7472274232721176e-6,2.3873379606394536e-5,0.20212489997124752,5.972998755520962e-6,365,2023-07-05,1.302238089848004e-5,houspa,House Sparrow
houspa,state,MKD-2901,Skopje,EU,Europe,resident,1.58154713367598,3.830849323401056e-6,5.234311166040437e-5,0.6710511871178793,9.119467818595098e-6,365,2023-07-05,1.8985262363038713e-5,houspa,House Sparrow
houspa,state,MKD-2902,Plasnica,EU,Europe,resident,0.4308725541578539,3.280434711425708e-7,4.482247822850377e-6,0.2613469093512224,1.116351219498522e-6,365,2023-07-05,2.104514825748633e-6,houspa,House Sparrow
houspa,state,MKD-2903,Prilep,EU,Europe,resident,0.7578005323286108,1.0866147115673489e-5,1.4847045753528146e-4,0.3457617000088625,2.7816243182339777e-5,365,2023-07-05,4.816127468989877e-5,houspa,House Sparrow
houspa,state,MKD-2904,Probištip,EU,Europe,resident,0.6547316682673516,2.519148828630934e-6,3.44205885678478e-5,0.512985589013161,1.1073797010533413e-5,365,2023-07-05,1.562602949678931e-5,houspa,House Sparrow
houspa,state,MKD-2905,Radoviš,EU,Europe,resident,1.016232080451866,6.148910016765029e-6,8.401611664318014e-5,0.41734661164154846,1.4167820436776374e-5,365,2023-07-05,2.4710957479075066e-5,houspa,House Sparrow
houspa,state,MKD-2906,Kriva Palanka,EU,Europe,resident,0.08460432181639935,5.303181522749154e-7,7.246043870872223e-6,0.07004069440909816,2.4631751957656296e-6,365,2023-06-28,3.550777321273432e-6,houspa,House Sparrow
houspa,state,MKD-2907,Rosoman,EU,Europe,resident,2.051681784529713,3.3621057827651303e-6,4.5938397348692225e-5,0.8239896069415958,7.575721836311177e-6,365,2023-06-28,1.4937895994552655e-5,houspa,House Sparrow
houspa,state,MKD-2908,Saraj,EU,Europe,resident,1.0735315788232898,3.074304317128778e-6,4.200599933976785e-5,0.4650820251637692,7.472441105418301e-6,365,2023-07-05,1.4626366410057511e-5,houspa,House Sparrow
houspa,state,MKD-2909,Sopište,EU,Europe,resident,0.6975584755443625,1.8331913518085655e-6,2.504795451923802e-5,0.3369904196553966,4.968732877098537e-6,365,2023-07-05,1.076993202540725e-5,houspa,House Sparrow
houspa,state,MKD-2910,Staro Nagoričane,EU,Europe,resident,0.8631959757477629,5.20407067242644e-6,7.110622979387155e-5,0.4050059440708898,1.369922791144314e-5,365,2023-07-05,2.9912498029474168e-5,houspa,House Sparrow
houspa,state,MKD-2911,Štip,EU,Europe,resident,0.7729834590083133,5.354238212776756e-6,7.315805581697038e-5,0.37990638154711576,1.4764032498234634e-5,365,2023-07-05,2.4118849565543927e-5,houspa,House Sparrow
houspa,state,MKD-2912,Studeničani,EU,Europe,resident,0.37899492566372656,1.30977327100266e-6,1.789619031871485e-5,0.18160456637653527,3.52119768504537e-6,365,2023-07-05,1.2235887608428349e-5,houspa,House Sparrow
houspa,state,MKD-2913,Čair,EU,Europe,resident,9.208489391833265,3.077117526994155e-7,4.2044437854487825e-6,1,1.87480717479986e-7,365,2023-12-13,2.79131556810252e-6,houspa,House Sparrow
houspa,state,MKD-2914,Sveti Nikole,EU,Europe,resident,1.2869784457897182,7.368752007121635e-6,1.0068352382081326e-4,0.5573807371907898,1.790504999441371e-5,365,2023-07-05,2.9914914199922485e-5,houspa,House Sparrow
houspa,state,MKD-2915,Veles,EU,Europe,resident,1.448897319547575,7.391528596378202e-6,1.0099473354326753e-4,0.6791610632313275,1.943884008703275e-5,365,2023-07-05,3.084447404832926e-5,houspa,House Sparrow
houspa,state,MKD-2916,Vraneštica,EU,Europe,resident,0.1932655307846899,2.696040315301389e-7,3.683755933775172e-6,0.14701501815448975,1.15062709148444e-6,365,2023-07-05,2.6683073334759353e-6,houspa,House Sparrow
houspa,state,MKD-2917,Zelenikovo,EU,Europe,resident,0.2592528640883277,5.498606634538459e-7,7.513064512617357e-6,0.182153208997095,2.16753855138103e-6,365,2023-07-19,5.499582811708382e-6,houspa,House Sparrow
houspa,state,MKD-2918,Želino,EU,Europe,resident,0.7070703923971648,1.698896151633407e-6,2.321300146710808e-5,0.42275016571102214,5.6988717300455665e-6,365,2023-07-05,1.3613477266799706e-5,houspa,House Sparrow
houspa,state,MKD-2919,Aračinovo,EU,Europe,resident,4.506008810937896,1.8676519268016445e-6,2.551880930168168e-5,0.9430070933589642,2.1929048002731993e-6,365,2023-07-05,1.1152028463514727e-5,houspa,House Sparrow
houspa,state,MKD-2920,Lipkovo,EU,Europe,resident,1.3088572756708314,4.172547610016844e-6,5.701193313068348e-5,0.4757175259069192,8.508618975104847e-6,365,2023-07-05,2.0987070553972415e-5,houspa,House Sparrow
houspa,state,MKD-2921,Butel,EU,Europe,resident,4.931065712504662,3.585634664535054e-6,4.899260184228503e-5,0.873767992890885,3.5646943251624474e-6,365,2023-07-05,1.665666886154344e-5,houspa,House Sparrow
houspa,state,MKD-2922,Čaška,EU,Europe,resident,0.2210647884454882,2.1317540334915816e-6,2.912738925176608e-5,0.24477362258570104,1.324289851221826e-5,365,2023-07-05,1.6262090408595393e-5,houspa,House Sparrow
houspa,state,MKD-2923,Centar,EU,Europe,resident,6.1030494474751995,3.6524892332117915e-7,4.990607451057255e-6,1,3.357708350764767e-7,365,2023-07-05,3.280252589222878e-6,houspa,House Sparrow
houspa,state,MKD-2924,Zrnovci,EU,Europe,resident,0.0958996130297019,5.7719695420430066e-8,7.886576075808257e-7,0.042316224030920425,1.4289433075124486e-7,365,2023-07-05,2.7548726980094804e-6,houspa,House Sparrow
houspa,state,MKD-2925,Češinovo-Obleševo,EU,Europe,resident,2.027841515276593,3.40523402437139e-6,4.652768347705113e-5,0.7486649766044922,7.053446653259132e-6,365,2023-07-05,1.6602859609650007e-5,houspa,House Sparrow
houspa,state,MKD-2926,Čučer Sandevo,EU,Europe,resident,1.296626401093851,4.072255507092152e-6,5.564158407780471e-5,0.39392570207033734,6.941213325657893e-6,365,2023-07-05,1.844359645673927e-5,houspa,House Sparrow
houspa,state,MKD-2927,Demir Kapija,EU,Europe,resident,0.5684260040282942,2.188838571876174e-6,2.9907368341127544e-5,0.2532389038315397,5.4710556930983745e-6,365,2023-07-05,1.0859356952581468e-5,houspa,House Sparrow
houspa,state,MKD-2928,Dolneni,EU,Europe,resident,1.2184240632364398,6.131784417322723e-6,8.378211966543836e-5,0.6926464597356954,1.955694181985024e-5,365,2023-07-05,3.128497267932832e-5,houspa,House Sparrow
houspa,state,MKD-2929,Gazi Baba,EU,Europe,resident,5.724951731754663,7.2827935334107425e-6,9.950902344040868e-5,0.9624395370328112,6.8691110754624415e-6,365,2023-07-05,2.4485814943844568e-5,houspa,House Sparrow
houspa,state,MKD-2930,Gradsko,EU,Europe,resident,0.9630077421533616,3.3372060593965466e-6,4.5598178015962674e-5,0.628562231762452,1.2220878939704164e-5,365,2023-06-28,1.9531556018759436e-5,houspa,House Sparrow
houspa,state,MKD-2931,Lozovo,EU,Europe,resident,1.00024535206468,1.972760487864043e-6,2.6954968409936324e-5,0.5303677511607785,5.868753154708978e-6,365,2023-07-05,1.243877062467855e-5,houspa,House Sparrow
houspa,state,MKD-2932,Konče,EU,Europe,resident,0.28799517264469454,8.10967867458869e-7,1.1080723373821823e-5,0.22243708413807903,3.5142005873202037e-6,365,2023-07-05,4.8286637334713735e-6,houspa,House Sparrow
houspa,state,MKD-2933,Ilinden,EU,Europe,resident,6.14211820716789,7.171727757427332e-6,9.79914674565602e-5,1,6.550984017502225e-6,365,2023-07-05,2.3416531978935896e-5,houspa,House Sparrow
houspa,state,MKD-2934,Karbinci,EU,Europe,resident,1.036976728839586,2.9178739695182605e-6,3.9868600956063265e-5,0.4215093761950394,6.654350524738352e-6,365,2023-07-05,1.7601240014193765e-5,houspa,House Sparrow
houspa,state,MKD-2935,Karpoš,EU,Europe,resident,3.5237529369263125,1.674022687752198e-6,2.287314093295393e-5,1,2.665365695382351e-6,365,2023-07-05,9.9682570296975e-6,houspa,House Sparrow
houspa,state,MKD-2936,Kavadartsi,EU,Europe,resident,0.5228197488508399,6.2197437363775634e-6,8.49839587538975e-5,0.16738216317830756,1.1171991549730332e-5,365,2023-07-05,2.14213487547455e-5,houspa,House Sparrow
houspa,state,MKD-2937,Aerodrom,EU,Europe,resident,5.775572235215173,1.5055626467570095e-6,2.0571373885562196e-5,1,1.4625298085164494e-6,365,2023-07-05,1.0018578836453605e-5,houspa,House Sparrow
houspa,state,MKD-2938,Kisela Voda,EU,Europe,resident,3.846016122573226,1.3736901826402462e-6,1.8769524078515176e-5,1,2.003911829758569e-6,365,2023-07-05,1.0271786959226206e-5,houspa,House Sparrow
houspa,state,MKD-2939,Kočani,EU,Europe,resident,0.9289146495459012,3.828676646251177e-6,5.2313425114926475e-5,0.2573523647980523,5.951164507394332e-6,365,2023-07-05,1.7165755581997816e-5,houspa,House Sparrow
houspa,state,MKD-2940,Kratovo,EU,Europe,resident,0.1930269852548691,8.35899579003203e-7,1.1421379779511898e-5,0.21461175892147089,5.21423388658412e-6,365,2023-07-05,8.541750857175342e-6,houspa,House Sparrow
houspa,state,MKD-2941,Krivogaštani,EU,Europe,resident,2.935885906879949,3.3387916416891153e-6,4.561984274458557e-5,0.9535734012835798,6.084223888679738e-6,365,2023-07-05,1.8546934941185616e-5,houspa,House Sparrow
houspa,state,MKD-2942,Kruševo,EU,Europe,resident,0.40530301697115806,9.341975678745626e-7,1.2764482097855968e-5,0.267973699482975,3.4653889219804337e-6,365,2023-06-28,1.064275437384223e-5,houspa,House Sparrow
houspa,state,MKD-2943,Kumanovo,EU,Europe,resident,2.1962515051476834,1.3773164341979897e-5,1.8819071652479048e-4,0.7481387464070269,2.6322959772518815e-5,365,2023-07-05,5.6628784661347576e-5,houspa,House Sparrow
houspa,state,MKD-2944,Brod,EU,Europe,resident,0.028858707365162533,2.981492280412759e-7,4.0737854761076055e-6,0.01509294738632857,8.748463577204301e-7,365,2023-07-05,2.0499217125180653e-6,houspa,House Sparrow
houspa,state,MKD-2945,Mogila,EU,Europe,resident,1.522423882188659,4.717082601045734e-6,6.445222989837719e-5,0.7516404743323205,1.306618991130108e-5,365,2023-07-05,3.079497269694774e-5,houspa,House Sparrow
houspa,state,MKD-2946,Negotino,EU,Europe,resident,1.205836718596629,6.059372158752824e-6,8.27927090632638e-5,0.5008676331604704,1.4120920425332206e-5,365,2023-07-05,2.4759512316594338e-5,houspa,House Sparrow
houspa,state,MKD-2947,Novaci,EU,Europe,resident,0.6843761700603433,6.142281817707185e-6,8.39255517229488e-5,0.39958392517710106,2.0120732322823283e-5,365,2023-07-05,3.589906599509353e-5,houspa,House Sparrow
houspa,state,MKD-2948,Gjorče Petrov,EU,Europe,resident,2.7636214044681147,2.2462335128602117e-6,3.069158864087106e-5,0.7190741085715989,3.279071763148116e-6,365,2023-07-05,1.221350662838758e-5,houspa,House Sparrow
houspa,state,MKD-2950,Zajas,EU,Europe,resident,0.628487278465755,1.2096519006595696e-6,1.6528174083921156e-5,0.42150835334991305,4.551672660689776e-6,365,2023-07-05,7.396408242095284e-6,houspa,House Sparrow
houspa,state,MKD-2951,Centar župa,EU,Europe,resident,0.32473282846086066,5.922849839954727e-7,8.092732560029798e-6,0.31387303665781274,3.2118810356206295e-6,365,2023-06-28,4.552868772639549e-6,houspa,House Sparrow
houspa,state,MKD-2952,Debar,EU,Europe,resident,0.7426509957044092,1.420194018310668e-6,1.940493290241873e-5,0.3239481127777238,3.475675965504655e-6,365,2023-07-05,7.406577269067294e-6,houspa,House Sparrow
houspa,state,MKD-2953,Drugovo,EU,Europe,resident,0.02700960868843565,1.2069391863903302e-7,1.6491108698699608e-6,0.008587306519654447,2.152905543083221e-7,365,2023-07-05,1.6412610434565955e-6,houspa,House Sparrow
houspa,state,MKD-2954,Kičevo,EU,Europe,resident,1.880011651973082,1.1383671414176591e-6,1.5554169157678923e-5,0.7582921486328471,2.576079638386027e-6,365,2023-07-05,4.7000840018991e-6,houspa,House Sparrow
houspa,state,MKD-2955,Mavrovo and Rostusa,EU,Europe,resident,0.011252664952492338,9.958064797130229e-8,1.360628032049489e-6,0.02728437171136833,1.3546728676960574e-6,365,2023-07-05,1.9933018383379947e-6,houspa,House Sparrow
houspa,state,MKD-2956,Oslomej,EU,Europe,resident,0.9001436567583501,1.2682450629913896e-6,1.7328766375488448e-5,0.4433273154025353,3.5044249286285773e-6,365,2023-07-05,5.708022049749687e-6,houspa,House Sparrow
houspa,state,MKD-2957,Tearce,EU,Europe,resident,1.5067296895716706,2.783111597382585e-6,3.8027264663030424e-5,0.4514415939863185,4.678404415632902e-6,365,2023-07-05,1.230190210262987e-5,houspa,House Sparrow
houspa,state,MKD-2958,Tetovo,EU,Europe,resident,0.9128283762427926,3.4061119064083525e-6,4.653967848745383e-5,0.2753136048233812,5.763660192772509e-6,365,2023-07-05,1.357191671031658e-5,houspa,House Sparrow
houspa,state,MKD-2959,Vrapcište,EU,Europe,resident,0.8969981836481891,1.7816648222605902e-6,2.4343917721672636e-5,0.3521523309788772,3.924333647790946e-6,365,2023-07-05,1.0158363832842534e-5,houspa,House Sparrow
houspa,state,MKD-2960,Bogovinje,EU,Europe,resident,1.0531266559648158,1.800760919337657e-6,2.4604838749152624e-5,0.37525347551010696,3.599988303932987e-6,365,2023-07-05,1.1409056603375948e-5,houspa,House Sparrow
houspa,state,MKD-2961,Brvenica,EU,Europe,resident,1.0857039757402804,2.141837869710752e-6,2.92651705427088e-5,0.4480850545781699,4.959484515234124e-6,365,2023-07-05,1.1998932132318583e-5,houspa,House Sparrow
houspa,state,MKD-2962,Gostivar,EU,Europe,resident,0.3964778592073619,2.5733653370082176e-6,3.516138010315933e-5,0.22353999732716817,8.140267254130039e-6,365,2023-07-05,1.3021749197152726e-5,houspa,House Sparrow
houspa,state,MKD-2963,Jegunovce,EU,Europe,resident,0.8211907644612951,1.8521274584890452e-6,2.5306689505324524e-5,0.4504682536309366,5.700223954195052e-6,365,2023-07-05,1.5836986670402654e-5,houspa,House Sparrow
houspa,state,MKD-2993,Strumitsa,EU,Europe,resident,1.014579709461061,3.978648010226202e-6,5.4362570666659786e-5,0.3098002490235047,6.816038327979935e-6,365,2023-07-05,1.9380138944310092e-5,houspa,House Sparrow
houspa,state,MKD-2994,Valandovo,EU,Europe,resident,1.2627126276998504,5.074957882624881e-6,6.934208701433529e-5,0.403139130589019,9.090416640414804e-6,365,2023-07-05,1.765287675928034e-5,houspa,House Sparrow
houspa,state,MKD-2995,Vasilevo,EU,Europe,resident,1.4339728255571034,3.840999723081408e-6,5.2481802446445176e-5,0.4820112342447154,7.243716253452435e-6,365,2023-07-05,1.686139066329242e-5,houspa,House Sparrow
houspa,state,MKD-2996,Bogdanci,EU,Europe,resident,2.44027563815224,3.1508501714215365e-6,4.305188965289291e-5,0.6750167306292745,4.889948892915824e-6,365,2023-07-05,1.5013134872326132e-5,houspa,House Sparrow
houspa,state,MKD-2997,Bosilovo,EU,Europe,resident,3.0121962454764835,5.859031360000456e-6,8.005533676956057e-5,0.649386903327179,7.0867481722354405e-6,365,2023-07-05,2.0001426097969825e-5,houspa,House Sparrow
houspa,state,MKD-2998,Gevgelija,EU,Europe,resident,0.9267014246682014,5.367195187777008e-6,7.333509446609616e-5,0.23374717388698765,7.5954733207091505e-6,365,2023-07-05,2.349147293418129e-5,houspa,House Sparrow
houspa,state,MKD-2999,Novo Selo,EU,Europe,resident,0.8588190707477861,2.2886449939728157e-6,3.12710812557331e-5,0.3577775273968856,5.3492232730080625e-6,365,2023-07-05,1.2371891777087915e-5,houspa,House Sparrow
houspa,state,MKD-3000,Dojran,EU,Europe,resident,0.6742072157012986,1.140192221485063e-6,1.5579106283024402e-5,0.37878208847971406,3.5939747945087755e-6,365,2023-07-05,9.935298407804554e-6,houspa,House Sparrow
houspa,state,MKD-3003,Vinica,EU,Europe,resident,0.5933997724506193,3.136706086811916e-6,4.285863083805697e-5,0.3106852077392979,9.213994369599535e-6,365,2023-07-05,1.4758341193310862e-5,houspa,House Sparrow
houspa,state,MKD-3004,Berovo,EU,Europe,resident,0.1262128586887403,8.97074844186722e-7,1.2257252836902978e-5,0.06949907098649588,2.771436862675167e-6,365,2023-07-05,4.933476286550855e-6,houspa,House Sparrow
houspa,state,MKD-3005,Delčevo,EU,Europe,resident,0.24474364861732908,1.3989649038751842e-6,1.9114867224147285e-5,0.1462913170044806,4.691533848161121e-6,365,2023-07-05,6.822888357015116e-6,houspa,House Sparrow
houspa,state,MKD-3006,Makedonska Kamenica,EU,Europe,resident,0.19935483080916516,5.165290058322441e-7,7.057634781655e-6,0.10431145863630688,1.5163549868676575e-6,365,2023-07-05,2.739176562493664e-6,houspa,House Sparrow
houspa,state,MKD-3007,Pehčevo,EU,Europe,resident,0.2829946415210298,7.405325778501275e-7,1.0118325242863722e-5,0.14904328157524793,2.1881610131290633e-6,365,2023-07-05,5.003028760512852e-6,houspa,House Sparrow
houspa,state,MKD-4845,Struga,EU,Europe,resident,0.9850267068240498,6.887197846348037e-6,9.410377059117524e-5,0.4273475972164951,1.6763964594385942e-5,365,2023-07-05,2.618492300378265e-5,houspa,House Sparrow
houspa,state,MKD-4846,Rankovce,EU,Europe,resident,0.3560958968940449,1.18115603337971e-6,1.6138818555428185e-5,0.2549893461670499,4.745295406633511e-6,365,2023-07-05,7.59929096173728e-6,houspa,House Sparrow
houspa,state,MKD-5883,Šuto Orizari,EU,Europe,resident,11.944996328336869,1.348491442761226e-6,1.842521911012815e-5,1,6.333781676901704e-7,365,2023-07-05,6.8747769224688155e-6,houspa,House Sparrow
houspa,state,MMR-2473,Kayah,AS,Asia,resident,6.326490075880481e-4,8.863497086745783e-8,1.0912940554010469e-7,0.003943513141567524,3.099748672377644e-6,365,2023-02-22,1.4002661321047982e-6,houspa,House Sparrow
houspa,state,MMR-3266,Kayin,AS,Asia,resident,0.34292093645926236,1.2375452231504802e-4,1.5236940138826444e-4,0.08120271307842694,1.6441390028420236e-4,365,2023-02-15,2.3628622533921877e-4,houspa,House Sparrow
houspa,state,MMR-3267,Mandalay,AS,Asia,resident,1.6812087253267995,7.599716257960145e-4,9.356944661772938e-4,0.339234518593398,8.603530344282583e-4,365,2023-02-15,0.0012156577291850797,houspa,House Sparrow
houspa,state,MMR-3268,Bago,AS,Asia,resident,3.1235211699442154,0.0014049432061439676,0.0017297982433296124,0.4526994377931127,0.0011424183886115196,365,2023-02-15,0.003089003969450961,houspa,House Sparrow
houspa,state,MMR-3269,Yangon,AS,Asia,resident,6.813330164436748,8.676939317911255e-4,0.001068324635754884,0.7823310717478339,5.589830254645015e-4,365,2023-02-15,0.002139832789163731,houspa,House Sparrow
houspa,state,MMR-3270,Mon,AS,Asia,resident,1.5790472876622388,2.53844321746057e-4,3.1253894101576293e-4,0.25254357934909527,2.27776840042274e-4,365,2023-02-15,4.367886004966579e-4,houspa,House Sparrow
houspa,state,MMR-3273,Rakhine,AS,Asia,resident,0.36364785464769667,1.803432933300132e-4,2.2204279193230737e-4,0.0731021158207576,2.033994754678304e-4,365,2023-02-22,2.892374859788965e-4,houspa,House Sparrow
houspa,state,MMR-3274,Chin,AS,Asia,resident,6.8913039297330475e-6,3.1544474683686035e-9,3.88382794806042e-9,1.2698166639306372e-4,3.261097866817676e-7,0,2023-05-10,2.6500082317284324e-7,houspa,House Sparrow
houspa,state,MMR-3275,Ayeyarwady,AS,Asia,resident,3.0752482057597383,0.0013782058244052968,0.001696878566747293,0.4161878256722765,0.001046463763323914,365,2023-02-15,0.003589103491404994,houspa,House Sparrow
houspa,state,MMR-3276,Magway,AS,Asia,resident,0.6759201036522481,3.81024624145293e-4,4.691262412811829e-4,0.16526477898644654,5.226836339563074e-4,365,2023-02-22,7.03795585450255e-4,houspa,House Sparrow
houspa,state,MMR-3277,Shan,AS,Asia,resident,0.007760298115119973,1.4728316476624128e-5,1.8133840469175742e-5,0.003359815467716929,3.577593909871838e-5,365,2023-02-15,3.31789230636853e-5,houspa,House Sparrow
houspa,state,MMR-3296,Kachin,AS,Asia,resident,0.02228473036503929,2.4069149820246645e-5,2.9634488351861172e-5,0.02350221943524765,1.424174346039107e-4,365,2023-03-08,4.9625488611237015e-5,houspa,House Sparrow
houspa,state,MMR-3302,Sagaing,AS,Asia,resident,0.4527241438525958,5.374313529330425e-4,6.616977868915868e-4,0.163060600854547,0.001086023683312553,365,2023-02-22,8.740176229883293e-4,houspa,House Sparrow
houspa,state,MNE-1496,Bar,EU,Europe,resident,1.0945346670506837,8.625128948746991e-6,1.1785012918462558e-4,0.5003836888900672,2.212280211725512e-5,365,2023-07-19,2.629681526496604e-5,houspa,House Sparrow
houspa,state,MNE-1497,Ulcinj,EU,Europe,resident,2.015458314892727,9.88922721199729e-6,1.3512223543501976e-4,0.7831945697096993,2.156051437432158e-5,365,2023-07-05,2.9668408347406952e-5,houspa,House Sparrow
houspa,state,MNE-1499,Budva,EU,Europe,resident,2.516219854723651,5.924402802015299e-6,8.094854461981001e-5,0.6801363098605708,8.984478414026635e-6,365,2023-07-26,1.1657643916104263e-5,houspa,House Sparrow
houspa,state,MNE-1500,Cetinje,EU,Europe,resident,0.3487320145818335,4.1417579615887186e-6,5.6591236342685786e-5,0.2867209522518369,1.910527276640307e-5,365,2023-07-12,1.808614438137921e-5,houspa,House Sparrow
houspa,state,MNE-1503,Plav,EU,Europe,resident,0.022214414598553885,1.3850768852663026e-7,1.8925107187294392e-6,0.05316646794493379,1.8598492034265864e-6,365,2023-07-12,8.321407821261286e-7,houspa,House Sparrow
houspa,state,MNE-1506,Herceg Novi,EU,Europe,resident,1.2363875744685235,5.492683412259857e-6,7.504971271172847e-5,0.549763400115488,1.3702716573529772e-5,365,2023-07-19,1.6842193021180923e-5,houspa,House Sparrow
houspa,state,MNE-1507,Kotor,EU,Europe,resident,1.361071917800044,6.034462755385533e-6,8.245235746710896e-5,0.5023111711683742,1.2494856981572106e-5,365,2023-07-19,1.818823260169713e-5,houspa,House Sparrow
houspa,state,MNE-1508,Andrijevica,EU,Europe,resident,0.011700856187279776,4.801897741311472e-8,6.561110825214156e-7,0.02692528429206962,6.199497344755287e-7,365,2023-07-05,4.128106627795665e-7,houspa,House Sparrow
houspa,state,MNE-1509,Berane,EU,Europe,resident,0.11291252532321264,1.0197081370407964e-6,1.3932862499212807e-5,0.06763702447358214,3.42703999550557e-6,365,2023-07-12,3.1504532402096054e-6,houspa,House Sparrow
houspa,state,MNE-1510,Bijelo Polje,EU,Europe,resident,0.08757436333177837,8.374999224361631e-7,1.1443246198139938e-5,0.10798819579898725,5.794086669174251e-6,365,2023-07-12,4.022810365147158e-6,houspa,House Sparrow
houspa,state,MNE-1511,Danilovgrad,EU,Europe,resident,0.6213897095089195,3.909513381820559e-6,5.341794422256243e-5,0.2809711610130947,9.917936154397347e-6,365,2023-07-19,1.4048470289246472e-5,houspa,House Sparrow
houspa,state,MNE-1512,Kolašin,EU,Europe,resident,0.009558352345925811,1.0049564760895536e-7,1.3731302017146705e-6,0.010509724841840788,6.199497344755287e-7,365,2023-07-19,3.852414192981716e-7,houspa,House Sparrow
houspa,state,MNE-1513,Mojkovac,EU,Europe,resident,0.022159658681155887,1.014164197234898e-7,1.3857112440726803e-6,0.0241440629838622,6.199497344755287e-7,365,2023-07-26,4.552496998842601e-7,houspa,House Sparrow
houspa,state,MNE-1514,Nikšic,EU,Europe,resident,0.19339659701533188,4.895066784259509e-6,6.688413081362212e-5,0.11644776964873411,1.653643481190498e-5,365,2023-07-19,1.6188318363135555e-5,houspa,House Sparrow
houspa,state,MNE-1516,Pljevlja,EU,Europe,resident,0.02805629494738684,4.564361811432728e-7,6.23655173527421e-6,0.020376381978928552,1.8598492034265864e-6,365,2023-07-19,1.4620034833152095e-6,houspa,House Sparrow
houspa,state,MNE-1517,Podgorica,EU,Europe,resident,1.261115345236349,2.1958268460305e-5,3.000285317581915e-4,0.4667341735660699,4.559464049301406e-5,365,2023-07-19,5.2147939976504016e-5,houspa,House Sparrow
houspa,state,MNE-1518,Tivat,EU,Europe,resident,2.9055175989336948,1.9013468309730117e-6,2.59792022805062e-5,0.8465769984969365,3.1081732212763444e-6,365,2023-07-19,8.10847735484377e-6,houspa,House Sparrow
houspa,state,MNG-3208,Bayan-Ölgiy,AS,Asia,resident,0.0018561645750566767,1.0477858899779257e-6,1.2900579781042365e-6,0.0027365710278081773,8.666898403518486e-6,365,2023-06-14,2.256578754598299e-6,houspa,House Sparrow
houspa,state,MNG-3297,Dornogovi,AS,Asia,resident,0.012565093305841362,1.7674894081113697e-5,2.1761734281388775e-5,0.020094109734421228,1.5858451804837132e-4,365,2023-01-04,4.30872884454445e-5,houspa,House Sparrow
houspa,state,MNG-3298,Ömnögovi,AS,Asia,resident,0.008005620623652569,1.6353180622612476e-5,2.0134410409005683e-5,0.03238210800970871,3.7111906052160183e-4,365,2023-05-24,4.169196717836751e-5,houspa,House Sparrow
houspa,state,MNG-3315,Hentiy,AS,Asia,resident,0.010726193001615683,1.0667413546154216e-5,1.3133963801749013e-5,0.009106437898777716,5.0811611630610374e-5,365,2023-12-27,3.0309672458473654e-5,houspa,House Sparrow
houspa,state,MNG-3316,Arhangay,AS,Asia,resident,0.004686898713340312,3.179717665785449e-6,3.914941193712695e-6,0.005011908843793974,1.907686779500257e-5,365,2023-10-11,4.5855938080442255e-6,houspa,House Sparrow
houspa,state,MNG-3317,Bayanhongor,AS,Asia,resident,0.008011760786941107,1.145254392265319e-5,1.4100634297832734e-5,0.04963920351026327,3.981069062976463e-4,365,2023-05-24,5.9674012975211005e-5,houspa,House Sparrow
houspa,state,MNG-3318,Dzavhan,AS,Asia,resident,0.0026652362497992287,2.6757818007395884e-6,3.294483818428734e-6,0.006239240646377704,3.514371236541729e-5,365,2023-06-14,6.25038124969394e-6,houspa,House Sparrow
houspa,state,MNG-3319,Govi-Altay,AS,Asia,resident,0.028638118551922782,5.021678185142656e-5,6.182805159126324e-5,0.1400760872901493,0.001378063760773992,365,2023-05-24,2.338921109150006e-4,houspa,House Sparrow
houspa,state,MNG-3320,Hovd,AS,Asia,resident,0.04289605307646618,3.938407148464258e-5,4.849057055927821e-5,0.12721858740659248,6.553220197277494e-4,365,2023-06-14,1.088388675262374e-4,houspa,House Sparrow
houspa,state,MNG-3321,Hövsgöl,AS,Asia,resident,0.0027443844338012695,3.3203859416125193e-6,4.088135195686421e-6,0.0029225498153484875,1.983839150321692e-5,365,2023-05-31,4.625399172465777e-6,houspa,House Sparrow
houspa,state,MNG-3322,Uvs,AS,Asia,resident,0.014407920229879329,1.1638187341199715e-5,1.4329202725284582e-5,0.041602204297484104,1.885390462922308e-4,365,2023-06-14,3.114438226271026e-5,houspa,House Sparrow
houspa,state,MNG-3323,Bulgan,AS,Asia,resident,0.014814720986883708,8.794518992480398e-6,1.0828013145011516e-5,0.012598569974321853,4.1960512314456535e-5,365,2023-10-11,1.5634999413257457e-5,houspa,House Sparrow
houspa,state,MNG-3324,Orhon,AS,Asia,resident,0.34923461959914887,3.04697858391631e-6,3.751509796888747e-6,0.26273885714225315,1.2861076886335353e-5,365,2023-10-11,5.4619272757365605e-6,houspa,House Sparrow
houspa,state,MNG-3325,Dundgovi,AS,Asia,resident,0.006427210845303967,5.913356197683152e-6,7.280659544245244e-6,0.005243678843738642,2.7067521643645217e-5,365,2023-10-11,1.0066598240002927e-5,houspa,House Sparrow
houspa,state,MNG-3326,Selenge,AS,Asia,resident,0.033533075782289326,1.72253218136799e-5,2.1208210612207088e-5,0.034534468898048266,9.952854391749884e-5,365,2023-05-24,2.8871723962774507e-5,houspa,House Sparrow
houspa,state,MNG-3327,Övörhangay,AS,Asia,resident,0.0077649005482756045,5.982562042478814e-6,7.3658673649117054e-6,0.007082090690914973,3.06135512940894e-5,365,2023-10-11,1.1518589091812186e-5,houspa,House Sparrow
houspa,state,MNG-3328,Darhan-Uul,AS,Asia,resident,0.15787806557251244,7.056800865602813e-6,8.68849479997825e-6,0.13822494377542716,3.466357911579966e-5,365,2023-04-05,1.1405353978875923e-5,houspa,House Sparrow
houspa,state,MNG-3329,Töv,AS,Asia,resident,0.02314038501028046,2.0822668790272997e-5,2.5637346575529565e-5,0.026265859741368285,1.3260452573310807e-4,365,2023-10-11,3.879951568679223e-5,houspa,House Sparrow
houspa,state,MNG-3330,Govĭ-Sümber,AS,Asia,resident,0.29644755210621326,2.355917918340541e-6,2.900660082736913e-6,0.3064877207080103,1.3665523747290551e-5,365,2023-12-27,5.329681481261282e-6,houspa,House Sparrow
houspa,state,MNG-3331,Ulaanbaatar,AS,Asia,resident,0.4946377397627808,2.426146050815373e-5,2.987126567400518e-5,0.3905400416288965,1.0747220900882382e-4,365,2023-10-18,4.392539227563138e-5,houspa,House Sparrow
houspa,state,MNG-3332,Dornod,AS,Asia,resident,0.0026692994798307467,4.008506251199876e-6,4.935364676222209e-6,0.0036578610813071265,3.0818634070389105e-5,365,2023-01-04,1.0042765364754172e-5,houspa,House Sparrow
houspa,state,MNG-3333,Sühbaatar,AS,Asia,resident,0.0035219148001210347,3.5507704276008156e-6,4.37178984977506e-6,0.010359748364482226,5.8599494591867434e-5,365,2023-01-04,7.77548999748497e-6,houspa,House Sparrow
houspa,state,MOZ-1190,Tete,AF,Africa,resident,0.00630050657343393,7.758810616970254e-6,2.3150294657873656e-4,0.007932829836826517,5.4808603428167786e-5,365,2023-10-11,1.3782298051673836e-5,houspa,House Sparrow
houspa,state,MOZ-1192,Manica,AF,Africa,resident,0.008135039549462618,6.366530978018853e-6,1.899609042747461e-4,0.008544853675831427,3.751878217638315e-5,365,2023-10-11,8.931526712184576e-6,houspa,House Sparrow
houspa,state,MOZ-1198,Cabo Delgado,AF,Africa,resident,0.023010604506424663,2.2755759539625634e-5,6.78973317577591e-4,0.019582856319506663,1.0865263431889124e-4,365,2023-11-22,3.0079345005461013e-5,houspa,House Sparrow
houspa,state,MOZ-1199,Niassa,AF,Africa,resident,0.002206590949437487,3.33614599393321e-6,9.954201306616928e-5,0.0027347787491706246,2.319777472665232e-5,365,2023-10-11,5.9370208558232525e-6,houspa,House Sparrow
houspa,state,MOZ-1200,Nampula,AF,Africa,resident,0.0386974582820779,3.821925261946526e-5,0.0011403641658801458,0.02961640804122601,1.6410924574204703e-4,365,2023-12-13,5.4974899167672054e-5,houspa,House Sparrow
houspa,state,MOZ-1207,Gaza,AF,Africa,resident,0.008699908363432617,8.216516085931623e-6,2.45159700166458e-4,0.016379874400991534,8.679296282657402e-5,365,2023-10-25,1.79605559318143e-5,houspa,House Sparrow
houspa,state,MOZ-1905,Sofala,AF,Africa,resident,0.033662373000653154,2.840403123710312e-5,8.475032128921286e-4,0.0322188069514332,1.5252661191363329e-4,365,2023-12-13,4.831847746264738e-5,houspa,House Sparrow
houspa,state,MOZ-1906,Zambezia,AF,Africa,resident,0.013227340129464206,1.6983866926946805e-5,5.067548922111307e-4,0.011774692342555406,8.482317816475367e-5,365,2023-12-13,2.8620925881223785e-5,houspa,House Sparrow
houspa,state,MOZ-1925,Inhambane,AF,Africa,resident,0.031857083500993505,2.7873599765952434e-5,8.316765025119454e-4,0.03511347335005859,1.7237002794707695e-4,365,2023-12-13,4.6902940298437765e-5,houspa,House Sparrow
houspa,state,MOZ-1927,Maputo,AF,Africa,resident,0.10447041711661836,3.2333660260822406e-5,9.647532326261554e-4,0.1193377296450132,2.072240839101485e-4,365,2023-10-25,5.37888726751082e-5,houspa,House Sparrow
houspa,state,MRT-2783,Tiris Zemmour,AF,Africa,resident,4.679667501391217e-4,1.4873037499546816e-6,4.437731729384126e-5,0.0038666374366617554,6.894758241932097e-5,365,2023-03-08,1.3965166710549497e-5,houspa,House Sparrow
houspa,state,MRT-2784,Brakna,AF,Africa,resident,0.006360484228130346,2.586861916359717e-6,7.718530398457433e-5,0.007349121889897302,1.676947369856327e-5,365,2023-03-08,6.07344909761606e-6,houspa,House Sparrow
houspa,state,MRT-2785,Dakhlet Nouadhibou,AF,Africa,resident,0.1618459817278335,3.731322911241968e-5,0.0011133307554896553,0.28755955249181464,3.719543375731403e-4,365,2023-03-08,1.2226275908155658e-4,houspa,House Sparrow
houspa,state,MRT-2786,Inchiri,AF,Africa,resident,0.040980675735116115,2.261862554846675e-5,6.748815921061706e-4,0.08920818573757719,2.7624391335910457e-4,365,2023-03-08,8.014063843788576e-5,houspa,House Sparrow
houspa,state,MRT-2787,Nouakchott,AF,Africa,resident,3.4231889876085213,7.159655637927338e-5,0.0021362570353811194,0.8087880719594482,9.490670826727304e-5,365,2023-12-06,1.137362270411004e-4,houspa,House Sparrow
houspa,state,MRT-2788,Trarza,AF,Africa,resident,0.046202611207472426,3.952153710920015e-5,0.0011792209844752545,0.10686338322930997,5.128580075862867e-4,365,2023-11-08,1.438565907094356e-4,houspa,House Sparrow
houspa,state,MRT-2795,Adrar,AF,Africa,resident,0.0031548155432328355,8.594689447084594e-6,2.5644342028111186e-4,0.016031929838010356,2.450433582080779e-4,365,2023-03-08,5.6143513323069165e-5,houspa,House Sparrow
houspa,state,MUS-5181,Beau Bassin-Rose Hill,AF,Africa,resident,6.780427066422303,1.0247132090911529e-6,3.0574805729101395e-5,1,8.47903056380986e-7,365,2023-11-29,4.953804159388442e-6,houspa,House Sparrow
houspa,state,MUS-5183,Curepipe,AF,Africa,resident,5.800486001166217,1.5998047148631648e-6,4.773405663895431e-5,1,1.5474032491729589e-6,365,2023-11-29,6.338935061264137e-6,houspa,House Sparrow
houspa,state,MUS-5184,Flacq,AF,Africa,resident,4.766756085888087,2.446234427422234e-5,7.29893415276754e-4,0.8338505683352008,2.400845916425579e-5,365,2023-09-27,4.2870917424952184e-5,houspa,House Sparrow
houspa,state,MUS-5185,Grand Port,AF,Africa,resident,3.8385538608624863,1.5465993214986447e-5,4.614654459028712e-4,0.8080255523182496,1.8265694359892302e-5,365,2023-11-29,2.913472367172774e-5,houspa,House Sparrow
houspa,state,MUS-5186,Moka,AF,Africa,resident,5.23617888123221,1.3287467373626854e-5,3.964638398101058e-4,1,1.4237333279059528e-5,365,2023-09-27,3.0812108411157346e-5,houspa,House Sparrow
houspa,state,MUS-5187,Pamplemousses,AF,Africa,resident,5.792226267354648,1.7638503680819647e-5,5.262875686665693e-4,0.854855917861518,1.4605285768039528e-5,365,2023-11-29,3.300898581200933e-5,houspa,House Sparrow
houspa,state,MUS-5188,Plaines Wilhems,AF,Africa,resident,4.561989688270743,7.960671481289608e-6,2.37525955412932e-4,1,9.79030716459224e-6,365,2023-11-29,2.874194592547221e-5,houspa,House Sparrow
houspa,state,MUS-5189,Port Louis,AF,Africa,resident,7.078530459539157,3.625986609319466e-6,1.0819011131377336e-4,1,2.8739817484663774e-6,365,2023-11-29,1.510345178512166e-5,houspa,House Sparrow
houspa,state,MUS-5190,Port Louis city,AF,Africa,resident,5.025011225190693,1.8034775647341356e-6,5.381113046004861e-5,0.6921197323348455,1.3936568508928325e-6,365,2023-12-06,6.078299609552678e-6,houspa,House Sparrow
houspa,state,MUS-5191,Quatre Bornes,AF,Africa,resident,6.4134707579339905,1.3788301922678349e-6,4.114074541831975e-5,1,1.2061979352820425e-6,365,2023-11-29,5.8081734303399695e-6,houspa,House Sparrow
houspa,state,MUS-5192,Rivière du Rempart,AF,Africa,resident,3.253243176892101,1.3069133193141856e-5,3.899493096048476e-4,0.5521073095158798,1.2443847164487216e-5,365,2023-11-29,2.559698090636464e-5,houspa,House Sparrow
houspa,state,MUS-5193,Rivière Noire,AF,Africa,resident,4.012597583658657,2.3716958679796543e-5,7.07653026902086e-4,0.813051418766459,2.696201318316209e-5,365,2023-11-22,4.0477757882717615e-5,houspa,House Sparrow
houspa,state,MUS-5195,Savanne,AF,Africa,resident,3.3999363639875857,1.3376147456209564e-5,3.991098253141004e-4,0.9157409498962944,2.0213141189148397e-5,365,2023-11-22,2.5503870766254545e-5,houspa,House Sparrow
houspa,state,MUS-5196,Vacoas-Phoenix,AF,Africa,resident,6.0744733310727455,1.7676268939433394e-6,5.2741438681937586e-5,1,1.6326116302456623e-6,365,2023-11-29,7.023699362613531e-6,houspa,House Sparrow
houspa,state,MWI-1194,Chitipa,AF,Africa,resident,0.011911006817650597,1.2690165711157849e-6,3.786418949677468e-5,0.011408523160579257,6.819447079230816e-6,365,2023-11-08,1.8766387136013327e-6,houspa,House Sparrow
houspa,state,MWI-1899,Kasungu,AF,Africa,resident,0.009088078923122288,9.383180375787392e-7,2.799699609271809e-5,0.021404623042034818,1.2398994689510575e-5,365,2023-10-11,2.5804150740752493e-6,houspa,House Sparrow
houspa,state,MWI-1900,Mzimba,AF,Africa,resident,0.014323799289776113,1.928829786866763e-6,5.755131825641311e-5,0.02009912664616444,1.5184964435864014e-5,365,2023-10-11,3.4157855000540813e-6,houspa,House Sparrow
houspa,state,MWI-1901,Nkhata Bay,AF,Africa,resident,0.00934388814167019,5.841808319956437e-7,1.7430453018921506e-5,0.010685851148895135,3.748259992945491e-6,365,2023-10-18,1.1479363433185137e-6,houspa,House Sparrow
houspa,state,MWI-1902,Nkhotakota,AF,Africa,resident,0.023148061210507047,1.3901820619197413e-6,4.147945600211027e-5,0.031786348136157605,1.0710225354199446e-5,365,2023-10-11,2.7701867549203616e-6,houspa,House Sparrow
houspa,state,MWI-1903,Rumphi,AF,Africa,resident,0.001919152608811553,1.1767179608325735e-7,3.5110236436114767e-6,0.006130757946501482,2.109006685465044e-6,365,2023-10-11,5.283698563856902e-7,houspa,House Sparrow
houspa,state,MWI-1904,Machinga,AF,Africa,resident,0.011197368276822316,5.392228956352839e-7,1.6089023867814475e-5,0.01238420243850047,3.345964429268497e-6,365,2023-09-27,1.143526161014037e-6,houspa,House Sparrow
houspa,state,MWI-1907,Dedza,AF,Africa,resident,0.0062804656410980955,3.046192530440648e-7,9.08905477214139e-6,0.022698329725605603,6.176754216247504e-6,365,2023-10-11,1.2735476240159112e-6,houspa,House Sparrow
houspa,state,MWI-1908,Dowa,AF,Africa,resident,0.028574176475205323,9.707085732720455e-7,2.8963446341917785e-5,0.058136820201353946,1.108070344852602e-5,365,2023-09-27,2.248495082127034e-6,houspa,House Sparrow
houspa,state,MWI-1909,Lilongwe,AF,Africa,resident,0.10730454613385113,8.335856722295949e-6,2.48720517710386e-4,0.1360776284484398,5.930888592959768e-5,365,2023-09-27,1.575888073769425e-5,houspa,House Sparrow
houspa,state,MWI-1910,Mangochi,AF,Africa,resident,0.05021752192198845,4.3370372153797614e-6,1.2940603197428226e-4,0.03973742142940462,1.925477589302581e-5,365,2023-10-11,6.022714969068843e-6,houspa,House Sparrow
houspa,state,MWI-1911,Mchinji,AF,Africa,resident,0.020707534573219992,8.736269498760472e-7,2.606678047593265e-5,0.032177758483896785,7.616480427859066e-6,365,2023-10-11,1.976878352298235e-6,houspa,House Sparrow
houspa,state,MWI-1912,Ntcheu,AF,Africa,resident,0.017897622459690527,8.158008023903791e-7,2.4341397012783207e-5,0.02387505110971815,6.10567959817328e-6,365,2023-10-11,1.3771465719050051e-6,houspa,House Sparrow
houspa,state,MWI-1913,Ntchisi,AF,Africa,resident,0.007412113362738805,1.7510031602995893e-7,5.224542924032925e-6,0.02074637029897529,2.7497164851315507e-6,365,2023-10-04,5.715446722749237e-7,houspa,House Sparrow
houspa,state,MWI-1914,Salima,AF,Africa,resident,0.046899811920032806,1.4676924342485856e-6,4.37921660900837e-5,0.05522782712428696,9.696674697661242e-6,365,2023-10-11,2.927567627537109e-6,houspa,House Sparrow
houspa,state,MWI-1915,Balaka,AF,Africa,resident,0.03698222863826199,9.968836533247292e-7,2.974444338621692e-5,0.042831377796724225,6.477603417303118e-6,365,2023-09-27,1.9250944790479696e-6,houspa,House Sparrow
houspa,state,MWI-1916,Chikwawa,AF,Africa,resident,0.02604560911204225,1.6411726993669538e-6,4.896837086305769e-5,0.02480540030569998,8.769340240679152e-6,365,2023-12-06,2.9465953042508414e-6,houspa,House Sparrow
houspa,state,MWI-1917,Chiradzulu,AF,Africa,resident,0.03674811702607115,3.5782824200965384e-7,1.0676674104293543e-5,0.0771318469050981,4.213802434162543e-6,365,2023-10-04,1.7115150221624534e-6,houspa,House Sparrow
houspa,state,MWI-1918,Thyolo,AF,Africa,resident,0.059486981212770906,1.1788546866830692e-6,3.517399083802513e-5,0.06932533595248273,7.707814284214846e-6,365,2023-10-11,2.1408714761827816e-6,houspa,House Sparrow
houspa,state,MWI-1919,Nsanje,AF,Africa,resident,0.06356727643603664,1.5574646395013131e-6,4.647073772468728e-5,0.03600546483145298,4.949415659500796e-6,365,2023-02-01,2.386487277393809e-6,houspa,House Sparrow
houspa,state,MWI-1920,Zomba,AF,Africa,resident,0.013921777363108116,5.158439365298969e-7,1.539145587859162e-5,0.03549347725780287,7.378585424308466e-6,365,2023-09-27,1.623590771332322e-6,houspa,House Sparrow
houspa,state,MWI-1921,Blantyre,AF,Africa,resident,0.3114950093563539,7.653570839589649e-6,2.2836286238753177e-4,0.26175949388951836,3.608414095735657e-5,365,2023-10-11,1.1200665024295651e-5,houspa,House Sparrow
houspa,state,MWI-1922,Mwanza,AF,Africa,resident,0.057224962329281856,6.241966401949313e-7,1.8624421781041137e-5,0.039881034949266383,2.440637312170581e-6,365,2023-03-29,9.296095153132968e-7,houspa,House Sparrow
houspa,state,MWI-1923,Mulanje,AF,Africa,resident,0.08235621414028423,1.8199472547049189e-6,5.430254363478639e-5,0.07954878254564184,9.862723996988835e-6,365,2023-10-11,3.1689831104996342e-6,houspa,House Sparrow
houspa,state,MWI-1924,Phalombe,AF,Africa,resident,0.020733937093828703,3.6720214410583555e-7,1.0956367225228883e-5,0.030121512286927696,2.9929614236672e-6,365,2023-10-11,8.086100470536834e-7,houspa,House Sparrow
houspa,state,MWI-5509,Likoma,AF,Africa,resident,0.1613565673449517,1.6150847728235537e-7,4.818997425524292e-6,0.21936324538877777,1.2318943237215048e-6,365,2023-11-22,3.10988926093915e-7,houspa,House Sparrow
houspa,state,MWI-5510,Neno,AF,Africa,resident,0.02000814378768215,4.2155849504087227e-7,1.2578220886562697e-5,0.03732772239284075,4.41248713634478e-6,365,2023-10-11,1.522843012681038e-6,houspa,House Sparrow
houspa,state,MYS-1140,Kedah,AS,Asia,resident,4.841691607688036e-4,6.009917572497592e-8,7.399548119809769e-8,0.01191893712293418,8.300606685672982e-6,365,2023-12-27,1.373024487135777e-7,houspa,House Sparrow
houspa,state,MYS-1141,Perlis,AS,Asia,resident,0.017612677813921868,1.9272517294662066e-7,2.3728764561483523e-7,0.31921150472847487,1.9597131365725808e-5,365,2023-01-18,3.463364457917882e-7,houspa,House Sparrow
houspa,state,MYS-1143,Johor,AS,Asia,resident,3.497654405407054e-7,9.254998951894486e-11,1.1394966614304536e-10,0.0012527872932484325,1.8598492034265864e-6,365,2023-06-28,1.649432327934599e-9,houspa,House Sparrow
houspa,state,MYT-4602,Mayotte,AF,Africa,resident,0.35862276199318116,4.16085626333988e-6,1.2414924565202424e-4,0.1904761904761905,1.2398994689510575e-5,365,2023-03-29,5.856656042489526e-6,houspa,House Sparrow
houspa,state,NAM-3338,Karas,AF,Africa,resident,0.008380084364676898,1.6670302259402635e-5,4.973989292854879e-4,0.02094842573229284,2.338015521627764e-4,365,2023-10-25,3.5297069418287976e-5,houspa,House Sparrow
houspa,state,NAM-3339,Hardap,AF,Africa,resident,0.0030381425224284956,4.131967388201518e-6,1.2328727594454765e-4,0.012665111588697936,9.664039082163688e-5,365,2023-06-28,9.700025274109694e-6,houspa,House Sparrow
houspa,state,NAM-3340,Khomas,AF,Africa,resident,0.02125596909285498,9.563828824105134e-6,2.8536004584418643e-4,0.038146027701724226,9.629441948904186e-5,365,2023-06-28,1.3545214907050912e-5,houspa,House Sparrow
houspa,state,NAM-3347,Kunene,AF,Africa,resident,0.003175958492442651,4.578318201204665e-6,1.3660523581226683e-4,0.026668443376979267,2.156898645437538e-4,365,2023-04-12,2.3869242799155833e-5,houspa,House Sparrow
houspa,state,NAM-3348,Erongo,AF,Africa,resident,0.023664447387259775,1.892521424679235e-5,5.646797014459351e-4,0.12994518494286122,5.830496568305311e-4,365,2023-04-12,6.894120699857471e-5,houspa,House Sparrow
houspa,state,NAM-3349,Otjozondjupa,AF,Africa,resident,0.0010575276622813237,1.355083633224364e-6,4.043220919272283e-5,0.002254689653261474,1.6209217528528207e-5,365,2023-09-27,2.971609861509973e-6,houspa,House Sparrow
houspa,state,NAM-3350,Omusati,AF,Africa,resident,4.628687334011234e-4,1.5127724391976033e-7,4.513723745381249e-6,0.001014287468293937,1.8598492034265864e-6,0,2023-04-05,2.7410812562166425e-7,houspa,House Sparrow
houspa,state,NAM-3351,Oshana,AF,Africa,resident,0.009135744312131286,9.53205913198504e-7,2.8441211996987593e-5,0.010865343479973586,6.360440095562026e-6,365,2023-03-29,1.5960604757395184e-6,houspa,House Sparrow
houspa,state,NAM-3352,Ohangwena,AF,Africa,resident,9.56018794465622e-4,1.283027360331314e-7,3.828223539935082e-6,8.405192275144616e-4,6.328751674355264e-7,365,2023-03-29,3.257552611130053e-7,houspa,House Sparrow
houspa,state,NAM-3353,Omaheke,AF,Africa,resident,2.563076594386695e-4,2.626523324505815e-7,7.836869836092385e-6,0.00056803251929814105,3.2658316345894446e-6,0,2023-10-11,6.456959126207566e-7,houspa,House Sparrow
houspa,state,NAM-3355,Oshikoto,AF,Africa,resident,4.592782712142727e-4,2.170611642763614e-7,6.476546676868259e-6,0.0011083164064548958,2.9388059215709044e-6,365,2023-05-17,3.540904108402716e-7,houspa,House Sparrow
houspa,state,NAM-3356,Caprivi,AF,Africa,resident,5.966032048129666e-6,1.4663118499088212e-9,4.375097300541723e-8,4.629027711105776e-5,6.383097203764674e-8,0,2023-04-05,1.1229868307989329e-7,houspa,House Sparrow
houspa,state,NCL-1259,Sud,OC,Oceania,resident,0.5546481220502115,6.317877656106737e-5,0.004371372282997047,0.2652141630829849,1.6949281496368e-4,365,2023-11-29,1.0839162368145728e-4,houspa,House Sparrow
houspa,state,NCL-559,Nord,OC,Oceania,resident,0.13018500080575382,1.903371439849428e-5,0.0013169525605428094,0.10248495300847052,8.406662643681128e-5,365,2023-03-29,3.3403077194274056e-5,houspa,House Sparrow
houspa,state,NFK-001,Norfolk Island,OC,Oceania,resident,1.051932990923524,2.324735966255483e-6,1.608496859440276e-4,0.25,3.099748672377644e-6,365,2023-11-29,3.3907939873678093e-6,houspa,House Sparrow
houspa,state,NIC-24,Rivas,NA,North America,resident,0.02458793526901324,9.441164576263632e-7,1.945124613329055e-5,0.03180556515514386,6.851845145271322e-6,365,2023-01-25,1.5837030474160852e-6,houspa,House Sparrow
houspa,state,NIC-4800,Rio San Juan,NA,North America,resident,3.0207861531011086e-4,2.8789713963600403e-8,5.931427292570757e-7,0.0012839533283543912,6.865426478114696e-7,365,2023-01-25,2.198505460512989e-7,houspa,House Sparrow
houspa,state,NIC-644,Atlántico Sur,NA,North America,resident,6.050682925271598e-4,2.026306024674307e-7,4.174715619977862e-6,0.001319820634707754,2.479798937902115e-6,365,2023-02-08,3.393160857274735e-7,houspa,House Sparrow
houspa,state,NIC-654,Carazo,NA,North America,resident,0.030864147502362455,5.085226386446939e-7,1.0476884423238026e-5,0.03696576640354139,3.417091717731265e-6,365,2023-02-01,9.056706864001852e-7,houspa,House Sparrow
houspa,state,NIC-655,Granada,NA,North America,resident,0.15728496558963442,2.5875285037751617e-6,5.330979393196237e-5,0.1328354520901471,1.2260631626952656e-5,365,2023-02-01,4.012002091000987e-6,houspa,House Sparrow
houspa,state,NIC-656,Jinotega,NA,North America,resident,0.00050277253243755505,5.835957631852714e-8,1.202358537484018e-6,9.519518367460752e-4,6.199497344755287e-7,0,2023-01-18,1.1766153007810057e-7,houspa,House Sparrow
houspa,state,NIC-658,León,NA,North America,resident,0.14562543269209563,9.82912176204152e-6,2.025053849270103e-4,0.11450112111403038,4.335988686582777e-5,365,2023-01-25,1.576203434943025e-5,houspa,House Sparrow
houspa,state,NIC-659,Managua,NA,North America,resident,0.2562738582920599,1.2195402636901312e-5,2.5125690423969586e-4,0.19023043252055877,5.078936070625366e-5,365,2023-01-25,1.787791860645914e-5,houspa,House Sparrow
houspa,state,NIC-660,Masaya,NA,North America,resident,0.4314990463871059,2.9561542374425557e-6,6.090443950636133e-5,0.3517152866843868,1.351883940720372e-5,365,2023-01-25,6.097500681418754e-6,houspa,House Sparrow
houspa,state,NIC-663,Chinandega,NA,North America,resident,0.13106888349041876,8.468453096067063e-6,1.744720836176929e-4,0.0903647587296502,3.275702823031985e-5,365,2023-01-25,1.345632345174574e-5,houspa,House Sparrow
houspa,state,NIC-664,Estelí,NA,North America,resident,0.07940581220233636,2.2998572229313773e-6,4.738301991592688e-5,0.034607555869304085,5.623677754039152e-6,365,2023-12-13,3.443529813963286e-6,houspa,House Sparrow
houspa,state,NIC-665,Madriz,NA,North America,resident,0.03992396648785399,7.859220571122776e-7,1.6192031450131636e-5,0.033679141959660985,3.719698406853172e-6,365,2023-02-22,1.1463017233681274e-6,houspa,House Sparrow
houspa,state,NIC-666,Matagalpa,NA,North America,resident,0.07606680624897565,8.038307226300974e-6,1.656099637823137e-4,0.03338635189031811,1.9794261359457528e-5,365,2023-11-22,1.092401315378794e-5,houspa,House Sparrow
houspa,state,NIC-667,Nueva Segovia,NA,North America,resident,0.011210525459091117,4.571721869758599e-7,9.41893202086457e-6,0.008128735381094217,1.8598492034265864e-6,365,2023-01-25,6.987634232927181e-7,houspa,House Sparrow
houspa,state,NIC-668,Boaco,NA,North America,resident,0.01857556839715294,9.808307794818503e-7,2.020765632533759e-5,0.021038475083935197,6.232569748014944e-6,365,2023-12-27,2.249398880044064e-6,houspa,House Sparrow
houspa,state,NIC-669,Chontales,NA,North America,resident,0.005964113321202061,4.7575824548490795e-7,9.801853000354903e-6,0.01108166744441686,4.95959787580423e-6,365,2023-02-01,8.277751920952554e-7,houspa,House Sparrow
houspa,state,NIR-2082,Belfast,EU,Europe,resident,0.43842082104537095,6.259359118759307e-7,8.552524665337465e-6,0.6537936236206232,5.236972504339377e-6,365,2023-06-21,3.386807706862254e-6,houspa,House Sparrow
houspa,state,NIR-2083,Derry,EU,Europe,resident,0.6687541397730189,3.3069173880329746e-6,4.518432636757124e-5,0.7114602704422323,1.9738240231946013e-5,365,2023-05-24,8.900424586941622e-6,houspa,House Sparrow
houspa,state,NIR-2084,Omagh,EU,Europe,resident,0.9476636417610524,1.3523639422446024e-5,1.847813131203206e-4,0.549840855805945,4.402276191225922e-5,365,2023-03-01,2.4498975596453742e-5,houspa,House Sparrow
houspa,state,NIR-2085,Armagh,EU,Europe,resident,2.1519423848697654,1.7485069675883257e-5,2.3890862761006903e-4,0.9517432082811756,4.3386780944044926e-5,365,2023-02-08,3.759995500768941e-5,houspa,House Sparrow
houspa,state,NIR-2086,Newry and Mourne,EU,Europe,resident,1.3670823036499535,1.726011365882206e-5,2.3583492334094364e-4,0.6372369953797175,4.5138891114724024e-5,365,2023-03-01,3.46966037778825e-5,houspa,House Sparrow
houspa,state,NIR-2087,Banbridge,EU,Europe,resident,2.260710205905149,1.2822641349920648e-5,1.7520317070689144e-4,0.9060486519269626,2.883268145333018e-5,365,2023-01-11,2.8078150805507284e-5,houspa,House Sparrow
houspa,state,NIR-2088,Craigavon,EU,Europe,resident,1.570053301031401,6.62669947579646e-6,9.054443057384742e-5,0.8782607947302064,2.079731600297232e-5,365,2023-03-01,1.573637661514302e-5,houspa,House Sparrow
houspa,state,NIR-2089,Dungannon,EU,Europe,resident,1.5796717978211356,1.479271028637092e-5,2.0212136289194987e-4,0.7790787438012465,4.093201809364826e-5,365,2023-03-01,3.5510762421530244e-5,houspa,House Sparrow
houspa,state,NIR-2090,Lisburn,EU,Europe,resident,2.2737247555731694,1.2610550020870638e-5,1.7230524411634304e-4,0.9422644108779712,2.932039671454687e-5,365,2023-01-11,2.5769847047144675e-5,houspa,House Sparrow
houspa,state,NIR-2091,Mid Ulster,EU,Europe,resident,1.811556765369038,1.2460970295836216e-5,1.7026144975414186e-4,0.7615867542731625,2.939139575854094e-5,365,2023-03-01,2.3476843574532514e-5,houspa,House Sparrow
houspa,state,NIR-2092,Antrim,EU,Europe,resident,2.175086399405642,1.34571118875368e-5,1.8387230890369076e-4,0.7290107911414775,2.5305226129666308e-5,365,2023-12-13,2.4736683486034905e-5,houspa,House Sparrow
houspa,state,NIR-2093,Magherafelt,EU,Europe,resident,1.7382508971070805,1.200417023889784e-5,1.6401992617326222e-4,0.7636956935109169,2.958972577265039e-5,365,2023-03-01,2.2313476696355808e-5,houspa,House Sparrow
houspa,state,NIR-2094,Ballymena,EU,Europe,resident,2.1092356424928473,1.669638253006346e-5,2.281323386324278e-4,0.7957620184418047,3.534120931993721e-5,365,2023-12-13,2.867691007012977e-5,houspa,House Sparrow
houspa,state,NIR-2095,Larne,EU,Europe,resident,0.6719261545562698,3.969178269302955e-6,5.423318011519312e-5,0.40394523154630735,1.338759173083395e-5,365,2023-03-01,9.099792537421468e-6,houspa,House Sparrow
houspa,state,NIR-2096,Carrickfergus,EU,Europe,resident,0.8646413131728902,1.3644707736875995e-6,1.864355395765882e-5,0.4811213320298276,4.259746780358196e-6,365,2023-03-01,4.530492038150817e-6,houspa,House Sparrow
houspa,state,NIR-2097,Newtownabbey,EU,Europe,resident,1.9830213390755176,3.6450022318352223e-6,4.980377527717242e-5,0.8826917401505066,9.102912929528972e-6,365,2023-03-01,8.041455432211229e-6,houspa,House Sparrow
houspa,state,NIR-2098,North Down,EU,Europe,resident,1.426013975969321,2.8087146172985587e-6,3.837709354356588e-5,0.6632101397512492,7.328851214926688e-6,365,2023-03-01,6.46180324079364e-6,houspa,House Sparrow
houspa,state,NIR-2099,Down,EU,Europe,resident,1.4505259922295266,1.41288933855493e-5,1.9305124834854577e-4,0.740214160044078,4.045208735524789e-5,365,2023-03-01,2.6970775852756906e-5,houspa,House Sparrow
houspa,state,NIR-2100,Coleraine,EU,Europe,resident,1.9437357733904883,1.3025803854297386e-5,1.7797909759778723e-4,0.794571802166079,2.9874549864097535e-5,365,2023-01-25,2.3588150685347014e-5,houspa,House Sparrow
houspa,state,NIR-2101,Ballymoney,EU,Europe,resident,2.496723207052653,1.270150574754704e-5,1.735480248565026e-4,0.8147352211999674,2.3254243591553905e-5,365,2023-12-13,2.5957757862658957e-5,houspa,House Sparrow
houspa,state,NIR-2102,Limavady,EU,Europe,resident,0.7490421556349847,6.34796241175901e-6,8.673588473058453e-5,0.4427565471477514,2.1052030631931397e-5,365,2023-03-01,1.0897393060349628e-5,houspa,House Sparrow
houspa,state,NIR-2103,Castlereagh,EU,Europe,resident,2.1617077224366663,2.4919567888027547e-6,3.404904798850261e-5,1,6.467619299428933e-6,365,2023-03-01,7.349361575935108e-6,houspa,House Sparrow
houspa,state,NIR-2135,Strabane,EU,Europe,resident,0.7846459261375932,8.355063113709915e-6,1.1416006336223612e-4,0.4750609689417766,2.838090734829896e-5,365,2023-03-01,1.636368643205881e-5,houspa,House Sparrow
houspa,state,NIR-2136,Fermanagh,EU,Europe,resident,0.7536546448341149,1.7449288674666557e-5,2.3841973107984897e-4,0.42377103205383976,5.504749093026466e-5,365,2023-03-01,3.244501713834221e-5,houspa,House Sparrow
houspa,state,NIR-2137,Ards,EU,Europe,resident,1.3982970187624135,1.0663368025385783e-5,1.4569976945301018e-4,0.6365350295999992,2.72344237327561e-5,365,2023-03-01,2.0412516380395377e-5,houspa,House Sparrow
houspa,state,NIR-2773,Moyle,EU,Europe,resident,0.7000276284227085,6.684878111107207e-6,9.133935894279114e-5,0.3525648505091633,1.888940331782632e-5,365,2023-03-01,1.222183448932546e-5,houspa,House Sparrow
houspa,state,NLD-3483,Noord-Brabant,EU,Europe,resident,0.8636976529698687,5.546491538189471e-5,7.578492428127941e-4,0.630626350161083,2.2721115206975049e-4,365,2023-06-21,1.0346924783459088e-4,houspa,House Sparrow
houspa,state,NLD-3484,Utrecht,EU,Europe,resident,1.073362439826565,1.8388827552273572e-5,2.51257194584212e-4,0.7906348535560528,7.599491203094846e-5,365,2023-06-21,4.102010888999068e-5,houspa,House Sparrow
houspa,state,NLD-3485,Zuid-Holland,EU,Europe,resident,0.5952827081513972,2.6251809228658444e-5,3.5869366444393736e-4,0.6417207297871143,1.5877530514833035e-4,365,2023-06-21,7.048934820029125e-5,houspa,House Sparrow
houspa,state,NLD-3486,Noord-Holland,EU,Europe,resident,0.823752785549404,3.751754627718317e-5,5.126239505205923e-4,0.6900369512555282,1.763237417798488e-4,365,2023-06-21,7.53137519853422e-5,houspa,House Sparrow
houspa,state,NLD-5147,Saba,EU,Europe,resident,0.21776897377438015,2.165678959745585e-7,2.9590925155445984e-6,0.1111111111111111,6.199497344755287e-7,365,2023-12-27,2.907076412190774e-7,houspa,House Sparrow
houspa,state,NLD-894,Drenthe,EU,Europe,resident,1.0546409721074794,3.414531131651576e-5,4.665471523512965e-4,0.6653462120977881,1.2085789926123084e-4,365,2023-07-12,6.0366672601217e-5,houspa,House Sparrow
houspa,state,NLD-895,Friesland,EU,Europe,resident,0.4741536089932932,2.726579365636918e-5,3.7254832058960217e-4,0.4485389752253078,1.447105468664327e-4,365,2023-05-24,5.481276148568886e-5,houspa,House Sparrow
houspa,state,NLD-896,Gelderland,EU,Europe,resident,1.0099447303359967,6.365647753260478e-5,8.697752978806798e-4,0.6419773834715318,2.2702079436175105e-4,365,2023-03-01,1.2182617855752864e-4,houspa,House Sparrow
houspa,state,NLD-897,Groningen,EU,Europe,resident,0.7384571049913821,2.5438176125426668e-5,3.475765244110707e-4,0.5753654933755781,1.1120016299199628e-4,365,2023-05-24,4.672138094700355e-5,houspa,House Sparrow
houspa,state,NLD-898,Limburg,EU,Europe,resident,1.4419758703636123,3.708389554955472e-5,5.066987296252636e-4,0.8048582589226011,1.1613086904301867e-4,365,2023-07-12,6.955034373131126e-5,houspa,House Sparrow
houspa,state,NLD-899,Overijssel,EU,Europe,resident,0.8392775213548891,3.4463007710572305e-5,4.7088802207087235e-4,0.6558099653724104,1.5108679637154283e-4,365,2023-07-12,6.760600754408346e-5,houspa,House Sparrow
houspa,state,NLD-902,Flevoland,EU,Europe,resident,0.36881620683592264,7.992429854799757e-6,1.0920519524801362e-4,0.37180191470409,4.520446914259835e-5,365,2023-06-21,2.1710912907569378e-5,houspa,House Sparrow
houspa,state,NLD-903,Zeeland,EU,Europe,resident,0.10912635587114076,3.777749883859459e-6,5.1617583283171536e-5,0.20371426115536775,3.9566341612787497e-5,365,2023-06-21,1.7384907697411634e-5,houspa,House Sparrow
houspa,state,NOR-1062,Finnmark,EU,Europe,resident,0.04838474834882959,3.4540662949924434e-5,4.719490705541929e-4,0.023504125513668553,9.413848286272588e-5,365,2023-10-18,4.748287302563787e-5,houspa,House Sparrow
houspa,state,NOR-75,Nordland,EU,Europe,resident,0.038961332076403024,2.4887998045706895e-5,3.4005912285628654e-4,0.033731372102603054,1.208901982227281e-4,365,2023-08-16,2.976491909007916e-5,houspa,House Sparrow
houspa,state,NOR-900,Troms,EU,Europe,resident,0.032713984202812234,1.342823691594381e-5,1.834777734535361e-4,0.03445719951749904,7.935356601286768e-5,365,2023-03-15,1.7362448528544744e-5,houspa,House Sparrow
houspa,state,NOR-910,Møre og Romsdal,EU,Europe,resident,0.17848782611485323,4.230506604525707e-5,5.780386042021958e-4,0.10816238517573246,1.438337978910589e-4,365,2023-08-16,6.547396866796045e-5,houspa,House Sparrow
houspa,state,NOR-911,Sør-Trøndelag,EU,Europe,resident,0.1448349728804709,3.910482693562968e-5,5.343118848995158e-4,0.06302196479667263,9.546623159115546e-5,365,2023-09-27,5.400205184561074e-5,houspa,House Sparrow
houspa,state,NOR-912,Aust-Agder,EU,Europe,resident,0.061996380398636856,7.386279303399359e-6,1.0092300941492568e-4,0.03572984248154302,2.3883139109680316e-5,365,2023-08-09,1.0583401698834288e-5,houspa,House Sparrow
houspa,state,NOR-913,Hordaland,EU,Europe,resident,0.2566183529378738,5.974537266553082e-5,8.163356082739239e-4,0.11149708056280068,1.4564010126951618e-4,365,2023-08-09,7.215076277825663e-5,houspa,House Sparrow
houspa,state,NOR-914,Rogaland,EU,Europe,resident,0.3219730521588356,4.5401418747071185e-5,6.203458633838652e-4,0.1405623955173683,1.1120388624535109e-4,365,2023-08-16,5.784745003056404e-5,houspa,House Sparrow
houspa,state,NOR-915,Sogn og Fjordane,EU,Europe,resident,0.06623957129856636,1.7840268640142885e-5,2.4376191665339671e-4,0.043777164815634845,6.615039217222291e-5,365,2023-08-16,2.4446986095426224e-5,houspa,House Sparrow
houspa,state,NOR-916,Vest-Agder,EU,Europe,resident,0.0942709859633272,9.829436919289795e-6,1.3430528605821204e-4,0.053491797338070544,3.1292387258641744e-5,365,2023-08-02,1.579044726201246e-5,houspa,House Sparrow
houspa,state,NOR-917,Akershus,EU,Europe,resident,0.057421220972952686,3.3167923851553907e-6,4.5319254169055714e-5,0.05023580105223178,1.62802140908513e-5,365,2023-07-12,5.321615039330661e-6,houspa,House Sparrow
houspa,state,NOR-918,Buskerud,EU,Europe,resident,0.021163373215279103,3.9769887014254034e-6,5.4339898570080915e-5,0.015977827045180526,1.684566256871425e-5,365,2023-08-02,6.941096032754327e-6,houspa,House Sparrow
houspa,state,NOR-919,Hedmark,EU,Europe,resident,0.0015697453526523804,5.293690353533066e-7,7.233075537008745e-6,0.0016383105927881888,3.099748672377644e-6,365,2023-07-19,8.773066660970577e-7,houspa,House Sparrow
houspa,state,NOR-920,Oppland,EU,Europe,resident,0.0019307165053878688,5.904455053851331e-7,8.067598699058087e-6,0.0014452874878362583,2.479798937902115e-6,365,2023-11-01,8.30164500538e-7,houspa,House Sparrow
houspa,state,NOR-921,Oslo,EU,Europe,resident,1.164896124341929,1.2254049521887455e-5,1.6743417145073905e-4,0.34699991986079814,2.0479658963535033e-5,365,2023-12-13,1.7266740941230998e-5,houspa,House Sparrow
houspa,state,NOR-922,Telemark,EU,Europe,resident,0.038467807479419934,7.3395535784264e-6,1.002845687890486e-4,0.015636772445419393,1.6738642830839274e-5,365,2023-09-20,1.010083273839117e-5,houspa,House Sparrow
houspa,state,NOR-923,Vestfold,EU,Europe,resident,0.47736120942372307,1.664132972842486e-5,2.2738012033822743e-4,0.2263153931396674,4.426453534599538e-5,365,2023-08-09,2.709095340605266e-5,houspa,House Sparrow
houspa,state,NOR-924,Østfold,EU,Europe,resident,0.1583734995571996,9.264665066471145e-6,1.2658848133447655e-4,0.08525018273196652,2.797972512943637e-5,365,2023-08-09,1.4117138973512212e-5,houspa,House Sparrow
houspa,state,NOR-925,Nord-Trøndelag,EU,Europe,resident,0.02613083238952419,8.004536891335069e-6,1.093706206959354e-4,0.01983970848198931,3.409723539615408e-5,365,2023-08-09,1.438048056366015e-5,houspa,House Sparrow
houspa,state,NPL-1095,Gandaki,AS,Asia,resident,0.2672914963704158,3.925979682613491e-5,4.8337560754300424e-5,0.12995724386135662,1.0709379602126597e-4,365,2023-03-29,7.325106747244313e-5,houspa,House Sparrow
houspa,state,NPL-1124,Bheri,AS,Asia,resident,1.0564858216809168,1.4079954955658895e-4,1.733556291951852e-4,0.30589504432325104,2.2872358453125807e-4,365,2023-10-11,2.0111304679906156e-4,houspa,House Sparrow
houspa,state,NPL-1125,Dhawalagiri,AS,Asia,resident,0.04897086035202639,4.683528129333607e-6,5.7664670680473866e-6,0.02845395985687615,1.5267890213841056e-5,365,2023-04-05,8.795183996902263e-6,houspa,House Sparrow
houspa,state,NPL-1126,Karnali,AS,Asia,resident,0.0033031666987128486,8.591786791234026e-7,1.0578404617030644e-6,0.006154583819224728,8.981577166937274e-6,365,2023-06-21,5.321101538718651e-6,houspa,House Sparrow
houspa,state,NPL-1127,Lumbini,AS,Asia,resident,1.8955324414674628,2.1071276063685916e-4,2.594343754272882e-4,0.4794633568770983,2.9903082025348134e-4,365,2023-03-29,3.2523556424254537e-4,houspa,House Sparrow
houspa,state,NPL-1128,Mahakali,AS,Asia,resident,1.0671797748093166,9.443148871279897e-5,1.1626621102978676e-4,0.3573692550035872,1.7741786646565663e-4,365,2023-03-29,1.3663702255118382e-4,houspa,House Sparrow
houspa,state,NPL-1129,Seti,AS,Asia,resident,0.7802577549892555,1.2191616648440878e-4,1.5010597559813422e-4,0.250758956553448,2.1982676740159827e-4,365,2023-03-29,1.6262261814682254e-4,houspa,House Sparrow
houspa,state,NPL-1130,Bagmati,AS,Asia,resident,0.7208354750957967,8.005065245564774e-5,9.856019616281865e-5,0.24718561904461375,1.5401138970556777e-4,365,2023-03-29,1.072538428791963e-4,houspa,House Sparrow
houspa,state,NPL-1131,Janakpur,AS,Asia,resident,1.4627193698784218,1.742845768617004e-4,2.1458316149465837e-4,0.3832492293312746,2.5620060390400324e-4,365,2023-10-04,2.678496261355324e-4,houspa,House Sparrow
houspa,state,NPL-1132,Narayani,AS,Asia,resident,1.9937317001331871,2.185967913173311e-4,2.691413745157906e-4,0.4326656407830191,2.6615240307610274e-4,365,2023-03-29,3.265080269501884e-4,houspa,House Sparrow
houspa,state,NPL-1133,Sagarmatha,AS,Asia,resident,1.0225369018089674,1.3391123085149538e-4,1.648745734888349e-4,0.31014830107391156,2.278811138193248e-4,365,2023-09-27,2.2151071195147755e-4,houspa,House Sparrow
houspa,state,NPL-1134,Bhojpur,AS,Asia,resident,1.0090839568487076,1.1761204555276658e-4,1.44806643358885e-4,0.2919159686959551,1.908900404066263e-4,365,2023-09-27,2.0505687699108835e-4,houspa,House Sparrow
houspa,state,NPL-1135,Mechi,AS,Asia,resident,0.6478851783927176,6.240195134285015e-5,7.683071126374129e-5,0.20260010458668,1.0948149168741178e-4,365,2023-09-27,1.1545576615962294e-4,houspa,House Sparrow
houspa,state,NPL-373,Rapti,AS,Asia,resident,0.6965981930368235,9.099633271122112e-5,1.1203676830846752e-4,0.2426228666839436,1.7781737355383406e-4,365,2023-03-29,1.298506393272372e-4,houspa,House Sparrow
houspa,state,NZL-3334,Manawatu-Wanganui,OC,Oceania,resident,3.269298708100024,9.110102308942602e-4,0.06303326986727312,0.46044291473549787,7.198555558925083e-4,365,2023-12-27,0.001598483219228066,houspa,House Sparrow
houspa,state,NZL-3396,Gisborne District,OC,Oceania,resident,1.0312523050212177,1.1551073484766892e-4,0.00799224758987942,0.3009135816048293,1.891037405185613e-4,365,2023-12-27,2.9793489856194064e-4,houspa,House Sparrow
houspa,state,NZL-3397,Hawke's Bay,OC,Oceania,resident,2.597150951592198,4.948471966352894e-4,0.034238733914060904,0.4627997220188576,4.947296353915127e-4,365,2023-12-27,9.25666327832864e-4,houspa,House Sparrow
houspa,state,NZL-3398,Auckland,OC,Oceania,resident,7.8034675685667745,7.398794906723085e-4,0.05119264528898722,0.6149669606768714,3.2713428172179935e-4,365,2023-12-06,0.0013369148293008845,houspa,House Sparrow
houspa,state,NZL-3399,Bay of Plenty,OC,Oceania,resident,3.5907051636986353,5.922056841434365e-4,0.04097501810589329,0.34034255219369686,3.1492706926379116e-4,365,2023-12-20,0.0010633045768538845,houspa,House Sparrow
houspa,state,NZL-3400,Canterbury,OC,Oceania,resident,2.9820379807206745,0.0017426071360892876,0.12057189058560776,0.3695100502542508,0.001211472298143359,365,2023-01-18,0.002825391890592857,houspa,House Sparrow
houspa,state,NZL-3401,Marlborough District,OC,Oceania,resident,0.6996336783844885,1.0800584339657776e-4,0.007472980262116416,0.13456647216634066,1.165505500813994e-4,365,2023-01-11,1.893460848883343e-4,houspa,House Sparrow
houspa,state,NZL-3402,Nelson City,OC,Oceania,resident,1.4920674468827515,1.1309415056329886e-5,7.825042871218704e-4,0.20089848004623967,8.54337075510495e-6,365,2023-12-13,1.9237919270668134e-5,houspa,House Sparrow
houspa,state,NZL-3403,Tasman District,OC,Oceania,resident,0.7826457168675776,1.0064911225260164e-4,0.006963964222764117,0.14541704671652822,1.0492064968880656e-4,365,2023-01-11,1.6379844111225978e-4,houspa,House Sparrow
houspa,state,NZL-3404,Northland,OC,Oceania,resident,5.772852626852401,0.0011436255086500148,0.07912804145247943,0.6304229599668449,7.006906138082304e-4,365,2023-12-20,0.002260507295794947,houspa,House Sparrow
houspa,state,NZL-3405,Taranaki,OC,Oceania,resident,6.248732201115543,6.276175622599681e-4,0.04342518429956515,0.5141910215000582,2.897534255460838e-4,365,2023-12-20,0.001031015852541637,houspa,House Sparrow
houspa,state,NZL-3406,West Coast,OC,Oceania,resident,0.3643709891789371,1.1544872730368574e-4,0.0079879572557853,0.10322161035447462,1.8349190236986672e-4,365,2023-12-27,2.2763157946197588e-4,houspa,House Sparrow
houspa,state,NZL-3407,Otago,OC,Oceania,resident,1.4360336454263465,5.877506642577246e-4,0.04066677297186829,0.35905383104017935,8.244968358905769e-4,365,2023-01-11,0.0010843326027973495,houspa,House Sparrow
houspa,state,NZL-3408,Southland,OC,Oceania,resident,1.1064991622620928,4.869365246980264e-4,0.033691390424226,0.2357542070050404,5.820785946562218e-4,365,2023-01-11,7.916500831707047e-4,houspa,House Sparrow
houspa,state,NZL-5468,Waikato,OC,Oceania,resident,10.084829117080377,0.003277956173454737,0.22680348594070676,0.6054180892093612,0.0011040555039508806,365,2023-12-20,0.005625485566588426,houspa,House Sparrow
houspa,state,NZL-5469,Wellington,OC,Oceania,resident,2.337596205379571,2.7642868397673647e-4,0.01912624386123189,0.4425750179750216,2.9363067487561375e-4,365,2023-12-27,5.069778237325776e-4,houspa,House Sparrow
houspa,state,NZL-5470,Chatham Islands Territory,OC,Oceania,resident,0.23448525067435672,5.726158529634021e-6,3.961958753711327e-4,0.20361990950226244,2.7897738051398792e-5,365,2023-04-05,1.2079899016179966e-5,houspa,House Sparrow
houspa,state,OMN-2404,Ad Dakhliyah,AS,Asia,resident,22.397813724258327,0.00866584890885195,0.010669591591986292,0.9997144053425328,0.002170113004353203,365,2023-04-12,0.012638070876081818,houspa,House Sparrow
houspa,state,OMN-2405,Al Wusta,AS,Asia,resident,24.434878092357287,0.01974827833114589,0.024314532442744095,0.9806340022813764,0.00444658834925714,365,2023-04-05,0.02801986150615207,houspa,House Sparrow
houspa,state,OMN-2406,Ash Sharqiyah South,AS,Asia,resident,16.109585756217612,0.0038202143126616073,0.004703535330315363,0.8513575373157785,0.0011327035318523405,365,2023-10-04,0.005974763739628337,houspa,House Sparrow
houspa,state,OMN-2411,Dhofar,AS,Asia,resident,19.30010234499817,0.030926428174189568,0.03807732646716727,0.9010627962370856,0.008100766722840555,365,2023-04-05,0.0396208401610493,houspa,House Sparrow
houspa,state,OMN-2414,Al Dhahira,AS,Asia,resident,30.36479633393551,0.010786833933230358,0.01328099691659571,1,0.001993079100852079,365,2023-04-05,0.01521528542471415,houspa,House Sparrow
houspa,state,OMN-2424,Al Batnah North,AS,Asia,resident,25.309329363012804,0.002603502948367093,0.0032054924404733387,0.9572091615418976,5.524401035363087e-4,365,2023-04-05,0.003608346804064248,houspa,House Sparrow
houspa,state,OMN-2425,Musandam,AS,Asia,resident,10.489233223319276,3.2223668744185463e-4,3.9674518758885336e-4,0.689496839345184,1.1884049095762311e-4,365,2023-04-19,5.24846859963544e-4,houspa,House Sparrow
houspa,state,OMN-2426,Muscat,AS,Asia,resident,22.056023052762583,0.0013173397724117438,0.0016219388899287358,0.9221079693600316,3.0899630597062375e-4,365,2023-04-12,0.0018883968700593356,houspa,House Sparrow
houspa,state,OMN-4836,Al Buraymi,AS,Asia,resident,38.990721658287,0.0027056547198981576,0.0033312640404744684,1,3.893247517143983e-4,365,2023-04-12,0.004197620932718587,houspa,House Sparrow
houspa,state,OMN-5496,Ash Sharqiyah North,AS,Asia,resident,20.16409772528623,0.00397268638375501,0.004891262435283596,0.9938880994950356,0.0010986108753197838,365,2023-04-12,0.005964504890498698,houspa,House Sparrow
houspa,state,OMN-5497,Al Batnah South,AS,Asia,resident,28.573803408100503,0.0015555986000185924,0.0019152886137109985,0.9614362132182512,2.936641165710471e-4,365,2023-04-05,0.0021137711995351752,houspa,House Sparrow
houspa,state,PAK-1108,Baluchistan,AS,Asia,resident,6.59753031262461,0.028401012907178207,0.03496797736789387,0.7827627712838421,0.018905297333543822,365,2023-05-17,0.04159157969032079,houspa,House Sparrow
houspa,state,PAK-1109,Azad Kashmir,AS,Asia,resident,2.039157657065666,2.9951176990566236e-4,3.687657488029929e-4,0.5876970048746732,4.8430335932786895e-4,365,2023-02-22,5.250122236627621e-4,houspa,House Sparrow
houspa,state,PAK-1110,F.C.T.,AS,Asia,resident,5.203481028831915,5.534447318789525e-5,6.814138256960537e-5,1,5.9673456901209774e-5,365,2023-02-22,9.596740782530742e-5,houspa,House Sparrow
houspa,state,PAK-1111,Northern Areas,AS,Asia,resident,0.15847501894998495,1.2694423513505277e-4,1.562966488447035e-4,0.07927169134710044,3.5626340169451885e-4,365,2023-08-30,2.686259203858914e-4,houspa,House Sparrow
houspa,state,PAK-1112,F.A.T.A.,AS,Asia,resident,1.6127318644691686,5.429521330317389e-4,6.684950977542406e-4,0.8170191032508343,0.0015432365585967157,365,2023-05-10,0.0016400083880059205,houspa,House Sparrow
houspa,state,PAK-1113,Punjab,AS,Asia,resident,8.941054576802154,0.02237683959655872,0.027550877256905536,0.9890375631125756,0.013887488238098253,365,2023-12-27,0.0341924879528059,houspa,House Sparrow
houspa,state,PAK-1114,Sind,AS,Asia,resident,10.729478408955204,0.018661773142625893,0.02297680237774828,0.9325435803475204,0.009100061918720617,365,2023-10-18,0.02735503538922352,houspa,House Sparrow
houspa,state,PAK-1123,K.P.,AS,Asia,resident,2.3072068325683164,0.0021227705604145654,0.002613603717459208,0.5725382931845114,0.002955438870014209,365,2023-02-22,0.002888297290203817,houspa,House Sparrow
houspa,state,PAN-1332,Chiriquí,NA,North America,resident,0.03137245790560597,2.9427272366378348e-6,6.062780848761907e-5,0.10535424792729987,5.5443984055377573e-5,365,2023-04-05,4.872586386633915e-6,houspa,House Sparrow
houspa,state,PAN-1336,Coclé,NA,North America,resident,0.008680546374978185,5.362179540639389e-7,1.1047479705850978e-5,0.018160473400455523,6.2939366901565816e-6,365,2023-01-18,9.71680258320002e-7,houspa,House Sparrow
houspa,state,PAN-1337,Colón,NA,North America,resident,0.004090631182491509,2.962777962526778e-7,6.104090541148536e-6,0.004576864308163592,1.8598492034265864e-6,365,2023-01-04,4.030972527021361e-7,houspa,House Sparrow
houspa,state,PAN-1338,Herrera,NA,North America,resident,0.011153733701543085,3.3023752287448146e-7,6.803748931598265e-6,0.027774070577080905,4.6136707298403325e-6,365,2023-01-11,6.424832331977629e-7,houspa,House Sparrow
houspa,state,PAN-1339,Los Santos,NA,North America,resident,0.004720499420637609,2.441893455583426e-7,5.030933445990412e-6,0.006908924588056694,2.0051650656440103e-6,365,2023-01-11,4.916054120807695e-7,houspa,House Sparrow
houspa,state,PAN-1340,Panama,NA,North America,resident,0.026015420553178063,4.339681678754672e-6,8.940869083652287e-5,0.036432689208692054,3.409723539615408e-5,365,2023-01-18,6.709927617567639e-6,houspa,House Sparrow
houspa,state,PAN-1341,Veraguas,NA,North America,resident,0.0025858499024086923,4.19025469405535e-7,8.633010764388435e-6,0.006935745764468489,6.305669283100466e-6,365,2023-03-29,7.391170629547124e-7,houspa,House Sparrow
houspa,state,PAN-1418,Darién,NA,North America,resident,3.05021926603931e-4,4.7837484128868e-8,9.8557616560079e-7,0.0035690924656691255,3.140479666493259e-6,365,2023-01-11,2.762249460917713e-7,houspa,House Sparrow
houspa,state,PAN-1958,Bocas del Toro,NA,North America,resident,0.011411448283033544,7.990727399063581e-7,1.6462969601651202e-5,0.03168911210079815,1.2449632584146458e-5,365,2023-03-22,1.407206489483136e-6,houspa,House Sparrow
houspa,state,PAN-3454,Ngöbe Buglé,NA,North America,resident,9.04620127111232e-7,7.502247100844783e-11,1.5456573575486679e-9,1.711546317858697e-4,7.963696301604148e-8,365,2023-05-10,2.5808598384029072e-8,houspa,House Sparrow
houspa,state,PAN-3455,Emberá,NA,North America,resident,1.266295745712454e-5,6.241088683834679e-10,1.2858260350017741e-8,0.0020946742009655688,5.792187403599128e-7,365,2023-01-11,4.434832447332423e-8,houspa,House Sparrow
houspa,state,PAZ-735,Azores,EU,Europe,resident,12.477761278869348,7.073096787328551e-4,0.009664381542297122,0.5769980506822612,1.835051214047565e-4,365,2023-03-29,9.402423237796656e-4,houspa,House Sparrow
houspa,state,PER-3505,Callao,SA,South America,resident,0.30203952353034125,6.582385902610629e-7,3.635367138388834e-5,0.34085744335983137,4.1676693939575404e-6,365,2023-01-18,1.9146868806164603e-6,houspa,House Sparrow
houspa,state,PER-566,Lambayeque,SA,South America,resident,0.06874785970311509,1.1734867531872912e-5,6.481016523476288e-4,0.1330071347954396,1.2737812817061617e-4,365,2023-10-04,2.0182805880895793e-5,houspa,House Sparrow
houspa,state,PER-567,Piura,SA,South America,resident,0.029063472803956335,1.3265939685811694e-5,7.326607997036617e-4,0.05399863297135351,0.00013828471908692991,365,2023-01-25,1.8798654769283337e-5,houspa,House Sparrow
houspa,state,PER-568,Tumbes,SA,South America,resident,0.032505870539648186,1.8568384289175296e-6,1.025508000542344e-4,0.09499122608333738,3.0443650158827546e-5,365,2023-01-25,3.144086071077935e-6,houspa,House Sparrow
houspa,state,PER-570,Arequipa,SA,South America,resident,0.07653076973225448,6.03469554329085e-5,0.0033328847917531213,0.05134115857000073,2.271359421974723e-4,365,2023-12-27,9.2326797266234e-5,houspa,House Sparrow
houspa,state,PER-571,Cusco,SA,South America,resident,4.561023016090979e-4,4.155628185667063e-7,2.2951000395684483e-5,0.0011525328292863529,5.891537405335487e-6,365,2023-12-27,1.1904812992780446e-6,houspa,House Sparrow
houspa,state,PER-572,Madre de Dios,SA,South America,resident,0.0015036466326850662,1.5241816030205363e-6,8.417859108442856e-5,0.003765858092713392,2.1416859865231697e-5,365,2023-12-27,2.3236766762665244e-6,houspa,House Sparrow
houspa,state,PER-573,Puno,SA,South America,resident,4.9232779590177365e-5,4.115102238738183e-8,2.2727180799117068e-6,6.666741816201263e-5,3.126373243622617e-7,0,2023-03-22,1.1515256543223637e-7,houspa,House Sparrow
houspa,state,PER-574,Moquegua,SA,South America,resident,0.0440015287399633,8.316382117487017e-6,4.593030962861984e-4,0.032687951386697396,3.466213336989642e-5,365,2023-12-06,1.3853450954307366e-5,houspa,House Sparrow
houspa,state,PER-575,Tacna,SA,South America,resident,0.10945019823848454,2.1853503131077893e-5,0.001206940892205808,0.061247872446226585,6.861142422565535e-5,365,2023-12-27,3.323552572558762e-5,houspa,House Sparrow
houspa,state,PER-577,Áncash,SA,South America,resident,0.05326308734652666,2.3994121443822657e-5,0.00132516449053509,0.05215341142618752,1.3181418625110854e-4,365,2023-01-04,4.233887471654679e-5,houspa,House Sparrow
houspa,state,PER-578,Cajamarca,SA,South America,resident,0.007590012532790271,3.1821664915511697e-6,1.7574696566603776e-4,0.016790470590867607,3.949518829767008e-5,365,2023-01-04,6.921790529147976e-6,houspa,House Sparrow
houspa,state,PER-579,Huánuco,SA,South America,resident,0.00107986482601954,4.832793411050005e-7,2.669089690743483e-5,0.001975225642340327,4.95959787580423e-6,365,2023-12-06,8.057759695320948e-7,houspa,House Sparrow
houspa,state,PER-580,La Libertad,SA,South America,resident,0.12802640417715436,3.961948813600319e-5,0.0021881334115079493,0.14886152081616258,2.584596067350397e-4,365,2023-10-04,7.035609435015584e-5,houspa,House Sparrow
houspa,state,PER-581,Pasco,SA,South America,resident,3.2573064832336465e-4,9.526148994837117e-8,5.2611696615191944e-6,0.0011334909887032603,1.8598492034265864e-6,0,2023-12-20,2.019997582745378e-7,houspa,House Sparrow
houspa,state,PER-582,San Martín,SA,South America,resident,8.329211889488841e-4,5.388772712269359e-7,2.976149913462362e-5,0.002732685107544011,9.91919575160846e-6,365,2023-12-06,8.127616909076318e-7,houspa,House Sparrow
houspa,state,PER-583,Ucayali,SA,South America,resident,0.0013240696643346962,1.685049992030224e-6,9.306314546431425e-5,0.0024311493555126493,1.7358592565314805e-5,365,2023-09-20,2.320563182981664e-6,houspa,House Sparrow
houspa,state,PER-584,Amazonas,SA,South America,resident,6.819791999697291e-4,3.409902642973974e-7,1.8832454062677125e-5,0.0019889653728574178,5.579547610279758e-6,365,2023-01-04,5.434405636686677e-7,houspa,House Sparrow
houspa,state,PER-585,Loreto,SA,South America,resident,9.635974781392198e-6,4.421995933637085e-8,2.442211523462579e-6,2.167082218054244e-4,5.579547610279758e-6,0,2023-04-19,7.201263267283117e-8,houspa,House Sparrow
houspa,state,PER-586,Ayacucho,SA,South America,resident,3.4881426909289534e-4,1.892100232191331e-7,1.0449826413122004e-5,9.306687273091202e-4,2.8323435650227415e-6,365,2023-12-27,5.641054609204369e-7,houspa,House Sparrow
houspa,state,PER-587,Lima Province,SA,South America,resident,0.8945561016170698,3.340898506969169e-5,0.0018451353087808283,0.6596367314488956,1.3821699486205993e-4,365,2023-12-20,6.105936903151422e-5,houspa,House Sparrow
houspa,state,PER-589,Ica,SA,South America,resident,0.31093596361808856,8.47121057372138e-5,0.004678540729413144,0.1653139227645229,2.5268814508538407e-4,365,2023-12-20,1.324380789544887e-4,houspa,House Sparrow
houspa,state,PER-590,Junín,SA,South America,resident,0.0020233017473857097,1.095645770271731e-6,6.0511107788147945e-5,0.005101361051729463,1.549874336188822e-5,365,2023-12-20,1.9679310774042272e-6,houspa,House Sparrow
houspa,state,PER-591,Lima,SA,South America,resident,0.18180126287388065,7.455173055576887e-5,0.004117396266070802,0.10887188825953809,2.504825660866897e-4,365,2023-12-20,1.281542818847785e-4,houspa,House Sparrow
houspa,state,PNG-1238,Enga,OC,Oceania,resident,7.458572471833318e-4,1.1621628124541001e-7,8.041064710680622e-6,0.006382441048509148,5.579547610279758e-6,365,2023-09-27,3.865786489417806e-7,houspa,House Sparrow
houspa,state,PNG-1242,Chimbu,OC,Oceania,resident,0.00107624362887467,8.224686208136798e-8,5.690702999265214e-6,0.010603703859094496,4.546395878049961e-6,365,2023-11-22,2.0173893252799129e-7,houspa,House Sparrow
houspa,state,PNG-1243,Eastern Highlands,OC,Oceania,resident,0.0031901980282497736,4.419642097315672e-7,3.0579732651673664e-5,0.017547238732966857,1.3638894158461632e-5,365,2023-12-13,6.117673474649359e-7,houspa,House Sparrow
houspa,state,PNG-1244,Gulf,OC,Oceania,resident,6.9540253086374835e-6,3.1059309758418822e-9,2.149009733921286e-7,5.698636079602781e-4,1.4279972515153611e-6,0,2023-07-19,7.07170472787459e-8,houspa,House Sparrow
houspa,state,PNG-1246,Southern Highlands,OC,Oceania,resident,6.131975857977791e-4,1.909648460163293e-7,1.3212956634190288e-5,0.004257785892299208,7.439396813706345e-6,365,2023-12-13,3.037141932150901e-7,houspa,House Sparrow
houspa,state,PNG-1247,Western Highlands,OC,Oceania,resident,0.010008559028044149,1.0771968014222982e-6,7.453180478287747e-5,0.07460472928395653,4.5049582879992335e-5,365,2023-08-02,1.5625183190815031e-6,houspa,House Sparrow
houspa,state,PNG-1249,Central,OC,Oceania,resident,0.005151053511574574,1.9661189182402003e-6,1.3603678659342098e-4,0.01952687303015604,4.181646706233165e-5,365,2023-12-13,4.2246720684310266e-6,houspa,House Sparrow
houspa,state,PNG-1254,National Capital District,OC,Oceania,resident,0.7086674954026588,2.6188893532724315e-6,1.8120231119172784e-4,0.874451349247586,1.813055939923033e-5,365,2023-12-13,4.560332215298054e-6,houspa,House Sparrow
houspa,state,POL-3139,Warmian-Masurian,EU,Europe,resident,0.012951421582886523,3.903452689946432e-6,5.333513348146413e-5,0.0769652944253269,1.3014495267917614e-4,365,2023-06-14,2.0380740127696772e-5,houspa,House Sparrow
houspa,state,POL-3140,Pomeranian,EU,Europe,resident,0.04461874308430197,1.0680179406634024e-5,1.4592947308569206e-4,0.057989499044218115,7.787740795022498e-5,365,2023-07-05,1.699304203237285e-5,houspa,House Sparrow
houspa,state,POL-3141,Lower Silesian,EU,Europe,resident,0.15148808539109912,3.656304680344575e-5,4.995820717318753e-4,0.13283845894404472,1.7988238845613528e-4,365,2023-05-24,7.190743633088787e-5,houspa,House Sparrow
houspa,state,POL-3142,West Pomeranian,EU,Europe,resident,0.03324740224389566,1.0034661554111374e-5,1.3710938903096869e-4,0.026635506586965323,4.510315142829323e-5,365,2023-07-05,1.7527500396335835e-5,houspa,House Sparrow
houspa,state,POL-3143,Lubusz,EU,Europe,resident,0.04707653461594604,8.069876043034339e-6,1.1026338734491302e-4,0.026999296202587685,2.596663875484454e-5,365,2023-06-21,1.4035495832442076e-5,houspa,House Sparrow
houspa,state,POL-3144,Greater Poland,EU,Europe,resident,0.07230538705812947,2.6283431008142763e-5,3.5912573112020617e-4,0.09528894474951442,1.9433670464803543e-4,365,2023-06-14,5.6382558531108424e-5,houspa,House Sparrow
houspa,state,POL-3145,Kuyavian-Pomeranian,EU,Europe,resident,0.01666019146401062,3.640093573882379e-6,4.973670544235567e-5,0.0376279943140954,4.6125867232565806e-5,365,2023-06-21,9.0051655040585e-6,houspa,House Sparrow
houspa,state,POL-3146,Silesian,EU,Europe,resident,0.2716124597070975,4.084635240084958e-5,5.581073553526614e-4,0.3325050438062312,2.8054513635549796e-4,365,2023-07-12,8.805147284998985e-5,houspa,House Sparrow
houspa,state,POL-3147,Łódź,EU,Europe,resident,0.1284682867612105,2.925095969893681e-5,3.996727932739803e-4,0.3139294429637974,4.010302670924802e-4,365,2023-06-14,9.210744544181176e-5,houspa,House Sparrow
houspa,state,POL-3148,Masovian,EU,Europe,resident,0.06205715941894179,2.6655729940076036e-5,3.642126669195844e-4,0.21387785654411143,5.154249355968068e-4,365,2023-06-14,9.7108124351171e-5,houspa,House Sparrow
houspa,state,POL-3149,Świętokrzyskie,EU,Europe,resident,0.23489830501176304,3.2273554365768264e-5,4.4097225373139134e-4,0.44716422118136,3.4469491543674067e-4,365,2023-07-12,9.360299980009332e-5,houspa,House Sparrow
houspa,state,POL-3150,Podlachian,EU,Europe,resident,0.03634414487422861,9.40587579576048e-6,1.2851792526370862e-4,0.18083004817018228,2.6256467573566064e-4,365,2023-06-14,4.233001659714335e-5,houspa,House Sparrow
houspa,state,POL-3151,Lublin,EU,Europe,resident,0.1323118557639389,4.0091890058669873e-5,5.477986996769999e-4,0.37219512504796265,6.32745937620015e-4,365,2023-06-14,1.4275908627809126e-4,houspa,House Sparrow
houspa,state,POL-3152,Subcarpathian,EU,Europe,resident,0.17762629333303614,3.927335530799471e-5,5.366145855979649e-4,0.26086659925407923,3.2360121624330323e-4,365,2023-07-12,9.052842623763867e-5,houspa,House Sparrow
houspa,state,POL-3167,Opole,EU,Europe,resident,0.0936129052436922,1.0574957718488693e-5,1.444917682566236e-4,0.1464355995331669,9.280908706798748e-5,365,2023-05-24,2.6214968423003244e-5,houspa,House Sparrow
houspa,state,POL-3170,Lesser Poland,EU,Europe,resident,0.28923857928967156,5.545596059030348e-5,7.577268883121114e-4,0.4183035408677964,4.499709415880693e-4,365,2023-07-12,1.3133379095785758e-4,houspa,House Sparrow
houspa,state,PRI-5260,Puerto Rico,NA,North America,resident,0.6145682469564927,8.393520427659301e-5,0.0017292827642648256,0.4247572815533981,3.254736105996526e-4,365,2023-03-22,1.0669000211157929e-4,houspa,House Sparrow
houspa,state,PRT-5498,Setúbal,EU,Europe,resident,7.522188399188246,5.282038443638846e-4,0.007217154858089723,0.905075843203815,3.5656871827755655e-4,365,2023-12-20,8.084575677229388e-4,houspa,House Sparrow
houspa,state,PRT-739,Aveiro,EU,Europe,resident,6.401421306575353,2.3567491202248472e-4,0.00322016273524351,0.8646165101205815,1.7859174549087208e-4,365,2023-12-20,3.0821611154952184e-4,houspa,House Sparrow
houspa,state,PRT-740,Leiria,EU,Europe,resident,5.731706070132757,2.691025599676108e-4,0.0036769040375568625,0.8634238702917061,2.2743583010571955e-4,365,2023-11-29,3.723747343347057e-4,houspa,House Sparrow
houspa,state,PRT-741,Viana do Castelo,EU,Europe,resident,3.641921431428987,1.028556158332479e-4,0.0014053758135492494,0.6026705986157974,9.549449938946902e-5,365,2023-07-12,1.5656709722269805e-4,houspa,House Sparrow
houspa,state,PRT-743,Beja,EU,Europe,resident,3.7804577242693544,4.816106697815906e-4,0.00658052534492252,0.9260592909373044,6.618985388359653e-4,365,2023-06-21,7.18696392743828e-4,houspa,House Sparrow
houspa,state,PRT-744,Évora,EU,Europe,resident,3.810250766128867,3.3822773034494514e-4,0.004621401251138993,0.9513803975801411,4.7381713914509954e-4,365,2023-06-14,5.829322921930165e-4,houspa,House Sparrow
houspa,state,PRT-745,Faro,EU,Europe,resident,4.392896812564935,3.053898545051438e-4,0.004172718346469899,0.8211780002254633,3.2028885288207064e-4,365,2023-12-13,3.978767015003302e-4,houspa,House Sparrow
houspa,state,PRT-746,Lisboa,EU,Europe,resident,8.800412809908947,3.479077621694379e-4,0.004753665128909016,0.882617566892181,1.9576477788463644e-4,365,2023-12-06,5.310471190398925e-4,houspa,House Sparrow
houspa,state,PRT-747,Portalegre,EU,Europe,resident,4.445138285652471,3.25775355547048e-4,0.0044512572466484,0.9032508439170452,3.7140029327471265e-4,365,2023-09-27,0.0014873653518190583,houspa,House Sparrow
houspa,state,PRT-748,Santarém,EU,Europe,resident,7.990234165695624,6.620748068697425e-4,0.009046311305388691,0.9045863697603556,4.205314784049448e-4,365,2023-12-20,0.001009483514968278,houspa,House Sparrow
houspa,state,PRT-749,Braga,EU,Europe,resident,5.581881072419272,1.888464425515186e-4,0.0025803182518200616,0.7860565959135002,1.4920485682748603e-4,365,2023-01-25,2.6025767429034894e-4,houspa,House Sparrow
houspa,state,PRT-750,Bragança,EU,Europe,resident,4.442250552940318,3.4346041515566676e-4,0.004692898452466697,0.6700005305456942,2.906361969967679e-4,365,2023-12-06,4.56816460765053e-4,houspa,House Sparrow
houspa,state,PRT-751,Castelo Branco,EU,Europe,resident,4.922363305203023,3.867906948917153e-4,0.0052849451447357,0.839234567817154,3.699871425568604e-4,365,2023-10-11,5.727986466454365e-4,houspa,House Sparrow
houspa,state,PRT-752,Coimbra,EU,Europe,resident,5.196265704948754,2.631179268950761e-4,0.003595132531888734,0.8111803321320863,2.3045037324253095e-4,365,2023-12-20,3.558084411920305e-4,houspa,House Sparrow
houspa,state,PRT-753,Guarda,EU,Europe,resident,5.380125004247477,3.61609617750341e-4,0.004940881512556601,0.763218869105321,2.878045267695265e-4,365,2023-10-11,4.960469778191641e-4,houspa,House Sparrow
houspa,state,PRT-754,Porto,EU,Europe,resident,7.314857006618254,2.2223609795563712e-4,0.0030365404400549572,0.9000101900660988,1.5341121303522832e-4,365,2023-01-25,3.116180848028284e-4,houspa,House Sparrow
houspa,state,PRT-755,Viseu,EU,Europe,resident,4.521679775277249,2.860597057970235e-4,0.003908599336082124,0.8636644765788632,3.065510847620413e-4,365,2023-01-25,4.0374567848261374e-4,houspa,House Sparrow
houspa,state,PRT-756,Vila Real,EU,Europe,resident,4.175604331404461,2.1537036469992656e-4,0.0029427299525896984,0.679797405258635,1.9671932325586585e-4,365,2023-01-25,3.166473653323949e-4,houspa,House Sparrow
houspa,state,PRY-4837,Asunción,SA,South America,resident,4.647489770376775,9.377038971319388e-6,5.178818111865177e-4,0.9958482300653412,1.1273047821352042e-5,365,2023-12-27,1.8182645131066244e-5,houspa,House Sparrow
houspa,state,PRY-597,Alto Paraguay,SA,South America,resident,6.223975249638613e-4,6.06559166421513e-7,3.34994832226829e-5,5.075790115685626e-4,2.7752996699214036e-6,0,2023-01-04,2.5250359726196114e-6,houspa,House Sparrow
houspa,state,PRY-598,Boquerón,SA,South America,resident,0.009712501715292268,1.0539742132466127e-5,5.820964124917568e-4,0.0059292947119581,3.6099636531353845e-5,365,2023-11-29,1.93221881271887e-5,houspa,House Sparrow
houspa,state,PRY-603,Concepción,SA,South America,resident,0.016989007267138825,3.886721123177711e-6,2.1465861249000989e-4,0.010345552103541824,1.327914049586931e-5,365,2023-01-04,7.272265764819454e-6,houspa,House Sparrow
houspa,state,PRY-604,Cordillera,SA,South America,resident,0.03694702273048828,2.076191245742788e-6,1.1466537421925416e-4,0.044860793648145235,1.4143463544232844e-5,365,2023-01-04,8.5615802813407e-6,houspa,House Sparrow
houspa,state,PRY-605,Presidente Hayes,SA,South America,resident,0.005190602273301313,4.6992280531372946e-6,2.5953232601259114e-4,0.0041109392229637205,2.088097341193969e-5,365,2023-12-27,1.3186596427553926e-5,houspa,House Sparrow
houspa,state,PRY-606,San Pedro,SA,South America,resident,0.011432449699847929,2.9565169383452064e-6,1.632846308431624e-4,0.014768582502131929,2.1427958704312047e-5,365,2023-01-04,9.771741062948369e-6,houspa,House Sparrow
houspa,state,PRY-607,Central,SA,South America,resident,0.6948363657451778,2.2267882493153615e-5,0.0012298265318204523,0.34128619202799365,6.136433236485732e-5,365,2023-12-27,4.507922993633212e-5,houspa,House Sparrow
houspa,state,PRY-608,Guairá,SA,South America,resident,0.032545769254859136,1.5066366554876148e-6,8.320960618063186e-5,0.03580410598455522,9.29924601713293e-6,365,2023-01-04,3.892690156478389e-6,houspa,House Sparrow
houspa,state,PRY-609,Misiones,SA,South America,resident,0.03057046405556316,3.2635344652229253e-6,1.802408142792932e-4,0.02593219861403697,1.5531965830720974e-5,365,2023-12-27,6.46559496885225e-6,houspa,House Sparrow
houspa,state,PRY-610,Ñeembucú,SA,South America,resident,0.010872073577286055,1.5730594936374329e-6,8.687805416622624e-5,0.01220390011697187,9.906775576699404e-6,365,2023-10-18,6.302642416872552e-6,houspa,House Sparrow
houspa,state,PRY-611,Paraguarí,SA,South America,resident,0.013679335688990622,1.5028040652341202e-6,8.299793714650644e-5,0.016093041279332216,9.9191942290527e-6,365,2023-01-04,4.085927511846648e-6,houspa,House Sparrow
houspa,state,PRY-615,Amambay,SA,South America,resident,0.012836319246465545,1.925809235316214e-6,1.0635996905161136e-4,0.009168418120958055,7.717347943767766e-6,365,2023-12-27,6.365875196152904e-6,houspa,House Sparrow
houspa,state,PRY-616,Alto Paraná,SA,South America,resident,0.11247824012582246,1.9106777651802727e-5,0.0010552427740269273,0.05895388774304753,5.618654174305472e-5,365,2023-10-11,3.771245656219834e-5,houspa,House Sparrow
houspa,state,PRY-617,Caaguazú,SA,South America,resident,0.032084013760144296,4.922519049700557e-6,2.718644007832641e-4,0.025373740262933396,2.184158326433807e-5,365,2023-01-04,1.0603903446873936e-5,houspa,House Sparrow
houspa,state,PRY-618,Caazapá,SA,South America,resident,0.012460901922046344,1.3854047883822703e-6,7.651412596538806e-5,0.01209367057027762,7.543732083221857e-6,365,2023-10-11,2.9834044596425137e-6,houspa,House Sparrow
houspa,state,PRY-619,Canindeyú,SA,South America,resident,0.013790193768823096,2.5088821194454104e-6,1.3856233508743122e-4,0.01442257640857067,1.472155382880572e-5,365,2023-12-27,9.539104270428452e-6,houspa,House Sparrow
houspa,state,PRY-620,Itapúa,SA,South America,resident,0.04569870486537283,8.680801959776921e-6,4.7942953583013544e-4,0.03617985801234634,3.855881953850992e-5,365,2023-10-11,1.877976903528081e-5,houspa,House Sparrow
houspa,state,PSX-001,Gaza Strip,AS,Asia,resident,18.61486378348298,1.013653460006414e-4,1.2480333488188003e-4,0.8985397511822114,2.745161216593896e-5,365,2023-09-27,1.7047038108816806e-4,houspa,House Sparrow
houspa,state,PSX-002,West Bank,AS,Asia,resident,13.881886010966124,9.67215814555025e-4,0.0011908582564913,0.9545992150350088,3.731615625298745e-4,365,2023-10-25,0.0014298390740556167,houspa,House Sparrow
houspa,state,QAT-1099,Ad Dawhah,AS,Asia,resident,22.531689846101724,7.090671454089127e-5,8.730197044031925e-5,0.824437414027094,1.4556340494912357e-5,365,2023-03-29,1.67886322776568e-4,houspa,House Sparrow
houspa,state,QAT-1100,Ar Rayyān,AS,Asia,resident,31.786378794507293,0.0026855515800682053,0.003306512594429398,0.9598053570829288,4.549634706076008e-4,365,2023-03-29,0.003724002439423224,houspa,House Sparrow
houspa,state,QAT-1101,Al Wakrah,AS,Asia,resident,22.0596885663608,5.459997207989121e-4,6.722473575915033e-4,0.92410530134692,1.2832622552301872e-4,365,2023-04-12,7.956496568736459e-4,houspa,House Sparrow
houspa,state,QAT-1105,Al Khawr,AS,Asia,resident,28.826859231790753,6.292825304032972e-4,7.747870596401124e-4,0.9392580875829992,1.150361150311292e-4,365,2023-03-29,9.784021612727544e-4,houspa,House Sparrow
houspa,state,QAT-1106,Madinat ach Shamal,AS,Asia,resident,22.897159348271295,3.6578391283738864e-4,4.503615285638168e-4,0.8893293269459583,7.970884641964324e-5,365,2023-03-29,5.574838206098415e-4,houspa,House Sparrow
houspa,state,QAT-1107,Umm Salal,AS,Asia,resident,33.884680020510864,9.51296887537106e-5,1.1712585090631702e-4,1,1.575119840566336e-5,365,2023-03-29,1.9392318713415264e-4,houspa,House Sparrow
houspa,state,QAT-5487,Al Daayen,AS,Asia,resident,23.096075317609785,1.2284311909024735e-4,1.512472608701775e-4,0.7922490992738739,2.364151572949348e-5,365,2023-03-29,2.317633843139366e-4,houspa,House Sparrow
houspa,state,REU-4601,La Réunion,AF,Africa,resident,2.9812921985001823,1.1497026538716422e-4,0.003430416918264869,0.8796561604584527,1.9032456848398733e-4,365,2023-11-15,1.4609116414956194e-4,houspa,House Sparrow
houspa,state,ROU-122,Dolj,EU,Europe,resident,1.3805865747374708,1.1942589521376742e-4,0.0016317851318590072,0.5670961293334847,2.752279007789055e-4,365,2023-07-19,4.056963985224115e-4,houspa,House Sparrow
houspa,state,ROU-123,Gorj,EU,Europe,resident,0.4798960704961989,3.269670293621432e-5,4.467539775743261e-4,0.33214376028590503,1.269649309760144e-4,365,2023-07-19,1.4296311840049166e-4,houspa,House Sparrow
houspa,state,ROU-124,Mehedinti,EU,Europe,resident,0.611956605604468,3.7059714590251526e-5,5.063683311819912e-4,0.3486818572090705,1.1847090578151346e-4,365,2023-07-19,1.605749227826158e-4,houspa,House Sparrow
houspa,state,ROU-126,Olt,EU,Europe,resident,1.5284922251951998,9.806535287759676e-5,0.0013399236781079786,0.6367148886317433,2.2919138118246944e-4,365,2023-07-19,3.32937679622173e-4,houspa,House Sparrow
houspa,state,ROU-127,Teleorman,EU,Europe,resident,1.2062554175366886,8.715409857384032e-5,0.0011908368949531823,0.5088328216915986,2.062645391535224e-4,365,2023-07-19,2.891422196073208e-4,houspa,House Sparrow
houspa,state,ROU-128,Bucharest,EU,Europe,resident,7.524146277475136,2.6281610848662208e-5,3.5910086122768693e-4,0.9748738529435004,1.910487003777476e-5,365,2023-09-20,6.146917094199753e-5,houspa,House Sparrow
houspa,state,ROU-129,Calarasi,EU,Europe,resident,1.222523385102311,7.155190499681118e-5,9.776550933195342e-4,0.5637705625733873,1.8512596526397263e-4,365,2023-08-02,2.933652911843014e-4,houspa,House Sparrow
houspa,state,ROU-130,Dâmbovita,EU,Europe,resident,1.6657119458330218,7.94102168552493e-5,0.0010850277567536902,0.555142278347593,1.484846980570924e-4,365,2023-08-02,2.2362988695686056e-4,houspa,House Sparrow
houspa,state,ROU-131,Giurgiu,EU,Europe,resident,1.8780325341643584,7.713664485779107e-5,0.0010539626265738192,0.6915981657132272,1.5937213151412798e-4,365,2023-08-02,2.4281897655712865e-4,houspa,House Sparrow
houspa,state,ROU-132,Ialomita,EU,Europe,resident,1.1367017558600157,6.366034842014226e-5,8.69828188057634e-4,0.6057796628251297,1.9034351482315724e-4,365,2023-08-02,2.8727417629455183e-4,houspa,House Sparrow
houspa,state,ROU-133,Constanta,EU,Europe,resident,1.5501534421747205,1.4882575611425638e-4,0.0020334924484361108,0.6809655551202954,3.668001195439287e-4,365,2023-08-02,4.6084095373627486e-4,houspa,House Sparrow
houspa,state,ROU-276,Arad,EU,Europe,resident,0.4320449812458558,4.1455341223771225e-05,5.664283221323796e-4,0.23947043440833687,1.2891526529781113e-4,365,2023-07-12,1.4270518792832828e-4,houspa,House Sparrow
houspa,state,ROU-277,Bihor,EU,Europe,resident,0.368829924386465,3.449661635008522e-5,4.713472363657372e-4,0.36829758803096624,1.9326363288512573e-4,365,2023-07-05,1.4770916995666253e-4,houspa,House Sparrow
houspa,state,ROU-278,Caras-Severin,EU,Europe,resident,0.104810347250997,1.080849936288405e-5,1.4768278292150942e-4,0.10130449045576603,5.861258194891668e-5,365,2023-07-19,5.46869634891298e-5,houspa,House Sparrow
houspa,state,ROU-280,Timis,EU,Europe,resident,0.8803561686744911,9.572013932289648e-5,0.0013078796678642694,0.4009742722679801,2.446033120440911e-4,365,2023-07-19,3.09645022090737e-4,houspa,House Sparrow
houspa,state,ROU-287,Botosani,EU,Europe,resident,3.147113265856226,2.1049156007361828e-4,0.002876068021052952,0.8716842580443626,3.27101421447929e-4,365,2023-09-20,5.591567470106304e-4,houspa,House Sparrow
houspa,state,ROU-294,Alba,EU,Europe,resident,0.4667453436913029,3.608726384421672e-5,4.930811737694012e-4,0.29498132755591266,1.279585769813638e-4,365,2023-07-19,1.1904685156995948e-4,houspa,House Sparrow
houspa,state,ROU-295,Bistrita-Nasaud,EU,Europe,resident,0.36952769216576264,2.3853978578810097e-5,3.259307163736323e-4,0.27794634452769834,1.0066435541767588e-4,365,2023-07-19,6.978997798383159e-5,houspa,House Sparrow
houspa,state,ROU-296,Cluj,EU,Europe,resident,0.6004322946586038,4.8950095721035655e-5,6.688334909082019e-4,0.4505338782732578,2.0607147094350457e-4,365,2023-07-19,1.4034420985326048e-4,houspa,House Sparrow
houspa,state,ROU-297,Hunedoara,EU,Europe,resident,0.1845968069535782,1.580121009388111e-5,2.1590107949723172e-4,0.14985856275494705,7.196952578767691e-5,365,2023-07-19,6.162755291827651e-5,houspa,House Sparrow
houspa,state,ROU-298,Maramures,EU,Europe,resident,0.15238318520433558,1.2049534777672443e-5,1.6463976812423553e-4,0.21515022501384545,9.545000422668236e-5,365,2023-07-19,4.6399889823720045e-5,houspa,House Sparrow
houspa,state,ROU-299,Mures,EU,Europe,resident,1.0880146805299582,8.742003446793557e-5,0.0011944705310020102,0.5128314209728689,2.311807985251164e-4,365,2023-07-19,2.0052506173214035e-4,houspa,House Sparrow
houspa,state,ROU-300,Salaj,EU,Europe,resident,0.23434136430849423,1.1099174850852648e-5,1.516544503610878e-4,0.3656643303434258,9.71684448868308e-5,365,2023-07-19,4.40145849184026e-5,houspa,House Sparrow
houspa,state,ROU-301,Satu Mare,EU,Europe,resident,0.4687654737906469,2.6959520562572825e-5,3.683635340334639e-4,0.4432739456053202,1.4303083309298562e-4,365,2023-07-05,1.0850533318187504e-4,houspa,House Sparrow
houspa,state,ROU-302,Arges,EU,Europe,resident,0.6864924514352386,5.628774139328735e-5,7.690919908708599e-4,0.3545135979006504,1.630841931151449e-4,365,2023-07-19,1.981519690736844e-4,houspa,House Sparrow
houspa,state,ROU-303,Sibiu,EU,Europe,resident,0.5501059181768911,3.76230060029032e-5,5.140649077948236e-4,0.3477542563560349,1.33438313375546e-4,365,2023-07-19,1.2584991911002093e-4,houspa,House Sparrow
houspa,state,ROU-304,Vâlcea,EU,Europe,resident,0.38679222110439326,2.6788987091044124e-5,3.660334365045592e-4,0.23446047209748183,9.110644735031064e-5,365,2023-07-19,1.1205252585391284e-4,houspa,House Sparrow
houspa,state,ROU-305,Brasov,EU,Europe,resident,0.6647185118244253,4.276094354253507e-5,5.84267522316444e-4,0.3576481589973589,1.2908221669466415e-4,365,2023-07-19,1.4477073049747722e-4,houspa,House Sparrow
houspa,state,ROU-306,Covasna,EU,Europe,resident,0.6570758267225519,2.973323575333448e-5,4.062624101540473e-4,0.30110353375886384,7.644400843009544e-5,365,2023-07-19,8.870935057979888e-5,houspa,House Sparrow
houspa,state,ROU-307,Harghita,EU,Europe,resident,0.30952025452211096,2.499147079066319e-5,3.4147293086224785e-4,0.19200634794843435,8.697996814589613e-5,365,2023-07-19,7.961097370584419e-5,houspa,House Sparrow
houspa,state,ROU-308,Iasi,EU,Europe,resident,3.648295174064791,2.484244891726542e-4,0.0033943675874985144,0.8411036058947777,3.213326433594592e-4,365,2023-09-20,6.717843176141367e-4,houspa,House Sparrow
houspa,state,ROU-309,Neamt,EU,Europe,resident,1.052433462607476,7.281723594707432e-5,9.949440424860828e-4,0.4058971836344392,1.5756381746727778e-4,365,2023-09-20,1.799276370420388e-4,houspa,House Sparrow
houspa,state,ROU-310,Prahova,EU,Europe,resident,1.568423442909279,8.947201008121664e-5,0.0012225078615214578,0.4696364974698594,1.5030956738684942e-4,365,2023-08-02,2.102519808628007e-4,houspa,House Sparrow
houspa,state,ROU-311,Suceava,EU,Europe,resident,0.6747284662416692,7.318852959635289e-5,0.0010000172425266769,0.2885609408902241,1.7561129656442945e-4,365,2023-10-11,1.477366439270749e-4,houspa,House Sparrow
houspa,state,ROU-312,Bacau,EU,Europe,resident,1.285841803380657,1.063315043435044e-4,0.0014528688901628566,0.4738736158970688,2.19855766680942e-4,365,2023-08-02,2.6925409750618885e-4,houspa,House Sparrow
houspa,state,ROU-313,Braila,EU,Europe,resident,1.0488314571782729,6.147472381092072e-5,8.399647339485479e-4,0.6859404965539688,0.00022556839027816845,365,2023-08-02,3.275814616125866e-4,houspa,House Sparrow
houspa,state,ROU-314,Buzau,EU,Europe,resident,1.0861988806351344,7.986102672809898e-5,0.0010911874329821549,0.4589553651196845,1.893201782042766e-4,365,2023-08-02,2.6664407318425885e-4,houspa,House Sparrow
houspa,state,ROU-315,Galati,EU,Europe,resident,3.0602991238062898,1.592510773054828e-4,0.0021759396462088156,0.8500597061556374,2.481811808713827e-4,365,2023-08-02,5.046968817072412e-4,houspa,House Sparrow
houspa,state,ROU-316,Vaslui,EU,Europe,resident,3.5847681034406023,2.267104997862584e-4,0.0030976767821196457,0.8729294627139876,3.097352505219079e-4,365,2023-09-20,6.646682768486514e-4,houspa,House Sparrow
houspa,state,ROU-317,Vrancea,EU,Europe,resident,1.2630556319074782,7.330202961780067e-5,0.001001568059015284,0.4525522421042169,1.4735441614550717e-4,365,2023-08-02,2.5358718998271977e-4,houspa,House Sparrow
houspa,state,ROU-4844,Ilfov,EU,Europe,resident,3.3402043576989677,6.035859346570938e-5,8.247143990084371e-4,0.8665781369483775,8.78566654003331e-5,365,2023-08-02,1.8116024056791732e-4,houspa,House Sparrow
houspa,state,ROU-4847,Tulcea,EU,Europe,resident,0.8921099038109945,9.284420301981848e-5,0.0012685840855189484,0.39207617062366806,2.2893268122169553e-4,365,2023-08-02,3.4124992341663353e-4,houspa,House Sparrow
houspa,state,RUS-2167,Tomsk,AS,Asia,resident,3.9753525097420753e-4,1.536396012962646e-6,1.8916459488605616e-6,2.5731822473151723e-4,5.579547610279758e-6,0,2023-05-31,1.6390910980600438e-6,houspa,House Sparrow
houspa,state,RUS-2279,Adygey,AS,Asia,resident,0.7119201897186186,6.997430814174007e-5,8.615397033307807e-5,0.41765220500660855,2.3031541027232743e-4,365,2023-08-02,2.3988666292840404e-4,houspa,House Sparrow
houspa,state,RUS-2280,Karachay-Cherkess,AS,Asia,resident,0.20794950127474876,3.703348964479659e-5,4.559648037855995e-5,0.119725541720902,1.196256966642472e-4,365,2023-08-02,1.0640821096204228e-4,houspa,House Sparrow
houspa,state,RUS-2303,Ingush,AS,Asia,resident,1.3487907301602935,5.386203412293781e-5,6.631616965054037e-5,0.3980792454002352,8.918845251763395e-5,365,2023-08-02,1.187044894490458e-4,houspa,House Sparrow
houspa,state,RUS-2304,Kabardin-Balkar,AS,Asia,resident,0.6585980974714363,1.0136093511371731e-4,1.2479790409690637e-4,0.293987082350744,2.5385124627928525e-4,365,2023-08-02,2.880921075685348e-4,houspa,House Sparrow
houspa,state,RUS-2305,North Ossetia,AS,Asia,resident,0.9916435089123928,9.705839567385808e-5,1.1950051902655056e-4,0.3471900332124563,1.9065390254585743e-4,365,2023-08-02,2.412606570853174e-4,houspa,House Sparrow
houspa,state,RUS-2306,Stavropol',AS,Asia,resident,0.33414110730599805,2.7371230895571606e-4,3.370008617706163e-4,0.26209150475618087,0.0012045318280423456,365,2023-07-19,0.0010273222992513908,houspa,House Sparrow
houspa,state,RUS-2324,Kaliningrad,AS,Asia,resident,0.001959018265139832,3.376428012489627e-7,4.157135476503354e-7,0.006411159088689025,6.199497344755288e-6,365,2023-07-05,8.42599299783399e-7,houspa,House Sparrow
houspa,state,RUS-2333,Murmansk,AS,Asia,resident,0.016358238472703766,2.997721069148869e-5,3.690862816894903e-5,0.009524878984447994,9.792984493957244e-5,365,2023-12-06,4.670914186969306e-5,houspa,House Sparrow
houspa,state,RUS-2334,Novgorod,AS,Asia,resident,0.002414935832264612,1.6224527817335177e-6,1.9976010129482e-6,0.0029604763600623338,1.1159095220559517e-5,365,2023-06-21,2.823818910673493e-6,houspa,House Sparrow
houspa,state,RUS-2335,Pskov,AS,Asia,resident,8.271024188879847e-4,5.54464884026161e-7,6.826698603773511e-7,0.0021428124468207666,8.059346548181873e-6,365,2023-06-21,1.4782700552466336e-6,houspa,House Sparrow
houspa,state,RUS-2336,Leningrad,AS,Asia,resident,0.004621592746270259,4.3832767418563955e-6,5.396790685155836e-6,0.005901780542128902,3.140444982834465e-5,365,2023-06-21,1.2418582158505556e-5,houspa,House Sparrow
houspa,state,RUS-2337,City of St. Petersburg,AS,Asia,resident,1.903016286341896,5.7397581051093944e-5,7.066921597923814e-5,0.4690633738963708,7.937496065403252e-5,365,2023-01-25,8.728379862636122e-5,houspa,House Sparrow
houspa,state,RUS-2342,Bryansk,AS,Asia,resident,2.076376139186975e-4,8.981911899029051e-8,1.105873558214829e-7,5.108845834964795e-4,1.2398994689510574e-6,0,2023-03-15,4.0149555176116196e-7,houspa,House Sparrow
houspa,state,RUS-2343,Smolensk,AS,Asia,resident,2.1613844445805125e-4,1.3353060670003232e-7,1.644059403186894e-7,8.942866897406566e-4,3.099748672377644e-6,0,2023-06-28,5.555876805344896e-7,houspa,House Sparrow
houspa,state,RUS-2353,Karelia,AS,Asia,resident,7.357653913434252e-4,1.4755391949339014e-6,1.8167176411108995e-6,0.001046882089581563,1.1779044955035046e-5,0,2023-07-26,2.4278420952549084e-6,houspa,House Sparrow
houspa,state,RUS-2355,Ivanovo,AS,Asia,resident,0.008604777502078675,2.488240620134965e-6,3.0635788228793297e-6,0.004967595042819031,8.059346548181873e-6,365,2023-01-25,4.5706521712928154e-6,houspa,House Sparrow
houspa,state,RUS-2356,Kostroma,AS,Asia,resident,0.0013506514714388435,9.984325883460317e-7,1.2292930631297167e-6,0.0011958318011931516,4.95959787580423e-6,0,2023-12-13,1.7696519126038676e-6,houspa,House Sparrow
houspa,state,RUS-2357,Nizhegorod,AS,Asia,resident,0.00902500447350141,8.312592640621359e-6,1.0234654386298396e-5,0.005929686809570775,3.0642327030303475e-5,365,2023-01-25,1.8206194833728068e-5,houspa,House Sparrow
houspa,state,RUS-2358,Tver',AS,Asia,resident,0.003848893492140224,4.002020399530001e-6,4.927379147144605e-6,0.00518769039819259,3.026344537500135e-5,365,2023-01-25,7.0692387767779016e-6,houspa,House Sparrow
houspa,state,RUS-2360,Yaroslavl',AS,Asia,resident,0.005529774761507616,2.2836717079906552e-6,2.8117088943871343e-6,0.011587001695168398,2.6847151594420365e-5,365,2023-06-21,5.311589807712623e-6,houspa,House Sparrow
houspa,state,RUS-2361,Kaluga,AS,Asia,resident,0.001338577492620631,4.83245978136527e-7,5.949835128004501e-7,0.002448616774427339,4.95959787580423e-6,365,2023-01-18,1.4576493906105776e-6,houspa,House Sparrow
houspa,state,RUS-2362,Kursk,AS,Asia,resident,0.003312963661211524,1.2254219120953764e-6,1.5087675157332894e-6,0.008933436809292664,1.8539091774535647e-5,365,2023-06-07,4.232153054863035e-6,houspa,House Sparrow
houspa,state,RUS-2363,Lipetsk,AS,Asia,resident,0.007329593408306782,2.1870572178859815e-6,2.6927549220611342e-6,0.006665731361912279,1.1159095220559517e-5,365,2023-06-28,3.236506652627633e-6,houspa,House Sparrow
houspa,state,RUS-2364,Moskovskaya,AS,Asia,resident,0.023329133575168557,1.26032099567676e-5,1.551736066496689e-5,0.02366828117853908,7.173815392742804e-5,365,2023-01-25,4.2694576610228865e-5,houspa,House Sparrow
houspa,state,RUS-2365,Moskva,AS,Asia,resident,1.0732234468159148,3.761052580212727e-5,4.6306940507427255e-5,0.32307040426722605,6.352100241274927e-5,365,2023-01-25,9.3259433522271e-5,houspa,House Sparrow
houspa,state,RUS-2366,Orel,AS,Asia,resident,7.527453547910249e-4,2.286345696505016e-7,2.815001170270314e-7,0.0010913976280628754,1.8598492034265864e-6,365,2023-01-25,5.441597265070004e-7,houspa,House Sparrow
houspa,state,RUS-2367,Rostov,AS,Asia,resident,0.20176849969037935,2.514914685974982e-4,3.09642054347753e-4,0.20041961008663525,0.0014015578243162853,365,2023-07-19,8.770525552532699e-4,houspa,House Sparrow
houspa,state,RUS-2368,Tula,AS,Asia,resident,0.003531749743875711,1.1066378027038575e-6,1.3625178005402707e-6,0.004584408787266647,8.059346548181873e-6,365,2023-01-25,2.2371828168429285e-6,houspa,House Sparrow
houspa,state,RUS-2369,Volgograd,AS,Asia,resident,0.04964774008222511,6.844785398089494e-5,8.427456502017568e-5,0.06145699808781703,4.75370918779827e-4,365,2023-07-19,1.9171064712013305e-4,houspa,House Sparrow
houspa,state,RUS-2370,Belgorod,AS,Asia,resident,0.013438906973482986,4.575221989297865e-6,5.6331180686313625e-6,0.026647753914845015,5.089905829152128e-5,365,2023-06-28,1.3886101001540468e-5,houspa,House Sparrow
houspa,state,RUS-2371,Krasnodar,AS,Asia,resident,0.6263632723285317,5.996273392164445e-4,7.382749092583089e-4,0.4092369817024141,0.0021980164042344,365,2023-08-02,0.0018814332610083927,houspa,House Sparrow
houspa,state,RUS-2372,Mordovia,AS,Asia,resident,0.0016177139028390952,5.14753305469187e-7,6.33776055611936e-7,0.002068898512938464,3.693495112974896e-6,365,2023-01-25,1.1166986046558331e-06,houspa,House Sparrow
houspa,state,RUS-2373,Penza,AS,Asia,resident,0.0031589551949462217,1.6831482484909923e-6,2.0723306613183368e-6,0.002696000771959459,8.059346548181873e-6,365,2023-01-18,3.4097234205655436e-6,houspa,House Sparrow
houspa,state,RUS-2374,Ryazan',AS,Asia,resident,0.0027726028090517504,1.347878029536098e-6,1.6595382913116855e-6,0.004705274300987071,1.283360880180097e-5,365,2023-06-28,3.5606590874921083e-6,houspa,House Sparrow
houspa,state,RUS-2375,Tambov,AS,Asia,resident,0.003977417258182293,1.6826989986881336e-6,2.071777534674923e-6,0.004440165951251025,1.0539145486083987e-5,365,2023-03-15,3.0308596725867824e-6,houspa,House Sparrow
houspa,state,RUS-2376,Vladimir,AS,Asia,resident,0.0037452205693882697,1.3551024785395789e-6,1.6684331983375324e-6,0.004463382888681177,9.06065927000864e-6,365,2023-01-25,3.3655209583351453e-6,houspa,House Sparrow
houspa,state,RUS-2377,Voronezh,AS,Asia,resident,0.015401628210877623,9.885249579847851e-6,1.2170945617814092e-5,0.0347765046580089,1.252298463640568e-4,365,2023-06-28,3.128195315510721e-5,houspa,House Sparrow
houspa,state,RUS-2378,Bashkortostan,AS,Asia,resident,0.002213190436402603,3.88552349370836e-6,4.783945489355195e-6,0.0019511313306125745,1.921844176874139e-5,365,2023-07-12,5.716570024181663e-6,houspa,House Sparrow
houspa,state,RUS-2379,Chelyabinsk,AS,Asia,resident,0.010459230747705791,1.1372825552628368e-5,1.4002483215406767e-5,0.007370949031410886,4.4966900820098734e-5,365,2023-07-12,1.4737254804685496e-5,houspa,House Sparrow
houspa,state,RUS-2380,Kurgan,AS,Asia,resident,0.002535467275040138,2.2455809304141112e-6,2.7648106568990826e-6,0.001497152732403997,7.439396813706345e-6,365,2023-06-07,2.8331814896874303e-6,houspa,House Sparrow
houspa,state,RUS-2384,Kirov,AS,Asia,resident,0.001281053757106154,1.8918056533999392e-6,2.329234435713489e-6,8.978993245620776e-4,7.439396813706345e-6,0,2023-12-13,4.84890136006977e-6,houspa,House Sparrow
houspa,state,RUS-2385,Mariy-El,AS,Asia,resident,0.0032928011722439796,9.417002718326796e-7,1.1594429360814072e-6,0.0027096888931485816,4.347779738753283e-6,365,2023-01-18,1.7748958299150086e-6,houspa,House Sparrow
houspa,state,RUS-2386,Sverdlovsk,AS,Asia,resident,0.005018597465684125,1.1988910516509326e-5,1.4761021128969849e-5,0.003469121183657456,4.6496230085664656e-5,365,2023-07-19,1.4581192395498587e-5,houspa,House Sparrow
houspa,state,RUS-2387,Udmurt,AS,Asia,resident,0.003890186129479796,2.0050725124652484e-6,2.4686911859805582e-6,0.0027872212963326085,8.05994482776706e-6,365,2023-12-06,4.697667436433473e-6,houspa,House Sparrow
houspa,state,RUS-2388,Astrakhan',AS,Asia,resident,0.019034488719431145,1.10131948666327e-5,1.3559697680616274e-5,0.03238818694012915,1.0513798761643126e-4,365,2023-06-28,5.692023268181004e-5,houspa,House Sparrow
houspa,state,RUS-2389,Chuvash,AS,Asia,resident,0.007937901396062997,1.7908654809546544e-6,2.2049545842478423e-6,0.00783000621220672,9.911064154183878e-6,365,2023-11-22,3.295748626209294e-6,houspa,House Sparrow
houspa,state,RUS-2390,Kalmyk,AS,Asia,resident,0.020722264746087616,1.8770015281054523e-5,2.311007257692023e-5,0.025101124595564676,1.2756205374964957e-4,365,2023-07-19,8.295445993871101e-5,houspa,House Sparrow
houspa,state,RUS-2391,Orenburg,AS,Asia,resident,0.002253537199975614,3.461260016150297e-6,4.261582581744788e-6,0.005105055729021084,4.399171533750779e-5,365,2023-07-05,1.2984398762432511e-5,houspa,House Sparrow
houspa,state,RUS-2392,Samara,AS,Asia,resident,0.02384954960770153,1.5514661271047486e-5,1.9102006184413575e-5,0.02378052743459667,8.679296282657402e-5,365,2023-07-05,2.282359898479596e-5,houspa,House Sparrow
houspa,state,RUS-2393,Saratov,AS,Asia,resident,0.010689928949690015,1.3356444438787077e-5,1.644476020547121e-5,0.018463719640843795,1.294303588572651e-4,365,2023-07-05,3.603879027022123e-5,houspa,House Sparrow
houspa,state,RUS-2394,Tatarstan,AS,Asia,resident,0.012624336333856043,1.0372244400241076e-5,1.27705447910354e-5,0.011111949512164567,5.122186175178646e-5,365,2023-12-13,2.1226607472428303e-5,houspa,House Sparrow
houspa,state,RUS-2395,Ul'yanovsk,AS,Asia,resident,0.0035689779269925375,1.5948531168341423e-6,1.963619673595374e-6,0.006073578796024517,1.5227282844271476e-5,365,2023-07-12,3.8708219838066075e-6,houspa,House Sparrow
houspa,state,RUS-2396,Khanty-Mansiy,AS,Asia,resident,4.246646808474653e-5,2.782616627876937e-7,3.426021303716713e-7,1.6863523793177317e-5,6.199497344755287e-7,0,2023-05-24,2.3645149018362738e-7,houspa,House Sparrow
houspa,state,RUS-2397,Omsk,AS,Asia,resident,0.00592443060046341,1.0286881560934272e-5,1.2665444108792305e-5,0.0024182546791695144,2.3558089910070092e-5,365,2023-05-31,1.0557964913173672e-5,houspa,House Sparrow
houspa,state,RUS-2398,Tyumen',AS,Asia,resident,0.003121936061696883,6.123145644601314e-6,7.538957114681654e-6,0.0013521230601681678,1.487879362741269e-5,365,2023-06-07,6.390073329513388e-6,houspa,House Sparrow
houspa,state,RUS-2399,Altay,AS,Asia,resident,0.011282904710410524,2.3712961715425913e-5,2.9195941401835447e-5,0.028295136042443218,3.336395918330309e-4,365,2023-06-07,8.78585351352072e-5,houspa,House Sparrow
houspa,state,RUS-2400,Gorno-Altay,AS,Asia,resident,0.0014902409597598936,1.7003806140054577e-6,2.093547544296225e-6,0.002737042157001777,1.752153097270173e-5,365,2023-06-07,4.05982500838598e-6,houspa,House Sparrow
houspa,state,RUS-2401,Kemerovo,AS,Asia,resident,0.003592317099614573,4.197654855726687e-6,5.168248768908585e-6,0.003404285718972776,2.2318190441119033e-5,365,2023-05-31,5.531416667664779e-6,houspa,House Sparrow
houspa,state,RUS-2402,Khakass,AS,Asia,resident,0.03793001605838575,2.7720855423304923e-5,3.413055190069606e-5,0.04924499035291428,2.01923364060769e-4,365,2023-06-07,4.769498755055054e-5,houspa,House Sparrow
houspa,state,RUS-2403,Novosibirsk,AS,Asia,resident,0.005861536656751083,1.2675677606975645e-5,1.5606584495140174e-5,0.002401561549888715,2.913763752034985e-5,365,2023-05-31,1.1589301637576211e-5,houspa,House Sparrow
houspa,state,RUS-2416,Chechnya,AS,Asia,resident,0.9474726178093792,1.881069164172792e-4,2.3160154243517271e-4,0.36281727653815393,4.0413547146640375e-4,365,2023-08-02,4.453696600375572e-4,houspa,House Sparrow
houspa,state,RUS-2417,Dagestan,AS,Asia,resident,0.3721106747431233,2.358025018312013e-4,2.9032543924664684e-4,0.18942985573381005,6.734814268812064e-4,365,2023-06-28,5.964219439385258e-4,houspa,House Sparrow
houspa,state,RUS-2602,Irkutsk,AS,Asia,resident,0.007794285627861968,7.30559044270693e-5,8.994810223656181e-5,0.010768814797436644,5.663016511768436e-4,365,2023-05-31,1.403812356082232e-4,houspa,House Sparrow
houspa,state,RUS-2603,Krasnoyarsk,AS,Asia,resident,6.1890269594501e-4,1.8037444319711825e-5,2.220811443619021e-5,9.641253326605708e-4,1.5764748193503768e-4,0,2023-06-07,3.672427457630126e-5,houspa,House Sparrow
houspa,state,RUS-2605,Tuva,AS,Asia,resident,0.016453909322303988,3.421764665756578e-5,4.212955002044786e-5,0.0136111471950797,1.5880957496591683e-4,365,2023-05-31,4.289221041917257e-5,houspa,House Sparrow
houspa,state,RUS-2606,Buryat,AS,Asia,resident,0.01316903538940228,5.430182779194008e-5,6.685765368543997e-5,0.01463277314958443,3.385228887723087e-4,365,2023-05-31,9.208504967672616e-5,houspa,House Sparrow
houspa,state,RUS-2610,Chita,AS,Asia,resident,0.0034853197888907064,1.8503356350769377e-5,2.278175599646471e-5,0.006516807384234448,1.941081098560722e-4,365,2023-05-24,3.642167871278214e-5,houspa,House Sparrow
houspa,state,RUS-283,Crimea,AS,Asia,resident,0.7787624965345423,2.7264321572899753e-4,3.35684569711659e-4,0.4604273401914904,9.043815335711628e-4,365,2023-08-02,8.934311271391616e-4,houspa,House Sparrow
houspa,state,RUS-3200,Perm',AS,Asia,resident,0.0019183156200798356,3.793486240345245e-6,4.67062711570694e-6,0.0015645166016417405,1.7357994285729616e-5,365,2023-07-19,6.506502522596345e-6,houspa,House Sparrow
houspa,state,RUS-5482,Sevastopol,AS,Asia,resident,2.700436583308541,3.2039156136129704e-5,3.944734261120104e-5,0.6260645687710945,4.167418615300896e-5,365,2023-08-02,5.834610143669635e-5,houspa,House Sparrow
houspa,state,RWA-3491,Southern,AF,Africa,resident,3.3361723598678147e-4,2.3832317154018618e-8,7.110950269731827e-7,0.005739151477668906,2.30020420164898e-6,365,2023-11-22,1.6438037314220404e-7,houspa,House Sparrow
houspa,state,RWA-3492,Western,AF,Africa,resident,0.004508021025440646,3.0183949293043765e-7,9.00611388224788e-6,0.01621050629711424,6.089583978110126e-6,365,2023-12-06,1.1537087747240077e-6,houspa,House Sparrow
houspa,state,RWA-3493,Eastern,AF,Africa,resident,0.0055746348531839325,6.475398418450507e-7,1.9320922859797263e-5,0.02361902283957568,1.539263284111387e-5,365,2023-12-13,1.35488139066547e-6,houspa,House Sparrow
houspa,state,RWA-3494,Northern,AF,Africa,resident,0.0011558556431217797,4.5973253621116014e-8,1.371723605912152e-6,0.009220360770415744,2.0575503540693675e-6,365,2023-09-20,1.2312477898199902e-7,houspa,House Sparrow
houspa,state,RWA-3495,Kigali City,AF,Africa,resident,2.502631762561508e-4,2.2347390566146252e-9,6.667886380798039e-8,0.012058917611352329,6.041421128774881e-7,365,2023-11-29,7.88306926462923e-8,houspa,House Sparrow
houspa,state,SAH-001,Western Sahara,AF,Africa,resident,0.014701104147481336,1.6377565025673475e-5,4.88664403399087e-4,0.045887472282269186,2.868100917290319e-4,365,2023-03-08,7.777302312403695e-5,houspa,House Sparrow
houspa,state,SAU-1096,Najran,AS,Asia,resident,7.897329417578876,0.008665820207445645,0.010669556254157697,0.7081264357400845,0.004359544782704798,365,2023-12-20,0.011901281977779113,houspa,House Sparrow
houspa,state,SAU-1097,Ar Riyad,AS,Asia,resident,13.598609256597744,0.06293029931033417,0.07748122537849261,0.8018141035603656,0.02081804334950891,365,2023-12-06,0.07643000105573751,houspa,House Sparrow
houspa,state,SAU-1098,Ash Sharqiyah,AS,Asia,resident,9.991469920142409,0.06835182132325346,0.08415632741330015,0.4328454303719107,0.016613244555786656,365,2023-03-29,0.08240089134525008,houspa,House Sparrow
houspa,state,SAU-845,Al Madinah,AS,Asia,resident,7.136563994640544,0.012700975118663718,0.01563773137074858,0.8371176173902024,0.008358633778308679,365,2023-11-29,0.018663956021210865,houspa,House Sparrow
houspa,state,SAU-846,Al Quassim,AS,Asia,resident,16.09834046000047,0.01074769746778277,0.013232811204258505,0.9357440800890708,0.0035050347539945857,365,2023-12-06,0.014303393215832794,houspa,House Sparrow
houspa,state,SAU-847,Ha'il,AS,Asia,resident,2.097428381974346,0.003123578169492567,0.0038458209604931848,0.3412452470849417,0.0028512333660946133,365,2023-07-05,0.005119395930228026,houspa,House Sparrow
houspa,state,SAU-848,Tabuk,AS,Asia,resident,1.8147494494050949,0.0022732975490170498,0.002798935992329536,0.44263707038343336,0.0031109161696188355,365,2023-06-28,0.004199091656996882,houspa,House Sparrow
houspa,state,SAU-861,Al Hudud ash Shamaliyah,AS,Asia,resident,1.2819253988403825,0.0019575576699973197,0.002410189824022526,0.22489525469127328,0.001926783949675827,365,2023-07-12,0.004328085286066967,houspa,House Sparrow
houspa,state,SAU-862,Al Jawf,AS,Asia,resident,3.5933330201687528,0.005194694612143889,0.0063958269454769045,0.734557040834143,0.0059578421662718145,365,2023-07-12,0.01123510329373282,houspa,House Sparrow
houspa,state,SAU-885,Al Bahah,AS,Asia,resident,9.71513287114221,0.0012295225674141968,0.0015138163364514338,0.9555825582219976,6.785109940322293e-4,365,2023-12-20,0.0019902713161868706,houspa,House Sparrow
houspa,state,SAU-886,`Asir,AS,Asia,resident,10.188509660873258,0.009679248924313152,0.0119173128940781,0.9713353661116682,0.0051772735700080065,365,2023-12-20,0.014174414977603798,houspa,House Sparrow
houspa,state,SAU-887,Jizan,AS,Asia,resident,10.343850716917258,0.002337756449055906,0.0028782992659242036,0.7324008802636756,9.286814958713348e-4,365,2023-12-20,0.003304762636683901,houspa,House Sparrow
houspa,state,SAU-888,Makkah,AS,Asia,resident,12.125749081358482,0.02103708107365863,0.02590133588807033,0.9411935208689016,0.00916129245811792,365,2023-11-08,0.029643784098391367,houspa,House Sparrow
houspa,state,SCT-2001,East Ayrshire,EU,Europe,resident,0.3592613598579205,5.66474158896068e-6,7.740064316992281e-5,0.39685004715861666,3.510726076921941e-5,365,2023-05-31,1.931089857242507e-5,houspa,House Sparrow
houspa,state,SCT-2002,East Dunbartonshire,EU,Europe,resident,0.5972861297297448,1.379211257740631e-6,1.88449617232953e-5,0.7871397831784969,1.0197674407960882e-5,365,2023-06-07,4.800212627155182e-6,houspa,House Sparrow
houspa,state,SCT-2003,East Renfrewshire,EU,Europe,resident,0.6240754746658487,1.1489874189914252e-6,1.5699280157350034e-05,0.57617010590759,5.9515459940470945e-6,365,2023-06-07,3.5166109495644714e-6,houspa,House Sparrow
houspa,state,SCT-2004,Glasgow,EU,Europe,resident,0.8843165430492665,1.749548048951168e-6,2.3905087658261396e-5,0.749050248264492,8.314382345960565e-6,365,2023-06-07,4.659825608145525e-6,houspa,House Sparrow
houspa,state,SCT-2005,Inverclyde,EU,Europe,resident,0.8476023750041699,2.217275898591126e-6,3.0295923995998e-5,0.5185735371044483,7.6109494470593005e-6,365,2023-05-31,5.088124082387663e-6,houspa,House Sparrow
houspa,state,SCT-2006,North Ayshire,EU,Europe,resident,0.5206760926454127,3.991931392993979e-6,5.454406921404311e-5,0.5306775651083939,2.282690726594121e-5,365,2023-06-07,1.2593970788829805e-5,houspa,House Sparrow
houspa,state,SCT-2007,North Lanarkshire,EU,Europe,resident,0.567846123316685,3.3474077421185074e-6,4.57375695118844e-5,0.6327046350638407,2.0925694572069775e-5,365,2023-05-31,1.1016087903880146e-5,houspa,House Sparrow
houspa,state,SCT-2008,Renfrewshire,EU,Europe,resident,0.6029659770940232,2.0721860944502632e-6,2.8313478021801092e-5,0.6846748747481293,1.3201438404844416e-5,365,2023-05-31,7.012272150545055e-6,houspa,House Sparrow
houspa,state,SCT-2009,South Ayrshire,EU,Europe,resident,0.5024979501829041,9.175841708239657e-6,1.2537483637862766e-4,0.3886126459378535,3.981341790366961e-5,365,2023-05-31,2.070695242963096e-5,houspa,House Sparrow
houspa,state,SCT-2010,South Lanarkshire,EU,Europe,resident,0.25058673026031797,5.386276481846804e-6,7.359581323151959e-5,0.3108038460745556,3.748157849492755e-5,365,2023-05-31,1.5732903003825314e-5,houspa,House Sparrow
houspa,state,SCT-2011,West Dunbartonshire,EU,Europe,resident,0.36132394079302493,8.939747023078525e-7,1.2214893804001967e-5,0.5127237664598895,7.117260389178694e-6,365,2023-06-07,4.90045838068557e-6,houspa,House Sparrow
houspa,state,SCT-2012,Aberdeen,EU,Europe,resident,1.5667057622599756,5.1094369479436794e-6,6.981319444080175e-5,0.7618334376370485,1.3939479222709318e-5,365,2023-06-07,8.670890597219702e-6,houspa,House Sparrow
houspa,state,SCT-2013,Aberdeenshire,EU,Europe,resident,0.21995904120195547,1.8499360975108905e-5,2.527674767188641e-4,0.25125636417912367,1.1855855430738656e-4,365,2023-06-07,4.702053343023486e-5,houspa,House Sparrow
houspa,state,SCT-2014,Moray,EU,Europe,resident,0.24923474001049897,7.545916573895938e-6,1.0310422584223904e-4,0.20010025395805303,3.399006360080314e-5,365,2023-06-07,1.4272695383827602e-5,houspa,House Sparrow
houspa,state,SCT-2015,Falkirk,EU,Europe,resident,0.7188695556473155,2.62516756268847e-6,3.586918389655719e-5,0.6256041416117739,1.281762224430633e-5,365,2023-05-31,7.106441968710311e-6,houspa,House Sparrow
houspa,state,SCT-2016,Stirling,EU,Europe,resident,0.1327997000781774,3.737341814776547e-6,5.106546444647701e-5,0.20030868654662484,3.1627613580365275e-5,365,2023-06-07,1.3510490351530028e-5,houspa,House Sparrow
houspa,state,SCT-2017,Clackmannanshire,EU,Europe,resident,0.6755716940824442,1.3407064723937398e-6,1.831884855393606e-5,0.6063605242640973,6.7514039914241645e-6,365,2023-06-07,3.621370914343468e-6,houspa,House Sparrow
houspa,state,SCT-2018,Perthshire and Kinross,EU,Europe,resident,0.09446218716250691,6.329443272057268e-6,8.648284700567544e-5,0.15695966571025016,5.9006043490427673e-5,365,2023-06-07,2.3177510257848796e-5,houspa,House Sparrow
houspa,state,SCT-2019,Angus,EU,Europe,resident,0.21984969794486897,6.072213187222491e-6,8.296816346783052e-5,0.2844868969053043,4.408433770278983e-5,365,2023-06-07,1.8428814493403784e-5,houspa,House Sparrow
houspa,state,SCT-2020,Dundee,EU,Europe,resident,1.3525600912015645,1.749635477386449e-6,2.3906282243577567e-5,1,7.2575815157107315e-6,365,2023-06-14,4.967611419967124e-6,houspa,House Sparrow
houspa,state,SCT-2021,Fife,EU,Europe,resident,0.7599655067931214,1.5910216163158054e-5,2.1739049251615964e-4,0.607700018357985,7.137931299721851e-5,365,2023-06-07,3.2784716261428996e-5,houspa,House Sparrow
houspa,state,SCT-2022,East Lothian,EU,Europe,resident,0.44910136268081585,5.082132488137909e-6,6.944011780223231e-5,0.4203299130686732,2.6686573991812503e-5,365,2023-06-07,1.2224219975209369e-5,houspa,House Sparrow
houspa,state,SCT-2023,Edinburgh,EU,Europe,resident,1.225994297963475,5.26723939280413e-6,7.196934058342324e-5,0.6887110878156111,1.660093682596326e-5,365,2023-01-25,9.11149697904657e-6,houspa,House Sparrow
houspa,state,SCT-2024,Midlothian,EU,Europe,resident,0.4270242125697464,1.82043520393191e-6,2.4873659887343797e-5,0.3756459750371029,8.984675157918814e-6,365,2023-05-31,5.5888677367424725e-6,houspa,House Sparrow
houspa,state,SCT-2025,West Lothian,EU,Europe,resident,0.6966609338733312,3.5940996471000538e-6,4.91082637987333e-5,0.6010567859273857,1.7397429127863018e-5,365,2023-05-31,7.754793278358772e-6,houspa,House Sparrow
houspa,state,SCT-2026,Scottish Borders,EU,Europe,resident,0.14562409977939153,8.533870216818272e-6,1.1660320830831948e-4,0.26828366397265335,8.820798964078859e-5,365,2023-06-07,3.4513481773096846e-5,houspa,House Sparrow
houspa,state,SCT-2138,Dumfries and Galloway,EU,Europe,resident,0.4402505323725431,3.9359481829001584e-5,5.377913821058429e-4,0.3855027866892931,1.9336502308621968e-4,365,2023-05-31,9.023690176939452e-5,houspa,House Sparrow
houspa,state,SCT-2744,Orkney,EU,Europe,resident,0.563578511365115,1.949190681105396e-5,2.663292049762462e-4,0.23003194888178913,4.4636380882238066e-5,365,2023-09-06,2.563532239851236e-5,houspa,House Sparrow
houspa,state,SCT-2745,Highland,EU,Europe,resident,0.16637073483051282,6.334822001331891e-5,8.655633969704622e-4,0.11275213148456602,2.4087024658348187e-4,365,2023-06-21,1.0709992061477872e-4,houspa,House Sparrow
houspa,state,SCT-2746,Argyll and Bute,EU,Europe,resident,0.15719416418974116,2.2665361663288263e-5,3.096899554670225e-4,0.15511986543672204,1.2548579569467814e-4,365,2023-05-31,5.593335161009416e-5,houspa,House Sparrow
houspa,state,SCT-2747,Shetland Islands,EU,Europe,resident,2.048761173735062,8.489422855255257e-5,0.001159958982804644,0.45866666666666667,1.0663135432979092e-4,365,2023-10-11,1.4468272060538597e-4,houspa,House Sparrow
houspa,state,SCT-2772,Eilean Siar,EU,Europe,resident,0.2163063515222932,1.5249145702744584e-5,2.0835790417773423e-4,0.18495297805642633,7.315406866811239e-5,365,2023-08-02,2.8828661328079656e-5,houspa,House Sparrow
houspa,state,SDN-149,Red Sea,AF,Africa,resident,0.02614478121461129,6.510347989301026e-5,0.0019425203387225796,0.0022781869723038028,3.18280088514446e-5,365,2023-12-20,1.0335057846118256e-4,houspa,House Sparrow
houspa,state,SDN-874,Khartoum,AF,Africa,resident,1.6948751061644114,4.392716667709594e-4,0.013106736357709946,0.13621094618004057,1.980653089994899e-4,365,2023-12-20,6.591823856961622e-4,houspa,House Sparrow
houspa,state,SDN-875,Gezira,AF,Africa,resident,0.1423492571826617,4.3806723856330826e-5,0.0013070799318802991,0.04339336637697064,7.49220803986819e-5,365,2023-04-05,1.3399719311645234e-4,houspa,House Sparrow
houspa,state,SDN-877,River Nile,AF,Africa,resident,0.1352444205333058,2.1015615185306848e-4,0.006270518871696837,0.01199349569487822,1.0456093273317172e-4,365,2023-03-29,3.1541322179426054e-4,houspa,House Sparrow
houspa,state,SDN-878,Northern,AF,Africa,resident,0.035425143368389214,1.5793377614984212e-4,0.004712337540888738,0.0027628982262840516,6.910814017287225e-5,365,2023-12-27,2.7017811930528645e-4,houspa,House Sparrow
houspa,state,SDN-879,White Nile,AF,Africa,resident,0.111891265066696,5.2974318493355195e-5,0.0015806173690318857,0.10995311673531569,2.920637476713939e-4,365,2023-04-05,3.600711994541448e-4,houspa,House Sparrow
houspa,state,SDN-880,Sennar,AF,Africa,resident,0.006943524125383596,3.0855711836030277e-6,9.206550541653456e-5,0.007211040587554711,1.7978542299790333e-5,365,2023-04-05,1.5740729311773396e-5,houspa,House Sparrow
houspa,state,SDN-882,South Kordufan,AF,Africa,resident,6.539841842847934e-4,1.1152684137548777e-6,3.327674005159153e-5,0.009287070051338345,8.88570300367219e-5,365,2023-04-05,4.2762550696399765e-5,houspa,House Sparrow
houspa,state,SDN-883,North Kordufan,AF,Africa,resident,8.697045678189074e-5,2.598021266348538e-7,7.751827027694198e-6,1.4796009583794068e-4,2.479798937902115e-6,0,2023-04-05,1.3919074141083683e-6,houspa,House Sparrow
houspa,state,SDN-884,Kassala,AF,Africa,resident,3.3269163468381134e-4,2.069611821416573e-7,6.175189195676168e-6,1.7762682287645842e-4,6.199497344755287e-7,0,2023-01-11,1.1017143784615517e-6,houspa,House Sparrow
houspa,state,SDS-865,Central Equatoria,AF,Africa,resident,8.8244394698498e-6,5.0898007185937394e-9,1.5186655816495988e-7,1.915763581203046e-4,6.199497344755287e-7,0,2023-09-27,4.936061980814194e-8,houspa,House Sparrow
houspa,state,SDS-869,Upper Nile,AF,Africa,resident,0.02099610400287827,1.9602652891868783e-5,5.848927276691143e-4,0.19471725428124256,0.00101995611597764,365,2023-04-05,3.77540527300257e-4,houspa,House Sparrow
houspa,state,SDS-870,Jonglei,AF,Africa,resident,3.8283330639118865e-6,5.6833811700522885e-9,1.6957747164487294e-7,2.232953854520525e-4,1.8598492034265864e-6,0,2023-04-05,3.4497127162251554e-7,houspa,House Sparrow
houspa,state,SDS-892,Eastern Equatoria,AF,Africa,resident,3.712618267843468e-4,3.087082156825107e-7,9.211058896997866e-6,6.644429187509979e-4,3.099748672377644e-6,0,2023-01-25,4.653846921390016e-7,houspa,House Sparrow
houspa,state,SEN-5514,Sédhiou,AF,Africa,resident,0.0024655840116992243,2.1929527614059559e-7,6.5432068268692755e-6,0.0022514285601064696,1.1234883088351085e-6,365,2023-12-13,5.082601254261432e-7,houspa,House Sparrow
houspa,state,SEN-5516,Kaffrine,AF,Africa,resident,9.301035141063658e-5,1.2589616083783406e-8,3.756417527856881e-7,0.0024490385230455537,1.8598492034265864e-6,365,2023-12-27,3.67199284297807e-7,houspa,House Sparrow
houspa,state,SEN-5517,Saint-Louis,AF,Africa,resident,0.044919016947381624,1.0485914054502747e-5,3.1287269673514696e-4,0.02672798787177701,3.500605987315601e-5,365,2023-01-04,2.4556037163181217e-5,houspa,House Sparrow
houspa,state,SEN-759,Dakar,AF,Africa,resident,2.893180967510552,2.8501134387150192e-5,8.50400521057997e-4,0.884272586357522,4.887352042961235e-5,365,2023-12-27,4.60372192678551e-5,houspa,House Sparrow
houspa,state,SEN-763,Diourbel,AF,Africa,resident,0.10870922078355792,6.5202163162375734e-6,1.9454647935835044e-4,0.06712602453903575,2.2588503719995366e-5,365,2023-01-04,1.2923378349898608e-5,houspa,House Sparrow
houspa,state,SEN-764,Fatick,AF,Africa,resident,0.02701334948467887,2.5467330505883867e-6,7.598796187538476e-5,0.025960095433400873,1.3731316795611595e-5,365,2023-01-04,5.741092385949195e-6,houspa,House Sparrow
houspa,state,SEN-765,Kaolack,AF,Africa,resident,0.08180194509275748,4.881315383914172e-6,1.456458921789636e-4,0.04629391297240638,1.549879892614627e-5,365,2023-12-27,8.249798365315657e-6,houspa,House Sparrow
houspa,state,SEN-766,Louga,AF,Africa,resident,0.011948079460300135,3.707784465029759e-6,1.1063074887481102e-4,0.013782953269779456,2.399714507570944e-5,365,2023-01-04,1.057841192329666e-5,houspa,House Sparrow
houspa,state,SEN-768,Thiès,AF,Africa,resident,0.13745073204038288,1.179992008314048e-5,3.520792558933913e-4,0.13188301616987555,6.352165354812667e-5,365,2023-01-04,2.752917449203298e-5,houspa,House Sparrow
houspa,state,SEN-775,Ziguinchor,AF,Africa,resident,7.775630554424129e-4,7.265060750186568e-8,2.1677072089671353e-6,0.001404708366369957,7.363608945914778e-7,365,2023-01-11,4.4764545340003115e-7,houspa,House Sparrow
houspa,state,SEN-779,Tambacounda,AF,Africa,resident,3.588472947438736e-6,1.7492133661483006e-9,5.2192026387721096e-8,2.2668482736704423e-4,6.199497344755287e-7,0,2023-12-27,1.175265224133094e-7,houspa,House Sparrow
houspa,state,SGP-4871,Central Singapore,AS,Asia,resident,1.4828234314625275e-4,2.5424044515340856e-10,3.130266572246331e-10,0.09789147252874966,9.416748610518496e-7,365,2023-03-01,5.234579015653004e-10,houspa,House Sparrow
houspa,state,SGP-4872,South West,AS,Asia,resident,0.07465104026720824,5.103544676566659e-7,6.283601057802877e-7,0.45959065579192937,1.762820783624249e-5,365,2023-02-08,7.312697920004002e-7,houspa,House Sparrow
houspa,state,SGP-4873,North West,AS,Asia,resident,5.871769591497214e-7,7.838020946729463e-13,9.65035085086848e-13,0.003820053662265233,2.8609336971520893e-8,365,2023-06-28,1.9962162709835428e-10,houspa,House Sparrow
houspa,state,SLV-1343,Ahuachapán,NA,North America,resident,0.0180791828130726,2.83229890617966e-7,5.835269865505606e-6,0.04248643302240442,3.734319517804186e-6,365,2023-03-08,6.897087806709046e-7,houspa,House Sparrow
houspa,state,SLV-1344,Cabañas,NA,North America,resident,0.016551516570561774,2.1935471467118066e-7,4.51927567950036e-6,0.03335080909845889,2.479798937902115e-6,365,2023-03-22,3.6791459075345385e-7,houspa,House Sparrow
houspa,state,SLV-1345,Cuscatlán,NA,North America,resident,0.006771652119686194,6.307027435834426e-8,1.299411127015673e-6,0.01585457298822319,8.284867095378773e-7,365,2023-01-25,4.187052638200081e-7,houspa,House Sparrow
houspa,state,SLV-1346,La Libertad,NA,North America,resident,0.035775147262597624,8.171839605157093e-7,1.683610768964991e-5,0.050062609683145375,6.4158293459927485e-6,365,2023-01-25,1.424198640206295e-6,houspa,House Sparrow
houspa,state,SLV-1347,La Paz,NA,North America,resident,0.0640290436606971,1.0003292030506684e-6,2.0609374389867224e-5,0.1462260205501014,1.281715122586935e-5,365,2023-03-01,1.864091764275576e-6,houspa,House Sparrow
houspa,state,SLV-1348,Sonsonate,NA,North America,resident,0.030894446672538826,5.181190263713281e-7,1.0674594883799793e-5,0.0329440090178884,3.099748672377644e-6,365,2023-04-12,7.907858995908692e-7,houspa,House Sparrow
houspa,state,SLV-1349,San Salvador,NA,North America,resident,0.08051187198644612,8.630825058900105e-7,1.7781736691267062e-5,0.13399223546720646,8.058847491139319e-6,365,2023-01-25,1.4988497357341023e-6,houspa,House Sparrow
houspa,state,SLV-1350,La Unión,NA,North America,resident,0.05155993707400687,1.4219204189337137e-6,2.9295246181988555e-5,0.07182848109551185,1.1113747102044872e-5,365,2023-02-22,2.596698316512867e-6,houspa,House Sparrow
houspa,state,SLV-1351,Morazán,NA,North America,resident,0.007369992886879695,1.1794981258490388e-7,2.4300718597073978e-6,0.006904390984802061,6.199497344755287e-7,365,2023-12-27,1.6544946615334177e-7,houspa,House Sparrow
houspa,state,SLV-1352,San Miguel,NA,North America,resident,0.08160924145404683,2.105328747266756e-6,4.337522910842479e-5,0.08770274589697898,1.269388868064288e-5,365,2023-01-25,3.0894527885922116e-6,houspa,House Sparrow
houspa,state,SLV-1353,San Vicente,NA,North America,resident,0.03287937502375569,4.814902789660101e-7,9.919947747231256e-6,0.09116540197672716,7.490226244207941e-6,365,2023-03-01,1.244479966048715e-6,houspa,House Sparrow
houspa,state,SLV-1354,Usulután,NA,North America,resident,0.050572932896848125,1.497474670447345e-6,3.085185959629448e-5,0.0701911600744865,1.1660701546060983e-5,365,2023-02-22,2.166391010165793e-6,houspa,House Sparrow
houspa,state,SLV-1357,Chalatenango,NA,North America,resident,0.03731669130734199,8.510093475104746e-7,1.7532998335580553e-5,0.04679621129253282,5.987462531935532e-6,365,2023-01-25,1.3407775731848607e-6,houspa,House Sparrow
houspa,state,SLV-1358,Santa Ana,NA,North America,resident,0.02749301942358081,7.101427004172901e-7,1.4630780285627564e-5,0.03841855403320557,5.567562726077534e-6,365,2023-02-01,1.022624408610375e-6,houspa,House Sparrow
houspa,state,SOL-001,Somaliland,AF,Africa,resident,2.1544059194679487e-4,4.471659872818488e-7,1.3342282570877023e-5,0.009398475962804633,1.0944592065221308e-4,365,2023-09-13,1.2916824695386952e-5,houspa,House Sparrow
houspa,state,SPM-4866,Saint-Pierre,NA,North America,resident,0.2212026059627533,3.6663765064986745e-7,7.5536859112187e-6,0.13333333333333333,1.2398994689510574e-6,365,2023-11-29,7.163544504120836e-7,houspa,House Sparrow
houspa,state,SRB-1059,Južno-Backi,EU,Europe,resident,0.9850015160563996,5.159420726826085e-5,7.049615174305553e-4,0.4558373033958016,1.3395990253168075e-4,365,2023-07-26,1.5558344014110324e-4,houspa,House Sparrow
houspa,state,SRB-1060,Južno-Banatski,EU,Europe,resident,0.9252297362092772,4.615442533782189e-5,6.306346282851407e-4,0.39749597619779514,1.1124933343597278e-4,365,2023-07-19,1.4264242559881748e-4,houspa,House Sparrow
houspa,state,SRB-1061,Srednje-Banatski,EU,Europe,resident,0.8747478987698389,3.348446376575249e-5,4.575176097564453e-4,0.4300224860273534,9.2353321827757e-5,365,2023-07-26,1.2503870477505738e-4,houspa,House Sparrow
houspa,state,SRB-121,Pirotski,EU,Europe,resident,0.369899587887936,1.212667590416246e-5,1.6569379198594448e-4,0.16789987171429605,3.0882269083153146e-5,365,2023-07-05,4.294110395560738e-5,houspa,House Sparrow
houspa,state,SRB-125,Borski,EU,Europe,resident,0.4616761809150596,2.130723940628818e-5,2.9113314496748475e-4,0.26544756444183537,6.873364521154625e-5,365,2023-07-19,9.808781377052194e-5,houspa,House Sparrow
houspa,state,SRB-1505,Zlatiborski,EU,Europe,resident,0.07825883996480548,5.892481876036644e-6,8.051239053183851e-5,0.08977369661405656,3.792406418501347e-5,365,2023-07-05,2.563093999680532e-5,houspa,House Sparrow
houspa,state,SRB-273,Zapadno-Backi,EU,Europe,resident,0.6112121101723909,1.7682776243938642e-5,2.4161000688502596e-4,0.32371231663607836,5.254345661413538e-5,365,2023-07-26,5.565332156378157e-5,houspa,House Sparrow
houspa,state,SRB-274,Severno-Backi,EU,Europe,resident,0.7199933604794653,1.4685383937222182e-5,2.006549008613815e-4,0.36003415507399916,4.120039989772372e-5,365,2023-07-26,4.193375976642979e-5,houspa,House Sparrow
houspa,state,SRB-275,Severno-Banatski,EU,Europe,resident,0.9232855134388586,2.5546030863543697e-5,3.490502061259524e-4,0.42678601147001344,6.625192514738389e-5,365,2023-07-26,8.315669252338315e-5,houspa,House Sparrow
houspa,state,SRB-279,Branicevski,EU,Europe,resident,0.7854080008581938,4.0458979575654266e-5,5.528144562246417e-4,0.417336597272015,1.2061657435672052e-4,365,2023-07-05,1.4287920348287318e-4,houspa,House Sparrow
houspa,state,SRB-281,Sremski,EU,Europe,resident,1.4388278716127825,6.053794289861681e-5,8.271649541204742e-4,0.5655664003473071,1.335067835807272e-4,365,2023-07-26,1.866881854678394e-4,houspa,House Sparrow
houspa,state,SRB-829,Moravicki,EU,Europe,resident,0.3785181064952714,1.4186846364240192e-5,1.938430934404789e-4,0.27467234652852335,5.775838741562973e-5,365,2023-07-05,5.621446581999115e-5,houspa,House Sparrow
houspa,state,SRB-830,Nišavski,EU,Europe,resident,1.5391866363328957,5.179690606127806e-5,7.077311083647425e-4,0.5636444681724869,1.0641888375692926e-4,365,2023-07-05,1.786050160643303e-4,houspa,House Sparrow
houspa,state,SRB-831,Podunavski,EU,Europe,resident,2.037803425393392,3.4860218488802254e-5,4.763153428455636e-4,0.9178416954614834,8.809200904444885e-5,365,2023-07-19,1.2819885827246937e-4,houspa,House Sparrow
houspa,state,SRB-832,Pomoravski,EU,Europe,resident,1.0781677347001672,6.940129262920548e-5,9.482700317332716e-4,0.5046449736288909,1.82250234371992e-4,365,2023-07-05,2.489058633780126e-4,houspa,House Sparrow
houspa,state,SRB-834,Raški,EU,Europe,resident,0.365294890783218,1.6859634238278483e-5,2.3036294121438065e-4,0.1993260610922823,5.1614241599546634e-5,365,2023-07-05,6.308821736789087e-5,houspa,House Sparrow
houspa,state,SRB-835,Toplicki,EU,Europe,resident,0.7887762996814367,2.227061308020879e-5,3.042962770898288e-4,0.35049944986740805,5.552218841284654e-5,365,2023-07-05,9.699791384501712e-5,houspa,House Sparrow
houspa,state,SRB-836,Grad Beograd,EU,Europe,resident,2.037427320484557,8.401182760459889e-5,0.0011479022279054511,0.8736349103050594,2.021106515698104e-4,365,2023-07-19,2.4469989908075854e-4,houspa,House Sparrow
houspa,state,SRB-837,Kolubarski,EU,Europe,resident,0.6457763257397313,1.9997222881822236e-5,2.7323363093590216e-4,0.4904523955802969,8.520897530725788e-5,365,2023-07-05,8.101158056778395e-5,houspa,House Sparrow
houspa,state,SRB-838,Macvanski,EU,Europe,resident,0.7959685439108818,3.1473938697379946e-5,4.300466420242987e-4,0.5086895943537875,1.1285192159587746e-4,365,2023-07-26,1.2392089653039728e-4,houspa,House Sparrow
houspa,state,SRB-839,Šumadijski,EU,Europe,resident,1.1832326103996176,3.47399684156289e-5,4.746722964931958e-4,0.6799089022100427,1.1199817124065804e-4,365,2023-07-05,1.3624456849847417e-4,houspa,House Sparrow
houspa,state,SRB-841,Pcinjski,EU,Europe,resident,0.5846381852430437,2.479797452271503e-5,3.3882907935464267e-4,0.2218607511321097,5.279714344405645e-5,365,2023-07-05,8.214707319509388e-5,houspa,House Sparrow
houspa,state,SRB-843,Jablanicki,EU,Europe,resident,0.7327232616735122,2.4885572736798793e-5,3.400259844568689e-4,0.30477001872566345,5.807387666932733e-5,365,2023-07-05,8.718886253062263e-5,houspa,House Sparrow
houspa,state,SRB-844,Zajecarski,EU,Europe,resident,0.4081164712554605,1.7654449077796174e-5,2.4122295641781997e-4,0.21141994151022497,5.131175985903994e-5,365,2023-07-05,7.154302205267184e-5,houspa,House Sparrow
houspa,state,SUR-67,Marowijne,SA,South America,resident,8.070668337767317e-4,4.949177283744727e-8,2.7333670078884747e-6,0.00180190567399399,6.199497344755287e-7,365,2023-12-06,8.087325246389959e-8,houspa,House Sparrow
houspa,state,SUR-70,Commewijne,SA,South America,resident,0.0024993997487848937,7.161103449645637e-8,3.95498540204391e-6,0.012822310012795223,2.061158614154153e-6,365,2023-03-29,5.964696055212887e-7,houspa,House Sparrow
houspa,state,SUR-72,Paramaribo,SA,South America,resident,0.11288318148646807,2.6065308006005956e-7,1.4395534625132817e-5,0.2583184468742693,3.3464932711891004e-6,365,2023-03-29,6.68927860791386e-7,houspa,House Sparrow
houspa,state,SUR-74,Wanica,SA,South America,resident,0.0108466779368862,5.925577128989635e-8,3.2726200939045183e-6,0.025834829839353396,7.91845459412034e-7,365,2023-03-29,1.9070146007868214e-7,houspa,House Sparrow
houspa,state,SVK-1051,Bratislavský,EU,Europe,resident,0.5316179666840831,1.3675835706087386e-5,1.8686085903727297e-4,0.28745627566207166,4.148842366254761e-5,365,2023-07-26,2.284084354792088e-5,houspa,House Sparrow
houspa,state,SVK-1052,Banskobystrický,EU,Europe,resident,0.08858594281476735,1.0256303400639644e-5,1.4013780986980962e-4,0.11968905526840412,7.774659934640635e-5,365,2023-07-05,2.7157893354055083e-5,houspa,House Sparrow
houspa,state,SVK-1053,Žilinský,EU,Europe,resident,0.14587946302776433,1.188437146532596e-5,1.6238304618856856e-4,0.15657423509404103,7.156542845212574e-5,365,2023-07-12,2.4011611909090426e-5,houspa,House Sparrow
houspa,state,SVK-1054,Nitriansky,EU,Europe,resident,0.36193853035070567,2.7404227837226127e-5,3.744398269304934e-4,0.28538844979278133,1.212327784113309e-4,365,2023-07-12,5.861639645573868e-5,houspa,House Sparrow
houspa,state,SVK-1055,Trenciansky,EU,Europe,resident,0.25094803777780017,1.3910808125427832e-5,1.9007142320838816e-4,0.23197051112144623,7.21443376639214e-5,365,2023-07-12,3.13896492206641e-5,houspa,House Sparrow
houspa,state,SVK-1056,Trnavský,EU,Europe,resident,0.49686846371576593,2.50043951249094e-5,3.416495235218582e-4,0.3345563339507307,9.44593802367416e-5,365,2023-07-12,4.7433784299385993e-5,houspa,House Sparrow
houspa,state,SVK-1057,Košický,EU,Europe,resident,0.2356913952161152,1.97291814419743e-5,2.695712255967331e-4,0.27214828726140783,1.278120675062815e-4,365,2023-07-05,5.4875008344343675e-5,houspa,House Sparrow
houspa,state,SVK-1058,Prešov,EU,Europe,resident,0.16723875480544237,1.7860539521376277e-5,2.440388894367878e-4,0.2541790376842961,1.5229943583433463e-4,365,2023-07-05,5.010321039179339e-5,houspa,House Sparrow
houspa,state,SVN-1000,Velike Lašče,EU,Europe,resident,0.019577580949876532,2.5873681985816683e-8,3.535270930591001e-7,0.1415582767272386,1.049627956980985e-6,365,2023-06-21,7.874838067275567e-7,houspa,House Sparrow
houspa,state,SVN-1001,Velenje,EU,Europe,resident,0.9193687988555034,9.851192763711245e-7,1.346025487531612e-5,0.43228999194117856,2.5988137309379916e-6,365,2023-07-12,2.465039336111858e-6,houspa,House Sparrow
houspa,state,SVN-1002,Vitanje,EU,Europe,resident,0.003741094983076822,2.86570918473475e-9,3.9155843307782785e-8,0.0069778916634162394,2.9988760681739643e-8,365,2023-08-02,3.626152807445666e-7,houspa,House Sparrow
houspa,state,SVN-1003,Vodice,EU,Europe,resident,0.29998669561773017,1.1419389227137976e-7,1.560297247293026e-6,0.3981440271723927,8.503192320689414e-7,365,2023-07-12,1.4483768239947109e-6,houspa,House Sparrow
houspa,state,SVN-1004,Vrhnika,EU,Europe,resident,1.1521013565687042,1.8188581587346987e-6,2.4852111805996175e-5,0.4118561882695055,3.647998535802452e-6,365,2023-08-02,5.211748371454898e-6,houspa,House Sparrow
houspa,state,SVN-1005,Vuzenica,EU,Europe,resident,0.1084879666953698,6.748657429388384e-8,9.221081268492168e-7,0.17661437161788804,6.164001975597e-7,365,2023-06-28,5.010646378975837e-7,houspa,House Sparrow
houspa,state,SVN-1006,Zasavska,EU,Europe,resident,0.23651541746821425,3.504655032342693e-7,4.788613025537853e-6,0.15858096749496955,1.3183714772679209e-6,365,2023-06-28,1.011742812393749e-6,houspa,House Sparrow
houspa,state,SVN-1007,Zrece,EU,Europe,resident,0.6024931347747612,4.940527499264302e-7,6.750528687609684e-6,0.2673256471745269,1.2298800597351296e-6,365,2023-08-02,1.2266988466893706e-6,houspa,House Sparrow
houspa,state,SVN-1008,Bled,EU,Europe,resident,0.4026798926515857,9.106742189742094e-7,1.2443068966152658e-5,0.12043892452317452,1.528167227070245e-6,365,2023-08-09,2.145323301515698e-6,houspa,House Sparrow
houspa,state,SVN-1009,Bohinj,EU,Europe,resident,0.10882329839771672,4.526648144004261e-7,6.185021368541355e-6,0.0796933282880154,1.8598492034265864e-6,365,2023-08-02,1.1590763007157389e-6,houspa,House Sparrow
houspa,state,SVN-1011,Gorenja vas-Poljane,EU,Europe,resident,0.038091822860699426,6.863371047143908e-8,9.377821124232972e-7,0.06132673461600541,6.199497344755287e-7,365,2023-08-02,3.0904683344584604e-7,houspa,House Sparrow
houspa,state,SVN-1012,Idrija,EU,Europe,resident,0.016804256921176184,6.190460461297121e-8,8.458384441686138e-7,0.029995211051209655,6.199497344755287e-7,365,2023-07-26,5.578388987175558e-7,houspa,House Sparrow
houspa,state,SVN-1013,Kranj,EU,Europe,resident,0.6370593126255683,1.157294729698151e-6,1.5812787751935813e-5,0.535633300638234,5.4592450786408715e-6,365,2023-07-12,4.384662822771009e-6,houspa,House Sparrow
houspa,state,SVN-1014,Kranjska Gora,EU,Europe,resident,0.049942202142630336,1.4465383070062241e-7,1.9764890167347435e-6,0.03814989195814932,6.199497344755287e-7,365,2023-08-02,3.6804025403030194e-7,houspa,House Sparrow
houspa,state,SVN-1015,Naklo,EU,Europe,resident,0.21166526632199864,6.830049457682147e-8,9.332291907846288e-7,0.2784879505197887,5.041753114858564e-7,365,2023-08-02,1.7009699019849524e-6,houspa,House Sparrow
houspa,state,SVN-1016,Radovljica,EU,Europe,resident,0.7156899458206051,1.0463634228608573e-6,1.4297069097863562e-5,0.3284038679146502,2.6938090789904153e-6,365,2023-08-02,2.862153166313396e-6,houspa,House Sparrow
houspa,state,SVN-1017,Škofja Loka,EU,Europe,resident,0.4660565845279897,8.434645062562059e-7,1.1524743759266452e-5,0.2484806483073956,2.5230255598768696e-6,365,2023-06-14,1.7961656757820549e-6,houspa,House Sparrow
houspa,state,SVN-1019,Tržič,EU,Europe,resident,0.21713611264818664,3.829833995200452e-7,5.232923864351187e-6,0.060516731157437345,5.988585683733543e-7,365,2023-08-02,5.674558227928296e-7,houspa,House Sparrow
houspa,state,SVN-1021,Žiri,EU,Europe,resident,0.13116294236805573,8.655772259735333e-8,1.1826882647948116e-6,0.16744064666065672,6.199497344755287e-7,365,2023-07-19,3.100454138014361e-7,houspa,House Sparrow
houspa,state,SVN-1022,Ajdovščina,EU,Europe,resident,0.4349231110333056,1.338341588232538e-6,1.8286535772810073e-5,0.2528833139814234,4.365918024055529e-6,365,2023-07-12,4.207993286760721e-6,houspa,House Sparrow
houspa,state,SVN-1023,Bovec,EU,Europe,resident,0.06411871568743276,2.982341118018749e-7,4.074945292060702e-6,0.023756533068819224,6.199497344755287e-7,365,2023-08-02,3.8847095379987026e-7,houspa,House Sparrow
houspa,state,SVN-1024,Brda,EU,Europe,resident,0.9761944926672314,1.001066945578305e-6,1.367815711045116e-5,0.619701014553867,3.5654133853097218e-6,365,2023-07-12,3.6450354932221426e-6,houspa,House Sparrow
houspa,state,SVN-1025,Divaca,EU,Europe,resident,0.29703851202832593,5.576789530072392e-7,7.619890328132158e-6,0.2850357959631906,3.0024225460944354e-6,365,2023-07-26,2.373687038422607e-6,houspa,House Sparrow
houspa,state,SVN-1026,Hrpelje-Kozina,EU,Europe,resident,0.1944066089242348,4.809268290739536e-7,6.5711816335165085e-6,0.21234637811156043,2.9472281283308658e-6,365,2023-07-12,2.662077204529608e-6,houspa,House Sparrow
houspa,state,SVN-1027,Izola,EU,Europe,resident,2.3748198602626176,8.435753757865836e-7,1.1526258633833e-5,1,1.9929396008146167e-6,365,2023-07-12,3.1093084121349485e-6,houspa,House Sparrow
houspa,state,SVN-1030,Komen,EU,Europe,resident,0.11397326191414586,1.5382474513952405e-7,2.1017965289804254e-6,0.28728951042829615,2.175423975171684e-6,365,2023-06-07,2.248344409116564e-6,houspa,House Sparrow
houspa,state,SVN-1031,Koper,EU,Europe,resident,1.0363311226940133,4.374987994702949e-6,5.9777993282272134e-5,0.5640209188043354,1.3359015429924432e-5,365,2023-07-12,1.2022192381069713e-5,houspa,House Sparrow
houspa,state,SVN-1032,Miren-Kostanjevica,EU,Europe,resident,0.2609497003080512,2.205096150719615e-7,3.012950505100329e-6,0.3679828632002215,1.7446135371539936e-6,365,2023-07-12,2.499555317961337e-6,houspa,House Sparrow
houspa,state,SVN-1033,Piran,EU,Europe,resident,2.264592161319915,1.713546994567552e-6,2.3413184414251554e-5,0.7056078926726046,2.9955071803734e-6,365,2023-07-12,4.885680359017742e-6,houspa,House Sparrow
houspa,state,SVN-1034,Sežana,EU,Europe,resident,0.6134880341591797,1.7336007729497722e-6,2.3687190795724586e-5,0.543122011399958,8.610756628248987e-6,365,2023-07-19,7.554561917944991e-6,houspa,House Sparrow
houspa,state,SVN-1035,Vipava,EU,Europe,resident,0.4723268291243112,6.320550999391535e-7,8.636134673725873e-6,0.25789700992894404,1.9362416007062217e-6,365,2023-07-12,1.546501619795698e-6,houspa,House Sparrow
houspa,state,SVN-1039,Beltinci,EU,Europe,resident,0.7640806701039784,5.520996961223527e-7,7.543657711953867e-6,0.5752326353722311,2.3319687573985056e-6,365,2023-08-02,3.3710179607546648e-6,houspa,House Sparrow
houspa,state,SVN-1040,Dornava,EU,Europe,resident,0.9545057931742792,3.259471486184207e-7,4.45360455481905e-6,0.6922018512535556,1.326179435188718e-6,365,2023-07-12,2.2682979129911344e-6,houspa,House Sparrow
houspa,state,SVN-1041,Gorišnica,EU,Europe,resident,0.6331125093268434,5.671341630461102e-7,7.749082335714908e-6,0.7460586988219436,3.749547226871688e-6,365,2023-07-12,3.239574521906293e-6,houspa,House Sparrow
houspa,state,SVN-1042,Juršinci,EU,Europe,resident,0.8045823415279393,3.5604530676478036e-7,4.864853110851718e-6,0.8085670806981853,2.0074823688080455e-6,365,2023-07-12,2.1185245967156945e-6,houspa,House Sparrow
houspa,state,SVN-1044,Moravske Toplice,EU,Europe,resident,0.24979336800044552,4.0761494880630187e-7,5.569478979370601e-6,0.3665893942428937,3.356216827303681e-6,365,2023-06-21,2.8063256175706908e-6,houspa,House Sparrow
houspa,state,SVN-1045,Murska Sobota,EU,Europe,resident,1.3527988520087193,1.0312853027822288e-6,1.40910480157804e-5,0.8904348292492759,3.8084534928961866e-6,365,2023-06-21,3.8079826073697984e-6,houspa,House Sparrow
houspa,state,SVN-1046,Odranci,EU,Europe,resident,0.853975140863879,6.662110302977403e-8,9.102826920195452e-7,1,4.3769088796792836e-7,365,2023-07-05,1.3827526061899109e-6,houspa,House Sparrow
houspa,state,SVN-1047,Ormož,EU,Europe,resident,0.736281815963501,1.8282913159518152e-6,2.498100249311078e-5,0.6956230442244646,9.691169675124932e-6,365,2023-07-12,9.360344262477265e-6,houspa,House Sparrow
houspa,state,SVN-1048,Sveti Jurij,EU,Europe,resident,0.7254275535392419,4.71233007969435e-7,6.4387293448320434e-6,0.7322506151260407,2.668715736497005e-6,365,2023-07-05,3.2787727552677338e-6,houspa,House Sparrow
houspa,state,SVN-1049,Turnišče,EU,Europe,resident,1.096594675778081,3.037961310286873e-7,4.1509423801393025e-6,0.6990454653481045,1.086531805108549e-6,365,2023-07-19,1.3020275179766738e-6,houspa,House Sparrow
houspa,state,SVN-1050,Zavrc,EU,Europe,resident,0.42339971832805656,6.494991963781003e-8,8.874483460283737e-7,0.48094716845722946,4.139294634728033e-7,365,2023-07-12,1.0188490265909985e-6,houspa,House Sparrow
houspa,state,SVN-196,Šalovci,EU,Europe,resident,0.0729680688228372,3.8031158565286054e-8,5.196417324996695e-7,0.37479815389482907,1.0959861388004217e-6,365,2023-06-28,9.480201079076436e-7,houspa,House Sparrow
houspa,state,SVN-197,Kuzma,EU,Europe,resident,0.19526026445790456,4.435532808977454e-8,6.060525212397863e-7,0.27577336263766256,3.514674840967123e-7,365,2023-07-12,3.1716014345217346e-7,houspa,House Sparrow
houspa,state,SVN-198,Cerkvenjak,EU,Europe,resident,1.2114216274225704,3.02801571255303e-7,4.137353134288991e-6,0.7903953119754956,1.1084294914565078e-6,365,2023-07-12,1.78802962412801e-6,houspa,House Sparrow
houspa,state,SVN-199,Benedikt,EU,Europe,resident,0.8045318799608779,2.244453344884477e-7,3.0667265175429864e-6,0.6458306630855328,1.0108504300812886e-6,365,2023-07-05,2.457405699749216e-6,houspa,House Sparrow
houspa,state,SVN-200,Sveta Ana,EU,Europe,resident,0.7863330898115788,3.831293388911317e-7,5.234917918450305e-6,0.9755859243989567,2.6668912063689632e-6,365,2023-07-12,3.27894059805678e-6,houspa,House Sparrow
houspa,state,SVN-201,Hodoš,EU,Europe,resident,0.2120145710846202,2.0709053472572983e-8,2.829597843158735e-7,0.7405157241241368,4.058165362209837e-7,365,2023-07-05,4.89488259072702e-7,houspa,House Sparrow
houspa,state,SVN-202,Grad,EU,Europe,resident,0.143100337222607,6.791166367182001e-8,9.279163690682584e-7,0.5577954275191787,1.4851816594717409e-6,365,2023-06-28,8.4717385682566e-7,houspa,House Sparrow
houspa,state,SVN-203,Destrnik,EU,Europe,resident,1.072248982667836,4.255438832223803e-7,5.814452387841726e-6,0.7079393622644171,1.5763247148714418e-6,365,2023-07-12,3.871729251472548e-6,houspa,House Sparrow
houspa,state,SVN-204,Dobrova-Polhov Gradec,EU,Europe,resident,0.22854167507898865,3.393406488985655e-7,4.636607701511561e-6,0.173505569987368,1.4453892361903697e-6,365,2023-08-02,2.712487711752094e-6,houspa,House Sparrow
houspa,state,SVN-205,Domžale,EU,Europe,resident,2.122544682608959,1.818800857944755e-6,2.4851328872136592e-5,0.8610489616546289,4.139587541989137e-6,365,2023-09-20,5.646522453918733e-6,houspa,House Sparrow
houspa,state,SVN-206,Kamnik,EU,Europe,resident,0.3551650409076919,1.179091998674388e-6,1.6110616454554195e-5,0.09127456771003524,1.7000753902229792e-6,365,2023-09-20,2.289220287868564e-6,houspa,House Sparrow
houspa,state,SVN-207,Kocevje,EU,Europe,resident,0.08671402929532852,6.288513539954278e-7,8.592360038519098e-6,0.06094764385192882,2.479798937902115e-6,365,2023-06-21,1.2750269756260007e-6,houspa,House Sparrow
houspa,state,SVN-208,Lenart,EU,Europe,resident,1.3323647088079698,2.097007823572535e-6,2.865263167399901e-5,0.976596613188591,8.623688462478367e-6,365,2023-07-12,8.741158874407404e-6,houspa,House Sparrow
houspa,state,SVN-209,Loška dolina,EU,Europe,resident,0.1237912043884155,2.4037909196747364e-7,3.2844386686839265e-6,0.05690476855028041,6.199497344755287e-7,365,2023-08-23,4.2672141039643035e-7,houspa,House Sparrow
houspa,state,SVN-211,Majšperk,EU,Europe,resident,0.5460480408997214,4.665731998935437e-7,6.375059689922232e-6,0.2976705496165568,1.4270057408153051e-6,365,2023-07-12,2.199149402773333e-6,houspa,House Sparrow
houspa,state,SVN-212,Novo Mesto,EU,Europe,resident,1.209291518972836,4.7525091400787626e-6,6.493628320661359e-5,0.5446829337908331,1.2009823827401344e-5,365,2023-07-12,1.1309372614156525e-5,houspa,House Sparrow
houspa,state,SVN-213,Bistrica ob Sotli,EU,Europe,resident,0.5538106697913833,2.349754573419795e-7,3.210605681088591e-6,0.4978063281404085,1.1850113582105237e-6,365,2023-07-12,1.6937131566328836e-6,houspa,House Sparrow
houspa,state,SVN-215,Preddvor,EU,Europe,resident,0.02175022252934496,2.3186613680420432e-8,3.168121234858202e-7,0.03815451156613001,2.2820251945013737e-7,365,2023-07-12,1.2825353551719217e-6,houspa,House Sparrow
houspa,state,SVN-216,Ptuj,EU,Europe,resident,1.7902964830882722,1.5755150680915264e-6,2.1527174307797948e-5,0.9427509293718253,4.654740634902048e-6,365,2023-07-12,6.53746031058268e-6,houspa,House Sparrow
houspa,state,SVN-217,Ravne na Koroškem,EU,Europe,resident,0.06350869696192872,4.7774417290753984e-8,6.527695160144235e-7,0.14688817414249347,6.199404068101424e-7,365,2023-07-19,2.504413091742049e-7,houspa,House Sparrow
houspa,state,SVN-218,Ribnica,EU,Europe,resident,0.1683218250450282,3.269482828416932e-7,4.4672836311835775e-6,0.18046208734815303,1.966642955668561e-6,365,2023-06-21,1.4648207153158175e-6,houspa,House Sparrow
houspa,state,SVN-219,Ruše,EU,Europe,resident,0.35175179535460144,2.276743890918307e-7,3.110846959615702e-6,0.24856225081296904,9.026386906645218e-7,365,2023-08-02,1.2600706585312238e-6,houspa,House Sparrow
houspa,state,SVN-220,Šentjur pri Celju,EU,Europe,resident,0.7526369011417356,2.111271864234018e-6,2.8847529517803964e-5,0.5545184774256787,8.727213282031858e-6,365,2023-07-12,7.157601151702324e-6,houspa,House Sparrow
houspa,state,SVN-221,Slovenska Bistrica,EU,Europe,resident,0.8146923769097381,3.4714052010849854e-6,4.7431818565388426e-5,0.4380231199799781,1.0471517106368276e-5,365,2023-07-12,8.866842684405995e-6,houspa,House Sparrow
houspa,state,SVN-222,Videm,EU,Europe,resident,0.7401453248237708,8.196898255713257e-7,1.119989653591643e-5,0.7400676635507785,4.598380320752777e-6,365,2023-07-12,4.7212679023850805e-6,houspa,House Sparrow
houspa,state,SVN-223,Vojnik,EU,Europe,resident,0.5164268246604059,4.815363412442573e-7,6.579509751094429e-6,0.553276265068083,2.89443119972242e-6,365,2023-06-21,2.737935107266437e-6,houspa,House Sparrow
houspa,state,SVN-224,Žalec,EU,Europe,resident,0.5641580364364727,8.375507774361752e-7,1.1443941059440762e-5,0.5839520991975176,4.86394332739015e-6,365,2023-07-12,4.521238913743054e-6,houspa,House Sparrow
houspa,state,SVN-225,Komenda,EU,Europe,resident,0.8661139708738402,2.751834414922411e-7,3.759990641536063e-6,0.7840641796282044,1.3976543549293345e-6,365,2023-07-12,2.255268124383282e-6,houspa,House Sparrow
houspa,state,SVN-226,Oplotnica,EU,Europe,resident,0.637788481073875,2.455384759624567e-7,3.354934318538549e-6,0.5980793552458963,1.2918218059318714e-6,365,2023-07-19,2.285299485647184e-6,houspa,House Sparrow
houspa,state,SVN-227,Hajdina,EU,Europe,resident,2.4570031023279837,6.262413927029983e-7,8.556698626694714e-6,1,1.4300031035766605e-6,365,2023-09-20,3.6037326011691926e-6,houspa,House Sparrow
houspa,state,SVN-228,Miklavž na Dravskem polju,EU,Europe,resident,3.0188816223453716,4.064061853941081e-7,5.552962945218858e-6,1,7.552924450556354e-7,365,2023-07-12,2.1970023782751805e-6,houspa,House Sparrow
houspa,state,SVN-229,Hoce-Slivnica,EU,Europe,resident,1.2622350343192876,8.565312051281009e-7,1.1703281629160344e-5,0.5409022481296942,2.0593144227275458e-06,365,2023-08-02,3.3642634021252047e-6,houspa,House Sparrow
houspa,state,SVN-230,Trnovska vas,EU,Europe,resident,0.8293461427369243,2.341296891432688e-7,3.1990494606459067e-6,0.8249775835112986,1.306663387520685e-6,365,2023-07-05,1.6463524901594225e-6,houspa,House Sparrow
houspa,state,SVN-231,Žetale,EU,Europe,resident,0.2568338034635314,1.3822424009629068e-7,1.888637798761378e-6,0.4106330498369711,1.2399005237657268e-6,365,2023-07-12,1.049516188383786e-6,houspa,House Sparrow
houspa,state,SVN-232,Podlehnik,EU,Europe,resident,0.7585657801602471,4.7113146537628e-7,6.437341909607345e-6,0.43090204480150063,1.5015103603698902e-6,365,2023-06-21,9.292954549299416e-7,houspa,House Sparrow
houspa,state,SVN-233,Prevalje,EU,Europe,resident,0.0653722195688684,5.1596230208035945e-8,7.049891580276112e-7,0.08029498775074964,3.555609781790989e-7,365,2023-07-26,5.306786786539179e-7,houspa,House Sparrow
houspa,state,SVN-234,Selnica ob Dravi,EU,Europe,resident,0.21907796557142853,1.645694599697831e-7,2.2486077869132066e-6,0.11658573957737364,4.913567107592232e-7,365,2023-08-02,1.2600706585312238e-6,houspa,House Sparrow
houspa,state,SVN-235,Lovrenc na Pohorju,EU,Europe,resident,0.03168882363824952,3.6387247259740406e-8,4.971800208107371e-7,0.09623044161541056,6.199497344755287e-7,365,2023-08-02,3.2440326091149114e-7,houspa,House Sparrow
houspa,state,SVN-236,Trzin,EU,Europe,resident,2.8578460891945534,3.64093923333876e-7,4.974826017698895e-6,0.8813619147379528,6.299843918519843e-7,365,2023-09-20,2.243735991010482e-6,houspa,House Sparrow
houspa,state,SVN-238,Žužemberk,EU,Europe,resident,0.2514894764142968,5.341083019474986e-7,7.297830879645917e-6,0.28253151904898127,3.3664900201516097e-6,365,2023-07-12,3.038412505554605e-6,houspa,House Sparrow
houspa,state,SVN-239,Dobrna,EU,Europe,resident,0.32465712197105734,1.3425688471650733e-7,1.834429525840808e-6,0.3882966563962844,9.008991915350108e-7,365,2023-07-12,6.42173362447193e-7,houspa,House Sparrow
houspa,state,SVN-241,Vransko,EU,Europe,resident,0.09033781253223212,6.176203289445782e-8,8.438904042558519e-7,0.16162314416415563,6.199497344755287e-7,365,2023-08-02,2.7188623247217097e-7,houspa,House Sparrow
houspa,state,SVN-242,Mirna Pec,EU,Europe,resident,1.0092941413229666,6.276071220243594e-7,8.575359376917702e-6,0.6851314116679612,2.3902586878422057e-6,365,2023-07-12,3.09870428176043e-6,houspa,House Sparrow
houspa,state,SVN-243,Prebold,EU,Europe,resident,0.26458265179380597,1.29643446940514e-7,1.7713934551783485e-6,0.1334784885904027,3.669453596546023e-7,365,2023-07-12,1.0754786735537094e-6,houspa,House Sparrow
houspa,state,SVN-244,Polzela,EU,Europe,resident,0.4657202700715597,1.9420394448114538e-7,2.6535209016894437e-6,0.27080920309672135,6.335738445692454e-7,365,2023-08-02,1.5799238921968214e-6,houspa,House Sparrow
houspa,state,SVN-247,Braslovce,EU,Europe,resident,0.4642702812050863,3.447866675752555e-7,4.7110198069309285e-6,0.29821438147189744,1.2425362792167724e-6,365,2023-08-02,1.8439698573675857e-6,houspa,House Sparrow
houspa,state,SVN-248,Sodražica,EU,Europe,resident,0.14289232511604166,9.093231052819849e-8,1.242460791773031e-6,0.14372726379622003,5.131559822335538e-7,365,2023-08-09,4.3879762847421347e-7,houspa,House Sparrow
houspa,state,SVN-249,Dolenjske Toplice,EU,Europe,resident,0.08740833354956985,1.1516190814567525e-7,1.5735238084860692e-6,0.1911307672849367,1.412822263826988e-6,365,2023-07-12,1.2094631121530667e-6,houspa,House Sparrow
houspa,state,SVN-250,Horjul,EU,Europe,resident,0.31492356843508956,1.242917347426529e-7,1.6982699137652669e-6,0.5751746334495033,1.27361370907961e-6,365,2023-08-02,1.7576525440734002e-6,houspa,House Sparrow
houspa,state,SVN-252,Dobje,EU,Europe,resident,0.3509500513968825,6.677546551216173e-8,9.12391835963798e-7,0.2080037707089728,2.220464002789479e-7,365,2023-09-20,3.870526696851863e-7,houspa,House Sparrow
houspa,state,SVN-253,Dobrepolje,EU,Europe,resident,0.11861156086915872,1.430774297502936e-7,1.9549497381051747e-6,0.21132113655796764,1.4301709809211302e-6,365,2023-06-28,8.396381345317386e-7,houspa,House Sparrow
houspa,state,SVN-254,Bloke,EU,Europe,resident,0.08293515533900714,7.530426491042231e-8,1.0289257587430955e-6,0.1216955372256492,6.199497344755287e-7,365,2023-08-02,3.549057380090714e-7,houspa,House Sparrow
houspa,state,SVN-255,Podcetrtek,EU,Europe,resident,0.02585116040446527,6.025040796661407e-9,8.232361979148595e-8,0.06319585412392545,8.263603149560634e-8,365,2023-07-12,6.709093422117431e-7,houspa,House Sparrow
houspa,state,SVN-256,Maribor,EU,Europe,resident,2.2877849445079734,4.355392443122035e-6,5.95102479188141e-5,0.6773838629556675,7.235155292385863e-6,365,2023-08-02,8.986144974413256e-6,houspa,House Sparrow
houspa,state,SVN-258,Jesenice,EU,Europe,resident,0.03286438115911205,2.4349207655379218e-8,3.326973178930371e-7,0.02010079905802203,8.355522474904492e-8,365,2023-08-09,9.99574040912971e-7,houspa,House Sparrow
houspa,state,SVN-259,Žirovnica,EU,Europe,resident,0.7777081942307069,4.033241207460493e-7,5.510850911985795e-6,0.226868928092135,6.601056576013498e-7,365,2023-08-09,1.3840630345094356e-6,houspa,House Sparrow
houspa,state,SVN-260,Nova Goriška,EU,Europe,resident,0.6174874771009025,2.3290664613106397e-6,3.18233831605396e-5,0.2925693468067393,6.191323038719001e-6,365,2023-07-19,7.481363282419126e-6,houspa,House Sparrow
houspa,state,SVN-261,Šempeter-Vrtojba,EU,Europe,resident,1.9117381511009612,5.071007617180128e-7,6.928811225108895e-6,0.748138361041598,1.113393533794856e-6,365,2023-09-20,2.2097585649426647e-6,houspa,House Sparrow
houspa,state,SVN-263,Črenšovci,EU,Europe,resident,0.49257846591587784,1.799768437171802e-7,2.459127789085654e-6,0.6844798840856207,1.403145842582486e-6,365,2023-07-05,1.8754638471080229e-6,houspa,House Sparrow
houspa,state,SVN-264,Lendava,EU,Europe,resident,0.6904991482748835,6.587073654886545e-7,9.000300004671787e-6,0.4191954076287812,2.243607089708362e-6,365,2023-07-12,3.2985499255178196e-6,houspa,House Sparrow
houspa,state,SVN-265,Ljutomer,EU,Europe,resident,0.8427741630255439,1.1164130047936078e-6,1.5254197081591034e-5,0.6074311497874455,4.514520695107047e-6,365,2023-07-05,4.743627254475085e-6,houspa,House Sparrow
houspa,state,SVN-266,Križevci,EU,Europe,resident,0.35218810123962324,2.2700146970922825e-7,3.1016524725950697e-6,0.5473212480853449,1.979234322480788e-6,365,2023-07-12,2.071551701385281e-6,houspa,House Sparrow
houspa,state,SVN-267,Veržej,EU,Europe,resident,0.1286449139613532,2.8759369400077535e-8,3.92955910480606e-7,0.1425140757031885,1.787497379663154e-7,365,2023-07-12,1.0524377653784073e-6,houspa,House Sparrow
houspa,state,SVN-268,Sveti Andraž v Slovenskih Goricah,EU,Europe,resident,0.24524338410199012,5.28442869627649e-8,7.220420798620053e-7,0.4185042522483765,5.059429306525446e-7,365,2023-07-12,1.3619742397929358e-6,houspa,House Sparrow
houspa,state,SVN-269,Razkrižje,EU,Europe,resident,0.1983552055833605,7.245528198508977e-9,9.899984559989427e-8,0.34347108916064306,7.039106740171995e-8,365,2023-07-12,5.813538110308871e-7,houspa,House Sparrow
houspa,state,SVN-270,Velika Polana,EU,Europe,resident,0.5765650118626948,1.2083577283293504e-7,1.6510491058286431e-6,0.5192985705028363,6.106119254816341e-7,365,2023-07-12,9.073979768496292e-7,houspa,House Sparrow
houspa,state,SVN-271,Dobrovnik,EU,Europe,resident,0.1496409729979174,4.894591866816859e-8,6.687764174171364e-7,0.3432702718380339,6.299456332915859e-7,365,2023-07-12,6.865882249783453e-7,houspa,House Sparrow
houspa,state,SVN-272,Markovci,EU,Europe,resident,0.99981827577631,3.366177711086919e-7,4.599403446224784e-6,1,1.8889344361753536e-6,365,2023-06-28,2.277515716615933e-6,houspa,House Sparrow
houspa,state,SVN-5884,Apace,EU,Europe,resident,0.05361353038649112,3.5954362548174096e-8,4.912652664362474e-7,0.17212305376909684,6.47615366559987e-7,365,2023-07-12,1.9730718163710462e-6,houspa,House Sparrow
houspa,state,SVN-5885,Šmartno in Litiji,EU,Europe,resident,0.3648802611981418,4.809688192098346e-7,6.57175536904759e-6,0.15343537910829694,1.1347311525556962e-6,365,2023-07-12,9.03069306504766e-7,houspa,House Sparrow
houspa,state,SVN-926,Cankova,EU,Europe,resident,0.4537001041294705,4.7430010149324116e-7,6.480636818928926e-6,0.5592691260953782,3.2802436156086786e-6,365,2023-06-21,3.0990130585317504e-6,houspa,House Sparrow
houspa,state,SVN-927,Gornja Radgona,EU,Europe,resident,0.9491748181067496,9.292494874609036e-7,1.2696873611138754e-5,0.9488083252512431,5.211533385954832e-6,365,2023-06-28,4.616616022765783e-6,houspa,House Sparrow
houspa,state,SVN-928,Gornji Petrovci,EU,Europe,resident,0.0538832810115507,4.40635975770694e-8,6.02066438386568e-7,0.38524317924772994,1.7675096479489496e-6,365,2023-06-21,1.0024820434400473e-6,houspa,House Sparrow
houspa,state,SVN-929,Puconci,EU,Europe,resident,0.08335977066252878,1.1116148115360313e-7,1.5188636589844376e-6,0.3184216063313313,2.382326368173107e-6,365,2023-06-21,2.3667310568870914e-6,houspa,House Sparrow
houspa,state,SVN-930,Radenci,EU,Europe,resident,0.6064278548285924,2.8773060744520965e-7,3.931429832444982e-6,0.7911996857070527,2.1061725212893808e-6,365,2023-07-05,2.89774445892509e-6,houspa,House Sparrow
houspa,state,SVN-931,Rogašovci,EU,Europe,resident,0.08786038389379276,5.051455851285445e-8,6.902096515680572e-7,0.22078596469673115,7.121899521444794e-7,365,2023-06-28,1.4713272537663917e-6,houspa,House Sparrow
houspa,state,SVN-937,Borovnica,EU,Europe,resident,0.5837540100383816,3.13552395089121e-7,4.284247863073382e-6,0.25141479568498504,7.576558709264949e-7,365,2023-09-20,1.0373592188344338e-06,houspa,House Sparrow
houspa,state,SVN-938,Brežice,EU,Europe,resident,1.445200717288068,3.51121140645026e-6,4.797571378974085e-5,0.5912588307846889,8.059486376724832e-6,365,2023-09-20,9.012777221486817e-6,houspa,House Sparrow
houspa,state,SVN-940,Brezovica,EU,Europe,resident,1.0624800050257028,1.2106415759906557e-6,1.654169659080916e-5,0.4753444529675397,3.0388143180578677e-6,365,2023-10-11,4.8462559731615994e-06,houspa,House Sparrow
houspa,state,SVN-941,Celje,EU,Europe,resident,1.6589690224209488,1.9664931879213907e-6,2.6869334663209827e-5,0.7188238568210851,4.780546722470749e-6,365,2023-07-12,4.118593872216417e-6,houspa,House Sparrow
houspa,state,SVN-942,Cerklje na Gorenjskem,EU,Europe,resident,0.172907871088207,1.661208822565983e-7,2.2698057676051526e-6,0.18228650374506652,9.825731574741515e-7,365,2023-07-12,9.987058531621789e-7,houspa,House Sparrow
houspa,state,SVN-943,Cerknica,EU,Europe,resident,0.1762111093161418,5.317846820003046e-7,7.26608191536028e-6,0.12268385736399866,2.0772600823652997e-6,365,2023-07-12,1.4351336973547723e-6,houspa,House Sparrow
houspa,state,SVN-945,Crnomelj,EU,Europe,resident,0.2971677531590847,1.1451947763238753e-6,1.5647459085343123e-5,0.20027915339757887,4.330263653342284e-6,365,2023-07-12,3.389679686211921e-6,houspa,House Sparrow
houspa,state,SVN-946,Dol pri Ljubljani,EU,Europe,resident,0.5078955100300574,2.15442932635557e-7,2.94372149029766e-6,0.5042949069151949,1.2001716828498588e-6,365,2023-07-19,2.0272444378573604e-6,houspa,House Sparrow
houspa,state,SVN-947,Dravograd,EU,Europe,resident,0.11899910757837152,1.3978045577061266e-7,1.9099012742813156e-6,0.09407036205336726,6.199497344755287e-7,365,2023-08-09,3.640734076557279e-7,houspa,House Sparrow
houspa,state,SVN-948,Duplek,EU,Europe,resident,1.9971548481642096,1.0029861703503622e-6,1.3704380589388727e-5,1,2.8176310266635195e-6,365,2023-08-02,4.097328352051374e-6,houspa,House Sparrow
houspa,state,SVN-950,Grosuplje,EU,Europe,resident,0.7780335035995514,1.2971043469477557e-6,1.772308747638371e-5,0.4258752858229566,3.983455490916374e-6,365,2023-07-12,3.541978577772349e-6,houspa,House Sparrow
houspa,state,SVN-951,Hrastnik,EU,Europe,resident,0.5023392387222689,3.579828842937948e-7,4.891327354130452e-6,0.39929672766201185,1.596473911111746e-6,365,2023-08-02,1.2516172363648163e-6,houspa,House Sparrow
houspa,state,SVN-952,Trbovlje,EU,Europe,resident,0.1119662760520295,1.232477286733223e-7,1.68400505455316e-6,0.11369147065923392,7.021347858780873e-7,365,2023-07-19,1.1344679136720034e-6,houspa,House Sparrow
houspa,state,SVN-953,Ig,EU,Europe,resident,0.5488764472125243,6.619683486123456e-7,9.044856704598193e-6,0.25993523218781667,1.758849554578196e-6,365,2023-08-02,3.504615260463094e-6,houspa,House Sparrow
houspa,state,SVN-954,Ilirska Bistrica,EU,Europe,resident,0.17347068496614107,1.043149062958189e-6,1.4253149437992233e-5,0.10975976093871352,3.703090674966937e-6,365,2023-07-26,1.927065977405562e-6,houspa,House Sparrow
houspa,state,SVN-955,Ivancna Gorica,EU,Europe,resident,0.46407760576008145,1.2968367879363836e-6,1.7719431662744046e-5,0.3610817329613752,5.6611041273898776e-6,365,2023-07-12,4.177485747817447e-6,houspa,House Sparrow
houspa,state,SVN-956,Kidricevo,EU,Europe,resident,1.1327598382246018,1.044033553791594e-6,1.4265234748206005e-5,0.602137691442894,3.1136754464064606e-6,365,2023-07-12,3.4030600961159323e-6,houspa,House Sparrow
houspa,state,SVN-957,Kozje,EU,Europe,resident,0.03848083774776256,4.3035086082144066e-8,5.88013290513059e-7,0.14949217596254283,9.379885482528236e-7,365,2023-06-21,1.3252961681640505e-6,houspa,House Sparrow
houspa,state,SVN-958,Krško,EU,Europe,resident,1.1568340259478624,4.887783915687378e-6,6.678462076488424e-5,0.5941521266241634,1.4084437756194462e-5,365,2023-07-12,1.1546062886092954e-5,houspa,House Sparrow
houspa,state,SVN-959,Kungota,EU,Europe,resident,1.1141301181796417,6.863950749951172e-7,9.37861320573263e-6,0.8517452027518594,2.9440749045216155e-6,365,2023-07-12,3.881965329663612e-6,houspa,House Sparrow
houspa,state,SVN-960,Laško,EU,Europe,resident,0.04926028868119393,1.2335194138863232e-7,1.6854289732023703e-6,0.0918814783807086,1.2908563810413666e-6,365,2023-07-12,1.7275393762330563e-6,houspa,House Sparrow
houspa,state,SVN-961,Litija,EU,Europe,resident,0.017133198863237754,4.6453616695717437e-8,6.347226529846481e-7,0.03854475506363642,5.863369744515308e-7,365,2023-07-12,1.2222737925040743e-6,houspa,House Sparrow
houspa,state,SVN-962,Ljubljana,EU,Europe,resident,2.564192114360932,8.702479267870976e-6,1.1890701136637636e-4,0.7197910213113984,1.3705654417739312e-5,365,2023-09-20,1.5971167864896208e-5,houspa,House Sparrow
houspa,state,SVN-964,Logatec,EU,Europe,resident,0.3752132941786819,7.999711045868172e-7,1.0930468237604726e-5,0.13379256496913747,1.6004016029252783e-6,365,2023-08-02,1.4490646896022268e-6,houspa,House Sparrow
houspa,state,SVN-966,Lukovica,EU,Europe,resident,0.4794564052591195,4.41218170504326e-7,6.0286192474946e-6,0.24120207236081295,1.2453350585820686e-6,365,2023-07-19,1.8731221280786128e-6,houspa,House Sparrow
houspa,state,SVN-967,Medvode,EU,Europe,resident,1.0865788367877778,1.0559921655950351e-6,1.4428632183105698e-5,0.4455666858117685,2.4294786180545425e-6,365,2023-07-19,3.597306389087925e-6,houspa,House Sparrow
houspa,state,SVN-968,Mengeš,EU,Europe,resident,2.7486848365666687,7.621339576590081e-7,1.0413477398404837e-5,0.7858079676984232,1.2224291821978334e-6,365,2023-09-20,3.712500248670538e-6,houspa,House Sparrow
houspa,state,SVN-969,Metlika,EU,Europe,resident,1.5372623507254084,1.0589859965467926e-6,1.4469538628275164e-5,0.631994496380123,2.442622974962387e-6,365,2023-07-12,2.8537255628088365e-6,houspa,House Sparrow
houspa,state,SVN-970,Mežica,EU,Europe,resident,0.003279571959559397,1.290100665481999e-9,1.762739212267804e-8,0.00402816291793323,8.890258252614855e-9,365,2023-08-02,3.418265688236781e-7,houspa,House Sparrow
houspa,state,SVN-972,Moravce,EU,Europe,resident,0.6163230174422225,4.969718618001303e-7,6.7904142027671e-6,0.4221928503098524,1.9100080694888298e-6,365,2023-09-20,1.545729764879023e-6,houspa,House Sparrow
houspa,state,SVN-973,Mozirje,EU,Europe,resident,0.2353664028554814,2.3947601470858384e-7,3.2720994013806454e-6,0.2843867015344216,1.6234082597476224e-6,365,2023-07-19,1.6383640274237567e-6,houspa,House Sparrow
houspa,state,SVN-974,Muta,EU,Europe,resident,0.020410306112771563,6.942949066577534e-9,9.48655317828385e-8,0.033055475083226774,6.308684074522135e-8,365,2023-06-28,5.010646378975837e-7,houspa,House Sparrow
houspa,state,SVN-975,Nazarje,EU,Europe,resident,0.4999862363718159,2.623579256969357e-7,3.584748195618107e-6,0.2795611932155843,8.230267290478243e-7,365,2023-07-19,9.946196969184944e-7,houspa,House Sparrow
houspa,state,SVN-976,Pesnica,EU,Europe,resident,0.816816313490922,7.591605865913491e-7,1.03728505084743e-5,0.7319490410724966,3.816726242689495e-6,365,2023-07-12,4.105817933426984e-6,houspa,House Sparrow
houspa,state,SVN-977,Pivka,EU,Europe,resident,0.25623913960215045,7.032414577388864e-7,9.60879508410736e-6,0.219935521034976,3.3865328259664744e-6,365,2023-07-12,2.250665368362336e-6,houspa,House Sparrow
houspa,state,SVN-978,Postojna,EU,Europe,resident,0.2482470280547032,8.434528041132408e-7,1.1524583866113738e-5,0.20207635257034945,3.852060840687393e-6,365,2023-07-12,2.049598180044631e-6,houspa,House Sparrow
houspa,state,SVN-979,Race-Fram,EU,Europe,resident,0.7180176740126136,4.3038198536161956e-7,5.88055817773842e-6,0.6499355785113393,2.185698110093434e-6,365,2023-07-19,2.626922901690935e-6,houspa,House Sparrow
houspa,state,SVN-980,Radece,EU,Europe,resident,0.05275673636212971,3.2815481623856426e-8,4.483769195345197e-7,0.08927425929094725,3.115501982028261e-7,365,2023-07-19,3.250226725658113e-7,houspa,House Sparrow
houspa,state,SVN-981,Radlje ob Dravi,EU,Europe,resident,0.07097570854927146,7.022408258569648e-8,9.595122871523472e-7,0.2126366041150965,1.1803621651216649e-6,365,2023-06-28,4.820685543114667e-7,houspa,House Sparrow
houspa,state,SVN-982,Rogaška Slatina,EU,Europe,resident,2.017309076834602,1.654624148184898e-6,2.260808745867149e-5,0.8009362390008005,3.68574915661119e-6,365,2023-07-12,4.172029078674085e-6,houspa,House Sparrow
houspa,state,SVN-983,Rogatec,EU,Europe,resident,0.9142888007660844,3.978124168346049e-7,5.4355413111843494e-6,0.3835963941451307,9.364193205041478e-7,365,2023-07-19,1.172977429431662e-6,houspa,House Sparrow
houspa,state,SVN-984,Semic,EU,Europe,resident,0.14011196340503834,2.61012305900038e-7,3.566362213467565e-6,0.06764581906096051,7.070133904403157e-7,365,2023-07-19,1.192851832575516e-6,houspa,House Sparrow
houspa,state,SVN-985,Šenčur,EU,Europe,resident,0.41628807023307063,2.225776178272703e-7,3.0412068237380593e-6,0.3821637378438582,1.1464045888407895e-6,365,2023-08-02,1.8527644888220575e-6,houspa,House Sparrow
houspa,state,SVN-986,Šentilj,EU,Europe,resident,0.9083403155092444,8.241904422713308e-7,1.126139106691508e-5,0.7766906001249176,3.953920636977924e-6,365,2023-07-12,4.610526249685602e-6,houspa,House Sparrow
houspa,state,SVN-987,Šentjernej,EU,Europe,resident,0.7448895770372588,9.523973696391508e-7,1.3013156523691986e-5,0.4763567043891224,3.4171141509873246e-6,365,2023-07-12,4.684867080624965e-6,houspa,House Sparrow
houspa,state,SVN-988,Sevnica,EU,Europe,resident,0.2768748730372388,9.487234990218686e-7,1.2962958302954987e-5,0.2278853167162223,4.381001195783361e-6,365,2023-07-12,4.379727998329347e-6,houspa,House Sparrow
houspa,state,SVN-989,Škocjan,EU,Europe,resident,1.4078865950678447,1.0017573416072706e-6,1.3687590391006804e-5,0.8298917690884025,3.3129679337154277e-6,365,2023-07-12,4.368440737456895e-6,houspa,House Sparrow
houspa,state,SVN-990,Škofljica,EU,Europe,resident,1.8384713523018597,1.0241877400576928e-6,1.39940699080961e-5,0.7922853367959459,2.4763112990495463e-6,365,2023-07-12,3.853419727245125e-6,houspa,House Sparrow
houspa,state,SVN-991,Slovenj Gradec,EU,Europe,resident,0.20343154153055065,4.3588390183469684e-7,5.955734047104335e-6,0.051570699652092225,6.199497344755287e-7,365,2023-10-25,5.254345384910733e-7,houspa,House Sparrow
houspa,state,SVN-992,Slovenske Konjice,EU,Europe,resident,0.9890424151678042,1.2668519372895323e-6,1.730973129266129e-5,0.8069270720467987,5.798907006577318e-6,365,2023-07-12,5.923021673691224e-6,houspa,House Sparrow
houspa,state,SVN-993,Šmarje pri Jelšah,EU,Europe,resident,1.0856270891035,1.4753099096444514e-6,2.0158013227641664e-5,0.6558857121558083,5.0007100421167915e-6,365,2023-07-12,4.742153932145196e-6,houspa,House Sparrow
houspa,state,SVN-994,Šmartno ob Paki,EU,Europe,resident,0.6411533254107684,1.415711582921021e-7,1.934368679318711e-6,0.3725028207820448,4.614698874984911e-7,365,2023-08-09,1.1534186834569287e-6,houspa,House Sparrow
houspa,state,SVN-995,Šoštanj,EU,Europe,resident,0.4101392333343483,4.768783624536233e-7,6.5158650907679065e-6,0.2541850767666256,1.6581631781297378e-6,365,2023-08-02,1.2147843767353754e-6,houspa,House Sparrow
houspa,state,SVN-996,Starše,EU,Europe,resident,0.5963210453995855,2.499431860242333e-7,3.4151184216268403e-6,0.9165525734117448,2.1553582237669463e-6,365,2023-07-12,2.9937593407550807e-6,houspa,House Sparrow
houspa,state,SVN-997,Štore,EU,Europe,resident,0.6373077062191563,2.1397096848965354e-7,2.923609192176591e-6,0.29333898831448185,5.525561122925057e-7,365,2023-09-20,1.449452715762605e-6,houspa,House Sparrow
houspa,state,SVN-999,Trebnje,EU,Europe,resident,0.8107364428691792,3.190532141595173e-6,4.359408737991274e-5,0.5340758536039159,1.1791995025267768e-5,365,2023-07-12,9.051418890928684e-6,houspa,House Sparrow
houspa,state,SWE-178,Gävleborg,EU,Europe,resident,0.003282563316924756,8.363438690695402e-7,1.142745037185022e-5,0.004336943831479553,6.199497344755288e-6,365,2023-01-04,1.653971149366215e-6,houspa,House Sparrow
houspa,state,SWE-179,Jönköping,EU,Europe,resident,0.003730643075375506,5.02475116112522e-7,6.865608351805931e-6,0.004930717508090431,3.725991805023865e-6,365,2023-07-19,9.342908504293892e-7,houspa,House Sparrow
houspa,state,SWE-180,Kalmar,EU,Europe,resident,0.0715027139874977,1.1738387089591148e-5,1.6038837716489163e-4,0.10567428430425158,9.7332108312658e-5,365,2023-08-23,3.183242764055611e-5,houspa,House Sparrow
houspa,state,SWE-181,Dalarna,EU,Europe,resident,0.0011581863538794286,4.293977042289486e-7,5.86710937490561e-6,0.001723306711594053,3.5846335813322297e-6,365,2023-07-05,6.729084936575892e-7,houspa,House Sparrow
houspa,state,SWE-182,Kronoberg,EU,Europe,resident,0.0022641173686954808,2.595410553889128e-7,3.546259666151534e-6,0.0038557460701468694,2.479798937902115e-6,365,2023-12-27,6.33579859026892e-7,houspa,House Sparrow
houspa,state,SWE-183,Orebro,EU,Europe,resident,0.010660670492844818,1.2740201142816591e-6,1.7407674243956316e-5,0.009246210973727171,6.199497344755288e-6,365,2023-12-13,2.1846980931767895e-6,houspa,House Sparrow
houspa,state,SWE-184,Östergötland,EU,Europe,resident,0.016532014266287785,2.552841867198957e-6,3.488095605585398e-5,0.032201042690241294,2.7897738051398792e-5,365,2023-12-27,4.441097055848137e-6,houspa,House Sparrow
houspa,state,SWE-185,Södermanland,EU,Europe,resident,0.01115012926190279,9.891627843369689e-7,1.3515503665098337e-5,0.019929099693795565,9.91919575160846e-6,365,2023-12-27,1.7470208467238828e-6,houspa,House Sparrow
houspa,state,SWE-186,Västmanland,EU,Europe,resident,0.019477893508457304,1.6678324813337269e-6,2.278856055967124e-5,0.023509456127163986,1.1294160046080461e-05,365,2023-01-04,2.7613198769793e-6,houspa,House Sparrow
houspa,state,SWE-187,Halland,EU,Europe,resident,0.026904364180235348,2.133387221850976e-6,2.9149704449635135e-5,0.07924590736572049,3.5255324305995884e-5,365,2023-06-21,5.954053466498841e-6,houspa,House Sparrow
houspa,state,SWE-188,Värmland,EU,Europe,resident,9.456277036984144e-4,2.37031037909474e-7,3.2386922681840606e-6,0.0030858056662083104,4.339648141328701e-6,365,2023-07-12,7.667788316405725e-7,houspa,House Sparrow
houspa,state,SWE-189,Jämtland,EU,Europe,resident,9.568316259042814e-5,6.334357654857898e-8,8.654999506240113e-7,3.3382472451278953e-4,1.2398994689510574e-6,0,2023-07-26,2.954410100474671e-7,houspa,House Sparrow
houspa,state,SWE-190,Norrbotten,EU,Europe,resident,0.004353476249770563,5.756967662767072e-6,7.866078139821597e-5,0.004670799107199264,3.465370819552134e-5,365,2023-03-01,1.046846221213487e-5,houspa,House Sparrow
houspa,state,SWE-191,Västernorrland,EU,Europe,resident,0.0011394819269795985,3.415803685670527e-7,4.66721028772645e-6,0.004423350441411403,7.439396813706345e-6,365,2023-07-12,1.088875542623138e-6,houspa,House Sparrow
houspa,state,SWE-192,Västerbotten,EU,Europe,resident,6.352915914284215e-4,4.710222610861281e-7,6.43584978818187e-6,0.0017884157403872914,7.439396813706345e-6,365,2023-07-26,8.432676384229108e-7,houspa,House Sparrow
houspa,state,SWE-193,Gotland,EU,Europe,resident,0.011904778709023737,6.892998392655516e-7,9.418302681282016e-6,0.009541984732824428,3.099748672377644e-6,365,2023-12-13,9.61863320172374e-7,houspa,House Sparrow
houspa,state,SWE-194,Stockholm,EU,Europe,resident,0.09645498099860216,1.131890376935594e-5,1.5465673375709117e-4,0.08380421494039929,5.517552636832206e-5,365,2023-12-27,1.8637056309465576e-5,houspa,House Sparrow
houspa,state,SWE-195,Uppsala,EU,Europe,resident,0.025577298977130455,2.452545463085007e-6,3.351054823333679e-5,0.01843797234668271,9.91919575160846e-6,365,2023-12-13,4.104256703251458e-6,houspa,House Sparrow
houspa,state,SWE-262,Blekinge,EU,Europe,resident,0.03922991803421209,1.9065830886468064e-6,2.6050748299930097e-5,0.052197552628811456,1.4232768703279707e-5,365,2023-07-19,3.3751204197765824e-6,houspa,House Sparrow
houspa,state,SWE-3428,Västra Götaland,EU,Europe,resident,0.06301608152069603,2.1960339468266143e-5,3.0005682913869606e-4,0.045603300986256104,8.916303648816165e-5,365,2023-07-19,2.88671302985523e-5,houspa,House Sparrow
houspa,state,SWE-3429,Skåne,EU,Europe,resident,0.06336112149350331,1.0086543202217371e-5,1.3781827801894044e-4,0.2001438543651476,1.7875684115586276e-4,365,2023-07-19,3.0573576701962945e-5,houspa,House Sparrow
houspa,state,SWZ-534,Hhohho,AF,Africa,resident,0.017370997843290416,7.624894590654323e-7,2.2750723689889913e-5,0.06475204624112425,1.594643070882392e-5,365,2023-09-20,2.851385843244168e-6,houspa,House Sparrow
houspa,state,SWZ-535,Lubombo,AF,Africa,resident,0.055489941802318,3.7257256100609585e-6,1.1116606648272308e-4,0.1369438835803941,5.1586985755459414e-5,365,2023-10-25,9.992378690974068e-6,houspa,House Sparrow
houspa,state,SWZ-536,Manzini,AF,Africa,resident,0.04559756854159436,2.367701558181413e-6,7.064612276257655e-5,0.1548899391125607,4.5124187925300704e-5,365,2023-10-11,6.543699594369988e-6,houspa,House Sparrow
houspa,state,SWZ-537,Shiselweni,AF,Africa,resident,0.005758981177264079,2.714156224930512e-7,8.098343864356273e-6,0.026631513800543165,7.04183672659849e-6,365,2023-10-18,1.652053623960883e-6,houspa,House Sparrow
houspa,state,SXM-5146,Sint Maarten,NA,North America,resident,0.1301043195268964,1.374525955175444e-7,2.8318797384310397e-6,0.4175339547303765,2.474878845686449e-6,365,2023-04-05,3.34485596369364e-7,houspa,House Sparrow
houspa,state,SYC-5197,Outer Islands,AF,Africa,resident,0.48346119900648504,1.0203532574676482e-5,3.044471599014393e-4,0.09947643979057592,1.1779044955035046e-5,365,2023-11-08,1.3446552042496867e-5,houspa,House Sparrow
houspa,state,SYC-5206,Bel Air,AF,Africa,resident,0.01978155417362187,2.5374528420779567e-9,7.571106432998899e-8,0.326470043419625,2.3495344760736805e-7,365,2023-05-10,4.9382691779484694e-8,houspa,House Sparrow
houspa,state,SYC-5215,Mont Fleuri,AF,Africa,resident,0.0032070682153316253,2.221200925710402e-9,6.627492081333615e-8,0.05292868751966793,2.0567035046726714e-7,365,2023-05-10,4.9382691779484694e-8,houspa,House Sparrow
houspa,state,SYC-5216,Plaisance,AF,Africa,resident,0.02287413409815615,1.2970754817964034e-9,3.8701395200203676e-8,0.3775092435441372,1.20101682758954e-7,365,2023-05-10,4.9382691779484694e-8,houspa,House Sparrow
houspa,state,SYC-5221,Les Mamelles,AF,Africa,resident,6.633285621441527e-4,1.368507641985101e-11,4.0832747076224215e-10,0.010947416091979837,1.2671588737709075e-9,365,2023-05-10,4.9382691779484694e-8,houspa,House Sparrow
houspa,state,SYC-5222,Roche Caïman,AF,Africa,resident,0.01930155918821462,6.259256730883534e-10,1.8676011674043982e-8,0.31854832087185536,5.7957094768168665e-8,365,2023-05-10,4.9382691779484694e-8,houspa,House Sparrow
houspa,state,SYR-134,Lattakia,AS,Asia,resident,5.061424189928502,1.7257391089532716e-4,2.12476950389031e-4,0.8830027097911123,1.6891388715895822e-4,365,2023-05-31,2.5612127841600905e-4,houspa,House Sparrow
houspa,state,SYR-135,Tartus,AS,Asia,resident,5.266923552389346,1.3769315057440552e-4,1.695309596434459e-4,0.9305099777476176,1.3648259517118962e-4,365,2023-05-31,2.233369620451922e-4,houspa,House Sparrow
houspa,state,SYR-136,Ar Raqqah,AS,Asia,resident,2.9955899695098496,6.700242715199923e-4,8.249492241359114e-4,0.7332850671615793,9.201993529655236e-4,365,2023-06-28,0.0013582218513033756,houspa,House Sparrow
houspa,state,SYR-137,Aleppo,AS,Asia,resident,4.189261700756395,9.726612244752648e-4,0.001197562769864544,0.7634779992678681,9.94538393343362e-4,365,2023-04-19,0.0018971603169501317,houspa,House Sparrow
houspa,state,SYR-138,Hamah,AS,Asia,resident,4.43313799906499,5.553815509181959e-4,6.837984816430552e-4,0.8861680934219479,6.228697254053272e-4,365,2023-04-19,0.0011208696918608189,houspa,House Sparrow
houspa,state,SYR-139,Homs (Hims),AS,Asia,resident,1.096541038439251,6.743655179729745e-4,8.302942661670695e-4,0.2126259234266417,7.336477559310135e-4,365,2023-04-19,0.0013247769822394265,houspa,House Sparrow
houspa,state,SYR-140,Idlib,AS,Asia,resident,6.135599066216799,4.2460525368231354e-4,5.227837101999741e-4,0.9105436562454224,3.5353309786226083e-4,365,2023-10-11,7.959058700541321e-4,houspa,House Sparrow
houspa,state,SYR-141,Hasaka (Al Haksa),AS,Asia,resident,4.0912098150608545,0.0011238031024130206,0.001383652110563116,0.7596921882887863,0.001170784730977061,365,2023-06-28,0.0019524539746592644,houspa,House Sparrow
houspa,state,SYR-142,Dayr Az Zawr,AS,Asia,resident,1.725369899912911,5.66014466589704e-4,6.968899708716681e-4,0.4237047398893747,7.79847261669498e-4,365,2023-07-05,0.001104226616978601,houspa,House Sparrow
houspa,state,SYR-143,As Suwayda',AS,Asia,resident,6.062141027199737,4.934630461094316e-4,6.07563000821191e-4,0.8474908567354003,3.870477404223364e-4,365,2023-06-21,9.317080527845362e-4,houspa,House Sparrow
houspa,state,SYR-144,Rif Dimashq,AS,Asia,resident,3.739463942593312,8.331452789499073e-4,0.0010257875433423245,0.5968837904584229,7.461086719381122e-4,365,2023-07-12,0.001409498091570666,houspa,House Sparrow
houspa,state,SYR-145,Quneitra,AS,Asia,resident,12.79451293716206,4.826156688800819e-5,5.942074616121991e-5,1,2.1163065454006626e-5,365,2023-10-04,1.350837776252513e-4,houspa,House Sparrow
houspa,state,SYR-146,Dar`a,AS,Asia,resident,12.09373551322835,5.872997385531249e-4,7.230968850658534e-4,0.9761203906499826,2.6595223302386097e-4,365,2023-10-04,0.0010541093948564003,houspa,House Sparrow
houspa,state,SYR-4843,Damascus,AS,Asia,resident,19.276112323985455,2.746750140005477e-5,3.3818616626414446e-5,1,7.994671476445876e-6,365,2023-10-18,6.008248600892106e-5,houspa,House Sparrow
houspa,state,SYR-5261,UNDOF,AS,Asia,resident,9.18324452372987,2.987614195032873e-5,3.6784190020738137e-5,0.8715151072914085,1.590758309821749e-5,365,2023-09-27,1.1163095695388185e-4,houspa,House Sparrow
houspa,state,TCA-5006,South Caicos and East Caicos,NA,North America,resident,4.0684764583905536e-4,3.3716977337052152e-9,6.94657125988932e-8,0.013333333333333334,6.199497344755287e-7,365,2023-04-05,9.792367725756497e-8,houspa,House Sparrow
houspa,state,THA-380,Surat Thani,AS,Asia,resident,0.00012457723779485389,2.251102352323253e-8,2.7716087579734518e-8,6.115036007596261e-4,6.199497344755287e-7,0,2023-12-20,9.197945522015825e-8,houspa,House Sparrow
houspa,state,THA-385,Satun,AS,Asia,resident,1.81928715942068e-5,8.186278480593966e-10,1.0079133500352601e-9,0.0024556716878762876,6.199497344755287e-7,365,2023-01-18,9.645029119097909e-9,houspa,House Sparrow
houspa,state,THA-386,Songkhla,AS,Asia,resident,4.891674601316437e-5,5.111513399439889e-9,6.293412331858236e-9,0.0010574591984434823,6.199497344755287e-7,0,2023-01-18,1.3448127986855472e-8,houspa,House Sparrow
houspa,state,THA-389,Chiang Rai,AS,Asia,resident,1.2241334131552448,1.6943984541297578e-4,2.0861821720882597e-4,0.20171582359230764,1.566490181160997e-4,365,2023-12-20,3.1852163883015023e-4,houspa,House Sparrow
houspa,state,THA-390,Chiang Mai,AS,Asia,resident,0.3271430161778997,9.141435573550658e-5,1.1255144782712577e-4,0.06373916654334578,9.992727507032258e-5,365,2023-12-20,2.0651376132722231e-4,houspa,House Sparrow
houspa,state,THA-391,Lampang,AS,Asia,resident,0.3842814100905822,5.9077155050194455e-5,7.273714594287003e-5,0.09056760430213406,7.811671869158493e-5,365,2023-12-20,1.1175724903006288e-4,houspa,House Sparrow
houspa,state,THA-392,Lamphun,AS,Asia,resident,1.0125849508822964,5.0540400489668034e-5,6.222649826831807e-5,0.12134981474489274,3.398186757639163e-5,365,2023-12-20,1.0744108796900776e-4,houspa,House Sparrow
houspa,state,THA-393,Nan,AS,Asia,resident,0.05283824319943381,7.604287815001391e-6,9.362573267473616e-6,0.02303385567568676,1.859849203426586e-5,365,2023-12-20,1.5590357581293397e-5,houspa,House Sparrow
houspa,state,THA-394,Phayao,AS,Asia,resident,1.2382422621632687,9.113105472307486e-5,1.1220264113409018e-4,0.2088206787261019,8.62253948952154e-5,365,2023-12-20,1.8952567220217493e-4,houspa,House Sparrow
houspa,state,THA-395,Phrae,AS,Asia,resident,0.6148148716242372,4.978591761174502e-5,6.129756167419375e-5,0.1173523693470362,5.331567716489547e-5,365,2023-12-06,8.731446299553324e-5,houspa,House Sparrow
houspa,state,THA-396,Phitsanulok,AS,Asia,resident,2.561033553710159,3.3038479530140814e-4,4.06777324546617e-4,0.3898830574178063,2.8218898798915636e-4,365,2023-10-11,7.170080541384746e-4,houspa,House Sparrow
houspa,state,THA-397,Sukhothai,AS,Asia,resident,3.6935069081706655,3.2045838277134134e-4,3.945556981620163e-4,0.5275026265607056,2.5677826641909754e-4,365,2023-10-11,6.982304607338131e-4,houspa,House Sparrow
houspa,state,THA-398,Uttaradit,AS,Asia,resident,1.1087375381354945,1.0347925287721432e-4,1.2740602542884834e-4,0.19373423520046615,1.0144527425645271e-4,365,2023-10-11,2.1015335384176972e-4,houspa,House Sparrow
houspa,state,THA-399,Kanchanaburi,AS,Asia,resident,0.4569919709110171,1.1166876879894306e-4,1.3748914494085134e-4,0.1242538641223708,1.7034679882042489e-4,365,2023-12-13,2.0353475484308903e-4,houspa,House Sparrow
houspa,state,THA-400,Kamphaeng Phet,AS,Asia,resident,3.502169711107177,3.761437217303467e-4,4.6311676247355897e-4,0.5801979247419776,3.496179450399901e-4,365,2023-10-11,7.705120547874645e-4,houspa,House Sparrow
houspa,state,THA-401,Phichit,AS,Asia,resident,7.073744417592386,3.686533853513292e-4,4.538944888231288e-4,0.980616993289945,2.867273970785892e-4,365,2023-10-11,8.065669711273896e-4,houspa,House Sparrow
houspa,state,THA-402,Phetchabun,AS,Asia,resident,1.1478789113805434,1.752317410078928e-4,2.157493316779537e-4,0.27635200091440987,2.3669017305905283e-4,365,2023-11-01,3.0969478868937304e-4,houspa,House Sparrow
houspa,state,THA-403,Suphan Buri,AS,Asia,resident,5.226611826623811,3.4752478892347596e-4,4.27880477135616e-4,0.7840333302725069,2.924832379481481e-4,365,2023-10-11,7.012707415591239e-4,houspa,House Sparrow
houspa,state,THA-404,Tak,AS,Asia,resident,0.24886806569953257,5.004088612494182e-5,6.161148474546342e-5,0.06305107725342152,7.112941639750594e-5,365,2023-12-27,8.804665970724118e-5,houspa,House Sparrow
houspa,state,THA-405,Uthai Thani,AS,Asia,resident,1.412712862909809,1.133823959026477e-4,1.3959900186656006e-4,0.2697879857691714,1.2148292810898272e-4,365,2023-10-11,2.451855821239377e-4,houspa,House Sparrow
houspa,state,THA-406,Ang Thong,AS,Asia,resident,5.9178347084219505,7.06005213332324e-5,8.692497835237464e-5,0.9785735214039412,6.549972139034169e-5,365,2023-11-01,1.750404260717744e-4,houspa,House Sparrow
houspa,state,THA-407,Chai Nat,AS,Asia,resident,5.360421467183567,1.6326498261418082e-4,2.010155847497724e-4,0.8631875098605762,1.475027683482135e-4,365,2023-10-11,3.447440664185478e-4,houspa,House Sparrow
houspa,state,THA-408,Lop Buri,AS,Asia,resident,2.4228776415348956,1.9277444632744407e-4,2.3734831212948043e-4,0.5247862456949317,2.342617273086929e-4,365,2023-11-01,3.717849636998975e-4,houspa,House Sparrow
houspa,state,THA-409,Nakhon Nayok,AS,Asia,resident,4.358541447575197,1.1755301062014793e-4,1.4473395819816656e-4,0.5958076551352003,9.015702446918677e-5,365,2023-10-11,2.3445861843649271e-4,houspa,House Sparrow
houspa,state,THA-410,Prachin Buri,AS,Asia,resident,1.9062135681712349,1.081128758548181e-4,1.3311104813144533e-4,0.3902229533522251,1.241708316953689e-4,365,2023-11-01,2.2013461728964627e-4,houspa,House Sparrow
houspa,state,THA-411,Nakhon Sawan,AS,Asia,resident,4.430653648072951,5.308881504770633e-4,6.536416462130126e-4,0.7086646234322284,4.764056445801546e-4,365,2023-10-11,0.0010522156636114382,houspa,House Sparrow
houspa,state,THA-412,Phra Nakhon Si Ayutthaya,AS,Asia,resident,7.757082501268572,2.368115646215775e-4,2.9156782045790784e-4,0.992760958569711,1.7003961051743666e-4,365,2023-11-01,4.961141174815301e-4,houspa,House Sparrow
houspa,state,THA-413,Pathum Thani,AS,Asia,resident,6.310950910301197,1.1451706077489636e-4,1.4099602723683855e-4,1,1.0180668722703664e-4,365,2023-10-11,2.3053416759698491e-4,houspa,House Sparrow
houspa,state,THA-414,Sing Buri,AS,Asia,resident,6.035389979984899,6.305204967723472e-5,7.763112721784691e-5,0.9517797381176848,5.578677318725483e-5,365,2023-11-01,1.6170963148650483e-4,houspa,House Sparrow
houspa,state,THA-415,Saraburi,AS,Asia,resident,2.60782203321695,9.665967270327504e-5,1.1900960217590954e-4,0.4749583807435565,9.876972402428202e-5,365,2023-11-01,2.0468096594058e-4,houspa,House Sparrow
houspa,state,THA-416,Bangkok Metropolis,AS,Asia,resident,3.2854636334394907,6.39054444565451e-5,7.868184640967058e-5,0.9761604679096968,1.0652789028129356e-4,365,2023-10-11,1.2587043686766838e-4,houspa,House Sparrow
houspa,state,THA-417,Nonthaburi,AS,Asia,resident,4.633576624757327,3.369919948587574e-5,4.149122599216914e-5,0.9848066924861204,4.018418286859211e-5,365,2023-10-11,8.547092475241343e-5,houspa,House Sparrow
houspa,state,THA-418,Nakhon Pathom,AS,Asia,resident,4.577971145533704,1.1825412714511458e-4,1.455971889166419e-4,0.9914279404612596,1.4368297939505107e-4,365,2023-10-11,2.31992667100042e-4,houspa,House Sparrow
houspa,state,THA-419,Phetchaburi,AS,Asia,resident,0.6366402854205374,5.248665757310339e-5,6.462277455142451e-5,0.16508418266152647,7.635916656345871e-5,365,2023-01-04,8.285877288723227e-5,houspa,House Sparrow
houspa,state,THA-420,Prachuap Khiri Khan,AS,Asia,resident,0.1317593292428774,1.2203907528996458e-5,1.5025730373368475e-5,0.06514690840418093,3.385417686865398e-5,365,2023-01-04,2.0343250979261216e-5,houspa,House Sparrow
houspa,state,THA-421,Ratchaburi,AS,Asia,resident,0.9073971917906636,6.0386507657724784e-5,7.434925085252068e-5,0.3053859936108117,1.1402301287484056e-4,365,2023-01-04,1.144210526566505e-4,houspa,House Sparrow
houspa,state,THA-422,Samut Prakan,AS,Asia,resident,2.8164502145511907,3.51406219663559e-5,4.32659383532999e-5,0.7971041765856735,5.579860802267958e-5,365,2023-10-11,7.090664885004736e-5,houspa,House Sparrow
houspa,state,THA-423,Samut Sakhon,AS,Asia,resident,2.74160108812721,3.1712768059824194e-5,3.904548613859203e-5,0.8272337702493237,5.368575410268243e-5,365,2023-10-11,6.416861664850454e-5,houspa,House Sparrow
houspa,state,THA-424,Samut Songkhram,AS,Asia,resident,1.144517927068783,6.540995828312396e-6,8.053423828067306e-6,0.4121883555342926,1.3216544003496232e-5,365,2023-12-27,1.3450715882828012e-5,houspa,House Sparrow
houspa,state,THA-425,Si Sa Ket,AS,Asia,resident,2.399896611707992,2.6079661246960833e-4,3.210987605359575e-4,0.7287340845534988,4.443031695492676e-4,365,2023-11-01,5.210041020256013e-4,houspa,House Sparrow
houspa,state,THA-426,Ubon Ratchathani,AS,Asia,resident,1.034722319180058,1.8451282053454695e-4,2.271764092930496e-4,0.5490086294678737,5.492661263808762e-4,365,2023-12-27,4.0396347184494313e-4,houspa,House Sparrow
houspa,state,THA-427,Amnat Charoen,AS,Asia,resident,1.316547572951173,6.356749879253505e-5,7.826575997045439e-5,0.6670008609993396,1.8068657106744696e-4,365,2023-12-27,1.4321828137897247e-4,houspa,House Sparrow
houspa,state,THA-428,Yasothon,AS,Asia,resident,2.2352614555472914,1.1221917648876088e-4,1.3816681949082487e-4,0.7506215875283907,2.1142712948631892e-4,365,2023-11-01,2.5237491543791116e-4,houspa,House Sparrow
houspa,state,THA-430,Chon Buri,AS,Asia,resident,0.5154669184011279,3.3091746303109323e-5,4.074331572514966e-5,0.17355332056414,6.251046509603103e-5,365,2023-10-11,5.349518454549704e-5,houspa,House Sparrow
houspa,state,THA-431,Chachoengsao,AS,Asia,resident,2.604710528415085,1.7879820753956066e-4,2.2014044693043796e-4,0.41015981261514817,1.5796385223525083e-4,365,2023-10-11,3.52494546779998e-4,houspa,House Sparrow
houspa,state,THA-432,Chanthaburi,AS,Asia,resident,0.006248840640697183,4.765811954827541e-7,5.867776797986221e-7,0.004346496807602113,1.8598492034265864e-6,365,2023-12-27,1.186619396024381e-6,houspa,House Sparrow
houspa,state,THA-433,Sa Kaeo,AS,Asia,resident,0.8901133493127781,7.741187608126912e-5,9.531127427261086e-5,0.32247846734205804,1.5734897367090348e-4,365,2023-01-04,1.3925522534864168e-4,houspa,House Sparrow
houspa,state,THA-434,Rayong,AS,Asia,resident,0.06270155625858942,3.093771189095529e-6,3.809121923760399e-6,0.043762179822267114,1.211461820968781e-5,365,2023-01-04,5.827897049263169e-6,houspa,House Sparrow
houspa,state,THA-435,Trat,AS,Asia,resident,0.002215828528433077,1.1010161719996661e-7,1.355596320103031e-7,0.0022238117201785314,6.199497344755287e-7,365,2023-02-01,4.441194073857085e-7,houspa,House Sparrow
houspa,state,THA-436,Buri Ram,AS,Asia,resident,3.317585900644108,4.132084719995373e-4,5.087517316486237e-4,0.7607006772426755,5.315715859271294e-4,365,2023-11-01,0.0010161849580849565,houspa,House Sparrow
houspa,state,THA-437,Chaiyaphum,AS,Asia,resident,1.8910321323633283,3.058137754360892e-4,3.7652492230432286e-4,0.3952912646870172,3.5865448678298336e-4,365,2023-11-01,6.267962532361449e-4,houspa,House Sparrow
houspa,state,THA-438,Khon Kaen,AS,Asia,resident,2.69620882479157,3.5408027379187583e-4,4.359517402015837e-4,0.6708118290929995,4.94253591705759e-4,365,2023-11-01,7.183464560383383e-4,houspa,House Sparrow
houspa,state,THA-439,Kalasin,AS,Asia,resident,1.998993650564104,1.679620786860264e-4,2.067987569792955e-4,0.6173284935931663,2.910161319931338e-4,365,2023-11-01,3.250884700421889e-4,houspa,House Sparrow
houspa,state,THA-440,Maha Sarakham,AS,Asia,resident,3.375855195399175,2.3777516437236063e-4,2.9275422653388887e-4,0.8488024405244319,3.3542097390503443e-4,365,2023-11-01,5.045136273164928e-4,houspa,House Sparrow
houspa,state,THA-441,Nakhon Ratchasima,AS,Asia,resident,2.744151156309761,6.994421773416107e-4,8.611692233430942e-4,0.5483019429367563,7.840874221841845e-4,365,2023-11-01,0.0015350314251219577,houspa,House Sparrow
houspa,state,THA-442,Roi Et,AS,Asia,resident,3.00871365508389,2.8510992604170786e-4,3.5103386888953324e-4,0.8744465260522415,4.649065363306668e-4,365,2023-11-01,5.856899591368336e-4,houspa,House Sparrow
houspa,state,THA-443,Surin,AS,Asia,resident,2.957347743621505,3.108925863250856e-4,3.8277807055655833e-4,0.8081918291273046,4.7667606068999674e-4,365,2023-11-01,7.285039790904705e-4,houspa,House Sparrow
houspa,state,THA-445,Loei,AS,Asia,resident,0.2305408375625465,2.950611470156102e-5,3.632860399982044e-5,0.06547398745202718,4.701472125932621e-5,365,2023-12-20,5.948937617760202e-5,houspa,House Sparrow
houspa,state,THA-446,Nong Khai,AS,Asia,resident,2.273117921126932,9.601254773512504e-5,0.00011821284709839083,0.718513740797295,1.7027152320210525e-4,365,2023-12-06,1.95741460272936e-4,houspa,House Sparrow
houspa,state,THA-447,Sakon Nakhon,AS,Asia,resident,2.2425851964320205,2.631263547205613e-4,3.2396719253768223e-4,0.718675418834112,4.73095812477066e-4,365,2023-12-06,4.707118986220007e-4,houspa,House Sparrow
houspa,state,THA-448,Udon Thani,AS,Asia,resident,1.9124128135956315,2.551875820282789e-4,3.141927938308523e-4,0.6087427682523083,4.557352504722441e-4,365,2023-12-13,4.857870486307182e-4,houspa,House Sparrow
houspa,state,THA-449,Nong Bua Lam Phu,AS,Asia,resident,2.02003885750222,1.0527545858360498e-4,1.296175550209241e-4,0.5922831550323232,1.731799917017391e-4,365,2023-12-13,1.9444239533691467e-4,houspa,House Sparrow
houspa,state,THA-472,Nakhon Phanom,AS,Asia,resident,1.9091781392713043,1.341211254981465e-4,1.651330005835912e-4,0.6803256894850689,2.68144270576099e-4,365,2023-12-06,2.4353154963878952e-4,houspa,House Sparrow
houspa,state,THA-473,Mukdahan,AS,Asia,resident,0.7455536218678857,3.7449114853349874e-5,4.6108207651587744e-5,0.30121281419540546,8.48861880990759e-5,365,2023-12-27,7.847077914208502e-5,houspa,House Sparrow
houspa,state,THA-5499,Bueng Kan,AS,Asia,resident,0.981743646083558,4.806079641589837e-5,5.9173552959068193e-5,0.4617551235177752,1.2682518429428104e-4,365,2023-12-20,1.017080719146856e-4,houspa,House Sparrow
houspa,state,TJK-366,Gorno-Badakhshan,AS,Asia,resident,1.5316879660712108e-4,1.1950583703465694e-7,1.471383227921039e-7,9.75627047802482e-4,4.2707442500965506e-6,365,2023-06-14,3.2714729409894192e-6,houspa,House Sparrow
houspa,state,TJK-367,Khatlon,AS,Asia,resident,0.8202016269364132,2.4316991184735595e-4,2.99396363144568e-4,0.837596609151501,0.0013932371189423756,365,2023-06-14,0.0011314233988771974,houspa,House Sparrow
houspa,state,TJK-368,Tadzhikistan Territories,AS,Asia,resident,0.1218678662135366,4.273357705046846e-5,5.26145585030262e-5,0.2040283081213435,4.0139446868540143e-4,365,2023-06-14,2.50995426857854e-4,houspa,House Sparrow
houspa,state,TJK-369,Leninabad,AS,Asia,resident,0.26369319770351207,8.318075906090533e-5,1.024140550829024e-4,0.28221262982344036,4.994606905001807e-4,365,2023-06-14,3.464689942446825e-4,houspa,House Sparrow
houspa,state,TJK-5491,Dushanbe,AS,Asia,resident,0.1967685785582018,3.284188383487404e-7,4.0435679333345857e-7,0.44011651508593247,4.121363237155153e-6,365,2023-06-14,5.944612962498e-6,houspa,House Sparrow
houspa,state,TKM-351,Balkan,AS,Asia,resident,0.09852860799979048,1.4945253631460411e-4,1.8400938461256625e-4,0.090987330677505,7.743241095864537e-4,365,2023-06-28,8.451287828026046e-4,houspa,House Sparrow
houspa,state,TKM-352,Ahal,AS,Asia,resident,1.8593298073734903,0.0022943109304214893,0.0028248081486422303,0.936471006855036,0.006483224995823068,365,2023-05-03,0.00905397909131346,houspa,House Sparrow
houspa,state,TKM-353,Tashauz,AS,Asia,resident,0.978843258284132,8.50085621013208e-4,0.001046644880360898,0.9143765617969596,0.004455285266218195,365,2023-05-10,0.005410324639025951,houspa,House Sparrow
houspa,state,TKM-359,Chardzhou,AS,Asia,resident,1.941091403471865,0.002223560058653311,0.0027376980553918896,0.9886082930980012,0.006353719565169671,365,2023-05-03,0.008748942082128702,houspa,House Sparrow
houspa,state,TKM-360,Mary,AS,Asia,resident,1.88578587650369,0.0019737805283495465,0.002430163778668342,0.9734628775350076,0.0057164550272639295,365,2023-06-14,0.007325290197528178,houspa,House Sparrow
houspa,state,TUN-101,Tozeur,AF,Africa,resident,0.021064600063987023,1.74185097711918e-6,5.197235164139174e-5,0.08511771584561179,3.948922898072016e-5,365,2023-01-04,1.892075034427338e-5,houspa,House Sparrow
houspa,state,TUN-102,Manubah,AF,Africa,resident,0.3027043134585899,6.435397077245539e-6,1.9201569149374217e-4,0.7767160693652528,9.264456462060085e-5,365,2023-12-27,4.6027362024713896e-5,houspa,House Sparrow
houspa,state,TUN-103,Béja,AF,Africa,resident,0.08063698215974395,3.7130024481225617e-6,1.1078644006522872e-4,0.6158033937832541,1.5908673280449836e-4,365,2023-12-27,8.53136427225717e-5,houspa,House Sparrow
houspa,state,TUN-104,Ben Arous (Tunis Sud),AF,Africa,resident,0.5518447390673464,5.37090126453126e-6,1.6025387522707412e-4,0.9105540696328708,4.972066365420099e-5,365,2023-12-27,2.463755101221821e-5,houspa,House Sparrow
houspa,state,TUN-105,Bizerte,AF,Africa,resident,0.04286529565237023,2.1980639078142835e-6,6.558457172732019e-5,0.29679755031864313,8.53877792868876e-5,365,2023-12-27,3.929245139313137e-5,houspa,House Sparrow
houspa,state,TUN-106,Jendouba,AF,Africa,resident,0.04017860645353267,1.6444309567817948e-6,4.9065588881319134e-5,0.29574920109432623,6.791180434812266e-5,365,2023-12-27,4.019541124987438e-5,houspa,House Sparrow
houspa,state,TUN-107,Nabeul,AF,Africa,resident,0.30564212851235056,1.3156510160344522e-5,3.9255641349861806e-4,0.6690201316171172,1.6157255454181285e-4,365,2023-12-27,5.5501039759034365e-5,houspa,House Sparrow
houspa,state,TUN-108,Tunis,AF,Africa,resident,1.4257150922459465,6.304131829456416e-6,1.880990742250974e-4,0.935629449788488,2.3211186314298745e-5,365,2023-12-27,1.6933154965816125e-5,houspa,House Sparrow
houspa,state,TUN-109,Le Kef,AF,Africa,resident,0.23692607496568427,1.5285094589245586e-5,4.56067896335228e-4,0.9388203974416666,3.3981199328012864e-4,365,2023-12-27,2.2851910909997816e-4,houspa,House Sparrow
houspa,state,TUN-110,Kassérine,AF,Africa,resident,0.21678357956008684,2.2367556286229965e-5,6.673903312837919e-4,0.9301241198891822,5.384358613354786e-4,365,2023-12-27,3.484686459094506e-4,houspa,House Sparrow
houspa,state,TUN-111,Gabès,AF,Africa,resident,0.12481689129517086,1.1412425791727796e-5,3.405174232011139e-4,0.38879730566237,1.994475778586512e-4,365,2023-01-04,6.880460344740188e-5,houspa,House Sparrow
houspa,state,TUN-112,Gafsa,AF,Africa,resident,0.09818493338121416,8.763028521400198e-6,2.6146622514802806e-4,0.48282877766489113,2.41770571783566e-4,365,2023-01-04,1.288530195511746e-4,houspa,House Sparrow
houspa,state,TUN-113,Sidi Bou Zid,AF,Africa,resident,0.1874322377988767,1.7253605702488757e-5,5.148032032767366e-4,0.867666263598212,4.481147148717612e-4,365,2023-12-27,2.297427657388792e-4,houspa,House Sparrow
houspa,state,TUN-114,Sfax,AF,Africa,resident,0.2494172902607168,2.4479450473555807e-5,7.304038202532331e-4,0.7707801963257824,4.2443048570669166e-4,365,2023-01-04,1.5132013116744576e-4,houspa,House Sparrow
houspa,state,TUN-115,Siliana,AF,Africa,resident,0.21578053380592652,1.2027513546384646e-5,3.5887005927346635e-4,0.9476060304884802,2.963413960638552e-4,365,2023-12-27,1.91682781116326e-4,houspa,House Sparrow
houspa,state,TUN-116,Mahdia,AF,Africa,resident,0.3231622568694653,1.2290623111559743e-5,3.667205717576685e-4,0.928028285434655,1.980228912963237e-4,365,2023-12-27,7.365789904482634e-5,houspa,House Sparrow
houspa,state,TUN-117,Monastir,AF,Africa,resident,0.7475276650595628,1.10851478907764e-5,3.3075229267264916e-4,0.8500284273305723,7.072103152780283e-5,365,2023-12-27,3.436527507905238e-5,houspa,House Sparrow
houspa,state,TUN-118,Kairouan,AF,Africa,resident,0.1963386125062115,1.6026398123828103e-5,4.7818648654668734e-4,0.9442475612537394,4.324311757430318e-4,365,2023-12-27,1.979516692789324e-4,houspa,House Sparrow
houspa,state,TUN-119,Sousse,AF,Africa,resident,0.4420951747318413,1.5564244437737506e-5,4.643970096044113e-4,0.8017488019547653,1.5836219135058886e-4,365,2023-12-27,7.067349422626472e-5,houspa,House Sparrow
houspa,state,TUN-120,Zaghouan,AF,Africa,resident,0.26035707704822564,9.188116479060164e-6,2.7414975611837766e-4,0.925312983647999,1.8320894594440833e-4,365,2023-12-27,8.83121597862056e-5,houspa,House Sparrow
houspa,state,TUN-96,Médenine,AF,Africa,resident,0.11005672173892138,1.249900495152644e-5,3.7293814972770887e-4,0.2849664527977838,1.815739407346796e-4,365,2023-01-04,5.622078885003198e-5,houspa,House Sparrow
houspa,state,TUN-97,Kebili,AF,Africa,resident,0.010174694253236177,2.815633069647888e-6,8.401124660554633e-5,0.050843258681323035,7.893852054136035e-5,365,2023-01-04,2.906242264150948e-5,houspa,House Sparrow
houspa,state,TUN-98,Tataouine,AF,Africa,resident,0.001907919777359359,9.299480640374446e-7,2.7747257616906137e-5,0.01986573684671095,5.432555577765371e-5,365,2023-01-04,1.589259177380672e-5,houspa,House Sparrow
houspa,state,TUR-2229,Aydin,AS,Asia,resident,5.949651446419469,6.168178754150484e-4,7.594402910247744e-4,0.6875133707844713,3.998963968769428e-4,365,2023-09-20,9.168841792059798e-4,houspa,House Sparrow
houspa,state,TUR-2230,Izmir,AS,Asia,resident,5.6712272499505,0.001027467994649708,0.0012650421201726063,0.668933365756434,6.79946944064589e-4,365,2023-09-20,0.0015395938469555742,houspa,House Sparrow
houspa,state,TUR-2238,Balikesir,AS,Asia,resident,3.6455441830838633,7.076134360522226e-4,8.712298641587486e-4,0.5996634907436489,6.530436758877925e-4,365,2023-09-20,0.0011374518766756668,houspa,House Sparrow
houspa,state,TUR-2239,Çanakkale,AS,Asia,resident,3.339424642743305,4.606961922231216e-4,5.672197000784214e-4,0.5577025816610627,4.3166470989335575e-4,365,2023-09-20,7.944124317572632e-4,houspa,House Sparrow
houspa,state,TUR-2240,Edirne,AS,Asia,resident,4.36539496578858,3.034196515643746e-4,3.735772221770189e-4,0.8683904438665041,3.386383292042554e-4,365,2023-09-20,6.76793770520275e-4,houspa,House Sparrow
houspa,state,TUR-2241,Kirklareli,AS,Asia,resident,2.2204634379068597,1.938209442216325e-4,2.3863678429767837e-4,0.5525580772837604,2.7060506759618217e-4,365,2023-08-23,4.653513517176771e-4,houspa,House Sparrow
houspa,state,TUR-2242,Tekirdag,AS,Asia,resident,4.481377193323416,4.136613194596002e-4,5.093092878099601e-4,0.8408549305411307,4.3546715441986566e-4,365,2023-08-23,8.435794597032222e-4,houspa,House Sparrow
houspa,state,TUR-2263,Bilecik,AS,Asia,resident,3.1268090679076215,2.0302172664843511e-4,2.499649982849349e-4,0.6770161412440522,2.466272682174033e-4,365,2023-08-09,3.2953113110823775e-4,houspa,House Sparrow
houspa,state,TUR-2264,Bursa,AS,Asia,resident,4.336550329029193,5.990111418494842e-4,7.375162329515009e-4,0.6450717485969825,4.999187739492065e-4,365,2023-09-20,8.963404585007151e-4,houspa,House Sparrow
houspa,state,TUR-2265,Istanbul,AS,Asia,resident,5.155626653550968,3.679431922762868e-4,4.5302008284838125e-4,0.7079903452802184,2.834833538147006e-4,365,2023-08-16,5.204400599243024e-4,houspa,House Sparrow
houspa,state,TUR-2266,Kocaeli,AS,Asia,resident,6.112527552317375,3.360015292848657e-4,4.136927760291725e-4,0.8027446306098889,2.4757041731411227e-4,365,2023-09-20,5.282048519468459e-4,houspa,House Sparrow
houspa,state,TUR-2267,Sakarya,AS,Asia,resident,4.817713912980969,2.578017317727248e-4,3.174113948504295e-4,0.676200563553505,2.0301179295063304e-4,365,2023-09-20,4.3659196603675017e-4,houspa,House Sparrow
houspa,state,TUR-2268,Bolu,AS,Asia,resident,1.0914230083494068,1.1490911096161551e-4,1.414787284032047e-4,0.3056191982144527,1.8052730828040935e-4,365,2023-08-02,2.0388307949851983e-4,houspa,House Sparrow
houspa,state,TUR-2269,Eskisehir,AS,Asia,resident,3.147190089448733,5.304304047367037e-4,6.530780591768229e-4,0.6781675940248654,6.41273633165329e-4,365,2023-08-02,9.559696574997276e-4,houspa,House Sparrow
houspa,state,TUR-2270,Kastamonu,AS,Asia,resident,0.8743968987890017,1.4457132163194953e-4,1.7799952133379013e-4,0.26484119543265255,2.4567445267429695e-4,365,2023-08-02,2.5604191724006454e-4,houspa,House Sparrow
houspa,state,TUR-2271,Antalya,AS,Asia,resident,2.9891511652157345,8.32493422530505e-4,0.0010249849627936914,0.3552889204658088,5.551566058817519e-4,365,2023-09-20,0.0010618999438133491,houspa,House Sparrow
houspa,state,TUR-2272,Afyonkarahisar,AS,Asia,resident,3.774030211912385,6.838363723956738e-4,8.419549989793089e-4,0.6431877626055427,6.538611170965027e-4,365,2023-08-09,0.001081500652679721,houspa,House Sparrow
houspa,state,TUR-2273,Burdur,AS,Asia,resident,2.8215537974676996,2.506316543616337e-4,3.085834313740384e-4,0.5175759011214235,2.579422878636231e-4,365,2023-08-09,3.748632726872073e-4,houspa,House Sparrow
houspa,state,TUR-2274,Denizli,AS,Asia,resident,5.124765157640954,6.992357783196161e-4,8.609151001414516e-4,0.6684506201015455,5.11705304454481e-4,365,2023-09-20,9.620622232403044e-4,houspa,House Sparrow
houspa,state,TUR-2275,Isparta,AS,Asia,resident,2.45562938140692,2.5892099629754495e-4,3.1878945896034384e-4,0.423571269005677,2.505716065929048e-4,365,2023-08-09,3.762223703555099e-4,houspa,House Sparrow
houspa,state,TUR-2276,Kütahya,AS,Asia,resident,2.864431368853151,4.242196004264515e-4,5.223088850813449e-4,0.5794197091965838,4.8144478670527415e-4,365,2023-08-09,6.888293746852322e-4,houspa,House Sparrow
houspa,state,TUR-2277,Manisa,AS,Asia,resident,5.591408399070829,8.878059525140144e-4,0.0010930870161586774,0.8000209947264483,7.126874928573105e-4,365,2023-09-20,0.001337068603765624,houspa,House Sparrow
houspa,state,TUR-2278,Mugla,AS,Asia,resident,2.8002799306555093,5.292491175108511e-4,6.516236312973103e-4,0.4212661263236218,4.4670020212451294e-4,365,2023-09-20,7.549320094040496e-4,houspa,House Sparrow
houspa,state,TUR-2281,Adiyaman,AS,Asia,resident,4.036286636998951,3.5359199439980864e-4,4.353505594343055e-4,0.6783665522466609,3.3341548409978597e-4,365,2023-10-04,5.2483080654884e-4,houspa,House Sparrow
houspa,state,TUR-2282,Elazig,AS,Asia,resident,1.8118510864295176,2.0677385531404324e-4,2.545847050076923e-4,0.4808126195152064,3.078576127330384e-4,365,2023-08-02,3.584349813929538e-4,houspa,House Sparrow
houspa,state,TUR-2283,K. Maras,AS,Asia,resident,1.9966682002075524,3.5397250226947843e-4,4.358190494356447e-4,0.39778985558350144,3.956564439310328e-4,365,2023-08-02,5.128383566222992e-4,houspa,House Sparrow
houspa,state,TUR-2284,Malatya,AS,Asia,resident,1.896056820234758,2.754233138055485e-4,3.391074901173179e-4,0.4027075789128192,3.2820112806878737e-4,365,2023-08-02,3.990328927535712e-4,houspa,House Sparrow
houspa,state,TUR-2285,Mersin,AS,Asia,resident,3.1070739779289323,6.193986722636798e-4,7.626178271953687e-4,0.5225432874495746,5.84442600652915e-4,365,2023-05-31,7.732632283833267e-4,houspa,House Sparrow
houspa,state,TUR-2286,Kirsehir,AS,Asia,resident,3.811560552241183,2.981726216100834e-4,3.671169587600074e-4,0.8022464022125562,3.521061684130896e-4,365,2023-08-02,5.41777302410338e-4,houspa,House Sparrow
houspa,state,TUR-2287,Kayseri,AS,Asia,resident,2.142275234094141,4.613836685038259e-4,5.680661366158506e-4,0.4658745814749584,5.6293322417046e-4,365,2023-08-02,7.044893780275337e-4,houspa,House Sparrow
houspa,state,TUR-2288,Nevsehir,AS,Asia,resident,4.912011058733782,3.194243117820419e-4,3.932825262836472e-4,0.8697411145686446,3.1732153578561967e-4,365,2023-08-02,5.255568179725927e-4,houspa,House Sparrow
houspa,state,TUR-2289,Hatay,AS,Asia,resident,6.818700971318194,5.102090229926543e-4,6.281810309798198e-4,0.6961695860861217,2.9225533700228995e-4,365,2023-10-18,7.175961598380944e-4,houspa,House Sparrow
houspa,state,TUR-2290,Amasya,AS,Asia,resident,2.784406036530716,2.128557965876574e-4,2.6207293035738913e-4,0.6560362053882801,2.813724926285996e-4,365,2023-08-02,3.983612951786228e-4,houspa,House Sparrow
houspa,state,TUR-2291,Çorum,AS,Asia,resident,2.7746442601869994,4.264571380295624e-4,5.250637926095063e-4,0.7122091719962597,6.141529689774629e-4,365,2023-08-02,8.120320783616784e-4,houspa,House Sparrow
houspa,state,TUR-2292,Giresun,AS,Asia,resident,0.2530278271394011,2.1785561480911277e-5,2.6822882102871255e-5,0.12221766517782288,5.903850741755362e-5,365,2023-08-02,5.643291160695069e-5,houspa,House Sparrow
houspa,state,TUR-2293,Ordu,AS,Asia,resident,0.7374420310461043,5.5892691242251074e-5,6.881636119026365e-5,0.32034044408906853,1.362196697128243e-4,365,2023-08-02,1.2307267418479775e-4,houspa,House Sparrow
houspa,state,TUR-2294,Sinop,AS,Asia,resident,0.9131357826813858,7.473807830762406e-5,9.201923323376768e-5,0.31617606519604197,1.4518992159310245e-4,365,2023-08-02,1.4154119043855335e-4,houspa,House Sparrow
houspa,state,TUR-2295,Sivas,AS,Asia,resident,0.4594445216807755,1.5860212982807644e-4,1.952745736376966e-4,0.24125246120895677,4.672492417461259e-4,365,2023-08-02,3.795673447462996e-4,houspa,House Sparrow
houspa,state,TUR-2296,Samsun,AS,Asia,resident,3.2128380268103975,3.950458783570586e-4,4.863895305007933e-4,0.6436617293178752,4.440351049895842e-4,365,2023-08-02,5.577772147642671e-4,houspa,House Sparrow
houspa,state,TUR-2297,Tokat,AS,Asia,resident,1.9455467845086671,2.248459295605293e-4,2.7683545660262226e-4,0.4850988292651101,3.145389934445655e-4,365,2023-08-02,4.182417060934462e-4,houspa,House Sparrow
houspa,state,TUR-2298,Artvin,AS,Asia,resident,0.017775011225266833,1.7265714791532671e-6,2.1257943371386976e-6,0.012645231347328268,6.89131930713733e-6,365,2023-07-26,5.230269105724753e-6,houspa,House Sparrow
houspa,state,TUR-2299,Erzurum,AS,Asia,resident,0.13443438587709625,3.929022384762587e-5,4.837502319982466e-5,0.12933089920524227,2.120690777540753e-4,365,2023-06-28,1.436524030483514e-4,houspa,House Sparrow
houspa,state,TUR-2300,Erzincan,AS,Asia,resident,0.4387138954438087,6.0940128000604605e-5,7.503088089450184e-5,0.13819142477123503,1.0769709318096794e-4,365,2023-08-02,1.113946772959466e-4,houspa,House Sparrow
houspa,state,TUR-2301,Rize,AS,Asia,resident,0.11532395038894164,5.521473661910771e-6,6.798164793563376e-6,0.05963652725372654,1.601949255956904e-5,365,2023-08-02,1.497664303632836e-5,houspa,House Sparrow
houspa,state,TUR-2302,Trabzon,AS,Asia,resident,0.2110618927363305,1.3720941741432652e-5,1.6893537630108326e-5,0.09926797358068712,3.6206301485188775e-5,365,2023-08-02,3.486041146679343e-5,houspa,House Sparrow
houspa,state,TUR-2307,Agri,AS,Asia,resident,0.5349718110859902,6.577011989811339e-5,8.097767750739694e-5,0.3696204615381766,2.549497878934836e-4,365,2023-06-28,2.120879808274727e-4,houspa,House Sparrow
houspa,state,TUR-2308,Bingöl,AS,Asia,resident,0.3781483171064921,3.912006951961591e-5,4.816552529528346e-5,0.20175652254558576,1.1710244013322642e-4,365,2023-07-05,8.633154340904138e-5,houspa,House Sparrow
houspa,state,TUR-2309,Diyarbakir,AS,Asia,resident,5.217788296746346,9.671253743721616e-4,0.001190746904467418,0.7625394653431371,7.92975125412327e-4,365,2023-10-04,0.0016685706761779583,houspa,House Sparrow
houspa,state,TUR-2310,Mus,AS,Asia,resident,1.0905414348162346,1.037852104075223e-4,1.2778272734544237e-4,0.43902224337617674,2.3441248492175805e-4,365,2023-08-02,2.336987982209145e-4,houspa,House Sparrow
houspa,state,TUR-2311,Bitlis,AS,Asia,resident,0.2886385494822842,2.795216161837435e-5,3.4415341384109067e-5,0.1914230012818897,1.0400545099713168e-4,365,2023-07-05,9.001787226441042e-5,houspa,House Sparrow
houspa,state,TUR-3008,Ankara,AS,Asia,resident,4.556164205651056,0.0014224350240285245,0.0017513345700060428,0.7742748178688685,0.001356216797895599,365,2023-08-02,0.0021261178711663603,houspa,House Sparrow
houspa,state,TUR-3009,Çankiri,AS,Asia,resident,1.9637461766302664,1.8518666666591016e-4,2.2800606407853073e-4,0.5659531199950246,2.994371878968691e-4,365,2023-08-02,3.4807618341230044e-4,houspa,House Sparrow
houspa,state,TUR-3010,Zinguldak,AS,Asia,resident,1.7917316012987627,7.820871974297623e-5,9.629236643363308e-5,0.4858716880017264,1.1898842922516204e-4,365,2023-08-02,1.3323642354540912e-4,houspa,House Sparrow
houspa,state,TUR-3011,Konya,AS,Asia,resident,4.122036084081156,0.0019995683559080124,0.002461914342402767,0.7479676709572031,0.0020356738979020045,365,2023-08-02,0.0031748293683696313,houspa,House Sparrow
houspa,state,TUR-3012,Karaman,AS,Asia,resident,2.34280748579873,2.585196372954846e-4,3.1829529656739273e-4,0.5166445347858993,3.19852455859625e-4,365,2023-08-02,4.083086612424816e-4,houspa,House Sparrow
houspa,state,TUR-3014,Usak,AS,Asia,resident,6.800042095720898,3.713378528308518e-4,4.5719966664814466e-4,0.928892454015838,2.845928406470287e-4,365,2023-08-16,5.579221669267939e-4,houspa,House Sparrow
houspa,state,TUR-3016,Gaziantep,AS,Asia,resident,8.24241318094025,7.408833346289179e-4,9.121925250421556e-4,0.942458698665871,4.752900108742433e-4,365,2023-10-11,0.001238943110734048,houspa,House Sparrow
houspa,state,TUR-3017,Sanliurfa,AS,Asia,resident,8.505383298654179,0.002078855833531266,0.0025595349002381033,0.9376455638268278,0.0012857901686429943,365,2023-10-04,0.003555682286472523,houspa,House Sparrow
houspa,state,TUR-3018,Adana,AS,Asia,resident,4.743855303122419,9.207120968960768e-4,0.001133601814549047,0.549605447322574,5.984727202571979e-4,365,2023-10-04,0.0013444451879937986,houspa,House Sparrow
houspa,state,TUR-3019,Kinkkale,AS,Asia,resident,4.5712388367778125,2.6183013852195563e-4,3.2237126147547415e-4,0.8879877579791629,2.853603416575793e-4,365,2023-08-02,4.5528213965895773e-4,houspa,House Sparrow
houspa,state,TUR-3020,Nigde,AS,Asia,resident,2.740197512271138,2.2391588990081053e-4,2.7569037047915976e-4,0.5013673036591,2.2985818307639516e-4,365,2023-02-15,3.2034615105129685e-4,houspa,House Sparrow
houspa,state,TUR-3021,Aksaray,AS,Asia,resident,5.474713257483993,5.115491686593786e-4,6.298310490089956e-4,0.9047586212485226,4.743071273478052e-4,365,2023-02-15,8.241150335832232e-4,houspa,House Sparrow
houspa,state,TUR-3026,Yozgat,AS,Asia,resident,2.763779225066723,4.670889870935469e-4,5.750906554938927e-4,0.6818985715274508,6.465721221464092e-4,365,2023-08-02,8.864286631697482e-4,houspa,House Sparrow
houspa,state,TUR-3031,Gümüshane,AS,Asia,resident,0.10864599201829524,8.428830445411833e-6,1.0377769032965791e-05,0.09304806712353976,4.050063934035816e-5,365,2023-07-05,2.5340416281507737e-5,houspa,House Sparrow
houspa,state,TUR-3032,Bayburt,AS,Asia,resident,0.16198530545100612,7.043343398489922e-6,8.671925658343383e-6,0.141475767122097,3.4513278531180806e-5,365,2023-06-28,2.423551359182167e-5,houspa,House Sparrow
houspa,state,TUR-3040,Kars,AS,Asia,resident,0.23811547083441745,3.0728639857435795e-5,3.783380496297009e-5,0.2518385179098251,1.823386747890587e-4,365,2023-06-28,1.334297948253636e-4,houspa,House Sparrow
houspa,state,TUR-3041,Mardin,AS,Asia,resident,5.9769425571316575,7.408448054559144e-4,9.121450870421802e-4,0.8713704637985117,6.059710941771403e-4,365,2023-10-04,0.001314795405774986,houspa,House Sparrow
houspa,state,TUR-3042,Batman,AS,Asia,resident,4.270957438707097,2.158714939241907e-4,2.6578592596627684e-4,0.7175194509081302,2.0347199682902185e-4,365,2023-08-16,3.7410693373978734e-4,houspa,House Sparrow
houspa,state,TUR-3043,Siirt,AS,Asia,resident,1.072528343935052,8.514005497182939e-5,1.0482638506895313e-4,0.28314268933882797,1.261047413947991e-4,365,2023-08-02,1.6752192215993222e-4,houspa,House Sparrow
houspa,state,TUR-3044,Sirnak,AS,Asia,resident,2.6478113837282686,2.0839955433653816e-4,2.5658630286659264e-4,0.4358340788374941,1.924561712557298e-4,365,2023-10-04,4.856664928274635e-4,houspa,House Sparrow
houspa,state,TUR-3045,Tunceli,AS,Asia,resident,0.3835258549843959,3.7211289456356365e-5,4.5815391577500555e-5,0.21072392218534772,1.1470829618820802e-4,365,2023-08-02,1.0020251352114812e-4,houspa,House Sparrow
houspa,state,TUR-3047,Hakkari,AS,Asia,resident,0.17489936640318485,1.6039392641749192e-5,1.974806746240003e-5,0.11373060812296185,5.851644840371598e-5,365,2023-07-05,6.043279944062683e-5,houspa,House Sparrow
houspa,state,TUR-3048,Van,AS,Asia,resident,0.4543304371594188,1.0219685907614118e-4,1.2582711281896325e-4,0.2187479926385228,2.7606459165615096e-4,365,2023-07-05,2.3144481949625764e-4,houspa,House Sparrow
houspa,state,TUR-4839,Ardahan,AS,Asia,resident,0.1316686357861757,8.300822480892672e-6,1.0220162696147963e-5,0.19108005676945472,6.758573903622798e-5,365,2023-06-28,4.210200405998949e-5,houspa,House Sparrow
houspa,state,TUR-4840,Iğdir,AS,Asia,resident,2.0943048540441556,1.0265938265835716e-4,1.2639658244344127e-4,0.3647036009835508,1.002997188142803e-4,365,2023-10-04,1.990608067088169e-4,houspa,House Sparrow
houspa,state,TUR-4841,Kilis,AS,Asia,resident,9.119956753094389,1.5141575527106028e-4,1.8642654474209912e-4,0.966434063073925,9.002257516061655e-5,365,2023-10-11,2.5827168022719133e-4,houspa,House Sparrow
houspa,state,TUR-4842,Osmaniye,AS,Asia,resident,5.149535035747413,1.8402191453329605e-4,2.2657199458440497e-4,0.6126731773502316,1.2283759641923636e-4,365,2023-09-27,2.753436291851633e-4,houspa,House Sparrow
houspa,state,TUR-5518,Yalova,AS,Asia,resident,3.823107606497702,4.362577120908261e-5,5.3713048379008806e-5,0.5896995012886843,3.7753591378826005e-5,365,2023-09-20,6.287540344995329e-5,houspa,House Sparrow
houspa,state,TUR-5519,Düzce,AS,Asia,resident,2.26952378381292,7.417955380466022e-5,9.133156507760424e-5,0.37342456768503984,6.84783488795403e-5,365,2023-09-20,1.221780683030191e-4,houspa,House Sparrow
houspa,state,TUR-5520,Karabük,AS,Asia,resident,1.061577823657339,5.1683223684087305e-5,6.363356835164799e-5,0.3132726634703752,8.556992896952872e-5,365,2023-08-02,8.881477006176695e-5,houspa,House Sparrow
houspa,state,TUR-5521,Bartın,AS,Asia,resident,1.2361824520778275,3.4901203909881415e-5,4.297116136039382e-5,0.2649700900469533,4.197160742733302e-5,365,2023-08-02,5.191562240994219e-5,houspa,House Sparrow
houspa,state,TZA-3335,Mbeya,AF,Africa,resident,0.010625039781802624,7.587710786904287e-6,2.2639776786323137e-4,0.020513891962971487,8.219193088773263e-5,365,2023-10-11,1.510976491083595e-5,houspa,House Sparrow
houspa,state,TZA-3336,Rukwa,AF,Africa,resident,0.001897812822492721,5.683500337948971e-7,1.6958102730830918e-5,0.006377164980640449,1.0714973003595456e-5,365,2023-10-11,1.5315968142233437e-6,houspa,House Sparrow
houspa,state,TZA-3337,Zanzibar South and Central,AF,Africa,resident,1.147200098668302,1.9343979778200735e-5,5.771745874835721e-4,0.833480481651322,7.885023698143108e-5,365,2023-10-11,3.1099195824622815e-5,houspa,House Sparrow
houspa,state,TZA-3357,Mwanza,AF,Africa,resident,0.09452355725176244,1.790552050537945e-5,5.34254663718031e-4,0.1699478595474257,1.8061903064968472e-4,365,2023-10-25,2.4972540502321317e-5,houspa,House Sparrow
houspa,state,TZA-3358,Shinyanga,AF,Africa,resident,0.050667874925957423,1.25177502263064e-5,3.734974604984212e-4,0.0699485712480326,9.69557019484382e-5,365,2023-12-13,1.910556752803331e-5,houspa,House Sparrow
houspa,state,TZA-3359,Tabora,AF,Africa,resident,0.004745499955455901,4.466828181376433e-6,1.3327866046734156e-4,0.007904524867869609,4.174399011883312e-5,365,2023-10-11,7.100901343110462e-6,houspa,House Sparrow
houspa,state,TZA-3360,Kagera,AF,Africa,resident,0.007478149585355237,1.9155382912096993e-6,5.7154734222989416e-5,0.02545679335268105,3.6584851958272e-5,365,2023-12-13,3.2506973477406205e-6,houspa,House Sparrow
houspa,state,TZA-3378,Dar-Es-Salaam,AF,Africa,resident,2.051791394038316,5.136314541423144e-5,0.0015325441096524558,0.8501085680748796,1.1939708283911305e-4,365,2023-12-06,7.066252097709647e-5,houspa,House Sparrow
houspa,state,TZA-3379,Morogoro,AF,Africa,resident,0.01810102479182583,1.5283215793712976e-5,4.5601183791038814e-4,0.020851916514496884,9.877760105999864e-5,365,2023-10-18,2.4565348018549708e-5,houspa,House Sparrow
houspa,state,TZA-3380,Kaskazini-Pemba,AF,Africa,resident,0.5171558297887726,6.580622100766101e-6,1.963488325538477e-4,0.44676447689279697,3.1895181379848815e-5,365,2023-03-29,9.730688372898491e-6,houspa,House Sparrow
houspa,state,TZA-3381,Kusini-Pemba,AF,Africa,resident,0.574383359236192,6.7811584855154454e-6,2.0233232232535713e-4,0.4825017974574571,3.195964127113065e-5,365,2023-03-29,1.0711081296785384e-5,houspa,House Sparrow
houspa,state,TZA-3382,Pwani,AF,Africa,resident,0.1001406529500017,4.0914511660761376e-5,0.001220783761183618,0.08062681234842278,1.848193157969533e-4,365,2023-10-18,6.23722403468057e-5,houspa,House Sparrow
houspa,state,TZA-3383,Kaskazini-Unguja,AF,Africa,resident,1.482372924454585,1.5109850041820872e-5,4.50839049917461e-4,0.7181446835496602,4.106913397520296e-5,365,2023-10-25,2.0872352574530334e-5,houspa,House Sparrow
houspa,state,TZA-3384,Zanzibar West,AF,Africa,resident,2.132910394565858,1.0642334601103078e-5,3.175398833995862e-4,0.87622000269949,2.4528917176164152e-5,365,2023-12-06,1.4747034307062644e-5,houspa,House Sparrow
houspa,state,TZA-3385,Dodoma,AF,Africa,resident,0.042145206639659635,2.188977589943525e-5,6.531345937976131e-4,0.06292571883917665,1.8336744277605332e-4,365,2023-10-11,3.860926580148236e-5,houspa,House Sparrow
houspa,state,TZA-3386,Iringa,AF,Africa,resident,0.0046748444039797716,2.2157077185047495e-6,6.611101764350048e-5,0.011911304112689404,3.1674191496302914e-5,365,2023-10-11,4.677613411447077e-6,houspa,House Sparrow
houspa,state,TZA-3387,Lindi,AF,Africa,resident,0.010299057017780123,8.567712293816922e-6,2.5563849143568905e-4,0.010264810423232617,4.7909237606944054e-5,365,2023-10-18,1.0883796660068291e-5,houspa,House Sparrow
houspa,state,TZA-3388,Mtwara,AF,Africa,resident,0.046729520478063995,1.0430950553692844e-5,3.112327272836508e-4,0.03403095419940079,4.2619426734777546e-5,365,2023-10-25,1.26228905551109e-5,houspa,House Sparrow
houspa,state,TZA-3389,Ruvuma,AF,Africa,resident,0.002565036080104379,2.0148460260971107e-6,6.011782152843432e-5,0.003987599697592567,1.757360474233887e-5,365,2023-10-11,3.56350130317842e-6,houspa,House Sparrow
houspa,state,TZA-3390,Singida,AF,Africa,resident,0.011101623927746985,6.670481532230947e-6,1.9903000679420116e-4,0.023481777490502776,7.91594117626858e-5,365,2023-10-11,1.2439013288237133e-5,houspa,House Sparrow
houspa,state,TZA-3391,Arusha,AF,Africa,resident,0.02160206366142028,9.997937535549431e-6,2.9831273289844225e-4,0.048186281402080255,1.2512367888967298e-4,365,2023-11-15,1.5041222193369078e-5,houspa,House Sparrow
houspa,state,TZA-3392,Manyara,AF,Africa,resident,0.006199952596465594,3.43641480410097e-6,1.0253377638528026e-4,0.013665989926364627,4.249709303392879e-5,365,2023-10-11,7.044007944819677e-6,houspa,House Sparrow
houspa,state,TZA-3393,Kilimanjaro,AF,Africa,resident,0.061032440824922665,9.766789803275833e-6,2.9141587927511886e-4,0.08725017910610203,7.8335450364062e-5,365,2023-10-11,1.5005043644496936e-5,houspa,House Sparrow
houspa,state,TZA-3394,Mara,AF,Africa,resident,0.033680763787087155,8.788289262650573e-6,2.6221994067492007e-4,0.07491982592499076,1.0967814239137511e-4,365,2023-10-25,1.2954140647083047e-5,houspa,House Sparrow
houspa,state,TZA-3395,Tanga,AF,Africa,resident,0.026943817775276952,9.663565475436116e-6,2.883359309127711e-4,0.03353708066960572,6.74845616898864e-5,365,2023-10-18,1.3932697753737814e-5,houspa,House Sparrow
houspa,state,TZA-5585,Simiyu,AF,Africa,resident,0.018133853695393127,5.307245727319933e-6,1.5835455777263814e-4,0.03659393919843505,6.0088196027792704e-5,365,2023-10-11,8.996767975399525e-6,houspa,House Sparrow
houspa,state,TZA-5586,Geita,AF,Africa,resident,0.0290738659149706,8.342129594402593e-6,2.489076840749089e-4,0.05861561468784007,9.436009899676428e-5,365,2023-12-13,1.2894338085640229e-5,houspa,House Sparrow
houspa,state,TZA-5587,Njombe,AF,Africa,resident,0.0032196853692333803,8.664763370822815e-7,2.5853424587598463e-5,0.010272332258258831,1.55100517216369e-5,365,2023-10-11,2.422028317894759e-6,houspa,House Sparrow
houspa,state,UGA-2631,Kalangala,AF,Africa,resident,7.656964231673201e-5,1.2035139513142543e-9,3.590975985010773e-8,0.007030092713651601,6.199497344755287e-7,365,2023-07-05,4.4037434289162045e-8,houspa,House Sparrow
houspa,state,UGA-3064,Jinja,AF,Africa,resident,0.006598381876748231,1.1311417650252773e-7,3.3750360013798044e-6,0.04379268673408534,4.211939236583341e-6,365,2023-06-28,3.524183969260612e-7,houspa,House Sparrow
houspa,state,UGA-3065,Kumi,AF,Africa,resident,0.019661817810666993,2.754007147909486e-7,8.217248765493262e-6,0.05491713779594703,4.315689638347241e-6,365,2023-10-18,4.091291462834517e-7,houspa,House Sparrow
houspa,state,UGA-3066,Kaberamaido,AF,Africa,resident,0.014196847562848792,2.852592655529305e-7,8.511402555689275e-6,0.1159629755606054,1.307278462590582e-5,365,2023-01-25,1.2063343922781125e-6,houspa,House Sparrow
houspa,state,UGA-3067,Kayunga,AF,Africa,resident,0.00652484977279882,1.3449174926635896e-7,4.01288777143123e-6,0.04824702549301381,5.57951672679563e-6,365,2023-12-20,4.526192774165306e-7,houspa,House Sparrow
houspa,state,UGA-3068,Iganga,AF,Africa,resident,0.0025884378056507352,2.1870248856520143e-8,6.525519570771174e-7,0.03737010121312834,1.771500093672623e-6,365,2023-10-04,1.3779919700773238e-7,houspa,House Sparrow
houspa,state,UGA-3069,Kamuli,AF,Africa,resident,0.003567885028029255,6.273776538962435e-8,1.8719335045627132e-6,0.0379654683200836,3.745483352969796e-6,365,2023-10-04,3.400514276757929e-7,houspa,House Sparrow
houspa,state,UGA-3070,Amolatar,AF,Africa,resident,0.02489759009321833,4.48733457323853e-7,1.338905184407003e-5,0.12373611750735228,1.2512051951245433e-5,365,2023-03-01,9.977044618302282e-7,houspa,House Sparrow
houspa,state,UGA-3071,Kaliro,AF,Africa,resident,0.006258469157009932,6.621549772335824e-8,1.9757000897285625e-6,0.05228569246774386,3.1036683737632376e-6,365,2023-12-13,1.4424826836780426e-7,houspa,House Sparrow
houspa,state,UGA-3073,Namutumba,AF,Africa,resident,0.004945970736575778,4.8748396828443236e-8,1.4545267392002656e-6,0.04298044996385043,2.3767344883211888e-6,365,2023-09-13,1.3652409194663372e-7,houspa,House Sparrow
houspa,state,UGA-3074,Soroti,AF,Africa,resident,0.04244660396119512,7.400116999711902e-7,2.2080045190349982e-5,0.09126889241519986,8.927283614190095e-6,365,2023-01-18,1.1269116427104966e-6,houspa,House Sparrow
houspa,state,UGA-3075,Mukono,AF,Africa,resident,0.00363524425064914,9.940895751756465e-8,2.9661075282983534e-6,0.029405388349637424,4.511487492282352e-6,365,2023-12-20,6.202149253775819e-7,houspa,House Sparrow
houspa,state,UGA-3076,Pallisa,AF,Africa,resident,0.01570355172545823,2.1526186424654521e-7,6.4228601933020035e-6,0.03224380951756727,2.479798937902115e-6,365,2023-12-13,2.957512803387389e-7,houspa,House Sparrow
houspa,state,UGA-3077,Sembabule,AF,Africa,resident,0.0015852989303399422,4.6502742013933295e-8,1.3875221772612628e-6,0.011300806090016312,1.8598492034265864e-6,365,2023-12-13,9.67514093585163e-8,houspa,House Sparrow
houspa,state,UGA-3078,Mpigi,AF,Africa,resident,4.90981119333084e-6,8.971689981434962e-11,2.676921462614799e-9,1.2906969167501134e-4,1.3232279143775229e-8,365,2023-05-10,4.5927502560294506e-8,houspa,House Sparrow
houspa,state,UGA-3079,Adjumani,AF,Africa,resident,0.003563037434229335,1.343234984390563e-7,4.007867599628135e-6,0.021036147167832857,4.4493720746955515e-6,365,2023-12-06,3.2211073592071045e-7,houspa,House Sparrow
houspa,state,UGA-3080,Arua,AF,Africa,resident,7.462965657327285e-4,3.8787903208643434e-8,1.1573312364103309e-6,0.004252072871940356,1.2398994689510574e-6,365,2023-08-30,8.222024235585083e-8,houspa,House Sparrow
houspa,state,UGA-3082,Buliisa,AF,Africa,resident,0.024823451460206057,4.045818552150081e-7,1.2071681632453648e-5,0.0673024737583474,6.154264791886944e-6,365,2023-01-25,6.687597211645949e-7,houspa,House Sparrow
houspa,state,UGA-3084,Nebbi,AF,Africa,resident,0.004625798029041727,1.2491120226069497e-7,3.7270288980626487e-6,0.013723869072861428,2.0791805456650606e-6,365,2023-01-25,2.1660721368364287e-7,houspa,House Sparrow
houspa,state,UGA-3085,Moyo,AF,Africa,resident,4.5637622143059726e-4,9.384159290702334e-9,2.799991692296446e-7,0.004422716874749431,5.102258011086785e-7,365,2023-05-10,4.5897868677992543e-8,houspa,House Sparrow
houspa,state,UGA-3086,Yumbe,AF,Africa,resident,0.0011298708815995603,3.7525932000085874e-8,1.1196772624056544e-6,0.006654001402470586,1.2398994689510574e-6,365,2023-08-09,7.0477898894384e-8,houspa,House Sparrow
houspa,state,UGA-3090,Nakasongola,AF,Africa,resident,0.017143970298989977,7.513349566945702e-7,2.2417902037969963e-5,0.06198068813201254,1.5239808099734338e-5,365,2023-08-30,1.2333971686272673e-6,houspa,House Sparrow
houspa,state,UGA-3091,Wakiso,AF,Africa,resident,0.007739349244424561,1.8041228902463567e-7,5.383038531300954e-6,0.028107919433863912,3.6761336043188784e-6,365,2023-12-06,3.768015609962773e-7,houspa,House Sparrow
houspa,state,UGA-3092,Luweero,AF,Africa,resident,0.00990738859726433,2.574232674435798e-7,7.68084798986702e-6,0.06419200291468387,9.3577285416694e-6,365,2023-12-20,7.236661056590752e-7,houspa,House Sparrow
houspa,state,UGA-3093,Mubende,AF,Africa,resident,2.915347760498336e-5,1.7815074130909242e-9,5.31555976608512e-8,0.001808249263607254,6.199497344755287e-7,365,2023-08-09,2.663590462693016e-8,houspa,House Sparrow
houspa,state,UGA-3094,Mityana,AF,Africa,resident,4.952423460974738e-4,9.541837900995176e-9,2.8470389327786306e-7,0.011470208089968093,1.2398994689510574e-6,365,2023-07-12,4.9321936549442754e-8,houspa,House Sparrow
houspa,state,UGA-3095,Nakaseke,AF,Africa,resident,0.005687500152727867,2.420713796735871e-7,7.222787156866925e-6,0.02148687575708625,5.1309314421833816e-6,365,2023-12-06,5.448431707367445e-7,houspa,House Sparrow
houspa,state,UGA-3096,Kitgum,AF,Africa,resident,8.031581684318458e-4,4.1965824311546504e-8,1.2521522258165771e-6,0.004229518037827938,1.2398994689510574e-6,365,2023-12-06,1.3217470459368202e-7,houspa,House Sparrow
houspa,state,UGA-3098,Gulu,AF,Africa,resident,0.003945579138684235,1.616940547589301e-7,4.8245345799628515e-6,0.01887427637524367,4.339648141328701e-6,365,2023-12-06,3.996134470281066e-7,houspa,House Sparrow
houspa,state,UGA-3099,Lira,AF,Africa,resident,0.017614349409692105,3.011095898527727e-7,8.984335452339213e-6,0.07975621501949126,7.649330592215669e-6,365,2023-12-06,7.39682405456916e-7,houspa,House Sparrow
houspa,state,UGA-3100,Dokolo,AF,Africa,resident,7.676912168446789e-4,1.09378400402936e-8,3.263570054147853e-7,0.02103723245606446,1.6816457606103714e-6,365,2023-06-07,1.631592768732055e-7,houspa,House Sparrow
houspa,state,UGA-3102,Masindi,AF,Africa,resident,0.0030652797577950266,1.5981284422008996e-7,4.76840409755052e-6,0.014394016006607996,4.2104106922607e-6,365,2023-12-06,4.185595385461765e-7,houspa,House Sparrow
houspa,state,UGA-3103,Oyam,AF,Africa,resident,0.001413473553896334,3.679288877601269e-8,1.0978051386072791e-6,0.016283441284475574,2.378062737586584e-6,365,2023-01-18,1.628513516640018e-7,houspa,House Sparrow
houspa,state,UGA-3105,Hoima,AF,Africa,resident,0.005328043047038471,2.4899926243570034e-7,7.429497354106864e-6,0.04367766360344979,1.1452245513588834e-5,365,2023-05-10,5.456407101430194e-7,houspa,House Sparrow
houspa,state,UGA-3106,Kabarole,AF,Africa,resident,0.001185126989537942,3.3151906957754825e-8,9.891676088391608e-7,0.020966629003566068,3.2905852893781377e-6,365,2023-05-31,1.8779736422708865e-7,houspa,House Sparrow
houspa,state,UGA-3107,Kyenjojo,AF,Africa,resident,4.601338075230287e-5,1.5591541361531155e-9,4.652114795796087e-8,0.0034426084171851907,6.544755835667164e-7,365,2023-06-07,4.4409949695998726e-8,houspa,House Sparrow
houspa,state,UGA-3108,Kibale,AF,Africa,resident,0.0027212710444650024,1.4258674199223453e-7,4.254421527194613e-6,0.03933378803331082,1.1563093391927576e-5,365,2023-06-07,4.187847929202518e-7,houspa,House Sparrow
houspa,state,UGA-3114,Sironko,AF,Africa,resident,0.013281779600572969,6.591455086538295e-8,1.9667206097767634e-6,0.035509294186111734,9.88707851525264e-7,365,2023-09-06,3.063785199061693e-7,houspa,House Sparrow
houspa,state,UGA-3115,Mbale,AF,Africa,resident,0.09400260916509286,6.228700192722458e-7,1.85848388259007e-5,0.24758535398637552,9.204143573434647e-6,365,2023-12-13,1.2284941613098153e-6,houspa,House Sparrow
houspa,state,UGA-3117,Bugiri,AF,Africa,resident,0.004079266508496527,5.1290324182221896e-8,1.5303713114471703e-6,0.03515298350061537,2.479798937902115e-6,365,2023-09-06,1.413480262934572e-7,houspa,House Sparrow
houspa,state,UGA-3118,Busia,AF,Africa,resident,0.005000482564211566,4.4601960277919754e-8,1.3308077406789697e-6,0.030731332187859083,1.5378866659264564e-6,365,2023-12-06,3.0914741385594884e-7,houspa,House Sparrow
houspa,state,UGA-3119,Butaleja,AF,Africa,resident,0.013100869445520035,1.0244547991070873e-7,3.0567095440026205e-6,0.041836126111256096,1.8354605773525936e-6,365,2023-12-13,2.1306953923228154e-7,houspa,House Sparrow
houspa,state,UGA-3120,Mayuge,AF,Africa,resident,0.01473548326459336,1.1893022100131757e-7,3.5485718054317745e-6,0.12616652242944715,5.713113999420232e-6,365,2023-02-22,4.879532753743024e-7,houspa,House Sparrow
houspa,state,UGA-3121,Tororo,AF,Africa,resident,0.01119792078658846,1.629336253355548e-7,4.861520176744048e-6,0.08450162716513729,6.898256148604341e-6,365,2023-09-06,5.887522174728071e-7,houspa,House Sparrow
houspa,state,UGA-3122,Katakwi,AF,Africa,resident,0.010025419602992594,2.930994344380643e-7,8.745333023667645e-6,0.026603100644688293,4.3636066443101614e-6,365,2023-03-01,7.252160802751015e-7,houspa,House Sparrow
houspa,state,UGA-3123,Kotido,AF,Africa,resident,0.0019062730021666427,8.249621718775935e-8,2.461474870748082e-6,0.005106656211179624,1.2398994689510574e-6,365,2023-10-11,1.4948841139503642e-7,houspa,House Sparrow
houspa,state,UGA-3125,Kaabong,AF,Africa,resident,2.102878994483288e-5,1.8456159484574734e-9,5.5068431414744086e-08,0.0012590080639598154,6.199497344755287e-7,365,2023-10-11,5.435648128794606e-8,houspa,House Sparrow
houspa,state,UGA-3127,Moroto,AF,Africa,resident,0.003243036911432709,9.180137954842052e-8,2.7391169748323023e-6,0.006072125685536589,9.64359544808826e-7,365,2023-09-06,1.437706000434764e-7,houspa,House Sparrow
houspa,state,UGA-3128,Nakapiripirit,AF,Africa,resident,8.374601077232167e-4,4.4557172399521256e-8,1.3294713856199117e-6,0.005648167252334905,1.6860170321887492e-6,365,2023-09-06,2.719896773567382e-7,houspa,House Sparrow
houspa,state,UGA-3361,Rakai,AF,Africa,resident,0.008865713979404295,3.6366543207731275e-7,1.0850840837716256e-5,0.04007458194735427,9.222702950486647e-6,365,2023-11-22,7.065416065496331e-7,houspa,House Sparrow
houspa,state,UGA-3362,Masaka,AF,Africa,resident,6.005752372331876e-5,9.88826407996255e-10,2.9504035915673723e-8,0.006711242450597298,6.199497344755287e-7,365,2023-02-22,6.044381657672213e-8,houspa,House Sparrow
houspa,state,UGA-3367,Kasese,AF,Africa,resident,0.01578555351066103,5.452180711248777e-7,1.6267904479755428e-5,0.08397264268544342,1.627230827560326e-5,365,2023-08-09,9.481676886339162e-7,houspa,House Sparrow
houspa,state,UGA-3368,Kamwenge,AF,Africa,resident,0.001385349169833828,4.2322815493991374e-8,1.2628039242170836e-6,0.01808465654609616,3.099748672377644e-6,365,2023-07-12,1.4919221156581356e-7,houspa,House Sparrow
houspa,state,UGA-3370,Isingiro,AF,Africa,resident,0.006114777876873126,2.066589329820481e-7,6.166170858394236e-6,0.017080114705926307,3.23865878953883e-6,365,2023-12-13,4.953647203757439e-7,houspa,House Sparrow
houspa,state,UGA-3371,Mbarara,AF,Africa,resident,0.0028267119587008804,2.0885873504261917e-7,6.231807292127818e-6,0.0190247205882768,7.886608623299091e-6,365,2023-12-13,5.539288230946454e-7,houspa,House Sparrow
houspa,state,UGA-3372,Ntungamo,AF,Africa,resident,7.328722562080576e-4,1.7340709489116852e-8,5.174021561650136e-7,0.0061007523299934285,8.09884133551339e-7,365,2023-12-13,1.2031667938840845e-7,houspa,House Sparrow
houspa,state,UGA-3373,Rukungiri,AF,Africa,resident,6.782674022068869e-4,1.4576930769013042e-8,4.349381099365613e-7,0.005141506832920153,6.199497344755287e-7,365,2023-12-13,6.897271727005967e-8,houspa,House Sparrow
houspa,state,UGA-3377,Kanungu,AF,Africa,resident,0.0021617118410649535,3.697910801496073e-8,1.103361441583902e-6,0.017759620878160166,1.7044852025458533e-6,365,2023-12-13,2.4755496779956076e-7,houspa,House Sparrow
houspa,state,UGA-5590,Ngora,AF,Africa,resident,0.005018607512444783,3.970063305748365e-8,1.184564746785583e-6,0.025263690575830177,1.1212744036222443e-6,365,2023-02-22,1.353003302894422e-7,houspa,House Sparrow
houspa,state,UGA-5591,Bukedea,AF,Africa,resident,0.006841496214289845,8.224395428921487e-8,2.453947994889325e-6,0.018903347342753903,1.274948145397584e-6,365,2023-09-06,2.202204377034632e-7,houspa,House Sparrow
houspa,state,UGA-5592,Luuka,AF,Africa,resident,0.003632100291543222,4.01932162741043e-8,1.199262162628353e-6,0.05294633512002182,3.2872425303269386e-6,365,2023-12-06,2.1236545086770746e-7,houspa,House Sparrow
houspa,state,UGA-5593,Buyende,AF,Africa,resident,0.014758708826810202,3.398004095906739e-7,1.0138769967763496e-5,0.07214482052574285,9.319263806578524e-6,365,2023-02-01,6.357159865246603e-7,houspa,House Sparrow
houspa,state,UGA-5594,Budaka,AF,Africa,resident,0.06543100259600558,4.1580775191186634e-7,1.2406633507374652e-5,0.1299373055063832,4.632802414628415e-6,365,2023-12-13,8.233170797943633e-7,houspa,House Sparrow
houspa,state,UGA-5595,Kibuku,AF,Africa,resident,0.012009840224325791,5.708333155491734e-8,1.703219746927482e-6,0.04649577347085742,1.2398994689510574e-6,365,2023-12-13,1.4841937794653276e-7,houspa,House Sparrow
houspa,state,UGA-5596,Serere,AF,Africa,resident,0.006964749189557636,1.3783158173809024e-7,4.1125397795101514e-6,0.07140019220962537,7.927633324018985e-6,365,2023-03-01,5.674154766678486e-7,houspa,House Sparrow
houspa,state,UGA-5597,Buikwe,AF,Africa,resident,4.257032315550048e-4,8.261757599764836e-9,2.4650959053975353e-7,0.010443419550638235,1.137127446975278e-6,365,2023-12-06,1.1064728730810274e-7,houspa,House Sparrow
houspa,state,UGA-5598,Buvuma,AF,Africa,resident,0.011747709854673404,1.0191647629905745e-7,3.0409254372762355e-6,0.1463915896317849,7.125383270741163e-6,365,2023-07-05,5.421217328639462e-7,houspa,House Sparrow
houspa,state,UGA-5599,Butambala,AF,Africa,resident,1.9915533895843832e-4,1.136741190520544e-9,3.3917432464112404e-8,0.01935913371461435,6.199497344755287e-7,365,2023-07-12,2.3617848004817978e-8,houspa,House Sparrow
houspa,state,UGA-5601,Amuru,AF,Africa,resident,2.1583372898211335e-4,9.926223246363342e-9,2.961729630190142e-7,0.004805303632115476,1.2398994689510574e-6,365,2023-12-06,1.0807681506312739e-7,houspa,House Sparrow
houspa,state,UGA-5602,Kyankwanzi,AF,Africa,resident,0.002125606546817313,6.554269194157586e-8,1.9556252962264304e-6,0.017471539521893717,3.0225499424557956e-6,365,2023-12-06,1.6369694599314716e-7,houspa,House Sparrow
houspa,state,UGA-5604,Apac,AF,Africa,resident,0.016003104271141197,6.459080105793268e-7,1.927223321328004e-5,0.07645157532156355,1.7312260943475665e-5,365,2023-08-30,1.149992158710738e-6,houspa,House Sparrow
houspa,state,UGA-5605,Kole,AF,Africa,resident,0.007263930437344736,6.526308948490013e-8,1.947282678293534e-6,0.04503012902349683,2.26986515939279e-6,365,2023-09-13,2.84197757343917e-7,houspa,House Sparrow
houspa,state,UGA-5608,Agago,AF,Africa,resident,4.110294692975866e-4,1.5635148883026684e-8,4.665126158255599e-7,0.0029048686693182476,6.199497344755287e-7,365,2023-12-13,6.693726287723848e-8,houspa,House Sparrow
houspa,state,UGA-5609,Kiryandongo,AF,Africa,resident,0.009851611745060397,4.302913434633756e-7,1.2838786615208412e-5,0.028814358102980553,7.060983320161077e-6,365,2023-12-06,7.940635060164146e-7,houspa,House Sparrow
houspa,state,UGA-5612,Kween,AF,Africa,resident,0.012148357236167535,1.1088319210745485e-7,3.30846916701206e-6,0.021575911732081184,1.1048879505460115e-6,365,2023-12-13,2.194639051733913e-7,houspa,House Sparrow
houspa,state,UGA-5613,Bulambuli,AF,Africa,resident,0.002116111415643047,1.7460808855554074e-8,5.209856122622206e-7,0.013782301269285374,6.380408458533641e-7,365,2023-10-18,1.3259367206561893e-7,houspa,House Sparrow
houspa,state,UGA-5614,Namayingo,AF,Africa,resident,0.021994385922004037,2.584490677242836e-7,7.711455231016175e-6,0.13632407404816516,8.98745234122747e-6,365,2023-07-05,5.287187310048808e-7,houspa,House Sparrow
houspa,state,UGA-5615,Napak,AF,Africa,resident,0.005021918541391165,3.727689157167761e-7,1.11224653676484e-5,0.014800856319899296,6.163931224064873e-6,365,2023-12-13,7.396998160338886e-7,houspa,House Sparrow
houspa,state,UGA-5616,Amudat,AF,Africa,resident,0.0012048407315501091,2.2641022164153547e-8,6.755498494952018e-7,0.005880160420769568,6.199497344755287e-7,365,2023-12-13,6.611425825090355e-8,houspa,House Sparrow
houspa,state,UGA-5617,Lwengo,AF,Africa,resident,8.005214306237679e-4,1.2229405993418725e-8,3.648940104546117e-7,0.01446615648766105,1.2398994689510574e-6,365,2023-12-06,9.492135786520092e-8,houspa,House Sparrow
houspa,state,UGA-5618,Lyantonde,AF,Africa,resident,0.0042170512821172014,5.1914297896299265e-8,1.548989081686418e-6,0.01250760467622371,8.638794910655592e-7,365,2023-12-13,1.325836903261929e-7,houspa,House Sparrow
houspa,state,UGA-5620,Kalungu,AF,Africa,resident,0.003858145066823866,3.666226841018829e-8,1.0939077629572794e-6,0.02325652268059375,1.2398994689510574e-6,365,2023-12-06,1.1854414889025933e-7,houspa,House Sparrow
houspa,state,UGA-5621,Rubirizi,AF,Africa,resident,0.008046965258507411,1.2046763420900026e-7,3.594444260020258e-6,0.03977415902342324,3.340720761521977e-6,365,2023-08-16,3.881521984914454e-7,houspa,House Sparrow
houspa,state,UGA-5625,Nwoya,AF,Africa,resident,0.0012986989911252132,7.253710501921124e-8,2.1643205869092353e-6,0.007338813473571573,2.2997386295178544e-6,365,2023-01-25,2.882977042367081e-7,houspa,House Sparrow
houspa,state,UKR-284,Mykolayiv,EU,Europe,resident,0.5019918500868716,1.4970794190428063e-4,0.0020455462635079772,0.4377721194244188,7.324823894030626e-4,365,2023-08-02,5.072003352585237e-4,houspa,House Sparrow
houspa,state,UKR-285,Chernihiv,EU,Europe,resident,0.00488713236843613,1.905228604748256e-6,2.6032241202428e-5,0.04671991517356689,1.0218707117820476e-4,365,2023-06-07,1.907334588720675e-5,houspa,House Sparrow
houspa,state,UKR-286,Rivne,EU,Europe,resident,0.03646540252147998,9.0853688827918e-6,1.2413865379746445e-4,0.07772070530167526,1.0864236259747792e-4,365,2023-03-15,3.976895418450934e-5,houspa,House Sparrow
houspa,state,UKR-288,Chernivtsi,EU,Europe,resident,0.6405104940449415,6.412249621423204e-5,8.761427808665661e-4,0.4152523510978795,2.3323686006302812e-4,365,2023-10-11,1.703946790156363e-4,houspa,House Sparrow
houspa,state,UKR-289,Ivano-Frankivs'k,EU,Europe,resident,0.0792440494698295,1.352890527627176e-5,1.848532635290991e-4,0.17802048011793922,1.7051668409238848e-4,365,2023-06-21,6.541165569439037e-5,houspa,House Sparrow
houspa,state,UKR-290,Khmel'nyts'kyy,EU,Europe,resident,0.28851136741172767,7.246670262431717e-5,9.90154502803149e-4,0.3077425149088593,4.3367459844251857e-4,365,2023-03-29,2.1543116071487403e-4,houspa,House Sparrow
houspa,state,UKR-291,L'viv,EU,Europe,resident,0.10820107795712494,2.9061709607034755e-5,3.970869597274454e-4,0.2508924475704469,3.780750991486891e-4,365,2023-06-14,1.0908292229848476e-4,houspa,House Sparrow
houspa,state,UKR-292,Ternopil',EU,Europe,resident,0.18107206523386943,3.10877026628553e-5,4.247692755252042e-4,0.2656858198931229,2.5592131907195494e-4,365,2023-03-22,1.0922496999082508e-4,houspa,House Sparrow
houspa,state,UKR-293,Transcarpathia,EU,Europe,resident,0.10781448651206248,1.7172045260034203e-5,2.3463159383295523e-4,0.15100216283108744,1.3493635935761064e-4,365,2023-07-05,7.763246290200575e-5,houspa,House Sparrow
houspa,state,UKR-318,Volyn,EU,Europe,resident,0.02387741637605907,5.818575433324918e-6,7.950256402687729e-5,0.07359613371246372,1.006202173421626e-4,365,2023-03-15,2.8970954881247496e-5,houspa,House Sparrow
houspa,state,UKR-319,Cherkasy,EU,Europe,resident,0.27025165624707376,6.886071303927988e-5,9.408837799002994e-4,0.32090017844056334,4.587478320254848e-4,365,2023-06-21,1.601970009990659e-4,houspa,House Sparrow
houspa,state,UKR-320,Kirovohrad,EU,Europe,resident,0.19914084753102657,5.921531712127976e-5,8.090931525684832e-4,0.21721771291883157,3.623847056241515e-4,365,2023-09-20,1.6153844204457187e-4,houspa,House Sparrow
houspa,state,UKR-321,Kiev,EU,Europe,resident,0.10345296735476628,3.403702859378997e-5,4.65067622834981e-4,0.1578475489034197,2.9137175169081974e-4,365,2023-06-07,9.149469926411908e-5,houspa,House Sparrow
houspa,state,UKR-322,Odessa,EU,Europe,resident,1.4931034289859073,6.275032879489572e-4,0.008573940631844714,0.6529226038606083,0.0015395320408049065,365,2023-08-02,0.0019619443552301094,houspa,House Sparrow
houspa,state,UKR-323,Vinnytsya,EU,Europe,resident,0.5493570066297504,1.7986029313357425e-4,0.0024575352910005672,0.3665188240137432,6.732522731263519e-4,365,2023-10-11,4.1395222292934456e-4,houspa,House Sparrow
houspa,state,UKR-324,Zhytomyr,EU,Europe,resident,0.010473822148850922,3.826762577796747e-6,5.22872720897412e-5,0.03398528231094435,6.966555802667549e-5,365,2023-06-07,2.076790251527573e-5,houspa,House Sparrow
houspa,state,UKR-325,Sumy,EU,Europe,resident,0.002495263395548462,7.175429998644626e-7,9.804205332122652e-6,0.010648782641287486,1.718036608785931e-5,365,2023-06-14,3.693973581625341e-6,houspa,House Sparrow
houspa,state,UKR-326,Dnipropetrovs'k,EU,Europe,resident,0.20361989250431192,7.9069078635898e-5,0.0010803665878066212,0.2391854222585443,5.211012276976501e-4,365,2023-08-02,2.3519800526254877e-4,houspa,House Sparrow
houspa,state,UKR-327,Donets'k,EU,Europe,resident,0.11751837360272233,3.881167685333465e-5,5.303064056453219e-4,0.12672597111049344,2.3481356241538873e-4,365,2023-08-02,1.320796658901788e-4,houspa,House Sparrow
houspa,state,UKR-328,Kharkiv,EU,Europe,resident,0.01189223063187912,4.5830804412434905e-6,6.262128082647868e-5,0.028725001132803015,6.210908431307219e-5,365,2023-07-19,1.8732379330504205e-5,houspa,House Sparrow
houspa,state,UKR-329,Luhans'k,EU,Europe,resident,0.08002002821956906,2.5848576990931983e-5,3.531840689828316e-4,0.1160837684040737,2.103828588505609e-4,365,2023-07-19,1.0005283934800828e-4,houspa,House Sparrow
houspa,state,UKR-330,Poltava,EU,Europe,resident,0.10980699803521182,3.7947737661962906e-5,5.185019044122579e-4,0.2258304230944844,4.378639939136393e-4,365,2023-06-07,1.2707459337659533e-4,houspa,House Sparrow
houspa,state,UKR-331,Zaporizhzhya,EU,Europe,resident,0.18130059538524324,6.0747312803922846e-5,8.300256963232064e-4,0.19223794968066563,3.613831357640475e-4,365,2023-08-02,2.290492384663087e-4,houspa,House Sparrow
houspa,state,UKR-4826,Kiev City,EU,Europe,resident,0.7599123652831837,1.5319213537098296e-5,2.093152815548541e-4,0.4283293433206776,4.844530572440723e-5,365,2023-03-22,2.235221115878691e-5,houspa,House Sparrow
houspa,state,UKR-4827,Kherson,EU,Europe,resident,0.2764302070911431,9.584358875257672e-5,0.0013095664288764275,0.3477813371686105,6.765264112491006e-4,365,2023-07-19,4.65258796817089e-4,houspa,House Sparrow
houspa,state,URY-10,Salto,SA,South America,resident,0.01466193636347785,2.575848250258507e-6,1.422607884285887e-4,0.015454548863199946,1.5233026264760974e-5,365,2023-12-13,6.60933567823154e-6,houspa,House Sparrow
houspa,state,URY-11,Soriano,SA,South America,resident,0.5390497127711364,6.0710991272159096e-5,0.003352990023302711,0.5131838954210066,3.2427423173638577e-4,365,2023-12-27,2.0530668887449707e-4,houspa,House Sparrow
houspa,state,URY-12,Cerro Largo,SA,South America,resident,0.08219573543707605,1.3852868435344526e-5,7.650761202302365e-4,0.04749434303909517,4.490898336744409e-5,365,2023-12-20,3.103807773678037e-5,houspa,House Sparrow
houspa,state,URY-13,Durazno,SA,South America,resident,0.05676957331919352,8.291232117392196e-6,4.579140941032828e-4,0.07091599022809053,5.810968618706228e-5,365,2023-12-27,2.4602351418219075e-5,houspa,House Sparrow
houspa,state,URY-14,Rivera,SA,South America,resident,0.010279749245927556,1.1827397432520975e-6,6.532119598426809e-5,0.003767237066919375,2.431815012245493e-6,365,2023-01-04,2.6264841565823376e-6,houspa,House Sparrow
houspa,state,URY-15,Tacuarembó,SA,South America,resident,0.011696864889612177,2.279750010736876e-6,1.2590766319986568e-4,0.006982082351759965,7.634904954471021e-6,365,2023-12-13,4.48584294571782e-6,houspa,House Sparrow
houspa,state,URY-16,Treinta y Tres,SA,South America,resident,0.20172684290901344,2.33017288092054e-5,0.001286924535175564,0.16638162408467463,1.078277954449542e-4,365,2023-12-20,6.260710189405323e-5,houspa,House Sparrow
houspa,state,URY-17,Canelones,SA,South America,resident,0.7392845420316752,4.304693239685873e-5,0.002377426753146152,0.6015241755318338,1.9650996775244213e-4,365,2023-12-27,1.0008922217636344e-4,houspa,House Sparrow
houspa,state,URY-18,Florida,SA,South America,resident,0.1033184076217152,1.3224545472326024e-5,7.303746504919364e-4,0.1343664294864414,9.649276295616049e-5,365,2023-12-27,4.219589063200318e-5,houspa,House Sparrow
houspa,state,URY-19,Lavalleja,SA,South America,resident,0.03319334534764944,4.133645502828931e-6,2.2829592863543783e-4,0.04409517602847541,3.080875868638472e-5,365,2023-12-27,1.2588347368453657e-5,houspa,House Sparrow
houspa,state,URY-20,Maldonado,SA,South America,resident,0.03830086613447582,2.36699878905496e-6,1.3072630109583496e-4,0.03724674592831903,1.2914532576067284e-5,365,2023-12-27,5.8384797121632455e-6,houspa,House Sparrow
houspa,state,URY-21,Montevideo,SA,South America,resident,2.391986239846839,2.0451448672708783e-5,0.0011295072263648991,0.6894915100512363,3.30746485090122e-5,365,2023-12-27,3.491616553818531e-5,houspa,House Sparrow
houspa,state,URY-22,Rocha,SA,South America,resident,0.05989888870840785,8.208063243145392e-6,4.5332078406575216e-4,0.05718263886802748,4.396297131721065e-5,365,2023-12-27,2.22276618552196e-5,houspa,House Sparrow
houspa,state,URY-4,Colonia,SA,South America,resident,0.6272621066620452,5.219754590409522e-5,0.002882803376949248,0.5596694645009589,2.612964805346602e-4,365,2023-12-27,1.898722946059953e-4,houspa,House Sparrow
houspa,state,URY-5,San José,SA,South America,resident,0.519012058964895,3.2826108087041495e-5,0.0018129437621319249,0.4701613236405837,1.668359973994314e-4,365,2023-12-27,9.26028725786956e-5,houspa,House Sparrow
houspa,state,URY-6,Artigas,SA,South America,resident,0.0113890985870735,1.7037782289618158e-6,9.409748192085753e-5,0.008728765840826646,7.326178069968335e-6,365,2023-01-04,5.023912260081175e-6,houspa,House Sparrow
houspa,state,URY-7,Flores,SA,South America,resident,0.18019547871151292,1.134473273701854e-5,6.265550090219443e-4,0.23549103018778425,8.318129241136765e-5,365,2023-12-27,4.447304114004583e-5,houspa,House Sparrow
houspa,state,URY-8,Paysandú,SA,South America,resident,0.038987437251755734,6.728898668403903e-6,3.716284255981117e-4,0.04524643352565199,4.3813158921005935e-5,365,2023-12-27,2.1187306773033045e-5,houspa,House Sparrow
houspa,state,URY-9,Río Negro,SA,South America,resident,0.07419313347085482,8.999699739928986e-6,4.970418503863235e-4,0.11853931130735648,8.067289116291274e-5,365,2023-12-27,3.860353471509847e-5,houspa,House Sparrow
houspa,state,USA-AL,Alabama,NA,North America,resident,0.024675465912636415,4.0866710428873686e-5,8.419601594579143e-4,0.05920186823788382,5.500987346677677e-4,365,2023-02-22,6.644776426558536e-5,houspa,House Sparrow
houspa,state,USA-AR,Arkansas,NA,North America,resident,0.23196118855755612,3.916998189833743e-4,0.008070031538869996,0.20942204770412853,0.0019840899728056226,365,2023-08-09,5.252563784988031e-4,houspa,House Sparrow
houspa,state,USA-AZ,Arizona,NA,North America,resident,0.20329859070128165,7.36455596125015e-4,0.015172894139015252,0.06954696597534354,0.001413485318738907,365,2023-04-05,0.0010442248955137806,houspa,House Sparrow
houspa,state,USA-CA,California,NA,North America,resident,0.5395333052723004,0.002756610153441863,0.05679331416691137,0.17482588619544007,0.005011453974594716,365,2023-04-05,0.0035293517333858772,houspa,House Sparrow
houspa,state,USA-CO,Colorado,NA,North America,resident,0.6061454654930359,0.002003397016767096,0.04127517125780125,0.2010139949560425,0.003727497595977504,365,2023-12-20,0.003831290083129231,houspa,House Sparrow
houspa,state,USA-CT,Connecticut,NA,North America,resident,1.1140486259246212,1.836939183403965e-4,0.003784570843951629,0.36623383790469327,3.388051584271599e-4,365,2023-01-25,3.482350123334636e-4,houspa,House Sparrow
houspa,state,USA-DC,District of Columbia,NA,North America,resident,7.179167475594531,1.482844814948384e-5,3.055044665310714e-4,1,1.1588374807258684e-5,365,2023-12-20,3.3744949370095986e-5,houspa,House Sparrow
houspa,state,USA-DE,Delaware,NA,North America,resident,0.4680705947619061,3.2685770572342706e-5,6.734115937956825e-4,0.5505969142998111,2.157158504677193e-4,365,2023-07-12,5.11507487647666e-5,houspa,House Sparrow
houspa,state,USA-FL,Florida,NA,North America,resident,0.041577120188219824,8.109915262387966e-5,0.00167085274930423,0.060095124957736,6.576609706947519e-4,365,2023-04-05,1.192120092027627e-4,houspa,House Sparrow
houspa,state,USA-GA,Georgia,NA,North America,resident,0.02941846921046322,5.5438826556875265e-5,0.0011421835219457082,0.06658659824626828,7.040146591023018e-4,365,2023-02-22,8.922214681973529e-5,houspa,House Sparrow
houspa,state,USA-HI,Hawaii,NA,North America,resident,0.509876348400404,1.3290715786789465e-4,0.0027382319412841186,0.1331072488342518,1.94664216625316e-4,365,2023-01-25,1.7870301260090968e-4,houspa,House Sparrow
houspa,state,USA-IA,Iowa,NA,North America,resident,1.163014228929098,0.002076830161728511,0.042788084379321446,0.6366598381067763,0.006378584655772417,365,2023-12-20,0.0050810151473693835,houspa,House Sparrow
houspa,state,USA-ID,Idaho,NA,North America,resident,0.6114514432538883,0.001622986317563768,0.033437724847276494,0.1082896297776546,0.0016126520319650077,365,2023-12-27,0.0038406201788856458,houspa,House Sparrow
houspa,state,USA-IL,Illinois,NA,North America,resident,1.2819639019605984,0.002303090769712212,0.047449639360815754,0.6018826828275007,0.0060666371693350474,365,2023-01-18,0.004816778693466037,houspa,House Sparrow
houspa,state,USA-IN,Indiana,NA,North America,resident,1.1918392377459013,0.001375575592022895,0.028340422623978057,0.5549100365201518,0.0035932735196601505,365,2023-12-20,0.0027610567320396186,houspa,House Sparrow
houspa,state,USA-KS,Kansas,NA,North America,resident,0.5850373106430362,0.0015286942038421265,0.03149506290381345,0.2540740503373887,0.003724759881188901,365,2023-12-27,0.003531086306186379,houspa,House Sparrow
houspa,state,USA-KY,Kentucky,NA,North America,resident,0.11375783764179676,1.460609301307563e-4,0.0030092337438683385,0.16272616428512204,0.001172225153899829,365,2023-12-27,2.288578670358716e-4,houspa,House Sparrow
houspa,state,USA-LA,Louisiana,NA,North America,resident,0.1754099203566463,2.693802296093189e-4,0.005549930951046766,0.15662817874601015,0.0013495294939014576,365,2023-05-31,3.9102304283027427e-4,houspa,House Sparrow
houspa,state,USA-MA,Massachusetts,NA,North America,resident,1.0200595556089984,3.0063768821952507e-4,0.006193915616303897,0.3181367324202933,5.260567843056626e-4,365,2023-01-25,5.887109180921745e-4,houspa,House Sparrow
houspa,state,USA-MD,Maryland,NA,North America,resident,0.5853915148218514,2.141086053542681e-4,0.004411192229899273,0.34127697723734307,7.003185112737727e-4,365,2023-01-25,3.333012284579971e-4,houspa,House Sparrow
houspa,state,USA-ME,Maine,NA,North America,resident,0.029524641496750263,3.225531659840849e-5,6.645431262158481e-4,0.02736867896544158,1.677534368428744e-4,365,2023-12-20,7.424939275738356e-5,houspa,House Sparrow
houspa,state,USA-MI,Michigan,NA,North America,resident,0.6482588566663474,0.0012940597166400023,0.02666098430571204,0.31028932631374045,0.0034751504453147237,365,2023-01-25,0.002762167316803923,houspa,House Sparrow
houspa,state,USA-MN,Minnesota,NA,North America,resident,0.3403757355763653,9.072198024371952e-4,0.01869107940197012,0.3063752112387684,0.004581508188638481,365,2023-01-18,0.003564873240999895,houspa,House Sparrow
houspa,state,USA-MO,Missouri,NA,North America,resident,0.28320097474538225,6.275189148010903e-4,0.012928516144903344,0.271397327990027,0.0033739493585520294,365,2023-05-24,8.884102794653637e-4,houspa,House Sparrow
houspa,state,USA-MS,Mississippi,NA,North America,resident,0.08215145192281358,1.258054419820604e-4,0.0025919181867168524,0.10333041233098356,8.877961592597518e-4,365,2023-05-24,2.1380325595382415e-4,houspa,House Sparrow
houspa,state,USA-MT,Montana,NA,North America,resident,0.08336395800604492,3.8827630819827366e-4,0.007999498343115323,0.029257822266733284,7.64549269854154e-4,365,2023-12-20,0.0010554690014279715,houspa,House Sparrow
houspa,state,USA-NC,North Carolina,NA,North America,resident,0.04987898445632864,8.2224323890826e-5,0.001694034193795203,0.16585362788157887,0.0015339408007950513,365,2023-05-24,1.3821027301778803e-4,houspa,House Sparrow
houspa,state,USA-ND,North Dakota,NA,North America,resident,0.360311628057189,8.07925104669812e-4,0.01664535126069835,0.31596180018615805,0.003974919335528752,365,2023-01-04,0.002893785870869262,houspa,House Sparrow
houspa,state,USA-NE,Nebraska,NA,North America,resident,0.29177401598024266,7.199269214483011e-4,0.014832360599114726,0.12640886807612448,0.0017499283160876788,365,2023-12-20,0.0014092020878719025,houspa,House Sparrow
houspa,state,USA-NH,New Hampshire,NA,North America,resident,0.13979599299512674,4.1756646668857275e-5,8.602951526751457e-4,0.07981532735273252,1.3375748850770307e-4,365,2023-01-25,1.1874993719735244e-4,houspa,House Sparrow
houspa,state,USA-NJ,New Jersey,NA,North America,resident,0.8261310289449444,2.1598108706481325e-4,0.0044497702065224845,0.29742800171615036,4.362641805963413e-4,365,2023-12-20,3.12296705757089e-4,houspa,House Sparrow
houspa,state,USA-NM,New Mexico,NA,North America,resident,0.18062080851247575,6.987063335486869e-4,0.01439516148560041,0.07231866421784976,0.001569561035894656,365,2023-01-25,9.853580796557555e-4,houspa,House Sparrow
houspa,state,USA-NV,Nevada,NA,North America,resident,0.1079475580310248,3.801691816709679e-4,0.007832470523355867,0.041745773076002274,8.248548053195418e-4,365,2023-12-20,7.66944281840804e-4,houspa,House Sparrow
houspa,state,USA-NY,New York,NA,North America,resident,0.4349893268573976,6.994523471708187e-4,0.014410531299849124,0.2523905180409878,0.002276949932024935,365,2023-02-15,0.001181363556477352,houspa,House Sparrow
houspa,state,USA-OH,Ohio,NA,North America,resident,1.3440684067605515,0.0017824281253623398,0.036722639353717806,0.6097432616230177,0.004536684505264725,365,2023-12-20,0.003373848588721026,houspa,House Sparrow
houspa,state,USA-OK,Oklahoma,NA,North America,resident,0.1881226434971533,4.1721677582757974e-4,0.008595746988632465,0.1531599886590867,0.0019057543966081991,365,2023-05-31,6.170934957459084e-4,houspa,House Sparrow
houspa,state,USA-OR,Oregon,NA,North America,resident,0.19284019891122195,6.009328046905975e-4,0.012380773366659542,0.08202812733789515,0.0014341416671008102,365,2023-12-27,0.0012975456230453295,houspa,House Sparrow
houspa,state,USA-PA,Pennsylvania,NA,North America,resident,0.4916124105441894,7.102290239349417e-4,0.014632558773837751,0.27666891118128667,0.002242522732061439,365,2023-01-25,0.0011737980834336632,houspa,House Sparrow
houspa,state,USA-RI,Rhode Island,NA,North America,resident,1.2835093587583173,5.620832652740495e-5,0.0011580372158469497,0.4231342524220138,1.0396345725599549e-4,365,2023-01-25,1.169759090158998e-4,houspa,House Sparrow
houspa,state,USA-SC,South Carolina,NA,North America,resident,0.02760988452186641,2.7757864351562992e-5,5.718839527426395e-4,0.05998542146225854,3.383514862685083e-4,365,2023-02-22,3.990987827236579e-5,houspa,House Sparrow
houspa,state,USA-SD,South Dakota,NA,North America,resident,0.2724568550064778,6.66556385390476e-4,0.013732789222362755,0.2181283573308419,0.0029940027701911547,365,2023-01-04,0.0025980227070835395,houspa,House Sparrow
houspa,state,USA-TN,Tennessee,NA,North America,resident,0.08405750532212786,1.1279842350063712e-4,0.002323939892409277,0.1716835024397409,0.0012925757763810226,365,2023-02-22,1.8484504207474565e-4,houspa,House Sparrow
houspa,state,USA-TX,Texas,NA,North America,resident,0.4825390213929573,0.004103250522182926,0.08453759619252335,0.24071663987254355,0.011484249572919936,365,2023-02-22,0.0057435369912780245,houspa,House Sparrow
houspa,state,USA-UT,Utah,NA,North America,resident,0.21908998260656684,5.842566305814575e-4,0.012037200956139336,0.058218966327111994,8.710569179479695e-4,365,2023-12-27,0.0011389348588158423,houspa,House Sparrow
houspa,state,USA-VA,Virginia,NA,North America,resident,0.11698869236878692,1.5513436866199844e-4,0.003196170095544902,0.1327368380260033,9.875441459650082e-4,365,2023-01-25,2.3219511436487096e-4,houspa,House Sparrow
houspa,state,USA-VT,Vermont,NA,North America,resident,0.10967305456121457,3.300386164801004e-5,6.799650944317842e-4,0.10889057121493582,1.838467722890505e-4,365,2023-01-18,1.0283018046199618e-4,houspa,House Sparrow
houspa,state,USA-WA,Washington,NA,North America,resident,0.37214418525638526,8.23802721534147e-4,0.016972471322152134,0.1449802246141902,0.0018006183352547614,365,2023-12-27,0.001533921630080273,houspa,House Sparrow
houspa,state,USA-WI,Wisconsin,NA,North America,resident,0.9312134239471436,0.0016978916844329996,0.0349809695560288,0.44584389795255447,0.00456083641460429,365,2023-01-18,0.0035358850066151116,houspa,House Sparrow
houspa,state,USA-WV,West Virginia,NA,North America,resident,0.09107826658876882,7.015383804737792e-5,0.001445350899279194,0.08850592787751943,3.824810772806761e-4,365,2023-01-25,1.1609467629028792e-4,houspa,House Sparrow
houspa,state,USA-WY,Wyoming,NA,North America,resident,0.08830659275913473,2.7477702545131025e-4,0.005661118933636978,0.035894016686069535,6.266286756538566e-4,365,2023-12-27,6.047417610197169e-4,houspa,House Sparrow
houspa,state,UZB-354,Bukhoro,AS,Asia,resident,1.9099469239910856,9.42061362143544e-4,0.001159887518739756,0.9828571875608356,0.002719876760369762,365,2023-05-03,0.0038029523853577575,houspa,House Sparrow
houspa,state,UZB-355,Khorezm,AS,Asia,resident,2.046775516489699,1.7835523324200885e-4,2.1959504683284373e-4,0.9985611715720212,4.881926463206385e-4,365,2023-05-03,9.527837205555344e-4,houspa,House Sparrow
houspa,state,UZB-356,Karakalpakstan,AS,Asia,resident,0.6042340786045519,0.0012101109165343297,0.0014899162674342089,0.7701295665064621,0.008653358074264154,365,2023-05-10,0.008573606163797634,houspa,House Sparrow
houspa,state,UZB-357,Navoi,AS,Asia,resident,0.6417757435165632,8.670220563873524e-4,0.0010674974073743345,0.7273050459296491,0.005512700051017735,365,2023-05-10,0.005905041597627578,houspa,House Sparrow
houspa,state,UZB-358,Samarkand,AS,Asia,resident,1.1366004361272193,2.30425045559545e-4,2.8370459196142234e-4,0.7925066581718776,9.014169046685892e-4,365,2023-06-14,8.753393100020349e-4,houspa,House Sparrow
houspa,state,UZB-361,Kashkadarya,AS,Asia,resident,1.629235557512103,5.832104320478275e-4,7.180620372667639e-4,0.8347629076991263,0.0016765073512426216,365,2023-06-14,0.0018983061970820597,houspa,House Sparrow
houspa,state,UZB-362,Surkhandarya,AS,Asia,resident,1.0001412901211444,2.3841733914309617e-4,2.9354488681500996e-4,0.7321830943090156,9.79257917619334e-4,365,2023-06-14,9.539839102070804e-4,houspa,House Sparrow
houspa,state,UZB-363,Andijon,AS,Asia,resident,1.0841719239113272,5.736107624857886e-5,7.062427043055864e-5,0.9691542602645132,2.876821786833333e-4,365,2023-06-14,1.818832259265012e-4,houspa,House Sparrow
houspa,state,UZB-364,Ferghana,AS,Asia,resident,1.0900701804025266,9.75165859624786e-5,1.2006465340073766e-4,0.8800797618863807,4.417199131924744e-4,365,2023-06-14,2.7936625270072793e-4,houspa,House Sparrow
houspa,state,UZB-365,Namangan,AS,Asia,resident,0.5559399516974866,5.2140649334317786e-5,6.419676128554194e-5,0.6151990110543533,3.2371669222034755e-4,365,2023-06-14,1.915421336986343e-4,houspa,House Sparrow
houspa,state,UZB-370,Jizzakh,AS,Asia,resident,0.6663078482288025,1.6383591029247368e-4,2.0171852397938707e-4,0.7056500581339695,9.734742461164288e-4,365,2023-06-14,6.540786338943248e-4,houspa,House Sparrow
houspa,state,UZB-371,Sirdaryo,AS,Asia,resident,1.9878366694002416,1.1802778226185002e-4,1.453185079139185e-4,0.994749379533939,3.3137377943859823e-4,365,2023-06-14,3.628695771662792e-4,houspa,House Sparrow
houspa,state,UZB-372,Tashkent,AS,Asia,resident,0.8089305098775146,1.506813515346909e-4,1.8552233004679255e-4,0.532542985031468,5.565495995109351e-4,365,2023-06-14,4.48070696159229e-4,houspa,House Sparrow
houspa,state,VCT-5063,Charlotte,NA,North America,resident,0.14946346715657272,3.6775053217270633e-7,7.576614155126611e-6,0.521743762473894,7.2023867490283535e-6,365,2023-11-01,7.295021504636803e-7,houspa,House Sparrow
houspa,state,VCT-5064,Grenadines,NA,North America,resident,0.11084744751591372,6.61416492898842e-7,1.3626894114671504e-5,0.25925925925925924,8.679296282657403e-6,365,2023-11-01,9.84554861290465e-7,houspa,House Sparrow
houspa,state,VCT-5065,Saint Andrew,NA,North America,resident,0.5333722459615253,3.211463180269382e-7,6.6164465477564295e-6,0.5430275909255373,1.8344055057203557e-6,365,2023-11-01,6.762362718496984e-7,houspa,House Sparrow
houspa,state,VCT-5066,Saint David,NA,North America,resident,0.09873228723983096,1.8249673122287321e-7,3.7599056862770178e-6,0.3711319865432819,3.848798665510335e-6,365,2023-10-25,3.8454468777768105e-7,houspa,House Sparrow
houspa,state,VCT-5067,Saint George,NA,North America,resident,0.7156957130132864,1.2596079123797192e-6,2.5951187840467152e-5,0.673884540775517,6.6541620460956575e-6,365,2023-11-01,2.640357336532181e-6,houspa,House Sparrow
houspa,state,VCT-5068,Saint Patrick,NA,North America,resident,0.1058318644794686,1.0090317560524072e-7,2.078866953831788e-6,0.5194112188093316,2.7784374747643326e-6,365,2023-10-25,2.8864002909829613e-7,houspa,House Sparrow
houspa,state,VEN-23,Falcón,SA,South America,resident,0.028969296693618588,1.0734692080707077e-5,5.928632475869867e-4,0.028162120229520103,5.8548787156320014e-5,365,2023-03-29,1.711547852698078e-5,houspa,House Sparrow
houspa,state,VEN-31,Zulia,SA,South America,resident,0.003513940590831379,2.0477193526960203e-6,1.130929081578388e-4,0.010724569055705156,3.506362274948482e-5,365,2023-02-22,4.345530187994917e-6,houspa,House Sparrow
houspa,state,VEN-33,Carabobo,SA,South America,resident,0.0030096026482340425,1.8676938594249106e-7,1.0315033152995576e-5,0.0035611398427989236,1.2398994689510574e-6,365,2023-01-18,2.7468454146348434e-7,houspa,House Sparrow
houspa,state,VEN-40,Anzoátegui,SA,South America,resident,0.0016747453587734314,9.6776443174375e-7,5.344838581201131e-5,0.0037991946590876656,1.231723804165412e-5,365,2023-12-20,1.28785250104279e-6,houspa,House Sparrow
houspa,state,VEN-42,Vargas,SA,South America,resident,0.030572142582363817,5.405175368216715e-7,2.9852088895381448e-5,0.06874867554461013,6.819447079230816e-6,365,2023-05-10,7.121231976582976e-7,houspa,House Sparrow
houspa,state,VEN-44,Dependencias Federales,SA,South America,resident,0.18345515988767147,2.5947496629744596e-6,1.4330468916113985e-4,0.046875,3.719698406853172e-6,365,2023-07-26,2.287825666075688e-6,houspa,House Sparrow
houspa,state,VEN-47,Miranda,SA,South America,resident,6.601922255598978e-7,7.719067356892595e-11,4.263141697166041e-9,3.5792201512689726e-5,2.3479224682232384e-8,0,2023-04-26,3.493097665657947e-8,houspa,House Sparrow
houspa,state,VEN-49,Sucre,SA,South America,resident,2.600360593808301e-4,4.1635668910986955e-8,2.2994844845515445e-6,0.0014451102750455591,1.2981768921252804e-6,365,2023-03-29,9.00150906783208e-8,houspa,House Sparrow
houspa,state,VIR-4868,Saint Thomas,NA,North America,resident,0.1865769699215889,6.59725965352055e-7,1.3592064865438488e-5,0.21875,4.339648141328701e-6,365,2023-12-20,8.577273789976668e-7,houspa,House Sparrow
houspa,state,VIR-4870,Saint Croix,NA,North America,resident,0.011606466351893913,7.310219805467516e-8,1.506094757442278e-6,0.017543859649122806,6.199497344755287e-7,365,2023-03-22,1.75031181195195e-7,houspa,House Sparrow
houspa,state,VNM-444,Tây Ninh,AS,Asia,resident,1.1649300168582972,6.048218076090482e-5,7.446704576771083e-5,0.3140136221177845,9.146964833882012e-5,365,2023-10-04,1.3999615517974086e-4,houspa,House Sparrow
houspa,state,VNM-450,Điện Biên,AS,Asia,resident,0.006478181490159055,9.35805853401373e-7,1.1521855931487285e-6,0.003059728615092398,2.479798937902115e-6,365,2023-12-06,1.6854508264388282e-6,houspa,House Sparrow
houspa,state,VNM-452,Thái Nguyên,AS,Asia,resident,0.0030009436650050734,1.2705370843750498e-7,1.564314348812103e-7,0.01342073409957982,3.1879146827177665e-6,365,2023-11-22,6.620339621274743e-7,houspa,House Sparrow
houspa,state,VNM-456,Thanh Hóa,AS,Asia,resident,0.11966516374657954,1.67210056849036e-5,2.0587285047511597e-5,0.12300593487984064,9.643210261558769e-5,365,2023-11-22,2.6393880520742825e-5,houspa,House Sparrow
houspa,state,VNM-458,Yên Bái,AS,Asia,resident,2.945341595949171e-4,2.4095063351480188e-8,2.9666393684838498e-8,0.0013507132544531863,6.199497344755287e-7,365,2023-01-04,2.691120885402242e-7,houspa,House Sparrow
houspa,state,VNM-460,Hải Dương,AS,Asia,resident,0.06465238689954604,1.3707420747386888e-6,1.6876890272659174e-6,0.3153511438473736,3.751167923324995e-5,365,2023-11-29,6.666514603309455e-6,houspa,House Sparrow
houspa,state,VNM-4600,Hải Phòng,AS,Asia,resident,0.0012404015213399568,1.8475371690820313e-8,2.2747300642391767e-8,0.041645039581750976,3.4801269638824788e-6,365,2023-11-29,8.231024240071635e-7,houspa,House Sparrow
houspa,state,VNM-461,Đồng Bằng Sông Hồng,AS,Asia,resident,0.2244386955536268,2.4666403186024765e-6,3.036984037066714e-6,0.8295815662053837,5.115264538281003e-5,365,2023-11-29,8.155155943974618e-6,houspa,House Sparrow
houspa,state,VNM-462,Ha Noi,AS,Asia,resident,0.14781606056534705,5.994778398932731e-6,7.3809084226864704e-06,0.5548084523338621,1.2623956630267253e-4,365,2023-11-22,1.5016469175730967e-5,houspa,House Sparrow
houspa,state,VNM-463,Bắc Ninh,AS,Asia,resident,0.06626950636875464,6.519892282056578e-7,8.027440658725156e-7,0.3750954272919379,2.070472038915457e-5,365,2023-11-22,3.5304395374573536e-6,houspa,House Sparrow
houspa,state,VNM-464,Vĩnh Phúc,AS,Asia,resident,0.06688106794994893,1.1159496193315963e-6,1.3739827223779864e-6,0.27368966834278735,2.5621273206862015e-5,365,2023-06-14,2.9273302717857367e-6,houspa,House Sparrow
houspa,state,VNM-466,Ninh Bình,AS,Asia,resident,0.08910552992054525,1.4565612257630338e-6,1.793351530943478e-6,0.2529523773315614,2.3198706360121175e-5,365,2023-05-31,3.5514979009940912e-6,houspa,House Sparrow
houspa,state,VNM-467,Hà Nam,AS,Asia,resident,0.08119937166276073,9.328504205970822e-7,1.1485467966117696e-6,0.4257704539457086,2.7443264962913628e-5,365,2023-06-07,2.986318146228715e-6,houspa,House Sparrow
houspa,state,VNM-468,Nam Định,AS,Asia,resident,0.046041981323960375,1.0517865003410485e-6,1.2949836211822718e-6,0.2242385123383782,2.873986386206005e-5,365,2023-11-22,3.45784044292405e-6,houspa,House Sparrow
houspa,state,VNM-469,Phú Thọ,AS,Asia,resident,0.009777599946614668,4.112051823064404e-7,5.062852355106694e-7,0.03433329819787254,8.10107692154752e-6,365,2023-06-07,1.366290418804665e-6,houspa,House Sparrow
houspa,state,VNM-470,Bắc Giang,AS,Asia,resident,0.00986660916786466,4.729323722923366e-7,5.82285165142227e-7,0.030534844879604964,8.211599323076623e-6,365,2023-11-22,1.4266522502200537e-6,houspa,House Sparrow
houspa,state,VNM-471,Thái Bình,AS,Asia,resident,0.09346970570185154,2.092944335347277e-6,2.576880986247778e-6,0.2909788427792101,3.65551971082425e-5,365,2023-11-29,8.47972757211589e-6,houspa,House Sparrow
houspa,state,VNM-474,Ha Tinh,AS,Asia,resident,0.24342127208272915,2.011282734685641e-5,2.4763373537690803e-5,0.12764924084199697,5.9174384489052494e-5,365,2023-11-15,3.1893746746445544e-5,houspa,House Sparrow
houspa,state,VNM-475,Nghệ An,AS,Asia,resident,0.08727465871351986,1.8529049889643847e-5,2.2813390469812547e-5,0.051291559558108615,6.109586399920008e-5,365,2023-11-15,2.7683660492491303e-5,houspa,House Sparrow
houspa,state,VNM-476,Quảng Bình,AS,Asia,resident,0.10063615933368251,1.0808806573645476e-5,1.3308050134565784e-5,0.05246891074338782,3.1617436458251965e-5,365,2023-12-06,1.4869086626678654e-5,houspa,House Sparrow
houspa,state,VNM-477,Đắk Lắk,AS,Asia,resident,0.016853466261768254,2.7015986422263904e-6,3.326270104776036e-6,0.02438274644448927,2.1928813344352305e-5,365,2023-12-20,6.257663881761767e-6,houspa,House Sparrow
houspa,state,VNM-478,Gia Lai,AS,Asia,resident,0.030907830086554303,6.082457610984637e-6,7.488861076089578e-6,0.025702197592414208,2.837799762259653e-5,365,2023-12-20,1.1882454898395729e-5,houspa,House Sparrow
houspa,state,VNM-479,Khánh Hòa,AS,Asia,resident,0.06387466194703388,4.754788955675891e-6,5.85420502904541e-6,0.04750101732771998,1.983839150321692e-5,365,2023-11-29,6.624720704339428e-6,houspa,House Sparrow
houspa,state,VNM-480,Lâm Đồng,AS,Asia,resident,0.0036378141593233887,4.439042229153222e-7,5.465450429935999e-7,0.004527691209033112,3.099748672377644e-6,365,2023-03-22,9.707080116294395e-7,houspa,House Sparrow
houspa,state,VNM-481,Ninh Thuận,AS,Asia,resident,0.10680656270175648,4.621193399257803e-6,5.689719121146746e-6,0.07406232737818483,1.7978542299790333e-5,365,2023-12-13,6.565416901915289e-6,houspa,House Sparrow
houspa,state,VNM-482,Phú Yên,AS,Asia,resident,0.060368259035032915,4.1441096517975825e-6,5.102322687846914e-6,0.04052274774034034,1.5607106283494838e-5,365,2023-11-29,6.770729038713845e-6,houspa,House Sparrow
houspa,state,VNM-483,Bình Dương,AS,Asia,resident,0.047037412064387295,1.4766121644720496e-6,1.818038705773242e-6,0.027923117182973585,4.9179922089613806e-6,365,2023-12-13,5.9824508840447174e-6,houspa,House Sparrow
houspa,state,VNM-4834,Tiền Giang,AS,Asia,resident,1.28523504271906,3.876090769458579e-5,4.7723317032848904e-5,0.5913482161612029,1.0005886828677416e-4,365,2023-10-04,7.283326718838968e-5,houspa,House Sparrow
houspa,state,VNM-4835,Đắk Nông,AS,Asia,resident,0.0012474773534949903,9.879949013135857e-8,1.2164419438715204e-7,4.689278133207929e-4,2.0836700088726559e-7,365,2023-10-04,1.130238144703572e-6,houspa,House Sparrow
houspa,state,VNM-484,Bình Phước,AS,Asia,resident,0.007634865637924366,6.742569358912572e-7,8.30160577421937e-7,0.005004855355452167,2.479798937902115e-6,365,2023-01-04,1.1316975830135518e-6,houspa,House Sparrow
houspa,state,VNM-485,Bình Định,AS,Asia,resident,0.14610678973825025,1.191390105009405e-5,1.466866775648417e-5,0.09261106556497412,4.236891928188659e-5,365,2023-11-29,1.748686225445349e-5,houspa,House Sparrow
houspa,state,VNM-486,Kon Tum,AS,Asia,resident,0.006246216458997213,8.401556774144888e-7,1.0344189064437243e-6,0.004107549742680703,3.099748672377644e-6,365,2023-11-29,1.6207668604229552e-6,houspa,House Sparrow
houspa,state,VNM-487,Quàng Nam,AS,Asia,resident,0.10514102842560974,1.4621926815819198e-5,1.8002851082868878e-5,0.0815423589243002,6.362335565655089e-5,365,2023-11-22,2.1591889506745703e-5,houspa,House Sparrow
houspa,state,VNM-488,Quảng Ngãi,AS,Asia,resident,0.07718396684993964,4.695503255467635e-6,5.781211117529034e-6,0.06931796084008542,2.3659291992414627e-5,365,2023-12-13,7.1659216040390206e-6,houspa,House Sparrow
houspa,state,VNM-489,Quảng Trị,AS,Asia,resident,0.16243773350426263,1.0345505185752592e-5,1.273762285792955e-5,0.1003498582914586,3.585770254085378e-5,365,2023-12-13,1.4508786289274814e-5,houspa,House Sparrow
houspa,state,VNM-490,Thừa Thiên - Huế,AS,Asia,resident,0.14441740391923344,9.27233757858784e-6,1.1416314328478856e-5,0.08288484045359114,2.9856969313552265e-5,365,2023-10-18,1.4432544315715202e-5,houspa,House Sparrow
houspa,state,VNM-491,Đà Nẵng,AS,Asia,resident,0.1938460009805604,2.2424617832237553e-6,2.760970291461555e-6,0.14528475613740835,9.429510929216969e-6,365,2023-09-20,3.48564862670524e-6,houspa,House Sparrow
houspa,state,VNM-495,Bà Rịa - Vũng Tàu,AS,Asia,resident,0.11702388649120816,3.1654445692669776e-6,3.897367830478824e-6,0.11183891666848046,1.6972822215938776e-5,365,2023-12-13,5.551374530840854e-6,houspa,House Sparrow
houspa,state,VNM-496,Bình Thuận,AS,Asia,resident,0.24619424186516767,2.4819761277910977e-5,3.055865836472203e-5,0.14956915607598717,8.459850086060895e-5,365,2023-12-27,3.7739403558270574e-5,houspa,House Sparrow
houspa,state,VNM-497,Đông Nam Bộ,AS,Asia,resident,0.1412210321522286,1.0212856584351349e-5,1.2574302862729336e-5,0.06376750997087659,2.5873085624950785e-5,365,2023-04-12,1.804727808744137e-5,houspa,House Sparrow
houspa,state,VNM-498,An Giang,AS,Asia,resident,3.5380361154406015,1.5660983409753902e-4,1.928216135181659e-4,0.7149234202092869,1.775485815989527e-4,365,2023-10-04,3.702005656594588e-4,houspa,House Sparrow
houspa,state,VNM-499,Can Tho,AS,Asia,resident,0.5348981852793683,1.091100187722104e-5,1.3433875332216822e-5,0.276638874807225,3.165976089190006e-5,365,2023-10-04,3.578155038167598e-5,houspa,House Sparrow
houspa,state,VNM-500,Ðong Tháp,AS,Asia,resident,3.675988631230545,1.2023066008861036e-4,1.4803074153185827e-4,0.840568987278106,1.5424651115468103e-4,365,2023-10-04,2.822686276850961e-4,houspa,House Sparrow
houspa,state,VNM-501,Hồ Chí Minh city,AS,Asia,resident,1.0910576153587908,2.9630560822484592e-5,3.648182491325053e-5,0.3996605211871242,6.089538100022626e-5,365,2023-10-04,5.8994418080110263e-05,houspa,House Sparrow
houspa,state,VNM-502,Kiên Giang,AS,Asia,resident,1.8447955307897377,1.781534505391105e-4,2.1934660734896893e-4,0.4946101386445024,2.679846570038754e-4,365,2023-10-04,4.130773783747137e-4,houspa,House Sparrow
houspa,state,VNM-503,Long An,AS,Asia,resident,3.5065516542439847,1.8339053077084624e-4,2.2579462043975884e-4,0.8626558085942433,2.5312505368449813e-4,365,2023-10-04,4.219424377849079e-4,houspa,House Sparrow
houspa,state,VNM-504,Bến Tre,AS,Asia,resident,0.029272057897153463,9.79658887959668e-7,1.2061784533667651e-6,0.02335230242913043,4.384824836556155e-6,365,2023-11-29,1.9729923050085944e-6,houspa,House Sparrow
houspa,state,VNM-505,Hau Giang,AS,Asia,resident,1.103075989478305,2.9233967460617328e-5,3.599353008562042e-5,0.706571729585751,1.0506050883226952e-4,365,2023-10-04,6.189956300867435e-5,houspa,House Sparrow
houspa,state,VNM-506,Bạc Liêu,AS,Asia,resident,0.015712384917471827,4.912303418094253e-7,6.048140441664766e-7,0.00962464073714378,1.6882179619643625e-6,365,2023-10-04,2.8664855393685446e-6,houspa,House Sparrow
houspa,state,VNM-508,Sóc Trăng,AS,Asia,resident,1.1069153938675786,4.602519000899337e-5,5.666726774314186e-5,0.3734195808360863,8.711223674114642e-5,365,2023-10-04,9.61362709747304e-5,houspa,House Sparrow
houspa,state,VNM-510,Vĩnh Long,AS,Asia,resident,0.0067455900928387,1.2287144546460804e-7,1.5128213695085805e-7,0.00259610258111207,2.653101006482045e-7,365,2023-12-27,1.5216251810864015e-6,houspa,House Sparrow
houspa,state,VUT-565,Shefa,OC,Oceania,resident,0.05915990924196584,2.196455150051923e-6,1.5197386980899278e-4,0.03869047619047619,8.059346548181873e-6,365,2023-02-22,3.4257164328002373e-6,houspa,House Sparrow
houspa,state,WLS-2104,Carmarthenshire,EU,Europe,resident,1.2400321502565324,3.840273468708231e-5,5.247187921257722e-4,0.655937360325746,1.1397050942894537e-4,365,2023-01-25,7.829032763722694e-5,houspa,House Sparrow
houspa,state,WLS-2105,Ceredigion,EU,Europe,resident,1.0003702530625402,2.583989850128728e-5,3.530654897555721e-4,0.5347716690565261,7.749957853298858e-5,365,2023-01-25,5.129129641852594e-5,houspa,House Sparrow
houspa,state,WLS-2106,Pembrokeshire,EU,Europe,resident,1.523951854956231,4.2655061003227376e-5,5.828207878954333e-4,0.6464331741690008,1.015135162835462e-4,365,2023-01-25,7.313459486919261e-5,houspa,House Sparrow
houspa,state,WLS-2111,Powys,EU,Europe,resident,0.4969125078798951,3.106086979142814e-5,4.244026424716144e-4,0.30387114129443477,1.065673230425976e-4,365,2023-01-25,7.148267482479082e-5,houspa,House Sparrow
houspa,state,WLS-2112,Bridgend,EU,Europe,resident,1.576637516567167,6.93945375556094e-6,9.481777332527874e-5,0.6156247496907448,1.5202339106871072e-5,365,2023-01-25,1.314489963391899e-5,houspa,House Sparrow
houspa,state,WLS-2113,Caerphilly,EU,Europe,resident,1.134810542414764,4.109696217732183e-6,5.615315817854124e-5,0.5322447370564825,1.0814305890545688e-5,365,2023-01-25,1.2873433820249342e-5,houspa,House Sparrow
houspa,state,WLS-2114,Merthyr Tydfil,EU,Europe,resident,0.5475217579174444,7.041349779346662e-7,9.621003767725594e-6,0.30263462678575054,2.183604943349372e-6,365,2023-12-13,1.8635834663576967e-6,houspa,House Sparrow
houspa,state,WLS-2115,"Rhondda, Cynon, Taff",EU,Europe,resident,0.8625476625748796,4.658010904924386e-6,6.364509912266084e-5,0.4646957166296488,1.4079491914322791e-5,365,2023-01-25,1.162766431102972e-5,houspa,House Sparrow
houspa,state,WLS-2116,Cardiff,EU,Europe,resident,2.852045029712529,4.778132862275907e-6,6.528639495439948e-5,0.8680881791003923,8.159557384083295e-6,365,2023-02-22,1.1568643636673874e-5,houspa,House Sparrow
houspa,state,WLS-2117,Vale of Glamorgan,EU,Europe,resident,2.270331542728854,1.1713091712794348e-5,1.6004275179036206e-4,0.7186710495277799,2.080239440648592e-5,365,2023-02-01,2.2434439815280796e-5,houspa,House Sparrow
houspa,state,WLS-2118,Neath Port Talbot,EU,Europe,resident,0.5429602252716718,3.2253815534970707e-6,4.407025506610641e-5,0.3004467194409127,1.0013397643656196e-5,365,2023-06-14,7.164577622085842e-6,houspa,House Sparrow
houspa,state,WLS-2119,Swansea,EU,Europe,resident,1.427485951720785,1.023714061369776e-5,1.3987597762010553e-4,0.5557256546349718,2.2359814016904376e-5,365,2023-01-25,1.7557134587159137e-5,houspa,House Sparrow
houspa,state,WLS-2125,Denbighshire,EU,Europe,resident,0.8212198979720369,8.791779767093051e-6,1.2012717577575624e-4,0.43554580141241384,2.616086402369776e-5,365,2023-01-18,1.9186520740209568e-5,houspa,House Sparrow
houspa,state,WLS-2126,Flintshire,EU,Europe,resident,1.124231925848371,7.25154596218953e-6,9.908206978823624e-5,0.6924927885923234,2.506056510977683e-5,365,2023-01-11,1.59558198985615e-5,houspa,House Sparrow
houspa,state,WLS-2127,Wrexham,EU,Europe,resident,1.4493619313167383,1.167574453179357e-5,1.5953245563922306e-4,0.6070572960959194,2.7437107960922444e-5,365,2023-01-11,3.305155166731637e-5,houspa,House Sparrow
houspa,state,WLS-2128,Anglesey,EU,Europe,resident,0.9104170178990476,1.2515800673043636e-5,1.7101062893459627e-4,0.5905039707476782,4.554513651651088e-5,365,2023-03-01,2.486528471882977e-5,houspa,House Sparrow
houspa,state,WLS-2129,Conwy,EU,Europe,resident,0.49626877173305906,7.898425277501611e-6,1.0792075629708732e-4,0.30338858256282475,2.7090917535346945e-5,365,2023-05-31,1.3048410097603636e-5,houspa,House Sparrow
houspa,state,WLS-2130,Gwynedd,EU,Europe,resident,0.5893108751405373,2.2976087061741746e-5,3.1393557643875377e-4,0.30719896288637594,6.719736953890253e-5,365,2023-06-21,3.50379839654751e-5,houspa,House Sparrow
houspa,state,WLS-2131,Blaenau Gwent,EU,Europe,resident,0.7293668112695408,8.59231846763298e-7,1.1740182058995146e-5,0.302638849936004,2.0002761691949967e-6,365,2023-03-01,2.8336658143364702e-6,houspa,House Sparrow
houspa,state,WLS-2132,Monmouthshire,EU,Europe,resident,1.1216572162184044,1.1547385073487174e-5,1.5777860606394512e-4,0.6179233062000321,3.5691022057296244e-5,365,2023-01-25,2.6160359523234043e-5,houspa,House Sparrow
houspa,state,WLS-2133,Newport,EU,Europe,resident,2.2964009049388605,7.710625805375949e-6,1.0535474340819838e-4,0.6303941451723418,1.1875584771286816e-5,365,2023-02-01,1.7773924206777122e-5,houspa,House Sparrow
houspa,state,WLS-2134,Torfaen,EU,Europe,resident,1.484482574020925,2.404689250358619e-6,3.2856661098940834e-5,0.686696155608939,6.240931117339967e-6,365,2023-01-25,6.1924797708562145e-6,houspa,House Sparrow
houspa,state,YEM-150,Sa`dah,AS,Asia,resident,6.066858446961923,0.0010014084814665468,0.001232957050876476,0.9256773540957324,8.572509155217844e-4,365,2023-12-20,0.001580225674328067,houspa,House Sparrow
houspa,state,YEM-151,Al Hudaydah,AS,Asia,resident,8.370936936948146,0.001780754751411087,0.002192506022536052,0.7963325378860568,9.504415588226522e-4,365,2023-12-13,0.0024231433974946826,houspa,House Sparrow
houspa,state,YEM-152,Al Mahwit,AS,Asia,resident,0.6872142424847234,1.9214567083075698e-5,2.365741493413609e-5,0.32827782809836514,5.149688014664895e-5,365,2023-08-23,5.2386838039030135e-5,houspa,House Sparrow
houspa,state,YEM-153,Dhamar,AS,Asia,resident,2.221269180321753,2.0993438092872568e-4,2.58476016508661e-4,0.6430753809674961,3.4099277453676706e-4,365,2023-11-22,3.669031914940645e-4,houspa,House Sparrow
houspa,state,YEM-154,Hajjah,AS,Asia,resident,6.432004173900441,7.342800367729455e-4,9.040623935311508e-4,0.8186608535458487,5.243488772559786e-4,365,2023-11-22,0.0010780237818125568,houspa,House Sparrow
houspa,state,YEM-155,Amran,AS,Asia,resident,5.354452305050164,5.161451351108035e-4,6.354897081343681e-4,0.934301643635474,5.05294780049186e-4,365,2023-11-29,7.846745034543007e-4,houspa,House Sparrow
houspa,state,YEM-156,Ibb,AS,Asia,resident,0.3552017264576195,2.323697882915695e-5,2.860990037403988e-5,0.2575319626567347,9.45228150098418e-5,365,2023-02-08,8.011311350751117e-5,houspa,House Sparrow
houspa,state,YEM-157,Lahij,AS,Asia,resident,3.1381760309611053,4.890903526997693e-4,6.021792405769512e-4,0.858876439296752,7.51005988138474e-4,365,2023-02-01,7.415282289237496e-4,houspa,House Sparrow
houspa,state,YEM-158,Ta`izz,AS,Asia,resident,3.243621702744169,4.330728362393916e-4,5.332091917201011e-4,0.643025042193593,4.816810359670113e-4,365,2023-02-01,6.208839537882941e-4,houspa,House Sparrow
houspa,state,YEM-332,Al Mahrah,AS,Asia,resident,4.206894502420473,0.003331628858706622,0.004101977732633275,0.41356930977350687,0.0018375713549532368,365,2023-04-12,0.0044799166510339815,houspa,House Sparrow
houspa,state,YEM-333,Al Bayda',AS,Asia,resident,3.4017574824986285,3.8145920966075984e-4,4.696613129182025e-4,0.9188976599892796,5.781131079473813e-4,365,2023-02-01,6.207099824460636e-4,houspa,House Sparrow
houspa,state,YEM-334,Al Dali',AS,Asia,resident,0.699331324762698,3.365947703579443e-5,4.144231880213404e-5,0.44263876091879345,1.1952939982528964e-4,365,2023-02-08,7.625198772011354e-5,houspa,House Sparrow
houspa,state,YEM-335,Al Jawf,AS,Asia,resident,10.030490182409482,0.00477368981772176,0.005877476203155071,0.9511803727297444,0.002539778452418924,365,2023-12-20,0.006696683828776731,houspa,House Sparrow
houspa,state,YEM-336,Shabwah,AS,Asia,resident,2.8142071093184846,0.001334552287240076,0.0016431313322873508,0.37925584909329535,0.0010090501251792216,365,2023-12-20,0.001817354111789657,houspa,House Sparrow
houspa,state,YEM-337,Ma'rib,AS,Asia,resident,8.862188720953013,0.001859237385196409,0.002289135638210225,0.9852554790908342,0.0011596945685364891,365,2023-12-20,0.0027439231764634013,houspa,House Sparrow
houspa,state,YEM-3496,Sana'a,AS,Asia,resident,3.2427444076380003,4.638915673331344e-4,5.711539190759636e-4,0.7936039342633466,6.369546113590597e-4,365,2023-11-22,7.90881497902641e-4,houspa,House Sparrow
houspa,state,YEM-3497,Hadramawt,AS,Asia,resident,0.3663358633444352,7.636705159669875e-4,9.402486244464948e-4,0.026270319746019392,3.0725068537142846e-4,365,2023-12-20,0.00109016844857638,houspa,House Sparrow
houspa,state,YEM-3498,Amanat Al Asimah,AS,Asia,resident,9.966381574981328,4.7910976236038575e-5,5.8989090923305134e-5,0.9907375891427624,2.6721268150811814e-5,365,2023-12-20,9.487400364819e-5,houspa,House Sparrow
houspa,state,YEM-3499,Raymah,AS,Asia,resident,0.44395499939263866,1.0178524646265014e-5,1.2532032594484943e-5,0.21901403548102208,2.817206904510268e-5,365,2023-08-23,2.3710139793815204e-5,houspa,House Sparrow
houspa,state,YEM-3510,`Adan,AS,Asia,resident,3.6338369563751343,4.273765997015722e-5,5.261958548723053e-5,0.7651177113471098,5.04864079697744e-5,365,2023-12-13,7.73236658865452e-5,houspa,House Sparrow
houspa,state,YEM-3511,Abyan,AS,Asia,resident,2.0596586385159585,4.4540780396702825e-4,5.48396286410822e-4,0.6255617903614237,7.589858919660204e-4,365,2023-02-01,6.823911152367125e-4,houspa,House Sparrow
houspa,state,ZAF-1188,Northern Cape,AF,Africa,resident,0.016563640332921088,7.600468794042796e-5,0.0022677843397184566,0.022840431718426285,5.880169054587815e-4,365,2023-10-25,1.2693805146589925e-4,houspa,House Sparrow
houspa,state,ZAF-1189,Western Cape,AF,Africa,resident,0.08262497956389216,1.375883013995052e-4,0.004105280920129833,0.16071610682193538,0.0015015177226635284,365,2023-08-23,2.7426448150011834e-4,houspa,House Sparrow
houspa,state,ZAF-1201,North West,AF,Africa,resident,0.05099868778381713,6.580013251110876e-5,0.0019633066604661273,0.11951501582555056,8.651494876450322e-4,365,2023-09-20,1.51312627510303e-4,houspa,House Sparrow
houspa,state,ZAF-1206,Free State,AF,Africa,resident,0.03336957873190671,5.313690042360259e-5,0.0015854683955320568,0.07142430981555273,6.381054604935587e-4,365,2023-09-13,1.1082928430518762e-4,houspa,House Sparrow
houspa,state,ZAF-1208,Gauteng,AF,Africa,resident,0.5445745623130447,1.2177944657628286e-4,0.00363358536596762,0.7279430605292787,9.133031810649274e-4,365,2023-10-25,1.864767410626968e-4,houspa,House Sparrow
houspa,state,ZAF-1209,Mpumalanga,AF,Africa,resident,0.12010629834848636,1.1138068330291874e-4,0.003323313024316035,0.20274108120725015,0.001054840434281976,365,2023-09-20,2.1262857060364316e-4,houspa,House Sparrow
houspa,state,ZAF-1210,Limpopo,AF,Africa,resident,0.05015290547313876,7.738062864539939e-5,0.0023088388702700597,0.11214190757998294,9.707446601913478e-4,365,2023-10-11,1.6739486921499316e-4,houspa,House Sparrow
houspa,state,ZAF-1216,KwaZulu-Natal,AF,Africa,resident,0.050358580708085666,5.944720507302637e-5,0.0017737516508232595,0.1150694911785254,7.621124688728212e-4,365,2023-10-25,1.2334932395937558e-4,houspa,House Sparrow
houspa,state,ZAF-1926,Eastern Cape,AF,Africa,resident,0.01781048057965107,3.765973711537317e-5,0.0011236696627857543,0.066308231917947,7.866291007230746e-4,365,2023-10-25,8.953889677789146e-5,houspa,House Sparrow
houspa,state,ZMB-514,Luapula,AF,Africa,resident,0.0032601387040674936,1.844596603706878e-6,5.503801679000427e-5,0.006249427219155575,1.983839150321692e-5,365,2023-10-11,3.1354075384223396e-6,houspa,House Sparrow
houspa,state,ZMB-515,Northern,AF,Africa,resident,0.0014143941114464157,1.1683659159920677e-6,3.486103290660655e-5,0.0032103942247837225,1.487879362741269e-5,365,2023-10-11,2.1239464552247976e-6,houspa,House Sparrow
houspa,state,ZMB-516,Central,AF,Africa,resident,0.009419661966692843,1.1029377563615664e-5,3.290882495986848e-4,0.01486373913494608,9.76438007176244e-5,365,2023-10-11,2.0409688485823383e-5,houspa,House Sparrow
houspa,state,ZMB-517,Copperbelt,AF,Africa,resident,0.036339961253505505,1.3897400974946674e-5,4.146626892077286e-4,0.05729971713361168,1.2294263622893598e-4,365,2023-10-11,2.2693164547689545e-5,houspa,House Sparrow
houspa,state,ZMB-518,Eastern,AF,Africa,resident,0.00784083269144828,4.831423469756097e-6,1.441572458247421e-4,0.010850860187612414,3.751267206309014e-5,365,2023-10-11,8.783075206979874e-6,houspa,House Sparrow
houspa,state,ZMB-520,Lusaka,AF,Africa,resident,0.06780401220984256,1.8104211839115173e-5,5.401831019143276e-4,0.07692004213176142,1.1522976011985824e-4,365,2023-12-13,2.7130292819147808e-5,houspa,House Sparrow
houspa,state,ZMB-521,North-Western,AF,Africa,resident,9.777066652056426e-4,1.5052583791922766e-6,4.491303723577936e-5,0.0018093481267598063,1.5628796191294616e-5,365,2023-10-25,2.477988308142478e-6,houspa,House Sparrow
houspa,state,ZMB-522,Southern,AF,Africa,resident,0.006333968269709476,6.5384659022610136e-6,1.9509100005189948e-4,0.008082951374588183,4.681347292343573e-5,365,2023-04-05,9.466841838474216e-6,houspa,House Sparrow
houspa,state,ZMB-5511,Muchinga,AF,Africa,resident,9.143314300180316e-4,1.074571448560016e-6,3.206244731723662e-5,0.0024558009926614953,1.6192941016616287e-5,365,2023-10-11,2.952458517601532e-6,houspa,House Sparrow
houspa,state,ZWE-524,Mashonaland Central,AF,Africa,resident,0.006030680893454661,2.051647827352058e-6,6.121589259248258e-5,0.016929566330670574,3.231344147814749e-5,365,2023-09-27,5.161348177971849e-6,houspa,House Sparrow
houspa,state,ZWE-525,Harare,AF,Africa,resident,0.32836416916401856,3.7459581832385103e-6,1.1176975441102851e-4,0.47171389697238775,3.019164316086864e-5,365,2023-10-11,7.212382790100121e-6,houspa,House Sparrow
houspa,state,ZWE-526,Matabeleland North,AF,Africa,resident,0.0033292864553081,3.0879297088398995e-6,9.213587774147852e-5,0.0057044117869767454,2.9684382943759608e-5,365,2023-10-11,7.713732795640637e-6,houspa,House Sparrow
houspa,state,ZWE-527,Midlands,AF,Africa,resident,0.011376127903560952,6.842609665894197e-6,2.041658674433816e-4,0.016163385890255316,5.454570469081593e-5,365,2023-10-11,1.09551655133338e-5,houspa,House Sparrow
houspa,state,ZWE-528,Mashonaland East,AF,Africa,resident,0.003444789404013903,1.379776993660548e-6,4.116899553590331e-5,0.01539460142686163,3.459517939607151e-5,365,2023-10-11,5.429520756121985e-6,houspa,House Sparrow
houspa,state,ZWE-529,Manicaland,AF,Africa,resident,0.006044880572169029,2.5806818715779417e-6,7.700090734859506e-5,0.009733951565204804,2.3315076353797755e-5,365,2023-10-11,4.31135067085742e-6,houspa,House Sparrow
houspa,state,ZWE-530,Matabeleland South,AF,Africa,resident,0.0033451743753120963,2.238326674861119e-6,6.678590910606336e-5,0.007154285926981383,2.685789163245822e-5,365,2023-10-11,5.145917864484886e-6,houspa,House Sparrow
houspa,state,ZWE-531,Bulawayo,AF,Africa,resident,1.0535621043351917,5.915253830215471e-6,1.76495955251293e-4,0.8350104516817108,2.630304760267351e-5,365,2023-02-01,9.617265366908352e-6,houspa,House Sparrow
houspa,state,ZWE-532,Masvingo,AF,Africa,resident,0.002735330971535553,1.8773054462216629e-6,5.6013964495802175e-5,0.005637675878169479,2.1708313058155272e-5,365,2023-10-11,4.363440461925434e-6,houspa,House Sparrow
houspa,state,ZWE-533,Mashonaland West,AF,Africa,resident,0.015654037641766358,1.0853419369370787e-5,3.2383810979590805e-4,0.028940689656718394,1.1257708564624474e-4,365,2023-10-11,2.2035468076698662e-5,houspa,House Sparrow
