species_code,region_type,region_code,region_name,continent_code,continent_name,season,abundance_mean,total_pop_percent,continent_pop_percent,range_occupied_percent,range_total_percent,range_days_occupation,max_week,max_week_percent_pop,speciesCode,commonName
rthhum,country,BHS,The Bahamas,NA,North America,prebreeding_migration,3.811697097262368e-4,2.7477756396872715e-6,2.7477756396872715e-6,0.0234375,2.1191753582289344e-5,14,2023-04-05,2.633217622993317e-5,rthhum,Ruby-throated Hummingbird
rthhum,country,BLZ,Belize,NA,North America,nonbreeding,0.057218992259119354,0.00905787741621496,0.00905787741621496,0.6016394685271883,0.020251802776804273,112,2023-02-01,0.018556403561258636,rthhum,Ruby-throated Hummingbird
rthhum,country,BLZ,Belize,NA,North America,postbreeding_migration,0.002349727583129134,5.21118427063012e-5,5.21118427063012e-5,0.2453288972063697,0.0018081829630561983,56,2023-11-08,0.0018187707662124784,rthhum,Ruby-throated Hummingbird
rthhum,country,BLZ,Belize,NA,North America,prebreeding_migration,0.035240841218099166,0.00279252867829889,0.00279252867829889,0.3814103412384048,0.003790849665083931,56,2023-03-22,0.0160357540540726,rthhum,Ruby-throated Hummingbird
rthhum,country,CAN,Canada,NA,North America,breeding,0.011103982620239329,0.07607500640706703,0.07607500640706703,0.05955925641833964,0.16658294547412533,56,2023-05-31,0.10925714878585016,rthhum,Ruby-throated Hummingbird
rthhum,country,CAN,Canada,NA,North America,postbreeding_migration,0.017497007636957097,0.07752356240437462,0.07752356240437462,0.09279626567272148,0.13663916225646872,56,2023-08-16,0.1258899494879925,rthhum,Ruby-throated Hummingbird
rthhum,country,CAN,Canada,NA,North America,prebreeding_migration,0.002144195147494948,0.030965136539514097,0.030965136539514097,0.058585802041437866,0.10611915741357963,14,2023-05-24,0.11313725454747672,rthhum,Ruby-throated Hummingbird
rthhum,country,CRI,Costa Rica,NA,North America,nonbreeding,0.2068956457419041,0.05812852537706613,0.05812852537706613,0.5531565442245151,0.03304662756812679,112,2023-12-27,0.069905638811565,rthhum,Ruby-throated Hummingbird
rthhum,country,CRI,Costa Rica,NA,North America,postbreeding_migration,0.0121855798004904,4.796415903516745e-4,4.796415903516745e-4,0.32760847094394,0.004285490235931041,35,2023-11-08,0.02722370828492755,rthhum,Ruby-throated Hummingbird
rthhum,country,CRI,Costa Rica,NA,North America,prebreeding_migration,0.021112777108173005,0.003624227473359808,0.003624227473359808,0.3897730934840206,0.008392177560795253,49,2023-03-08,0.04834511764541523,rthhum,Ruby-throated Hummingbird
rthhum,country,GTM,Guatemala,NA,North America,nonbreeding,0.1371843670426827,0.09393574351690372,0.09393574351690372,0.5325918130827302,0.07754644194181703,112,2023-02-08,0.12564467520496628,rthhum,Ruby-throated Hummingbird
rthhum,country,GTM,Guatemala,NA,North America,postbreeding_migration,0.02435214634685997,0.0023361255517870623,0.0023361255517870623,0.20210605810559165,0.006443369206418872,70,2023-11-08,0.0486267956349818,rthhum,Ruby-throated Hummingbird
rthhum,country,GTM,Guatemala,NA,North America,prebreeding_migration,0.06306521594005936,0.021359050083605,0.021359050083605,0.6056105646050691,0.02572635228035883,56,2023-04-05,0.12515621542423602,rthhum,Ruby-throated Hummingbird
rthhum,country,HND,Honduras,NA,North America,nonbreeding,0.1993320935770191,0.12175737952973197,0.12175737952973197,0.6123398799458233,0.07953380229611864,112,2023-12-27,0.1865216123461217,rthhum,Ruby-throated Hummingbird
rthhum,country,HND,Honduras,NA,North America,postbreeding_migration,0.06972671678447229,0.005425738341477285,0.005425738341477285,0.5247193752596501,0.013569426145418052,70,2023-11-08,0.10358738742189529,rthhum,Ruby-throated Hummingbird
rthhum,country,HND,Honduras,NA,North America,prebreeding_migration,0.0097662142993565609,0.003015561235831926,0.003015561235831926,0.32639141242746517,0.012640764737124478,49,2023-03-08,0.023091071309910192,rthhum,Ruby-throated Hummingbird
rthhum,country,MEX,Mexico,NA,North America,nonbreeding,0.07998696161773942,0.5314991832318072,0.5314991832318072,0.4906441297325736,0.693252021794891,112,2023-03-01,0.6923157141415237,rthhum,Ruby-throated Hummingbird
rthhum,country,MEX,Mexico,NA,North America,postbreeding_migration,0.06083958473140708,0.07480742413773739,0.07480742413773739,0.40843949189622225,0.16690176831914577,91,2023-10-18,0.8765572327877521,rthhum,Ruby-throated Hummingbird
rthhum,country,MEX,Mexico,NA,North America,prebreeding_migration,0.05011379769134161,0.16886489977415384,0.16886489977415384,0.4366393964126447,0.18454305756154077,70,2023-03-22,0.7867771701151559,rthhum,Ruby-throated Hummingbird
rthhum,country,NIC,Nicaragua,NA,North America,nonbreeding,0.17168065844946376,0.09892345198049936,0.09892345198049936,0.459082744893464,0.056248377350949896,112,2023-12-27,0.13973986489427212,rthhum,Ruby-throated Hummingbird
rthhum,country,NIC,Nicaragua,NA,North America,postbreeding_migration,0.012304175332387889,0.0013532149737773493,0.0013532149737773493,0.2041033564247697,0.007460006077372171,63,2023-11-08,0.06869445788562996,rthhum,Ruby-throated Hummingbird
rthhum,country,NIC,Nicaragua,NA,North America,prebreeding_migration,0.016972207799780207,0.006669374180661276,0.006669374180661276,0.2921319709859988,0.014398543242313508,63,2023-03-08,0.07441934265549155,rthhum,Ruby-throated Hummingbird
rthhum,country,PAN,Panama,NA,North America,nonbreeding,0.002907593332439732,3.652613287730259e-4,3.652613287730259e-4,0.21468429322630284,0.005734709702226694,112,2023-03-01,0.0013339192007848703,rthhum,Ruby-throated Hummingbird
rthhum,country,PAN,Panama,NA,North America,postbreeding_migration,2.039579120476486e-4,1.364510620167618e-6,1.364510620167618e-6,0.07360574383874906,1.6365256618988637e-4,7,2023-11-08,1.1777900369393432e-4,rthhum,Ruby-throated Hummingbird
rthhum,country,PAN,Panama,NA,North America,prebreeding_migration,2.8775708126592544e-4,2.9978228618215213e-5,2.9978228618215213e-5,0.03822642971405946,4.995010525660373e-4,21,2023-03-08,4.956723603728406e-4,rthhum,Ruby-throated Hummingbird
rthhum,country,SLV,El Salvador,NA,North America,nonbreeding,0.5755920554999191,0.07808098757104501,0.07808098757104501,0.8238043052969443,0.02376269534926624,112,2023-01-11,0.11182167301870694,rthhum,Ruby-throated Hummingbird
rthhum,country,SLV,El Salvador,NA,North America,postbreeding_migration,0.06961263000626063,0.0013229737579203765,0.0013229737579203765,0.45741608956891966,0.0028890121984428176,70,2023-11-08,0.03779677095169557,rthhum,Ruby-throated Hummingbird
rthhum,country,SLV,El Salvador,NA,North America,prebreeding_migration,0.09171172980143363,0.006227597454998607,0.006227597454998607,0.7704290936375342,0.006561770624293956,49,2023-03-08,0.051234377992183285,rthhum,Ruby-throated Hummingbird
rthhum,country,USA,United States,NA,North America,breeding,0.1573814685091846,0.923924993592933,0.923924993592933,0.34774525721441063,0.8334170545258748,56,2023-06-28,0.9324815653024512,rthhum,Ruby-throated Hummingbird
rthhum,country,USA,United States,NA,North America,nonbreeding,8.197670923205235e-4,0.008251590047958555,0.008251590047958555,0.00496341044906261,0.010623521219799415,112,2023-12-27,0.012064006249464802,rthhum,Ruby-throated Hummingbird
rthhum,country,USA,United States,NA,North America,postbreeding_migration,0.16603150791536564,0.8366978428892478,0.8366978428892478,0.39399045915682573,0.6598399300315565,112,2023-09-13,0.9575707820544044,rthhum,Ruby-throated Hummingbird
rthhum,country,USA,United States,NA,North America,prebreeding_migration,0.05046125691490215,0.7564488985753186,0.7564488985753186,0.33894886636451854,0.6373066341087613,84,2023-05-10,0.9966246255018584,rthhum,Ruby-throated Hummingbird
rthhum,state,BHS-5010,City of Freeport,NA,North America,prebreeding_migration,0.009240333736286792,1.0734644647380628e-6,1.0734644647380628e-6,0.29719387241350137,4.3304456160350845e-6,42,2023-04-05,1.3947873963402174e-5,rthhum,Ruby-throated Hummingbird
rthhum,state,BHS-5011,West Grand Bahama,NA,North America,prebreeding_migration,4.155536450413769e-4,1.4421147618337472e-6,1.4421147618337472e-6,0.03062270081564798,1.3329349035872705e-5,42,2023-04-05,2.2542734021578733e-5,rthhum,Ruby-throated Hummingbird
rthhum,state,BHS-5012,East Grand Bahama,NA,North America,prebreeding_migration,6.410225850253183e-5,2.321964131154613e-7,2.321964131154613e-7,0.007773932167750192,3.5319589303815575e-6,14,2023-04-05,3.78944220835444e-6,rthhum,Ruby-throated Hummingbird
rthhum,state,BLZ-1323,Belize,NA,North America,nonbreeding,0.032448196106029226,0.0011368715179007351,0.0011368715179007351,0.4400197215687683,0.0032781898876850803,112,2023-12-27,0.0019929678990982854,rthhum,Ruby-throated Hummingbird
rthhum,state,BLZ-1323,Belize,NA,North America,postbreeding_migration,0.002824724932705334,1.3865312830230242e-5,1.3865312830230242e-5,0.4123516768200331,6.726606541184878e-4,56,2023-11-08,5.352970903317498e-4,rthhum,Ruby-throated Hummingbird
rthhum,state,BLZ-1323,Belize,NA,North America,prebreeding_migration,0.0128105777047892,2.246749657948666e-4,2.246749657948666e-4,0.2278036282278664,5.011172221887127e-4,56,2023-03-22,0.0018309469979330413,rthhum,Ruby-throated Hummingbird
rthhum,state,BLZ-1324,Cayo,NA,North America,nonbreeding,0.062078865460857675,0.002036698291500545,0.002036698291500545,0.4610043194045051,0.003216096405148559,112,2023-03-01,0.004931657534266399,rthhum,Ruby-throated Hummingbird
rthhum,state,BLZ-1324,Cayo,NA,North America,postbreeding_migration,2.0460747736235615e-4,9.40453029735898e-7,9.40453029735898e-7,0.06396221892607268,9.770434587860376e-5,35,2023-10-18,6.665160468677419e-5,rthhum,Ruby-throated Hummingbird
rthhum,state,BLZ-1324,Cayo,NA,North America,prebreeding_migration,0.05970976707939072,9.806035154839789e-4,9.806035154839789e-4,0.4152678623952305,8.553997398586179e-4,56,2023-03-29,0.005490902470065778,rthhum,Ruby-throated Hummingbird
rthhum,state,BLZ-1325,Corozal,NA,North America,nonbreeding,0.03425527852633818,4.901541496209852e-4,4.901541496209852e-4,0.6042899770476421,0.001838618847922554,112,2023-12-27,0.001496212638628402,rthhum,Ruby-throated Hummingbird
rthhum,state,BLZ-1325,Corozal,NA,North America,postbreeding_migration,0.0035867489840278933,7.190164818670117e-6,7.190164818670117e-6,0.574941004247515,3.830327389607194e-4,35,2023-11-08,3.98985459491863e-4,rthhum,Ruby-throated Hummingbird
rthhum,state,BLZ-1325,Corozal,NA,North America,prebreeding_migration,0.007172312531912875,5.137236117370492e-5,5.137236117370492e-5,0.16128079698964223,1.448924330496852e-4,56,2023-03-22,5.348282189138298e-4,rthhum,Ruby-throated Hummingbird
rthhum,state,BLZ-1326,Orange Walk,NA,North America,nonbreeding,0.0939940693186547,0.002769314565228591,0.002769314565228591,0.9438636180542548,0.005913195261603258,112,2023-02-01,0.00596577216124951,rthhum,Ruby-throated Hummingbird
rthhum,state,BLZ-1326,Orange Walk,NA,North America,postbreeding_migration,0.0017412562713536555,7.1873238266704575e-6,7.1873238266704575e-6,0.2839698651821281,3.895395203946644e-4,49,2023-11-08,4.421362454680258e-4,rthhum,Ruby-throated Hummingbird
rthhum,state,BLZ-1326,Orange Walk,NA,North America,prebreeding_migration,0.06555314525219359,9.66786356313276e-4,9.66786356313276e-4,0.683785962830898,0.0012648816219947166,56,2023-03-22,0.006341275305899289,rthhum,Ruby-throated Hummingbird
rthhum,state,BLZ-1355,Stann Creek,NA,North America,nonbreeding,0.05768021174857532,0.0010014592643445978,0.0010014592643445978,0.6459115020478448,0.0023846277688256375,112,2023-02-01,0.0025506676967841035,rthhum,Ruby-throated Hummingbird
rthhum,state,BLZ-1355,Stann Creek,NA,North America,postbreeding_migration,0.00441471533967422,1.0738455682844153e-5,1.0738455682844153e-5,0.16810494268774304,1.3589214615431365e-4,56,2023-11-08,2.8221246100312836e-4,rthhum,Ruby-throated Hummingbird
rthhum,state,BLZ-1355,Stann Creek,NA,North America,prebreeding_migration,0.020186845538480908,1.754446152702917e-4,1.754446152702917e-4,0.30773762217381906,3.35463211181319e-4,56,2023-04-05,0.0012045669405007244,rthhum,Ruby-throated Hummingbird
rthhum,state,BLZ-1356,Toledo,NA,North America,nonbreeding,0.05536122366628216,0.0016233796276195049,0.0016233796276195049,0.5807402482359304,0.003621074605619184,112,2023-02-01,0.004423213657471104,rthhum,Ruby-throated Hummingbird
rthhum,state,BLZ-1356,Toledo,NA,North America,postbreeding_migration,0.002967299169543188,1.2190132518150331e-5,1.2190132518150331e-5,0.0947450511547644,1.293535575494094e-4,56,2023-11-08,3.0929212029007463e-4,rthhum,Ruby-throated Hummingbird
rthhum,state,BLZ-1356,Toledo,NA,North America,prebreeding_migration,0.02681805299383092,3.9364686426277207e-4,3.9364686426277207e-4,0.374289030939854,6.89095436810879e-4,49,2023-04-05,0.0030003643006520464,rthhum,Ruby-throated Hummingbird
rthhum,state,CAN-AB,Alberta,NA,North America,breeding,0.0025680127472138296,0.0020797056314659796,0.0020797056314659796,0.04142528143884977,0.013695825244553587,56,2023-05-31,0.0042169091314458165,rthhum,Ruby-throated Hummingbird
rthhum,state,CAN-AB,Alberta,NA,North America,postbreeding_migration,6.125791278648315e-4,3.5454620135791365e-4,3.5454620135791365e-4,0.0168788595213115,0.0032465978083510267,42,2023-08-16,7.911388393255207e-4,rthhum,Ruby-throated Hummingbird
rthhum,state,CAN-AB,Alberta,NA,North America,prebreeding_migration,3.1207339558674766e-4,6.453567364415101e-4,6.453567364415101e-4,0.034495568660775654,0.008947446962152042,7,2023-05-24,0.003315025612811451,rthhum,Ruby-throated Hummingbird
rthhum,state,CAN-BC,British Columbia,NA,North America,breeding,7.950244455769202e-6,9.50575323813668e-6,9.50575323813668e-6,2.562040138474321e-4,1.2505758234291107e-4,0,2023-06-07,3.384882717116942e-5,rthhum,Ruby-throated Hummingbird
rthhum,state,CAN-MB,Manitoba,NA,North America,breeding,0.0036208484064932144,0.002775356718003865,0.002775356718003865,0.04653768210722077,0.014562343220382494,56,2023-05-31,0.00992830128207596,rthhum,Ruby-throated Hummingbird
rthhum,state,CAN-MB,Manitoba,NA,North America,postbreeding_migration,5.154672597830232e-4,2.8236801662353465e-4,2.8236801662353465e-4,0.00790075035692152,0.0014383265851333784,42,2023-08-16,7.423279284945682e-4,rthhum,Ruby-throated Hummingbird
rthhum,state,CAN-MB,Manitoba,NA,North America,prebreeding_migration,0.0016663388460250348,0.003261446027516707,0.003261446027516707,0.07185401202887491,0.017639676743078196,14,2023-05-24,0.014689777486405474,rthhum,Ruby-throated Hummingbird
rthhum,state,CAN-NB,New Brunswick,NA,North America,breeding,0.15509590093379796,0.014680218579578522,0.014680218579578522,0.602848744680645,0.02329477975135368,56,2023-05-31,0.017627989166945905,rthhum,Ruby-throated Hummingbird
rthhum,state,CAN-NB,New Brunswick,NA,North America,postbreeding_migration,0.19639624449551,0.01328529890011694,0.01328529890011694,0.855362367398507,0.01922928078524162,56,2023-08-09,0.02292329185050128,rthhum,Ruby-throated Hummingbird
rthhum,state,CAN-NB,New Brunswick,NA,North America,prebreeding_migration,0.01974273145184493,0.004771751831830159,0.004771751831830159,0.4185654674610466,0.012688980463920512,14,2023-05-24,0.018979202882607873,rthhum,Ruby-throated Hummingbird
rthhum,state,CAN-NL,Newfoundland and Labrador,NA,North America,postbreeding_migration,8.113701483719506e-8,3.1551128614691125e-8,3.1551128614691125e-8,2.0267238989591403e-5,2.619179201621796e-6,0,2023-08-09,3.139592718671084e-7,rthhum,Ruby-throated Hummingbird
rthhum,state,CAN-NS,Nova Scotia,NA,North America,breeding,0.2232838933985722,0.01825845991119982,0.01825845991119982,0.6501882643725078,0.021705206297020177,56,2023-07-12,0.021046159772392815,rthhum,Ruby-throated Hummingbird
rthhum,state,CAN-NS,Nova Scotia,NA,North America,postbreeding_migration,0.2093839426294045,0.012236467694295046,0.012236467694295046,0.7876502105803328,0.015297513292791429,63,2023-07-26,0.021628810987983867,rthhum,Ruby-throated Hummingbird
rthhum,state,CAN-NS,Nova Scotia,NA,North America,prebreeding_migration,0.016328805954650347,0.003409569776771388,0.003409569776771388,0.36680776440400886,0.009606747971587018,14,2023-05-24,0.013813613669391774,rthhum,Ruby-throated Hummingbird
rthhum,state,CAN-ON,Ontario,NA,North America,breeding,0.009886899948406616,0.012113294599273097,0.012113294599273097,0.06150253370166955,0.030761902652298254,56,2023-05-31,0.024381327051479936,rthhum,Ruby-throated Hummingbird
rthhum,state,CAN-ON,Ontario,NA,North America,postbreeding_migration,0.02714357049809793,0.023767038176418176,0.023767038176418176,0.1695260082908073,0.04933091559906005,70,2023-08-16,0.03708397612166231,rthhum,Ruby-throated Hummingbird
rthhum,state,CAN-ON,Ontario,NA,North America,prebreeding_migration,0.003138185439623955,0.009817912381065632,0.009817912381065632,0.05902103057096079,0.02316008026020467,21,2023-05-24,0.029767996493563483,rthhum,Ruby-throated Hummingbird
rthhum,state,CAN-PE,Prince Edward Island,NA,North America,breeding,0.09266165593038492,9.349871985964588e-4,9.349871985964588e-4,0.39344262295081966,0.0016207090602138436,56,2023-06-07,0.0012235144838397413,rthhum,Ruby-throated Hummingbird
rthhum,state,CAN-PE,Prince Edward Island,NA,North America,postbreeding_migration,0.08139034377441542,5.869274741071049e-4,5.869274741071049e-4,0.41202185792349727,9.87430559011417e-4,49,2023-08-09,0.0010015382163211608,rthhum,Ruby-throated Hummingbird
rthhum,state,CAN-PE,Prince Edward Island,NA,North America,prebreeding_migration,0.006325345046696115,1.629777198648056e-4,1.629777198648056e-4,0.2306010928961749,7.452433343105087e-4,14,2023-05-24,8.2299705374259e-4,rthhum,Ruby-throated Hummingbird
rthhum,state,CAN-QC,Québec,NA,North America,breeding,0.009530710613875872,0.017953741792949982,0.017953741792949982,0.042104695180528943,0.03238010592417453,56,2023-05-31,0.024472998965351066,rthhum,Ruby-throated Hummingbird
rthhum,state,CAN-QC,Québec,NA,North America,postbreeding_migration,0.01955658196817876,0.02632865012703236,0.02632865012703236,0.09955507393716424,0.04454241818909953,56,2023-08-16,0.04639660789887801,rthhum,Ruby-throated Hummingbird
rthhum,state,CAN-QC,Québec,NA,North America,prebreeding_migration,0.001286322918926839,0.0061875412651846585,0.0061875412651846585,0.02282533086966654,0.01377139404139982,14,2023-05-24,0.022079429887865185,rthhum,Ruby-throated Hummingbird
rthhum,state,CAN-SK,Saskatchewan,NA,North America,breeding,0.00927655796888991,0.007269736222761165,0.007269736222761165,0.0888861677856422,0.028437015741785837,56,2023-06-14,0.01400617677275678,rthhum,Ruby-throated Hummingbird
rthhum,state,CAN-SK,Saskatchewan,NA,North America,postbreeding_migration,0.0012181360266660122,6.822342632949368e-4,6.822342632949368e-4,0.013775765372877356,0.002564060258578642,42,2023-08-23,7.754921712017369e-4,rthhum,Ruby-throated Hummingbird
rthhum,state,CAN-SK,Saskatchewan,NA,North America,prebreeding_migration,0.0013535415651479742,0.0027085808008392347,0.0027085808008392347,0.0779285818440098,0.019559587636926865,14,2023-05-24,0.010539047968950293,rthhum,Ruby-throated Hummingbird
rthhum,state,CRI-1327,Cartago,NA,North America,nonbreeding,0.020701806172456302,4.010422787657932e-4,4.010422787657932e-4,0.20340550618160136,8.378875986482128e-4,112,2023-11-29,0.0011000279989022486,rthhum,Ruby-throated Hummingbird
rthhum,state,CRI-1327,Cartago,NA,North America,postbreeding_migration,0.004146029197819986,1.1252446549233744e-5,1.1252446549233744e-5,0.18685719821397256,1.6853852394844843e-4,35,2023-11-08,6.161663768690359e-4,rthhum,Ruby-throated Hummingbird
rthhum,state,CRI-1327,Cartago,NA,North America,prebreeding_migration,0.002367921574587561,2.2962246603527917e-5,2.2962246603527917e-5,0.1774108535986933,2.157843632340162e-4,35,2023-03-15,3.369500616186589e-4,rthhum,Ruby-throated Hummingbird
rthhum,state,CRI-1328,Heredia,NA,North America,nonbreeding,0.024570781352339616,4.1387846723476207e-4,4.1387846723476207e-4,0.08346942937089191,2.989664437585201e-4,112,2023-12-06,9.171022905319964e-4,rthhum,Ruby-throated Hummingbird
rthhum,state,CRI-1328,Heredia,NA,North America,postbreeding_migration,0.0030396158170139125,7.173072851351323e-6,7.173072851351323e-6,0.0899046527063097,7.050882292916457e-5,42,2023-11-08,5.025171899297501e-4,rthhum,Ruby-throated Hummingbird
rthhum,state,CRI-1328,Heredia,NA,North America,prebreeding_migration,0.002355157850662733,1.9858160938382025e-5,1.9858160938382025e-5,0.08803866038286046,9.310760469401876e-5,35,2023-03-08,3.3071265703432537e-4,rthhum,Ruby-throated Hummingbird
rthhum,state,CRI-1329,Limón,NA,North America,prebreeding_migration,4.440304336771579e-6,1.3774824050051385e-7,1.3774824050051385e-7,9.028247475586064e-4,3.5129300366927755e-6,7,2023-03-15,8.174883065119948e-6,rthhum,Ruby-throated Hummingbird
rthhum,state,CRI-1330,Puntarenas,NA,North America,nonbreeding,0.1044928506063581,0.008701606690896528,0.008701606690896528,0.5084927333386784,0.009004067863396779,112,2023-02-22,0.013439841740010653,rthhum,Ruby-throated Hummingbird
rthhum,state,CRI-1330,Puntarenas,NA,North America,postbreeding_migration,0.00412696736421797,4.814781554489672e-5,4.814781554489672e-5,0.1566410499028183,6.073316160778915e-4,35,2023-11-08,0.0033394030070172465,rthhum,Ruby-throated Hummingbird
rthhum,state,CRI-1330,Puntarenas,NA,North America,prebreeding_migration,0.01374063371593835,5.727759524482326e-4,5.727759524482326e-4,0.31881684122406045,0.001666909380751375,49,2023-03-08,0.00928308711747338,rthhum,Ruby-throated Hummingbird
rthhum,state,CRI-1331,San José,NA,North America,nonbreeding,0.0993483761279214,0.003109225668443171,0.003109225668443171,0.562341923900464,0.003742252353157144,112,2023-12-06,0.006498266903159558,rthhum,Ruby-throated Hummingbird
rthhum,state,CRI-1331,San José,NA,North America,postbreeding_migration,0.0031610926825514723,1.3859941018821307e-5,1.3859941018821307e-5,0.19992798303204817,2.9132146705903103e-4,35,2023-11-08,0.001198129762450995,rthhum,Ruby-throated Hummingbird
rthhum,state,CRI-1331,San José,NA,North America,prebreeding_migration,0.009719316603415046,1.5226228461822242e-4,1.5226228461822242e-4,0.5247233609362124,0.00103105001962933,42,2023-03-08,0.002156005581750413,rthhum,Ruby-throated Hummingbird
rthhum,state,CRI-1333,Alajuela,NA,North America,nonbreeding,0.10136942125248095,0.006064040192302055,0.006064040192302055,0.4492777410231121,0.005714932994842957,112,2023-12-06,0.009177470632528674,rthhum,Ruby-throated Hummingbird
rthhum,state,CRI-1333,Alajuela,NA,North America,postbreeding_migration,0.007837163955645144,6.568205281901159e-5,6.568205281901159e-5,0.25980790424742367,7.236272217074069e-4,35,2023-11-08,0.004088821782156615,rthhum,Ruby-throated Hummingbird
rthhum,state,CRI-1333,Alajuela,NA,North America,prebreeding_migration,0.016689767138358794,4.997703906850763e-4,4.997703906850763e-4,0.38467075946953017,0.0014447814026615244,49,2023-03-08,0.006744987930102608,rthhum,Ruby-throated Hummingbird
rthhum,state,CRI-1334,Guanacaste,NA,North America,nonbreeding,0.560630903561647,0.03943873207942382,0.03943873207942382,0.8990574753885687,0.013448520314323175,112,2023-12-27,0.05187910353475414,rthhum,Ruby-throated Hummingbird
rthhum,state,CRI-1334,Guanacaste,NA,North America,postbreeding_migration,0.0338416433126704,3.3352626156835986e-4,3.3352626156835986e-4,0.7401306697010099,0.002424162584209098,35,2023-11-08,0.019347749547945076,rthhum,Ruby-throated Hummingbird
rthhum,state,CRI-1334,Guanacaste,NA,North America,prebreeding_migration,0.06691895456857902,0.0023564606898258665,0.0023564606898258665,0.8913846578108814,0.003937031859788296,49,2023-03-08,0.03316462444265831,rthhum,Ruby-throated Hummingbird
rthhum,state,GTM-1942,Baja Verapaz,NA,North America,nonbreeding,4.0427803453638145e-5,7.276474539983296e-7,7.276474539983296e-7,7.78638736498694e-4,2.9800119823143385e-6,84,2023-02-01,6.525545851293924e-5,rthhum,Ruby-throated Hummingbird
rthhum,state,GTM-1942,Baja Verapaz,NA,North America,postbreeding_migration,1.6728654469843886e-4,4.218271808771801e-7,4.218271808771801e-7,0.058533252978064776,4.905134962330036e-5,35,2023-10-18,4.4857819913953925e-5,rthhum,Ruby-throated Hummingbird
rthhum,state,GTM-1942,Baja Verapaz,NA,North America,prebreeding_migration,1.907897796723024e-5,1.7189415757965882e-7,1.7189415757965882e-7,5.659933381656121e-4,6.396023513405999e-7,28,2023-03-29,2.5996762968460823e-5,rthhum,Ruby-throated Hummingbird
rthhum,state,GTM-1943,Huehuetenango,NA,North America,nonbreeding,0.047923066963336175,0.002184537695105137,0.002184537695105137,0.09521047004578086,9.228705438477182e-4,112,2023-12-27,0.0035402799736070916,rthhum,Ruby-throated Hummingbird
rthhum,state,GTM-1943,Huehuetenango,NA,North America,postbreeding_migration,0.01534634379706745,9.800597270177554e-5,9.800597270177554e-5,0.16061763233022142,3.4089104346914166e-4,63,2023-11-08,0.0026620008915312168,rthhum,Ruby-throated Hummingbird
rthhum,state,GTM-1943,Huehuetenango,NA,North America,prebreeding_migration,0.006696300770739069,1.5279707201098768e-4,1.5279707201098768e-4,0.13057398440656218,3.7370547387060655e-4,56,2023-04-05,0.001434435138950754,rthhum,Ruby-throated Hummingbird
rthhum,state,GTM-1944,Petén,NA,North America,nonbreeding,0.09308071501934628,0.020979950784368272,0.020979950784368272,0.8626942382111749,0.041346884224972805,112,2023-03-01,0.06406492472611862,rthhum,Ruby-throated Hummingbird
rthhum,state,GTM-1944,Petén,NA,North America,postbreeding_migration,3.5368168288270124e-5,1.1168375411860003e-6,1.1168375411860003e-6,0.006726964003983814,7.059456886640829e-5,7,2023-10-18,1.0045042530298391e-4,rthhum,Ruby-throated Hummingbird
rthhum,state,GTM-1944,Petén,NA,North America,prebreeding_migration,0.13246719504939228,0.01494576797103588,0.01494576797103588,0.9509744204243826,0.01345771892011294,56,2023-03-29,0.08651330200664449,rthhum,Ruby-throated Hummingbird
rthhum,state,GTM-1945,Quezaltenango,NA,North America,nonbreeding,0.3358289198158759,0.00402000881163929,0.00402000881163929,0.6353978859183924,0.0016173194678041577,112,2023-01-04,0.007592804971490334,rthhum,Ruby-throated Hummingbird
rthhum,state,GTM-1945,Quezaltenango,NA,North America,postbreeding_migration,0.05148489361827322,8.634186262787097e-5,8.634186262787097e-5,0.39555491045066454,2.204566099875086e-4,49,2023-11-08,0.0033302282788664145,rthhum,Ruby-throated Hummingbird
rthhum,state,GTM-1945,Quezaltenango,NA,North America,prebreeding_migration,0.03119215797037614,1.869043783424461e-4,1.869043783424461e-4,0.463484351787675,3.483388006309743e-4,49,2023-03-08,0.0017028053465137198,rthhum,Ruby-throated Hummingbird
rthhum,state,GTM-1946,Retalhuleu,NA,North America,nonbreeding,0.05800393182464223,7.949570989193784e-4,7.949570989193784e-4,0.08484542926014858,2.4726112789332275e-4,112,2023-12-27,0.0018912918608202912,rthhum,Ruby-throated Hummingbird
rthhum,state,GTM-1946,Retalhuleu,NA,North America,postbreeding_migration,0.006872947330305576,1.3196597033020428e-5,1.3196597033020428e-5,0.05291158305507469,3.376326566386972e-5,49,2023-11-08,8.648785248737865e-4,rthhum,Ruby-throated Hummingbird
rthhum,state,GTM-1946,Retalhuleu,NA,North America,prebreeding_migration,0.018515659858410735,1.270254065227995e-4,1.270254065227995e-4,0.42277401689005567,3.637913852009112e-4,49,2023-04-05,0.001582641823040852,rthhum,Ruby-throated Hummingbird
rthhum,state,GTM-1947,San Marcos,NA,North America,nonbreeding,0.4534582718250988,0.010364358346130684,0.010364358346130684,0.7622972950180675,0.0037048498074076738,112,2023-12-27,0.015640434532528877,rthhum,Ruby-throated Hummingbird
rthhum,state,GTM-1947,San Marcos,NA,North America,postbreeding_migration,0.06384042261336256,2.0442477393178788e-4,2.0442477393178788e-4,0.4777318534501542,5.083896767693837e-4,49,2023-11-08,0.007610851216605366,rthhum,Ruby-throated Hummingbird
rthhum,state,GTM-1947,San Marcos,NA,North America,prebreeding_migration,0.03300822028003956,3.776524804946342e-4,3.776524804946342e-4,0.40880550762610335,5.866508355523554e-4,49,2023-03-08,0.003662267901445452,rthhum,Ruby-throated Hummingbird
rthhum,state,GTM-1948,Alta Verapaz,NA,North America,nonbreeding,0.01552510915059577,9.619789908904368e-4,9.619789908904368e-4,0.18758865627738783,0.0024716025459784337,56,2023-02-08,0.003723501889314625,rthhum,Ruby-throated Hummingbird
rthhum,state,GTM-1948,Alta Verapaz,NA,North America,postbreeding_migration,2.7743677596895016e-4,2.4083945474989692e-6,2.4083945474989692e-6,0.07120993178633575,2.0543712424848524e-4,21,2023-09-20,2.6483131930866568e-5,rthhum,Ruby-throated Hummingbird
rthhum,state,GTM-1948,Alta Verapaz,NA,North America,prebreeding_migration,0.03135161074914075,9.724245724612003e-4,9.724245724612003e-4,0.3406782835820058,0.001325358108291302,56,2023-03-29,0.007056219263835583,rthhum,Ruby-throated Hummingbird
rthhum,state,GTM-1949,Chimaltenango,NA,North America,nonbreeding,0.590682944947868,0.006397625558175719,0.006397625558175719,0.8851674329156037,0.0020385949767665773,112,2023-12-27,0.009704849588799847,rthhum,Ruby-throated Hummingbird
rthhum,state,GTM-1949,Chimaltenango,NA,North America,postbreeding_migration,0.16232241781392578,2.463063285308116e-4,2.463063285308116e-4,0.8704985785574356,4.3897509853263136e-4,63,2023-11-08,0.006914248107247404,rthhum,Ruby-throated Hummingbird
rthhum,state,GTM-1949,Chimaltenango,NA,North America,prebreeding_migration,0.05900527114626401,3.199044916898169e-4,3.199044916898169e-4,0.5208175822802156,3.541668325153347e-4,49,2023-03-08,0.002948232549448999,rthhum,Ruby-throated Hummingbird
rthhum,state,GTM-1950,Escuintla,NA,North America,nonbreeding,0.1290907864770893,0.004106707968213488,0.004106707968213488,0.18681437048194863,0.001263717475287009,112,2023-12-27,0.00654108777111932,rthhum,Ruby-throated Hummingbird
rthhum,state,GTM-1950,Escuintla,NA,North America,postbreeding_migration,0.0259197453957291,1.1552127845942824e-4,1.1552127845942824e-4,0.15836874267641887,2.345716242671952e-4,70,2023-11-08,0.004059701177855796,rthhum,Ruby-throated Hummingbird
rthhum,state,GTM-1950,Escuintla,NA,North America,prebreeding_migration,0.043698301752433485,6.958702573805781e-4,6.958702573805781e-4,0.8466496555034683,0.001691064504710306,49,2023-04-05,0.007234571598090235,rthhum,Ruby-throated Hummingbird
rthhum,state,GTM-1951,Guatemala,NA,North America,nonbreeding,0.35058889326148257,0.004837492493220675,0.004837492493220675,0.7109498216678773,0.0020859420378999288,112,2023-11-15,0.008243368649831141,rthhum,Ruby-throated Hummingbird
rthhum,state,GTM-1951,Guatemala,NA,North America,postbreeding_migration,0.13144602645542508,2.5409861271204377e-4,2.5409861271204377e-4,0.7817859406611662,5.022471011802999e-4,70,2023-11-08,0.006417026294546979,rthhum,Ruby-throated Hummingbird
rthhum,state,GTM-1951,Guatemala,NA,North America,prebreeding_migration,0.043208279633725526,2.984381001292745e-4,2.984381001292745e-4,0.6362383558570469,5.511881365628018e-4,49,2023-03-29,0.002505007529178747,rthhum,Ruby-throated Hummingbird
rthhum,state,GTM-1952,Suchitepéquez,NA,North America,nonbreeding,0.19139471621739504,0.0028045358112016895,0.0028045358112016895,0.25952753083925634,8.086407384259959e-4,112,2023-12-27,0.005097338563469174,rthhum,Ruby-throated Hummingbird
rthhum,state,GTM-1952,Suchitepéquez,NA,North America,postbreeding_migration,0.02825853422961433,5.801140155330737e-5,5.801140155330737e-5,0.18203892691546833,1.241946090376626e-4,63,2023-11-08,0.0024927164978881208,rthhum,Ruby-throated Hummingbird
rthhum,state,GTM-1952,Suchitepéquez,NA,North America,prebreeding_migration,0.05434214674940671,3.9859603810243806e-4,3.9859603810243806e-4,0.8197899137839026,7.542085998558063e-4,49,2023-04-05,0.0034620476288716577,rthhum,Ruby-throated Hummingbird
rthhum,state,GTM-1953,Sacatepéquez,NA,North America,nonbreeding,0.5021942023435815,0.0021440763331559165,0.0021440763331559165,0.9433404706535712,8.564029434434565e-4,112,2023-12-06,0.0039156570620149074,rthhum,Ruby-throated Hummingbird
rthhum,state,GTM-1953,Sacatepéquez,NA,North America,postbreeding_migration,0.16694264794440636,9.985470368516336e-5,9.985470368516336e-5,0.9141839866912126,1.8172287129616967e-4,70,2023-11-08,0.0029548520607158776,rthhum,Ruby-throated Hummingbird
rthhum,state,GTM-1953,Sacatepéquez,NA,North America,prebreeding_migration,0.04360192095126697,9.318356306527018e-5,9.318356306527018e-5,0.53514764794829,1.4344982838977898e-4,49,2023-03-08,8.462158950743163e-4,rthhum,Ruby-throated Hummingbird
rthhum,state,GTM-1954,Sololá,NA,North America,nonbreeding,0.6202714670738868,0.004379250061640491,0.004379250061640491,0.8964182622816976,0.001345766684583502,112,2023-12-27,0.007296165535114873,rthhum,Ruby-throated Hummingbird
rthhum,state,GTM-1954,Sololá,NA,North America,postbreeding_migration,0.15502481973873916,1.5333872830153934e-4,1.5333872830153934e-4,0.7587230651243118,2.4940701232290327e-4,70,2023-11-08,0.004466776076709608,rthhum,Ruby-throated Hummingbird
rthhum,state,GTM-1954,Sololá,NA,North America,prebreeding_migration,0.04876065403312466,1.7232671297948965e-4,1.7232671297948965e-4,0.4883185853721193,2.164606999659434e-4,56,2023-03-08,0.0019419531124968777,rthhum,Ruby-throated Hummingbird
rthhum,state,GTM-1955,Totonicapán,NA,North America,nonbreeding,0.242939179377309,0.001979662981963279,0.001979662981963279,0.6004457220664599,0.0010404197633985656,112,2023-01-04,0.003657803524548555,rthhum,Ruby-throated Hummingbird
rthhum,state,GTM-1955,Totonicapán,NA,North America,postbreeding_migration,0.03643334845009115,4.1593500366232354e-5,4.1593500366232354e-5,0.316921171814584,1.2024094679220132e-4,49,2023-11-08,0.00125343502937119,rthhum,Ruby-throated Hummingbird
rthhum,state,GTM-1956,El Progreso,NA,North America,nonbreeding,0.08568559612143735,0.001027908877968157,0.001027908877968157,0.35540574749038767,9.065930335944788e-4,112,2023-02-08,0.0020631602041773405,rthhum,Ruby-throated Hummingbird
rthhum,state,GTM-1956,El Progreso,NA,North America,postbreeding_migration,0.03541712569886824,5.9524093268384906e-5,5.9524093268384906e-5,0.4311857711547792,2.40834470685412e-4,63,2023-10-11,0.0017539970104761026,rthhum,Ruby-throated Hummingbird
rthhum,state,GTM-1956,El Progreso,NA,North America,prebreeding_migration,0.014769707305634712,8.869187258622407e-5,8.869187258622407e-5,0.3285766801264969,2.4748073404753674e-4,42,2023-03-22,8.709847959050885e-4,rthhum,Ruby-throated Hummingbird
rthhum,state,GTM-1957,Santa Rosa,NA,North America,nonbreeding,0.45236777439843806,0.00907411114834173,0.00907411114834173,0.6453685651831947,0.002752715824029121,112,2023-12-06,0.012943361154780153,rthhum,Ruby-throated Hummingbird
rthhum,state,GTM-1957,Santa Rosa,NA,North America,postbreeding_migration,0.11349552768192804,3.1895092419299365e-4,3.1895092419299365e-4,0.5824189974566125,5.439455146843923e-4,70,2023-11-08,0.008807363311648407,rthhum,Ruby-throated Hummingbird
rthhum,state,GTM-1957,Santa Rosa,NA,North America,prebreeding_migration,0.0851788396501232,8.552819287995292e-4,8.552819287995292e-4,0.8387511780268069,0.0010563393112546955,49,2023-03-29,0.005760230090024199,rthhum,Ruby-throated Hummingbird
rthhum,state,GTM-1959,Izabal,NA,North America,nonbreeding,0.021224620542261735,0.0011500530932880904,0.0011500530932880904,0.2613599202210429,0.0030113281292484147,105,2023-02-01,0.0037160165376368425,rthhum,Ruby-throated Hummingbird
rthhum,state,GTM-1959,Izabal,NA,North America,postbreeding_migration,9.573851907270024e-4,7.267705863077694e-6,7.267705863077694e-6,0.034146817060578975,8.614609900463926e-5,49,2023-10-04,4.397396954668115e-4,rthhum,Ruby-throated Hummingbird
rthhum,state,GTM-1959,Izabal,NA,North America,prebreeding_migration,0.021185116691111873,5.746110287603447e-4,5.746110287603447e-4,0.38225663459216264,0.001300441593136185,49,2023-04-05,0.00451643725857633,rthhum,Ruby-throated Hummingbird
rthhum,state,GTM-1960,Chiquimula,NA,North America,nonbreeding,0.22707603818246935,0.00336964157448489,0.00336964157448489,0.8982030038346317,0.0028341839791208986,112,2023-01-11,0.0070733009465353885,rthhum,Ruby-throated Hummingbird
rthhum,state,GTM-1960,Chiquimula,NA,North America,postbreeding_migration,0.07304997464110385,1.518676071048873e-4,1.518676071048873e-4,0.7997959098740718,5.525848964882071e-4,70,2023-10-11,0.003891031833869041,rthhum,Ruby-throated Hummingbird
rthhum,state,GTM-1960,Chiquimula,NA,North America,prebreeding_migration,0.016289397479609266,1.2099921731670528e-4,1.2099921731670528e-4,0.6912046067838818,6.439866835955904e-4,49,2023-04-12,0.001608584273962883,rthhum,Ruby-throated Hummingbird
rthhum,state,GTM-1961,Jalapa,NA,North America,nonbreeding,0.3570817653300742,0.004436914716036451,0.004436914716036451,0.878487387490961,0.002321079814825,112,2023-12-06,0.007365342242919327,rthhum,Ruby-throated Hummingbird
rthhum,state,GTM-1961,Jalapa,NA,North America,postbreeding_migration,0.09402307419936724,1.636743164597279e-4,1.636743164597279e-4,0.8514150051349407,4.92563401648639e-4,70,2023-10-11,0.0038854348794578647,rthhum,Ruby-throated Hummingbird
rthhum,state,GTM-1961,Jalapa,NA,North America,prebreeding_migration,0.032497976071441156,2.021319023829426e-4,2.021319023829426e-4,0.6804106359649241,5.308139958634476e-4,42,2023-03-29,0.0018116899315943984,rthhum,Ruby-throated Hummingbird
rthhum,state,GTM-1962,Jutiapa,NA,North America,nonbreeding,0.3205142466517883,0.006726637277535975,0.006726637277535975,0.8097542159742906,0.003613641169334353,112,2023-01-11,0.012421546556253623,rthhum,Ruby-throated Hummingbird
rthhum,state,GTM-1962,Jutiapa,NA,North America,postbreeding_migration,0.050587757789540055,1.4874034448997e-4,1.4874034448997e-4,0.5877072272895096,5.742739744893099e-4,70,2023-10-11,0.003689772077314859,rthhum,Ruby-throated Hummingbird
rthhum,state,GTM-1962,Jutiapa,NA,North America,prebreeding_migration,0.034967116029316694,3.673462636816434e-4,3.673462636816434e-4,0.67901348860089,8.947195699278745e-4,49,2023-04-05,0.0029182963984321587,rthhum,Ruby-throated Hummingbird
rthhum,state,GTM-1963,Zacapa,NA,North America,nonbreeding,0.03939479046862551,6.347999314366112e-4,6.347999314366112e-4,0.4012185626151403,0.0013747389266923777,112,2023-01-18,0.0017995520517123797,rthhum,Ruby-throated Hummingbird
rthhum,state,GTM-1963,Zacapa,NA,North America,postbreeding_migration,0.023407019765086443,5.284171194441926e-5,5.284171194441926e-5,0.4425874943768172,3.320508886752366e-4,70,2023-10-18,0.0014181396859154277,rthhum,Ruby-throated Hummingbird
rthhum,state,GTM-1963,Zacapa,NA,North America,prebreeding_migration,0.006987280987087084,5.63600572522336e-5,5.63600572522336e-5,0.28668939627329737,2.900464604827513e-4,49,2023-04-05,7.828645548512213e-4,rthhum,Ruby-throated Hummingbird
rthhum,state,GTM-3467,Quiché,NA,North America,nonbreeding,0.03537865443565661,0.0015598063157333747,0.0015598063157333747,0.10441711643184044,9.789087152809331e-4,112,2023-12-27,0.002667768024590369,rthhum,Ruby-throated Hummingbird
rthhum,state,GTM-3467,Quiché,NA,North America,postbreeding_migration,0.009490064610533928,5.861802929105874e-5,5.861802929105874e-5,0.16613152203737386,3.410270586858751e-4,63,2023-11-08,0.0020138084877587086,rthhum,Ruby-throated Hummingbird
rthhum,state,GTM-3467,Quiché,NA,North America,prebreeding_migration,0.015975135031209727,3.525648744529867e-4,3.525648744529867e-4,0.21522875813921208,5.957822040403517e-4,56,2023-04-05,0.002912585898880326,rthhum,Ruby-throated Hummingbird
rthhum,state,HND-637,Atlántida,NA,North America,nonbreeding,0.01897053511599103,5.851303245901409e-4,5.851303245901409e-4,0.4341070384202164,0.002847154195591474,56,2023-02-01,0.0023022334943455943,rthhum,Ruby-throated Hummingbird
rthhum,state,HND-637,Atlántida,NA,North America,postbreeding_migration,3.591033609463868e-4,1.5517622253732463e-6,1.5517622253732463e-6,0.04182879442879952,6.00697472361003e-5,21,2023-10-04,1.0494824775171922e-4,rthhum,Ruby-throated Hummingbird
rthhum,state,HND-637,Atlántida,NA,North America,prebreeding_migration,0.011078104708335153,1.710423407540657e-4,1.710423407540657e-4,0.4620551292796208,8.947973392789129e-4,49,2023-04-12,0.0018506195059267085,rthhum,Ruby-throated Hummingbird
rthhum,state,HND-638,Colón,NA,North America,nonbreeding,2.0150145556428417e-5,1.116314497218833e-6,1.116314497218833e-6,0.0026298806413516695,3.098029519625232e-5,7,2023-03-01,4.206389208265548e-5,rthhum,Ruby-throated Hummingbird
rthhum,state,HND-638,Colón,NA,North America,prebreeding_migration,8.231696975937497e-4,2.282773871599694e-5,2.282773871599694e-5,0.035177830142485184,1.2235882234345452e-4,21,2023-03-15,2.9630312386947597e-4,rthhum,Ruby-throated Hummingbird
rthhum,state,HND-639,Francisco Morazán,NA,North America,nonbreeding,0.4701323616098695,0.025235921423909183,0.025235921423909183,0.9860079885917958,0.011254354462262754,112,2023-12-27,0.0448854986527038,rthhum,Ruby-throated Hummingbird
rthhum,state,HND-639,Francisco Morazán,NA,North America,postbreeding_migration,0.16658819906200434,0.0012527832377794478,0.0012527832377794478,0.8411345957895137,0.002102189911524664,70,2023-11-08,0.027916720635152385,rthhum,Ruby-throated Hummingbird
rthhum,state,HND-639,Francisco Morazán,NA,North America,prebreeding_migration,0.008140009660970657,2.187202939447979e-4,2.187202939447979e-4,0.37768321242941544,0.0012728715059504184,49,2023-03-15,0.00180593232704977,rthhum,Ruby-throated Hummingbird
rthhum,state,HND-641,Islas de la Bahía,NA,North America,prebreeding_migration,6.329615243545202e-4,1.9071463076538303e-6,1.9071463076538303e-6,0.06542056074766354,2.4723712512670904e-5,14,2023-04-12,5.302800316382185e-5,rthhum,Ruby-throated Hummingbird
rthhum,state,HND-642,Olancho,NA,North America,nonbreeding,0.029584779446146955,0.004418422005835032,0.004418422005835032,0.2775022367966423,0.00881264917564015,112,2023-11-22,0.012169032684566228,rthhum,Ruby-throated Hummingbird
rthhum,state,HND-642,Olancho,NA,North America,postbreeding_migration,0.01394411866094263,2.917578891656935e-4,2.917578891656935e-4,0.1664922507441143,0.0011577114106438987,42,2023-11-08,0.008239807807106985,rthhum,Ruby-throated Hummingbird
rthhum,state,HND-642,Olancho,NA,North America,prebreeding_migration,0.0068261002422882215,5.103130328574961e-4,5.103130328574961e-4,0.1662504499387113,0.0015589046420412774,42,2023-03-15,0.005575676420533135,rthhum,Ruby-throated Hummingbird
rthhum,state,HND-643,Yoro,NA,North America,nonbreeding,0.12241896845711824,0.005944577655892839,0.005944577655892839,0.7874320470540758,0.00813067330314472,112,2023-01-11,0.009662076025109208,rthhum,Ruby-throated Hummingbird
rthhum,state,HND-643,Yoro,NA,North America,postbreeding_migration,0.030495741306173593,2.0746467741990888e-4,2.0746467741990888e-4,0.4791638444228576,0.0010833374633514917,56,2023-11-08,0.004075740907973781,rthhum,Ruby-throated Hummingbird
rthhum,state,HND-643,Yoro,NA,North America,prebreeding_migration,0.01038610515479663,2.5245858597451945e-4,2.5245858597451945e-4,0.28255598833791024,8.614591112671665e-4,49,2023-03-08,0.002316137258979538,rthhum,Ruby-throated Hummingbird
rthhum,state,HND-645,Valle,NA,North America,nonbreeding,0.28323240291185703,0.003466134001511614,0.003466134001511614,0.5758744799600888,0.00149855049355503,112,2023-01-11,0.006140576038554688,rthhum,Ruby-throated Hummingbird
rthhum,state,HND-645,Valle,NA,North America,postbreeding_migration,0.038253317760633905,6.558495138449305e-5,6.558495138449305e-5,0.2104419751027281,1.199063582970486e-4,70,2023-11-08,0.0023791588905040717,rthhum,Ruby-throated Hummingbird
rthhum,state,HND-645,Valle,NA,North America,prebreeding_migration,0.02124736300455491,1.3015851663673384e-4,1.3015851663673384e-4,0.41489214775006,3.187832477441597e-4,49,2023-03-08,0.0017257914483113747,rthhum,Ruby-throated Hummingbird
rthhum,state,HND-646,Comayagua,NA,North America,nonbreeding,0.3853718502406539,0.012291004425169744,0.012291004425169744,0.9304226161537964,0.006309991606471078,112,2023-12-27,0.023913232499929084,rthhum,Ruby-throated Hummingbird
rthhum,state,HND-646,Comayagua,NA,North America,postbreeding_migration,0.11888892042911411,5.312286039265528e-4,5.312286039265528e-4,0.8362138164522475,0.0012417442511129658,70,2023-11-08,0.010779378608457462,rthhum,Ruby-throated Hummingbird
rthhum,state,HND-646,Comayagua,NA,North America,prebreeding_migration,0.008118815668143034,1.296179680767788e-4,1.296179680767788e-4,0.4451033177509907,8.913044648600141e-4,49,2023-03-08,0.001151746619604859,rthhum,Ruby-throated Hummingbird
rthhum,state,HND-647,Cortés,NA,North America,nonbreeding,0.0451679812554335,0.001181757451603981,0.001181757451603981,0.5536997032678895,0.0030804424238545587,112,2023-02-01,0.003464748893689125,rthhum,Ruby-throated Hummingbird
rthhum,state,HND-647,Cortés,NA,North America,postbreeding_migration,0.003231741412127992,1.184586975907043e-5,1.184586975907043e-5,0.24709606793284675,3.0100307722344123e-4,49,2023-10-04,7.110330526907524e-4,rthhum,Ruby-throated Hummingbird
rthhum,state,HND-647,Cortés,NA,North America,prebreeding_migration,0.01745203320354821,2.2856453291926663e-4,2.2856453291926663e-4,0.5643437527365391,9.270416667117624e-4,49,2023-04-12,0.0019849485458017496,rthhum,Ruby-throated Hummingbird
rthhum,state,HND-648,Intibucá,NA,North America,nonbreeding,0.5267463637017449,0.01033323347285099,0.01033323347285099,0.9848394412739012,0.004108102445074886,112,2023-01-04,0.022358066422278822,rthhum,Ruby-throated Hummingbird
rthhum,state,HND-648,Intibucá,NA,North America,postbreeding_migration,0.1430253166298584,3.930794094600528e-4,3.930794094600528e-4,0.9622545905587816,8.788851361623166e-4,70,2023-11-08,0.007561915336306899,rthhum,Ruby-throated Hummingbird
rthhum,state,HND-648,Intibucá,NA,North America,prebreeding_migration,0.01807404874240144,1.77482397228786e-4,1.77482397228786e-4,0.6484330460025219,7.986522126525277e-4,49,2023-04-12,0.0014207165997700633,rthhum,Ruby-throated Hummingbird
rthhum,state,HND-649,La Paz,NA,North America,nonbreeding,0.6395471184188387,0.010402171287764706,0.010402171287764706,1,0.003458538308931244,112,2023-01-04,0.02101005146314663,rthhum,Ruby-throated Hummingbird
rthhum,state,HND-649,La Paz,NA,North America,postbreeding_migration,0.19142348968685136,4.361936758944567e-4,4.361936758944567e-4,0.9737803193541632,7.374284343367211e-4,70,2023-11-08,0.010012333674982566,rthhum,Ruby-throated Hummingbird
rthhum,state,HND-649,La Paz,NA,North America,prebreeding_migration,0.02446636306693104,1.9919847599381423e-4,1.9919847599381423e-4,0.8230933120131891,8.40540010098532e-4,49,2023-03-08,0.0015067629636303474,rthhum,Ruby-throated Hummingbird
rthhum,state,HND-650,Santa Bárbara,NA,North America,nonbreeding,0.1326603405323943,0.004216091379407357,0.004216091379407357,0.9017960292759428,0.006094223287178205,112,2023-01-18,0.012256920480682111,rthhum,Ruby-throated Hummingbird
rthhum,state,HND-650,Santa Bárbara,NA,North America,postbreeding_migration,0.030921213643142716,1.3767596207458495e-4,1.3767596207458495e-4,0.621251395563836,9.192713326295126e-4,70,2023-10-11,0.0034414240659081884,rthhum,Ruby-throated Hummingbird
rthhum,state,HND-650,Santa Bárbara,NA,North America,prebreeding_migration,0.009535568918458527,1.5169828038803245e-4,1.5169828038803245e-4,0.2686688877549772,5.360979524635275e-4,49,2023-04-12,0.0010499161580288636,rthhum,Ruby-throated Hummingbird
rthhum,state,HND-651,Copán,NA,North America,nonbreeding,0.15703210094403464,0.00322252196528115,0.00322252196528115,0.8609628826347551,0.003756929194036376,112,2023-01-18,0.008402894597348406,rthhum,Ruby-throated Hummingbird
rthhum,state,HND-651,Copán,NA,North America,postbreeding_migration,0.08166484442573554,2.3478765881848712e-4,2.3478765881848712e-4,0.883322332721312,8.439837560119991e-4,70,2023-10-11,0.004868689734649309,rthhum,Ruby-throated Hummingbird
rthhum,state,HND-651,Copán,NA,North America,prebreeding_migration,0.008240343778559669,8.464823682949135e-5,8.464823682949135e-5,0.5889031649357774,7.58768332449388e-4,49,2023-04-12,0.0017807688523144834,rthhum,Ruby-throated Hummingbird
rthhum,state,HND-652,Lempira,NA,North America,nonbreeding,0.4353769413295646,0.011688430989799768,0.011688430989799768,0.9725585826434489,0.005551977533843093,112,2023-01-04,0.023139267992602738,rthhum,Ruby-throated Hummingbird
rthhum,state,HND-652,Lempira,NA,North America,postbreeding_migration,0.15569293997412567,5.855883038009183e-4,5.855883038009183e-4,0.9922200430310604,0.0012402413902619128,70,2023-10-11,0.009482641403048017,rthhum,Ruby-throated Hummingbird
rthhum,state,HND-652,Lempira,NA,North America,prebreeding_migration,0.00925672257131373,1.243979380966141e-4,1.243979380966141e-4,0.6494833799197729,0.0010947543986788463,49,2023-04-12,0.0023524115904801465,rthhum,Ruby-throated Hummingbird
rthhum,state,HND-653,Ocotepeque,NA,North America,nonbreeding,0.348575578235871,0.0036601435167055423,0.0036601435167055423,0.970226180010226,0.0021662834592744654,112,2023-01-18,0.007843156323974263,rthhum,Ruby-throated Hummingbird
rthhum,state,HND-653,Ocotepeque,NA,North America,postbreeding_migration,0.12498592112988724,1.8386325089684983e-4,1.8386325089684983e-4,0.8993001831930472,4.3965627122147266e-4,70,2023-10-11,0.004398842521454444,rthhum,Ruby-throated Hummingbird
rthhum,state,HND-653,Ocotepeque,NA,North America,prebreeding_migration,0.016576623576321923,8.712892882764885e-5,8.712892882764885e-5,0.8711697862027572,5.743304293117736e-4,35,2023-04-12,0.001482094615014093,rthhum,Ruby-throated Hummingbird
rthhum,state,HND-661,Choluteca,NA,North America,nonbreeding,0.4032179584371868,0.011896677725947631,0.011896677725947631,0.741255298968654,0.00465044784176036,112,2023-12-27,0.01970291433594067,rthhum,Ruby-throated Hummingbird
rthhum,state,HND-661,Choluteca,NA,North America,postbreeding_migration,0.09563307864329378,3.9529984917496147e-4,3.9529984917496147e-4,0.5457732601053862,7.497310829473701e-4,70,2023-11-08,0.012500714774013056,rthhum,Ruby-throated Hummingbird
rthhum,state,HND-661,Choluteca,NA,North America,prebreeding_migration,0.023935854171527264,3.535085334518951e-4,3.535085334518951e-4,0.4169157072690126,7.723105219587139e-4,49,2023-03-08,0.0033562438965047013,rthhum,Ruby-throated Hummingbird
rthhum,state,HND-662,El Paraíso,NA,North America,nonbreeding,0.2772201124917716,0.013214045588965044,0.013214045588965044,0.7678336943046189,0.007782504270303996,112,2023-11-22,0.028127028103298264,rthhum,Ruby-throated Hummingbird
rthhum,state,HND-662,El Paraíso,NA,North America,postbreeding_migration,0.10437818539683982,6.970332396964347e-4,6.970332396964347e-4,0.7634194702745019,0.0016942665224571368,70,2023-11-08,0.0188896393552448,rthhum,Ruby-throated Hummingbird
rthhum,state,HND-662,El Paraíso,NA,North America,prebreeding_migration,0.007203939912870723,1.7188828882833463e-4,1.7188828882833463e-4,0.13133998289904011,3.9306636680133266e-4,49,2023-03-08,0.001725330014253935,rthhum,Ruby-throated Hummingbird
rthhum,state,MEX-AG,Aguascalientes,NA,North America,nonbreeding,1.531022860214814e-4,5.309208493616755e-6,5.309208493616755e-6,0.01733264768916497,1.2780685580522655e-4,7,2023-11-15,8.919185944806576e-5,rthhum,Ruby-throated Hummingbird
rthhum,state,MEX-AG,Aguascalientes,NA,North America,postbreeding_migration,0.06246666923170479,3.0347934354583425e-4,3.0347934354583425e-4,0.589269229822977,9.514134818496174e-4,63,2023-10-04,0.004178964528230615,rthhum,Ruby-throated Hummingbird
rthhum,state,MEX-CL,Colima,NA,North America,nonbreeding,0.1288207810299258,0.004818191991034367,0.004818191991034367,0.9074731790944652,0.007217272577315021,112,2023-11-22,0.008275897872547818,rthhum,Ruby-throated Hummingbird
rthhum,state,MEX-CL,Colima,NA,North America,postbreeding_migration,0.03677594041423068,1.9270573592007728e-4,1.9270573592007728e-4,0.877007523164417,0.0015272457472846517,49,2023-11-08,0.007877772764781422,rthhum,Ruby-throated Hummingbird
rthhum,state,MEX-CL,Colima,NA,North America,prebreeding_migration,0.03535486448037659,6.619306503515066e-4,6.619306503515066e-4,0.8084511310638447,0.001898496540645437,42,2023-03-08,0.005823722060202123,rthhum,Ruby-throated Hummingbird
rthhum,state,MEX-CM,Campeche,NA,North America,nonbreeding,0.11254137801361838,0.04136820766460392,0.04136820766460392,0.8298154254104158,0.0648600256663677,112,2023-03-01,0.0991918554464378,rthhum,Ruby-throated Hummingbird
rthhum,state,MEX-CM,Campeche,NA,North America,postbreeding_migration,0.003503294712277022,1.804113395066886e-4,1.804113395066886e-4,0.4494988262531008,0.007692906791760104,35,2023-11-08,0.008476200113203427,rthhum,Ruby-throated Hummingbird
rthhum,state,MEX-CM,Campeche,NA,North America,prebreeding_migration,0.1505319185390464,0.02769798744548437,0.02769798744548437,0.94408451440469,0.021788293361555106,70,2023-04-05,0.14139880703135507,rthhum,Ruby-throated Hummingbird
rthhum,state,MEX-CO,Coahuila,NA,North America,postbreeding_migration,0.0015395824209385148,2.0354588257313896e-4,2.0354588257313896e-4,0.0204714913431891,8.994636379961492e-4,35,2023-09-27,0.0016280466736221702,rthhum,Ruby-throated Hummingbird
rthhum,state,MEX-CO,Coahuila,NA,North America,prebreeding_migration,4.6088983506063885e-6,2.177153087485667e-6,2.177153087485667e-6,0.002173442244868071,1.2877532798772013e-4,7,2023-04-26,3.0704661383131885e-5,rthhum,Ruby-throated Hummingbird
rthhum,state,MEX-CS,Chiapas,NA,North America,nonbreeding,0.14696745307099007,0.06829776221317742,0.06829776221317742,0.5606453958556633,0.05540062987234878,112,2023-02-15,0.12271962995419353,rthhum,Ruby-throated Hummingbird
rthhum,state,MEX-CS,Chiapas,NA,North America,postbreeding_migration,0.038370191015751745,0.002498112247457551,0.002498112247457551,0.30113060625238636,0.006515498315991277,56,2023-10-18,0.058633144280290206,rthhum,Ruby-throated Hummingbird
rthhum,state,MEX-CS,Chiapas,NA,North America,prebreeding_migration,0.08650660392576492,0.020123323551967956,0.020123323551967956,0.7828263711575216,0.02284065832775308,56,2023-03-22,0.11709722358327772,rthhum,Ruby-throated Hummingbird
rthhum,state,MEX-DF,Distrito Federal,NA,North America,nonbreeding,0.002615481853191821,2.2480997029268867e-5,2.2480997029268867e-5,0.26168356227668393,4.782791365019085e-4,84,2023-01-18,1.7391364242708835e-4,rthhum,Ruby-throated Hummingbird
rthhum,state,MEX-DF,Distrito Federal,NA,North America,postbreeding_migration,0.06319105106480835,7.609429843503972e-5,7.609429843503972e-5,0.36996502345491333,1.4805802674626475e-4,91,2023-10-11,0.0015444010881434046,rthhum,Ruby-throated Hummingbird
rthhum,state,MEX-DF,Distrito Federal,NA,North America,prebreeding_migration,0.00196046918948274,8.435076378835854e-6,8.435076378835854e-6,0.08099171045827547,4.3708136597122105e-5,35,2023-03-29,9.786338579635346e-5,rthhum,Ruby-throated Hummingbird
rthhum,state,MEX-DG,Durango,NA,North America,nonbreeding,7.996529031458373e-6,6.049127221205054e-6,6.049127221205054e-6,8.794984457827351e-4,1.4147099650316586e-4,7,2023-11-15,1.2552619466627907e-4,rthhum,Ruby-throated Hummingbird
rthhum,state,MEX-DG,Durango,NA,North America,postbreeding_migration,0.0043137903304877176,4.571754635105109e-4,4.571754635105109e-4,0.030164508279623897,0.001062416684619063,42,2023-10-04,0.001654229016746611,rthhum,Ruby-throated Hummingbird
rthhum,state,MEX-GJ,Guanajuato,NA,North America,nonbreeding,0.0019703316921451794,3.746279533267133e-4,3.746279533267133e-4,0.10448171558265897,0.004224178561313551,35,2023-11-15,0.003033054054451719,rthhum,Ruby-throated Hummingbird
rthhum,state,MEX-GJ,Guanajuato,NA,North America,postbreeding_migration,0.17480426274511787,0.004656349140811556,0.004656349140811556,0.9904610325438076,0.0087681034024763,84,2023-10-04,0.07457092904749058,rthhum,Ruby-throated Hummingbird
rthhum,state,MEX-GJ,Guanajuato,NA,North America,prebreeding_migration,1.4349416340239533e-6,1.3657154243743377e-7,1.3657154243743377e-7,2.640524910626868e-4,3.152165195124023e-6,0,2023-03-15,4.098577622926131e-6,rthhum,Ruby-throated Hummingbird
rthhum,state,MEX-GR,Guerrero,NA,North America,nonbreeding,0.14517336841917164,0.05982158164743257,0.05982158164743257,0.889766784598181,0.07796294987432938,112,2023-11-15,0.13941445676174474,rthhum,Ruby-throated Hummingbird
rthhum,state,MEX-GR,Guerrero,NA,North America,postbreeding_migration,0.13241230000346682,0.007644198359565346,0.007644198359565346,0.5674507439485095,0.01088695779864014,63,2023-11-01,0.16128877740433453,rthhum,Ruby-throated Hummingbird
rthhum,state,MEX-GR,Guerrero,NA,North America,prebreeding_migration,0.04581433578409279,0.009450123259224851,0.009450123259224851,0.8082223841741507,0.020910271683165813,42,2023-03-08,0.06883012662788812,rthhum,Ruby-throated Hummingbird
rthhum,state,MEX-HG,Hidalgo,NA,North America,nonbreeding,0.0013377825103666936,1.7814412917934065e-4,1.7814412917934065e-4,0.06741287916127146,0.001908842135097158,63,2023-11-15,0.0012538735092185722,rthhum,Ruby-throated Hummingbird
rthhum,state,MEX-HG,Hidalgo,NA,North America,postbreeding_migration,0.19567845332702324,0.003650578475708691,0.003650578475708691,0.9205569256605214,0.005707475850090233,84,2023-10-11,0.07115344418536236,rthhum,Ruby-throated Hummingbird
rthhum,state,MEX-HG,Hidalgo,NA,North America,prebreeding_migration,0.01396206987668943,9.306812166002856e-4,9.306812166002856e-4,0.27731790074966256,0.002318578307843881,56,2023-04-12,0.006288932360618778,rthhum,Ruby-throated Hummingbird
rthhum,state,MEX-JA,Jalisco,NA,North America,nonbreeding,0.04773030226119622,0.023929313603568408,0.023929313603568408,0.73214751617446,0.07805051738953706,112,2023-11-15,0.0684269911602724,rthhum,Ruby-throated Hummingbird
rthhum,state,MEX-JA,Jalisco,NA,North America,postbreeding_migration,0.06324238626571511,0.004441983962902225,0.004441983962902225,0.7911418309987386,0.018467063263515947,77,2023-11-08,0.06088296198871666,rthhum,Ruby-throated Hummingbird
rthhum,state,MEX-JA,Jalisco,NA,North America,prebreeding_migration,0.008832458980107516,0.0022165770220912368,0.0022165770220912368,0.24369174404401664,0.007670695383496574,42,2023-03-08,0.014185836102738929,rthhum,Ruby-throated Hummingbird
rthhum,state,MEX-MI,Michoacán,NA,North America,nonbreeding,0.08269425045494251,0.030697333604922085,0.030697333604922085,0.8503872987453636,0.06712483638030903,112,2023-11-15,0.0852625576978199,rthhum,Ruby-throated Hummingbird
rthhum,state,MEX-MI,Michoacán,NA,North America,postbreeding_migration,0.14738377261591395,0.0076649211059423485,0.0076649211059423485,0.9527098694329424,0.016466201864424178,84,2023-10-25,0.1301525064280706,rthhum,Ruby-throated Hummingbird
rthhum,state,MEX-MI,Michoacán,NA,North America,prebreeding_migration,0.01484467943416875,0.002758425782534193,0.002758425782534193,0.46077148394761885,0.010739122499578663,35,2023-03-08,0.03390228183898443,rthhum,Ruby-throated Hummingbird
rthhum,state,MEX-MO,Morelos,NA,North America,nonbreeding,0.12750367063132265,0.004048480274118765,0.004048480274118765,0.9719035387754306,0.006561960919977098,112,2023-11-15,0.010779185127484232,rthhum,Ruby-throated Hummingbird
rthhum,state,MEX-MO,Morelos,NA,North America,postbreeding_migration,0.27035360873534003,0.0012026359781641292,0.0012026359781641292,0.9301922627706564,0.001375148168946774,77,2023-10-25,0.020160301088138245,rthhum,Ruby-throated Hummingbird
rthhum,state,MEX-MO,Morelos,NA,North America,prebreeding_migration,0.02005484025263636,3.1875256474816094e-4,3.1875256474816094e-4,0.5709877674231276,0.0011382928498455637,49,2023-03-15,0.0028244062881505154,rthhum,Ruby-throated Hummingbird
rthhum,state,MEX-MX,México,NA,North America,nonbreeding,0.04675453851186773,0.006378340093320291,0.006378340093320291,0.4500754047341083,0.013056005199794217,112,2023-11-15,0.021404151416528683,rthhum,Ruby-throated Hummingbird
rthhum,state,MEX-MX,México,NA,North America,postbreeding_migration,0.20557195722039093,0.003928985710885821,0.003928985710885821,0.8587641901286431,0.005454629487985576,91,2023-10-11,0.06480352241979355,rthhum,Ruby-throated Hummingbird
rthhum,state,MEX-MX,México,NA,North America,prebreeding_migration,0.0033134808440848425,2.2627339999019172e-4,2.2627339999019172e-4,0.1424147831934066,0.0012198230459981932,42,2023-03-08,0.0032242626483221177,rthhum,Ruby-throated Hummingbird
rthhum,state,MEX-NA,Nayarit,NA,North America,nonbreeding,0.029904272737729845,0.005314632879663795,0.005314632879663795,0.6347952469759233,0.023989148208528696,112,2023-11-15,0.0180646010140236,rthhum,Ruby-throated Hummingbird
rthhum,state,MEX-NA,Nayarit,NA,North America,postbreeding_migration,0.01830640612248721,4.558015513815997e-4,4.558015513815997e-4,0.4390934231189056,0.003633326189851899,56,2023-11-08,0.010965466629185057,rthhum,Ruby-throated Hummingbird
rthhum,state,MEX-NA,Nayarit,NA,North America,prebreeding_migration,0.004763956617395293,4.238117215219059e-4,4.238117215219059e-4,0.20595314247263263,0.00229808618308488,42,2023-04-12,0.0028349328495779033,rthhum,Ruby-throated Hummingbird
rthhum,state,MEX-NL,Nuevo León,NA,North America,postbreeding_migration,0.013031482795051836,7.415629397650792e-4,7.415629397650792e-4,0.1148792328233806,0.0021725534008854644,70,2023-09-27,0.008299885741383857,rthhum,Ruby-throated Hummingbird
rthhum,state,MEX-OA,Oaxaca,NA,North America,nonbreeding,0.24509851894030932,0.14443112747734932,0.14443112747734932,0.8598473956831493,0.10774140409167506,112,2023-11-29,0.1827601333565073,rthhum,Ruby-throated Hummingbird
rthhum,state,MEX-OA,Oaxaca,NA,North America,postbreeding_migration,0.178680821695301,0.01475131498817962,0.01475131498817962,0.5712234213442723,0.015672329464094185,63,2023-10-25,0.27916937821311666,rthhum,Ruby-throated Hummingbird
rthhum,state,MEX-OA,Oaxaca,NA,North America,prebreeding_migration,0.06510879355212494,0.01920546840115504,0.01920546840115504,0.5353444211679939,0.019806660589382578,63,2023-03-08,0.1370867645760748,rthhum,Ruby-throated Hummingbird
rthhum,state,MEX-PU,Puebla,NA,North America,nonbreeding,0.052663228523262474,0.01138632285268612,0.01138632285268612,0.5282795988328134,0.024287397981965036,112,2023-11-15,0.02890538616044179,rthhum,Ruby-throated Hummingbird
rthhum,state,MEX-PU,Puebla,NA,North America,postbreeding_migration,0.15589083323367273,0.0047220357775039894,0.0047220357775039894,0.6604679781445248,0.006648676652246615,84,2023-10-18,0.07332244585943316,rthhum,Ruby-throated Hummingbird
rthhum,state,MEX-PU,Puebla,NA,North America,prebreeding_migration,0.026414155113529115,0.0028587611968692,0.0028587611968692,0.34532119735744626,0.0046876709142551435,63,2023-03-29,0.01726215404499603,rthhum,Ruby-throated Hummingbird
rthhum,state,MEX-QR,Quintana Roo,NA,North America,nonbreeding,0.13679984671897363,0.040505939052908634,0.040505939052908634,0.834353915371535,0.05253207294827297,112,2023-03-01,0.0711903929588831,rthhum,Ruby-throated Hummingbird
rthhum,state,MEX-QR,Quintana Roo,NA,North America,postbreeding_migration,0.01417209797479951,5.878952095142598e-4,5.878952095142598e-4,0.8167414832477258,0.01125965647781457,49,2023-11-08,0.0183140794906913,rthhum,Ruby-throated Hummingbird
rthhum,state,MEX-QR,Quintana Roo,NA,North America,prebreeding_migration,0.12409703990678066,0.018393300132688938,0.018393300132688938,0.781587202136275,0.014530093112460198,70,2023-04-05,0.08379517236938759,rthhum,Ruby-throated Hummingbird
rthhum,state,MEX-QT,Querétaro,NA,North America,nonbreeding,3.225085651023506e-4,2.3585429100355365e-5,2.3585429100355365e-5,0.01602027118893846,2.4912282994154865e-4,42,2023-11-15,1.3111417872032404e-4,rthhum,Ruby-throated Hummingbird
rthhum,state,MEX-QT,Querétaro,NA,North America,postbreeding_migration,0.2592526157454375,0.0026561852275816464,0.0026561852275816464,0.9984615434045694,0.003399705543688124,84,2023-10-11,0.0458097605268467,rthhum,Ruby-throated Hummingbird
rthhum,state,MEX-QT,Querétaro,NA,North America,prebreeding_migration,0.0022498668855177486,8.236154665453164e-5,8.236154665453164e-5,0.14683937886695733,6.742220184322828e-4,49,2023-04-19,9.067476937408356e-4,rthhum,Ruby-throated Hummingbird
rthhum,state,MEX-SI,Sinaloa,NA,North America,postbreeding_migration,7.054236939594898e-6,3.7614822652960673e-7,3.7614822652960673e-7,3.8961710495022384e-4,6.904333195349344e-6,0,2023-10-25,1.1267945357430464e-5,rthhum,Ruby-throated Hummingbird
rthhum,state,MEX-SL,San Luis Potosí,NA,North America,postbreeding_migration,0.11240181887161772,0.006319280162226131,0.006319280162226131,0.6396871980460808,0.011951892585802345,84,2023-10-04,0.0953959241688613,rthhum,Ruby-throated Hummingbird
rthhum,state,MEX-SL,San Luis Potosí,NA,North America,prebreeding_migration,0.005412470555749672,0.0010872321285444562,0.0010872321285444562,0.17032087263146964,0.004291284688905358,49,2023-04-19,0.009858493597117584,rthhum,Ruby-throated Hummingbird
rthhum,state,MEX-TB,Tabasco,NA,North America,nonbreeding,0.011455388087774064,0.0017636446362374956,0.0017636446362374956,0.19736606615549257,0.006461225467308897,91,2023-02-22,0.008773631652204036,rthhum,Ruby-throated Hummingbird
rthhum,state,MEX-TB,Tabasco,NA,North America,postbreeding_migration,2.505433907418276e-5,5.404019492004441e-7,5.404019492004441e-7,0.001030434686967314,7.3863379948256e-6,7,2023-10-18,6.720639041687303e-5,rthhum,Ruby-throated Hummingbird
rthhum,state,MEX-TB,Tabasco,NA,North America,prebreeding_migration,0.08071756667375622,0.0062206315270305875,0.0062206315270305875,0.7558103323739745,0.007305870390722485,63,2023-04-05,0.037142942199797864,rthhum,Ruby-throated Hummingbird
rthhum,state,MEX-TL,Tlaxcala,NA,North America,nonbreeding,7.099098724259258e-4,1.718362459080097e-5,1.718362459080097e-5,0.12972211035394474,6.67677439470411e-4,63,2023-01-18,2.12244680693433e-4,rthhum,Ruby-throated Hummingbird
rthhum,state,MEX-TL,Tlaxcala,NA,North America,postbreeding_migration,0.10404678663833349,3.528360191959171e-4,3.528360191959171e-4,0.8281262872824727,9.332877451690324e-4,77,2023-10-04,0.011885236063479843,rthhum,Ruby-throated Hummingbird
rthhum,state,MEX-TL,Tlaxcala,NA,North America,prebreeding_migration,2.54236146358877e-4,3.080448825106995e-6,3.080448825106995e-6,0.014041267473038991,2.1339082200481106e-5,49,2023-03-29,9.271964573417088e-5,rthhum,Ruby-throated Hummingbird
rthhum,state,MEX-TM,Tamaulipas,NA,North America,nonbreeding,7.334102075556449e-5,3.664010763443695e-5,3.664010763443695e-5,0.001000388612323326,1.0627219878214496e-4,28,2023-11-15,1.7980321851039844e-4,rthhum,Ruby-throated Hummingbird
rthhum,state,MEX-TM,Tamaulipas,NA,North America,postbreeding_migration,0.0385653088418872,0.002699226229294441,0.002699226229294441,0.206266195156651,0.004797834691345744,84,2023-10-04,0.048915117411740275,rthhum,Ruby-throated Hummingbird
rthhum,state,MEX-TM,Tamaulipas,NA,North America,prebreeding_migration,0.002103222724145863,5.259690592937527e-4,5.259690592937527e-4,0.09554542544894346,0.002996936581807516,42,2023-04-19,0.005050349365433562,rthhum,Ruby-throated Hummingbird
rthhum,state,MEX-VE,Veracruz,NA,North America,nonbreeding,0.03475839950738325,0.015876821740926497,0.015876821740926497,0.46030079937754753,0.044708146300878195,112,2023-02-15,0.06190561242909483,rthhum,Ruby-throated Hummingbird
rthhum,state,MEX-VE,Veracruz,NA,North America,postbreeding_migration,0.01810161218581728,0.0011583871612060282,0.0011583871612060282,0.1718903900968892,0.0036556350061024575,77,2023-10-11,0.027965414248834784,rthhum,Ruby-throated Hummingbird
rthhum,state,MEX-VE,Veracruz,NA,North America,prebreeding_migration,0.10189594537957145,0.023298386313429367,0.023298386313429367,0.7834653591668366,0.022468881858341047,70,2023-03-29,0.11414659009458268,rthhum,Ruby-throated Hummingbird
rthhum,state,MEX-YU,Yucatán,NA,North America,nonbreeding,0.29295119612638393,0.07184484742474527,0.07184484742474527,0.9532141683471752,0.04970865089421498,112,2023-03-01,0.110076699461071,rthhum,Ruby-throated Hummingbird
rthhum,state,MEX-YU,Yucatán,NA,North America,postbreeding_migration,0.03417574211785296,0.0011742240909373865,0.0011742240909373865,0.9789097500653818,0.011177648221522684,42,2023-11-08,0.04084743710886697,rthhum,Ruby-throated Hummingbird
rthhum,state,MEX-YU,Yucatán,NA,North America,prebreeding_migration,0.2636887558014389,0.03237107360413943,0.03237107360413943,0.9587187863460952,0.014762144512286524,77,2023-03-29,0.1437972875670168,rthhum,Ruby-throated Hummingbird
rthhum,state,MEX-ZA,Zacatecas,NA,North America,nonbreeding,7.54944683138922e-4,3.5261549853659886e-4,3.5261549853659886e-4,0.05725180975441791,0.005686127868653798,28,2023-11-15,0.003959260528337533,rthhum,Ruby-throated Hummingbird
rthhum,state,MEX-ZA,Zacatecas,NA,North America,postbreeding_migration,0.03188719663435015,0.0020865811858465978,0.0020865811858465978,0.2603771965491008,0.005662349147106178,84,2023-10-04,0.012586793631192365,rthhum,Ruby-throated Hummingbird
rthhum,state,NIC-24,Rivas,NA,North America,nonbreeding,0.3294958787270258,0.0064410357849489525,0.0064410357849489525,0.6716392160224471,0.0027917910288918395,112,2023-12-27,0.010388594777419272,rthhum,Ruby-throated Hummingbird
rthhum,state,NIC-24,Rivas,NA,North America,postbreeding_migration,0.0090601453772264,2.481267416966418e-5,2.481267416966418e-5,0.2949773362292768,2.6847373622329026e-4,14,2023-11-08,0.0019342975175083168,rthhum,Ruby-throated Hummingbird
rthhum,state,NIC-24,Rivas,NA,North America,prebreeding_migration,0.042852542759869536,4.193218208979308e-4,4.193218208979308e-4,0.631889822508204,7.755413338911928e-4,56,2023-03-08,0.005978313446943137,rthhum,Ruby-throated Hummingbird
rthhum,state,NIC-4800,Rio San Juan,NA,North America,nonbreeding,0.09055545525314586,0.004393738487442072,0.004393738487442072,0.49747274997228064,0.005132512536078297,112,2023-12-06,0.008865701197432565,rthhum,Ruby-throated Hummingbird
rthhum,state,NIC-4800,Rio San Juan,NA,North America,postbreeding_migration,0.004490062312591865,3.0521412991039426e-5,3.0521412991039426e-5,0.21758626022208993,4.915395709929268e-4,14,2023-11-08,0.0028158097122930863,rthhum,Ruby-throated Hummingbird
rthhum,state,NIC-4800,Rio San Juan,NA,North America,prebreeding_migration,0.01380421415980729,3.3527132863504924e-4,3.3527132863504924e-4,0.3518806929766307,0.0010719459515909455,21,2023-03-08,0.00496463840742144,rthhum,Ruby-throated Hummingbird
rthhum,state,NIC-644,Atlántico Sur,NA,North America,nonbreeding,0.0015171886922255872,2.586678514504338e-4,2.586678514504338e-4,0.040064850290197955,0.0014524711638926502,28,2023-11-22,0.002474119403203416,rthhum,Ruby-throated Hummingbird
rthhum,state,NIC-644,Atlántico Sur,NA,North America,postbreeding_migration,1.496625135496675e-4,3.5747738680268697e-6,3.5747738680268697e-6,0.008420889410170896,6.684489641173289e-5,7,2023-11-08,3.80647687280218e-4,rthhum,Ruby-throated Hummingbird
rthhum,state,NIC-644,Atlántico Sur,NA,North America,prebreeding_migration,0.0041332534387904735,3.5274432483141133e-4,3.5274432483141133e-4,0.15984897113257587,0.0017110809946656706,21,2023-03-15,0.007302425639841309,rthhum,Ruby-throated Hummingbird
rthhum,state,NIC-654,Carazo,NA,North America,nonbreeding,0.5770217827819563,0.004840056509431559,0.004840056509431559,0.8786740567228432,0.0015672098914407088,112,2023-12-27,0.007396091159615072,rthhum,Ruby-throated Hummingbird
rthhum,state,NIC-654,Carazo,NA,North America,postbreeding_migration,0.022045151761164093,2.590621694136677e-5,2.590621694136677e-5,0.6168210948468349,2.4089338482828003e-4,35,2023-11-08,0.0021804716869211764,rthhum,Ruby-throated Hummingbird
rthhum,state,NIC-654,Carazo,NA,North America,prebreeding_migration,0.10264814811767772,4.309972345944835e-4,4.309972345944835e-4,0.8684919774464037,4.5738497996952634e-4,63,2023-03-08,0.005057741203013213,rthhum,Ruby-throated Hummingbird
rthhum,state,NIC-655,Granada,NA,North America,nonbreeding,0.27242336201811607,0.002281626210757836,0.002281626210757836,0.5735887216075732,0.0010215082734578915,112,2023-12-27,0.003755660603353125,rthhum,Ruby-throated Hummingbird
rthhum,state,NIC-655,Granada,NA,North America,postbreeding_migration,0.012261561331547566,1.4387276989232494e-5,1.4387276989232494e-5,0.33989302701583984,1.3254087584393988e-4,21,2023-11-08,0.0012981421280308797,rthhum,Ruby-throated Hummingbird
rthhum,state,NIC-655,Granada,NA,North America,prebreeding_migration,0.04768851323195992,1.9993050949510625e-4,1.9993050949510625e-4,0.5276057907988407,2.7743903561362006e-4,63,2023-03-08,0.0027539004587375775,rthhum,Ruby-throated Hummingbird
rthhum,state,NIC-656,Jinotega,NA,North America,nonbreeding,0.0491395288118305,0.0029038474193970533,0.0029038474193970533,0.20783453625357023,0.0026115699219587674,112,2023-11-22,0.007032027757794512,rthhum,Ruby-throated Hummingbird
rthhum,state,NIC-656,Jinotega,NA,North America,postbreeding_migration,0.006674780702458356,5.526020452372804e-5,5.526020452372804e-5,0.10912895685289777,3.0025499510647445e-4,49,2023-11-08,0.0035140070017356095,rthhum,Ruby-throated Hummingbird
rthhum,state,NIC-656,Jinotega,NA,North America,prebreeding_migration,0.004569079753978218,1.351564216085573e-4,1.351564216085573e-4,0.09263677565614745,3.437036144379621e-4,35,2023-03-15,0.0016109340181086132,rthhum,Ruby-throated Hummingbird
rthhum,state,NIC-657,Atlántico Norte,NA,North America,postbreeding_migration,5.58855297486194e-6,1.6349130376574145e-7,1.6349130376574145e-7,2.693985025230371e-4,2.619179201621796e-6,0,2023-11-08,1.4621679357809878e-5,rthhum,Ruby-throated Hummingbird
rthhum,state,NIC-657,Atlántico Norte,NA,North America,prebreeding_migration,1.5206622287851644e-4,1.5894998955707627e-5,1.5894998955707627e-5,0.008097597368280056,1.061638467611201e-4,14,2023-03-15,4.2022397249948866e-4,rthhum,Ruby-throated Hummingbird
rthhum,state,NIC-658,León,NA,North America,nonbreeding,0.438989938428674,0.015084616404501868,0.015084616404501868,0.8590090699281527,0.006276515272797891,112,2023-12-27,0.02379316231468141,rthhum,Ruby-throated Hummingbird
rthhum,state,NIC-658,León,NA,North America,postbreeding_migration,0.03181876370982322,1.5317775035754907e-4,1.5317775035754907e-4,0.4050035075826318,6.479566045994798e-4,63,2023-11-08,0.008090583671172057,rthhum,Ruby-throated Hummingbird
rthhum,state,NIC-658,León,NA,North America,prebreeding_migration,0.05654108747314769,9.72543425828438e-4,9.72543425828438e-4,0.7524159523091731,0.001623287941945276,56,2023-03-08,0.012034036028421416,rthhum,Ruby-throated Hummingbird
rthhum,state,NIC-659,Managua,NA,North America,nonbreeding,0.408284554732893,0.00989138269544772,0.00989138269544772,0.8095176313713561,0.004170244346990001,112,2023-12-27,0.015402174770819815,rthhum,Ruby-throated Hummingbird
rthhum,state,NIC-659,Managua,NA,North America,postbreeding_migration,0.02311389834064556,7.845126194368674e-5,7.845126194368674e-5,0.5135735177765085,5.7930077231698e-4,49,2023-11-08,0.005762983587128441,rthhum,Ruby-throated Hummingbird
rthhum,state,NIC-659,Managua,NA,North America,prebreeding_migration,0.05354080961782353,6.492980954782217e-4,6.492980954782217e-4,0.6904864178750558,0.0010502847457549511,63,2023-03-08,0.008409803144367057,rthhum,Ruby-throated Hummingbird
rthhum,state,NIC-660,Masaya,NA,North America,nonbreeding,0.3978106593564608,0.001387477289619445,0.001387477289619445,0.9576693679960816,7.102417535218649e-4,112,2023-12-27,0.0024755108586276774,rthhum,Ruby-throated Hummingbird
rthhum,state,NIC-660,Masaya,NA,North America,postbreeding_migration,0.01647812301740464,8.051742720207944e-6,8.051742720207944e-6,0.5052933317596229,8.205413404634679e-5,35,2023-11-08,8.251232064836419e-4,rthhum,Ruby-throated Hummingbird
rthhum,state,NIC-660,Masaya,NA,North America,prebreeding_migration,0.08571466569634154,1.4964759581750743e-4,1.4964759581750743e-4,0.9239332424090292,2.0232424295141187e-4,63,2023-03-08,0.002097461260520411,rthhum,Ruby-throated Hummingbird
rthhum,state,NIC-663,Chinandega,NA,North America,nonbreeding,0.30769623115271694,0.01012112716108914,0.01012112716108914,0.6279475301442262,0.004392089661766687,112,2023-01-11,0.015836466973387645,rthhum,Ruby-throated Hummingbird
rthhum,state,NIC-663,Chinandega,NA,North America,postbreeding_migration,0.020930057785016016,9.645168365627404e-5,9.645168365627404e-5,0.17280879075077138,2.6465491747404234e-4,70,2023-11-08,0.0036978096136677688,rthhum,Ruby-throated Hummingbird
rthhum,state,NIC-663,Chinandega,NA,North America,prebreeding_migration,0.050795335060561816,8.363646623399148e-4,8.363646623399148e-4,0.5467446597159078,0.0011291434459439263,49,2023-03-08,0.009401561202987074,rthhum,Ruby-throated Hummingbird
rthhum,state,NIC-664,Estelí,NA,North America,nonbreeding,0.5058147245089875,0.0074583415705715105,0.0074583415705715105,0.9961848907404746,0.003123430795250631,112,2023-12-27,0.014894640254094284,rthhum,Ruby-throated Hummingbird
rthhum,state,NIC-664,Estelí,NA,North America,postbreeding_migration,0.09626640066243176,1.9886493678258863e-4,1.9886493678258863e-4,0.9757074284162472,6.698504366539675e-4,63,2023-11-08,0.009802170406332711,rthhum,Ruby-throated Hummingbird
rthhum,state,NIC-664,Estelí,NA,North America,prebreeding_migration,0.020681158565497508,1.5264789036807116e-4,1.5264789036807116e-4,0.48260765034047026,4.4678940615779507e-4,42,2023-03-15,0.0018794622516951104,rthhum,Ruby-throated Hummingbird
rthhum,state,NIC-665,Madriz,NA,North America,nonbreeding,0.4681360575467393,0.004691590589882669,0.004691590589882669,0.9887736193467797,0.0021071042362921766,112,2023-12-27,0.010199297983081156,rthhum,Ruby-throated Hummingbird
rthhum,state,NIC-665,Madriz,NA,North America,postbreeding_migration,0.09380609245038848,1.3170787410231034e-4,1.3170787410231034e-4,0.8848588084270202,4.128853027514408e-4,63,2023-11-08,0.006042954870075378,rthhum,Ruby-throated Hummingbird
rthhum,state,NIC-665,Madriz,NA,North America,prebreeding_migration,0.020391483056276628,1.0229678078958408e-4,1.0229678078958408e-4,0.4588818972522791,2.887399002501667e-4,49,2023-03-15,0.0012671433270147658,rthhum,Ruby-throated Hummingbird
rthhum,state,NIC-666,Matagalpa,NA,North America,nonbreeding,0.15714510880770605,0.008454199748516078,0.008454199748516078,0.444091128041614,0.005080247490451325,112,2023-12-27,0.014614354479016238,rthhum,Ruby-throated Hummingbird
rthhum,state,NIC-666,Matagalpa,NA,North America,postbreeding_migration,0.02152398181001314,1.6222841842495472e-4,1.6222841842495472e-4,0.35013412401033084,8.77028099190121e-4,56,2023-11-08,0.010103875839555722,rthhum,Ruby-throated Hummingbird
rthhum,state,NIC-666,Matagalpa,NA,North America,prebreeding_migration,0.015611555741512276,4.204196068778061e-4,4.204196068778061e-4,0.36862571796391064,0.0012451312464865029,42,2023-03-15,0.005936174653854059,rthhum,Ruby-throated Hummingbird
rthhum,state,NIC-667,Nueva Segovia,NA,North America,nonbreeding,0.2282947063365839,0.0047397113224380335,0.0047397113224380335,0.7885751235084941,0.003481290451356615,112,2023-11-22,0.010882932398495197,rthhum,Ruby-throated Hummingbird
rthhum,state,NIC-667,Nueva Segovia,NA,North America,postbreeding_migration,0.05696085382128603,1.6567814438307984e-4,1.6567814438307984e-4,0.510464562701946,4.934340102533615e-4,63,2023-11-08,0.005738855325008841,rthhum,Ruby-throated Hummingbird
rthhum,state,NIC-667,Nueva Segovia,NA,North America,prebreeding_migration,0.01773404075964553,1.8430150994280743e-4,1.8430150994280743e-4,0.3037475631049572,3.959375724981869e-4,42,2023-03-08,0.0019067114582487295,rthhum,Ruby-throated Hummingbird
rthhum,state,NIC-668,Boaco,NA,North America,nonbreeding,0.2640395802937479,0.007097791310456852,0.007097791310456852,0.8225835849025938,0.004701921424718176,112,2023-12-27,0.011739252016792538,rthhum,Ruby-throated Hummingbird
rthhum,state,NIC-668,Boaco,NA,North America,postbreeding_migration,0.025376494093825027,9.556931982856347e-5,9.556931982856347e-5,0.574379845226069,7.188873089266564e-4,35,2023-11-08,0.006880815032784279,rthhum,Ruby-throated Hummingbird
rthhum,state,NIC-668,Boaco,NA,North America,prebreeding_migration,0.037329235048271854,5.023060670154679e-4,5.023060670154679e-4,0.7276106816172673,0.0012280360669370994,28,2023-03-08,0.0067913600909242575,rthhum,Ruby-throated Hummingbird
rthhum,state,NIC-669,Chontales,NA,North America,nonbreeding,0.21861718865166657,0.008878241624548146,0.008878241624548146,0.8833644884485594,0.007628229102084378,112,2023-11-22,0.015995065893042094,rthhum,Ruby-throated Hummingbird
rthhum,state,NIC-669,Chontales,NA,North America,postbreeding_migration,0.019053955990981683,1.0840779079131085e-4,1.0840779079131085e-4,0.6403508167466788,0.0012107878525515082,14,2023-11-08,0.008605767686857682,rthhum,Ruby-throated Hummingbird
rthhum,state,NIC-669,Chontales,NA,North America,prebreeding_migration,0.03985671907904344,8.102319071852116e-4,8.102319071852116e-4,0.8022728385418353,0.002045608916458154,28,2023-03-08,0.011375843029449256,rthhum,Ruby-throated Hummingbird
rthhum,state,PAN-1332,Chiriquí,NA,North America,nonbreeding,0.007445852550655762,3.555642702615766e-4,3.555642702615766e-4,0.5251404696592071,0.005332370365006788,112,2023-03-01,0.0012820710714486116,rthhum,Ruby-throated Hummingbird
rthhum,state,PAN-1332,Chiriquí,NA,North America,postbreeding_migration,2.039579120476486e-4,1.364510620167618e-6,1.364510620167618e-6,0.07360574383874906,1.6365256618988637e-4,14,2023-11-08,1.1777900369393432e-4,rthhum,Ruby-throated Hummingbird
rthhum,state,PAN-1332,Chiriquí,NA,North America,prebreeding_migration,0.0011474431037003109,2.742836895506831e-5,2.742836895506831e-5,0.15105593614842655,4.5289689378763575e-4,21,2023-03-08,4.5775811890870656e-4,rthhum,Ruby-throated Hummingbird
rthhum,state,PAN-1341,Veraguas,NA,North America,prebreeding_migration,3.7813909108204384e-6,1.561550536569943e-7,1.561550536569943e-7,0.0013637929780414414,7.063917860763115e-6,7,2023-03-15,4.182368786210191e-6,rthhum,Ruby-throated Hummingbird
rthhum,state,PAN-1958,Bocas del Toro,NA,North America,nonbreeding,2.4318616718379524e-4,8.669351956292154e-6,8.669351956292154e-6,0.044685657444304895,3.3873264623626405e-4,84,2023-03-01,4.898973867890584e-5,rthhum,Ruby-throated Hummingbird
rthhum,state,PAN-1958,Bocas del Toro,NA,North America,prebreeding_migration,1.2838802330770278e-4,2.2910650494665256e-6,2.2910650494665256e-6,0.015780109573411943,3.5319589303815576e-5,21,2023-03-08,3.791424146413407e-5,rthhum,Ruby-throated Hummingbird
rthhum,state,PAN-3454,Ngöbe Buglé,NA,North America,nonbreeding,2.4341189113189595e-5,1.027706555157173e-6,1.027706555157173e-6,0.007084909881105228,6.36066909836415e-5,70,2023-03-01,1.0477672944721037e-5,rthhum,Ruby-throated Hummingbird
rthhum,state,PAN-3454,Ngöbe Buglé,NA,North America,prebreeding_migration,4.856487828125811e-6,1.0263956002338388e-7,1.0263956002338388e-7,0.0015921878509544494,4.2206516138229245e-6,7,2023-03-15,5.448157751104461e-6,rthhum,Ruby-throated Hummingbird
rthhum,state,SLV-1343,Ahuachapán,NA,North America,nonbreeding,0.5452033471750761,0.004348315221696574,0.004348315221696574,0.8102223955865079,0.001374066925503789,112,2023-01-11,0.007030167011673851,rthhum,Ruby-throated Hummingbird
rthhum,state,SLV-1343,Ahuachapán,NA,North America,postbreeding_migration,0.09783307767459762,1.0931528804051068e-4,1.0931528804051068e-4,0.463710597969792,1.721935819213485e-4,49,2023-11-08,0.0028480023935062485,rthhum,Ruby-throated Hummingbird
rthhum,state,SLV-1343,Ahuachapán,NA,North America,prebreeding_migration,0.09918966896652907,3.959989990666237e-4,3.959989990666237e-4,0.7988379937945813,4.000175838646819e-4,49,2023-03-08,0.00293151083314376,rthhum,Ruby-throated Hummingbird
rthhum,state,SLV-1344,Cabañas,NA,North America,nonbreeding,0.8611992674339437,0.005810520662025749,0.005810520662025749,0.9818359202632628,0.001408612217811218,112,2023-01-11,0.009311534405337055,rthhum,Ruby-throated Hummingbird
rthhum,state,SLV-1344,Cabañas,NA,North America,postbreeding_migration,0.08888648763790644,8.401944813160859e-5,8.401944813160859e-5,0.7769761504256322,2.4407680993202905e-4,63,2023-11-08,0.00363977191110438,rthhum,Ruby-throated Hummingbird
rthhum,state,SLV-1344,Cabañas,NA,North America,prebreeding_migration,0.11340751442490753,3.830172829502949e-4,3.830172829502949e-4,0.9137457884836544,3.870745789951479e-4,49,2023-03-08,0.00392334958872076,rthhum,Ruby-throated Hummingbird
rthhum,state,SLV-1345,Cuscatlán,NA,North America,nonbreeding,0.5959868096487485,0.002825979110751892,0.002825979110751892,0.8718752961834303,8.790788025571176e-4,112,2023-12-06,0.004745812350806174,rthhum,Ruby-throated Hummingbird
rthhum,state,SLV-1345,Cuscatlán,NA,North America,postbreeding_migration,0.03640624118937258,2.418470655826836e-5,2.418470655826836e-5,0.3076283274473602,6.791505482870216e-5,56,2023-11-08,0.001161703976303588,rthhum,Ruby-throated Hummingbird
rthhum,state,SLV-1345,Cuscatlán,NA,North America,prebreeding_migration,0.08475002450132282,2.0115798314341657e-4,2.0115798314341657e-4,0.713349449731996,2.123696706204595e-4,49,2023-03-08,0.002556540125234012,rthhum,Ruby-throated Hummingbird
rthhum,state,SLV-1346,La Libertad,NA,North America,nonbreeding,0.6662932194483806,0.0077482926478024735,0.0077482926478024735,0.8692822582892958,0.0021495253628672872,112,2023-01-11,0.011863731431551424,rthhum,Ruby-throated Hummingbird
rthhum,state,SLV-1346,La Libertad,NA,North America,postbreeding_migration,0.08701257160309549,1.4176052306217883e-4,1.4176052306217883e-4,0.4996439821875045,2.7052581550183807e-4,63,2023-11-08,0.004475048340891382,rthhum,Ruby-throated Hummingbird
rthhum,state,SLV-1346,La Libertad,NA,North America,prebreeding_migration,0.13636258995477976,7.937815566153377e-4,7.937815566153377e-4,0.7993817191459296,5.836502792361593e-4,49,2023-03-08,0.00720246230912807,rthhum,Ruby-throated Hummingbird
rthhum,state,SLV-1347,La Paz,NA,North America,nonbreeding,0.36609395632572994,0.0029117944216053393,0.0029117944216053393,0.521653816109378,8.822500168011781e-4,112,2023-01-11,0.004565696159497291,rthhum,Ruby-throated Hummingbird
rthhum,state,SLV-1347,La Paz,NA,North America,postbreeding_migration,0.04309763564843413,4.8023551754559174e-5,4.8023551754559174e-5,0.2714166770140914,1.0051065693635594e-4,63,2023-11-08,0.0016582433621314765,rthhum,Ruby-throated Hummingbird
rthhum,state,SLV-1347,La Paz,NA,North America,prebreeding_migration,0.10086969692075592,4.016002802612239e-4,4.016002802612239e-4,0.6762970000720482,3.377252057748157e-4,49,2023-03-08,0.003586350587648746,rthhum,Ruby-throated Hummingbird
rthhum,state,SLV-1348,Sonsonate,NA,North America,nonbreeding,0.4954987054273806,0.004230521062485328,0.004230521062485328,0.6661373897847198,0.001209361906307544,112,2023-01-11,0.0075114805745348625,rthhum,Ruby-throated Hummingbird
rthhum,state,SLV-1348,Sonsonate,NA,North America,postbreeding_migration,0.08060859102444387,9.641960515721496e-5,9.641960515721496e-5,0.4238614428021866,1.6849331767030516e-4,63,2023-11-08,0.003253515403734759,rthhum,Ruby-throated Hummingbird
rthhum,state,SLV-1348,Sonsonate,NA,North America,prebreeding_migration,0.10073058175462558,4.3050462408245906e-4,4.3050462408245906e-4,0.7037953363700135,3.772728786747234e-4,49,2023-03-08,0.003966052678093485,rthhum,Ruby-throated Hummingbird
rthhum,state,SLV-1349,San Salvador,NA,North America,nonbreeding,0.6044043457725403,0.003298543270888416,0.003298543270888416,0.9057460868692108,0.0010510955802181402,112,2023-01-11,0.005946900191077391,rthhum,Ruby-throated Hummingbird
rthhum,state,SLV-1349,San Salvador,NA,North America,postbreeding_migration,0.054001845118046975,4.1289144769656025e-5,4.1289144769656025e-5,0.39618114808087895,1.0066902111096352e-4,56,2023-11-08,0.0016950271139927636,rthhum,Ruby-throated Hummingbird
rthhum,state,SLV-1349,San Salvador,NA,North America,prebreeding_migration,0.1260403584252522,3.443256514169448e-4,3.443256514169448e-4,0.8469795673934818,2.902187080549687e-4,49,2023-03-08,0.003861307336610268,rthhum,Ruby-throated Hummingbird
rthhum,state,SLV-1350,La Unión,NA,North America,nonbreeding,0.4727271450838023,0.006637058893534644,0.006637058893534644,0.7395219722198478,0.002207787897736962,112,2023-01-11,0.011656101593566375,rthhum,Ruby-throated Hummingbird
rthhum,state,SLV-1350,La Unión,NA,North America,postbreeding_migration,0.04131073815571477,8.125699668569128e-5,8.125699668569128e-5,0.34220559226032954,2.2369674498553315e-4,70,2023-11-08,0.003892530471331398,rthhum,Ruby-throated Hummingbird
rthhum,state,SLV-1350,La Unión,NA,North America,prebreeding_migration,0.057817104836249626,4.063372264667609e-4,4.063372264667609e-4,0.6639870045735033,5.853054571795117e-4,49,2023-03-08,0.004751306508147804,rthhum,Ruby-throated Hummingbird
rthhum,state,SLV-1351,Morazán,NA,North America,nonbreeding,0.944963610138124,0.007699233463584666,0.007699233463584666,1,0.0017325011864022684,112,2023-01-11,0.014838296152730756,rthhum,Ruby-throated Hummingbird
rthhum,state,SLV-1351,Morazán,NA,North America,postbreeding_migration,0.10859180658242244,1.2395445606102202e-4,1.2395445606102202e-4,0.7732231008922741,2.9332201327074984e-4,70,2023-11-08,0.005635077450474243,rthhum,Ruby-throated Hummingbird
rthhum,state,SLV-1351,Morazán,NA,North America,prebreeding_migration,0.13889373285115425,5.664742791398823e-4,5.664742791398823e-4,1,5.115525667877301e-4,49,2023-03-08,0.005490099671138653,rthhum,Ruby-throated Hummingbird
rthhum,state,SLV-1352,San Miguel,NA,North America,nonbreeding,0.6795443626848195,0.008924843543138257,0.008924843543138257,0.9272480863463844,0.0025895236356343345,112,2023-01-11,0.015023378001669451,rthhum,Ruby-throated Hummingbird
rthhum,state,SLV-1352,San Miguel,NA,North America,postbreeding_migration,0.07621567507014977,1.40236085095045e-4,1.40236085095045e-4,0.47869898552616463,2.9272022931058344e-4,56,2023-11-08,0.005197812699722732,rthhum,Ruby-throated Hummingbird
rthhum,state,SLV-1352,San Miguel,NA,North America,prebreeding_migration,0.1152457295879784,7.576572442723832e-4,7.576572442723832e-4,0.8774257057269921,7.235207898604774e-4,49,2023-03-08,0.007522287748106522,rthhum,Ruby-throated Hummingbird
rthhum,state,SLV-1353,San Vicente,NA,North America,nonbreeding,0.6084499047352661,0.00453618768289315,0.00453618768289315,0.8714998283148818,0.0013815755208882027,112,2023-01-11,0.0071996922351433785,rthhum,Ruby-throated Hummingbird
rthhum,state,SLV-1353,San Vicente,NA,North America,postbreeding_migration,0.07039911177081606,7.353025098544871e-5,7.353025098544871e-5,0.3730081329881978,1.2947678913747228e-4,63,2023-11-08,0.002205332548722186,rthhum,Ruby-throated Hummingbird
rthhum,state,SLV-1353,San Vicente,NA,North America,prebreeding_migration,0.10150074138161536,3.7879177738015494e-4,3.7879177738015494e-4,0.8478474703140592,3.9686406820816543e-4,49,2023-03-08,0.004150240303041032,rthhum,Ruby-throated Hummingbird
rthhum,state,SLV-1354,Usulután,NA,North America,nonbreeding,0.4096370615576815,0.006175083075539702,0.006175083075539702,0.6065888887998475,0.0019443710653158869,112,2023-01-11,0.008929237855717472,rthhum,Ruby-throated Hummingbird
rthhum,state,SLV-1354,Usulután,NA,North America,postbreeding_migration,0.060161531805602894,1.2705598552699302e-4,1.2705598552699302e-4,0.264482674021149,1.8563002442584784e-4,42,2023-11-08,0.003649486660608614,rthhum,Ruby-throated Hummingbird
rthhum,state,SLV-1354,Usulután,NA,North America,prebreeding_migration,0.08772834836361097,6.619857740120506e-4,6.619857740120506e-4,0.5965557397331399,5.646150559613844e-4,49,2023-03-08,0.005833569700665054,rthhum,Ruby-throated Hummingbird
rthhum,state,SLV-1357,Chalatenango,NA,North America,nonbreeding,0.5423520726098047,0.006296724942837505,0.006296724942837505,0.9286313289838328,0.0022925450887367237,112,2023-12-06,0.010544022538851816,rthhum,Ruby-throated Hummingbird
rthhum,state,SLV-1357,Chalatenango,NA,North America,postbreeding_migration,0.08849872216391912,1.4394715955271735e-4,1.4394715955271735e-4,0.6380326756987797,3.448925168155862e-4,70,2023-11-08,0.003117150255702521,rthhum,Ruby-throated Hummingbird
rthhum,state,SLV-1357,Chalatenango,NA,North America,prebreeding_migration,0.023194763174604133,1.3479956851182706e-4,1.3479956851182706e-4,0.7514191311321751,5.477388304505111e-4,49,2023-03-08,0.0013660777383631172,rthhum,Ruby-throated Hummingbird
rthhum,state,SLV-1358,Santa Ana,NA,North America,nonbreeding,0.5047828796468073,0.0066378895722613105,0.0066378895722613105,0.9514378397573884,0.0026604001424855865,112,2023-01-11,0.011778151822148183,rthhum,Ruby-throated Hummingbird
rthhum,state,SLV-1358,Santa Ana,NA,North America,postbreeding_migration,0.04775607409366306,8.798055653946231e-5,8.798055653946231e-5,0.48164455073753615,2.9488962259550234e-4,56,2023-10-11,0.0023952757078266112,rthhum,Ruby-throated Hummingbird
rthhum,state,SLV-1358,Santa Ana,NA,North America,prebreeding_migration,0.05638670436931662,3.7116520767924805e-4,3.7116520767924805e-4,0.7798265623869263,6.438449506252194e-4,49,2023-03-08,0.003240142647591942,rthhum,Ruby-throated Hummingbird
rthhum,state,USA-AL,Alabama,NA,North America,breeding,0.22425124367050903,0.03706535205698928,0.03706535205698928,0.5254597077306515,0.03545608131863472,56,2023-07-05,0.04865378956712981,rthhum,Ruby-throated Hummingbird
rthhum,state,USA-AL,Alabama,NA,North America,nonbreeding,3.4118235954713533e-6,2.876690275884849e-6,2.876690275884849e-6,2.0015779085565943e-4,3.5885596717664084e-5,0,2023-01-18,1.1346222511569375e-5,rthhum,Ruby-throated Hummingbird
rthhum,state,USA-AL,Alabama,NA,North America,postbreeding_migration,0.29335375272039005,0.03465220431233396,0.03465220431233396,0.597861716547774,0.02347008777525523,77,2023-08-02,0.0531946195587434,rthhum,Ruby-throated Hummingbird
rthhum,state,USA-AL,Alabama,NA,North America,prebreeding_migration,0.07007982987989543,0.02957772159933462,0.02957772159933462,0.3981888093395251,0.02107916731763284,70,2023-04-19,0.05165888117811275,rthhum,Ruby-throated Hummingbird
rthhum,state,USA-AR,Arkansas,NA,North America,breeding,0.3519194834409245,0.05930759419495558,0.05930759419495558,0.6747519685715989,0.0464225723397322,56,2023-05-31,0.06929355216417499,rthhum,Ruby-throated Hummingbird
rthhum,state,USA-AR,Arkansas,NA,North America,postbreeding_migration,0.30716374449652367,0.036994988602250735,0.036994988602250735,0.5726328605144552,0.022920493385564216,77,2023-07-26,0.05622040460294639,rthhum,Ruby-throated Hummingbird
rthhum,state,USA-AR,Arkansas,NA,North America,prebreeding_migration,0.14200749269569593,0.061110616353950944,0.061110616353950944,0.6357580259972052,0.034315472144149234,56,2023-05-03,0.10372846998990864,rthhum,Ruby-throated Hummingbird
rthhum,state,USA-CO,Colorado,NA,North America,postbreeding_migration,2.292007822845112e-7,5.4030770012678305e-8,5.4030770012678305e-8,3.343223425102805e-5,2.619179201621796e-6,0,2023-09-20,3.784918609021078e-7,rthhum,Ruby-throated Hummingbird
rthhum,state,USA-CT,Connecticut,NA,North America,breeding,0.1724684651252606,0.002838110363440108,0.002838110363440108,0.5100704020819002,0.0034266342395394356,56,2023-06-14,0.003933278012464575,rthhum,Ruby-throated Hummingbird
rthhum,state,USA-CT,Connecticut,NA,North America,postbreeding_migration,0.2847933944270827,0.00334931073858425,0.00334931073858425,0.8399008183159852,0.0032826780057827,77,2023-09-13,0.004546075436380326,rthhum,Ruby-throated Hummingbird
rthhum,state,USA-CT,Connecticut,NA,North America,prebreeding_migration,0.06818084703917489,0.0028649720017766694,0.0028649720017766694,0.6714527379141546,0.003538882649510728,28,2023-05-10,0.0059606779681934206,rthhum,Ruby-throated Hummingbird
rthhum,state,USA-DC,District of Columbia,NA,North America,breeding,0.024270886535534303,5.003065728784668e-6,5.003065728784668e-6,0.0966158398403374,8.130494259794625e-6,56,2023-07-12,1.5837392147298284e-5,rthhum,Ruby-throated Hummingbird
rthhum,state,USA-DC,District of Columbia,NA,North America,postbreeding_migration,0.043744093615992304,6.444302817762142e-6,6.444302817762142e-6,0.15864319225972853,7.766989332749103e-6,70,2023-08-23,1.7196912049145215e-5,rthhum,Ruby-throated Hummingbird
rthhum,state,USA-DC,District of Columbia,NA,North America,prebreeding_migration,0.02094368515476916,1.1024072932998768e-5,1.1024072932998768e-5,0.15864319225972853,1.0473772592190396e-5,35,2023-05-03,4.153810495563109e-5,rthhum,Ruby-throated Hummingbird
rthhum,state,USA-DE,Delaware,NA,North America,breeding,0.20322071029679095,0.00141626422400744,0.00141626422400744,0.4220344788258841,0.0012007215303203717,56,2023-06-14,0.0020757475081604015,rthhum,Ruby-throated Hummingbird
rthhum,state,USA-DE,Delaware,NA,North America,postbreeding_migration,0.30683280882695285,0.001528213613933103,0.001528213613933103,0.6604053101471206,0.0010931193350869064,77,2023-08-09,0.0020034628470203177,rthhum,Ruby-throated Hummingbird
rthhum,state,USA-DE,Delaware,NA,North America,prebreeding_migration,0.0833427977871025,0.0014831422399852554,0.0014831422399852554,0.5664899389363277,0.0012644441517238624,35,2023-05-03,0.003125222030015912,rthhum,Ruby-throated Hummingbird
rthhum,state,USA-FL,Florida,NA,North America,breeding,0.011412988099935704,0.0022217246129283053,0.0022217246129283053,0.10843067635738476,0.008617098836000195,56,2023-06-21,0.00312936089241349,rthhum,Ruby-throated Hummingbird
rthhum,state,USA-FL,Florida,NA,North America,nonbreeding,0.007720407575511452,0.007666627413907632,0.007666627413907632,0.03466930007042473,0.007320661730403474,112,2023-12-27,0.01119924931290809,rthhum,Ruby-throated Hummingbird
rthhum,state,USA-FL,Florida,NA,North America,postbreeding_migration,0.01118971077018768,0.0015567385201358315,0.0015567385201358315,0.09149517185558216,0.0042302860865356465,112,2023-09-27,0.00865570838846816,rthhum,Ruby-throated Hummingbird
rthhum,state,USA-FL,Florida,NA,North America,prebreeding_migration,0.0043994961259803955,0.002186916544542234,0.002186916544542234,0.06956407141256925,0.0043371753963668755,84,2023-03-29,0.008543015109500769,rthhum,Ruby-throated Hummingbird
rthhum,state,USA-GA,Georgia,NA,North America,breeding,0.15070312331395602,0.028342957282056467,0.028342957282056467,0.3480980759026994,0.02672653006104232,56,2023-07-05,0.03343662024901741,rthhum,Ruby-throated Hummingbird
rthhum,state,USA-GA,Georgia,NA,North America,nonbreeding,2.1531370622936462e-5,2.0657028721528393e-5,2.0657028721528393e-5,5.277206806962776e-4,1.0765679015299226e-4,0,2023-11-15,3.537533123507524e-5,rthhum,Ruby-throated Hummingbird
rthhum,state,USA-GA,Georgia,NA,North America,postbreeding_migration,0.18181632999316616,0.02443777968018365,0.02443777968018365,0.4183187804506652,0.018685768826848147,77,2023-08-02,0.037346556300755895,rthhum,Ruby-throated Hummingbird
rthhum,state,USA-GA,Georgia,NA,North America,prebreeding_migration,0.05373026358220186,0.025803599278364137,0.025803599278364137,0.2691080944237003,0.016209917384236605,63,2023-04-12,0.0609388723298108,rthhum,Ruby-throated Hummingbird
rthhum,state,USA-IA,Iowa,NA,North America,breeding,0.05683793774718341,0.010129388227993369,0.010129388227993369,0.14827257020382467,0.01078757345645642,56,2023-05-31,0.013132255049985523,rthhum,Ruby-throated Hummingbird
rthhum,state,USA-IA,Iowa,NA,North America,postbreeding_migration,0.12615943014672631,0.01606832369832348,0.01606832369832348,0.5910792284416126,0.02501907806280446,63,2023-09-06,0.03563642534249504,rthhum,Ruby-throated Hummingbird
rthhum,state,USA-IA,Iowa,NA,North America,prebreeding_migration,0.026245789394973157,0.011943811835487202,0.011943811835487202,0.2761474286751752,0.015762207470805298,28,2023-05-17,0.02493082336135101,rthhum,Ruby-throated Hummingbird
rthhum,state,USA-IL,Illinois,NA,North America,breeding,0.21326024805593613,0.03823614666639092,0.03823614666639092,0.33756764484324914,0.024708311511442323,56,2023-06-07,0.04296334347683651,rthhum,Ruby-throated Hummingbird
rthhum,state,USA-IL,Illinois,NA,North America,postbreeding_migration,0.3355622372031938,0.04299750332922403,0.04299750332922403,0.6411437685535083,0.02730236914029231,77,2023-09-13,0.0669785418659579,rthhum,Ruby-throated Hummingbird
rthhum,state,USA-IL,Illinois,NA,North America,prebreeding_migration,0.0645482115886405,0.02955199682172318,0.02955199682172318,0.37736327843994294,0.0216698036619902,42,2023-05-17,0.04806580433419618,rthhum,Ruby-throated Hummingbird
rthhum,state,USA-IN,Indiana,NA,North America,breeding,0.15819357057766806,0.018221518274205487,0.018221518274205487,0.3526456745322722,0.01658258908816375,56,2023-06-14,0.02107462673261234,rthhum,Ruby-throated Hummingbird
rthhum,state,USA-IN,Indiana,NA,North America,postbreeding_migration,0.3069637190993596,0.02526903920287392,0.02526903920287392,0.6994475188372229,0.019135136565982553,70,2023-09-13,0.03986059181892794,rthhum,Ruby-throated Hummingbird
rthhum,state,USA-IN,Indiana,NA,North America,prebreeding_migration,0.042514309052618306,0.012504584517483406,0.012504584517483406,0.3534764700341867,0.013040293702382048,35,2023-05-10,0.021262113586921694,rthhum,Ruby-throated Hummingbird
rthhum,state,USA-KS,Kansas,NA,North America,breeding,0.01849934156537629,0.004824166365031534,0.004824166365031534,0.08188168796927045,0.008717076107683235,56,2023-05-31,0.010377763243587936,rthhum,Ruby-throated Hummingbird
rthhum,state,USA-KS,Kansas,NA,North America,postbreeding_migration,0.023665094282924175,0.004410422480374096,0.004410422480374096,0.13344661884901868,0.008265217367008729,70,2023-08-30,0.008878201774425902,rthhum,Ruby-throated Hummingbird
rthhum,state,USA-KS,Kansas,NA,North America,prebreeding_migration,0.020554826143753466,0.013687313722494977,0.013687313722494977,0.16737380380675848,0.013979274175798575,35,2023-05-10,0.02636962529007366,rthhum,Ruby-throated Hummingbird
rthhum,state,USA-KY,Kentucky,NA,North America,breeding,0.3540905335988442,0.045372843831856115,0.045372843831856115,0.7065718016622327,0.03696204836621619,56,2023-07-19,0.05545416799606858,rthhum,Ruby-throated Hummingbird
rthhum,state,USA-KY,Kentucky,NA,North America,postbreeding_migration,0.5215279780130443,0.0477601018802814,0.0477601018802814,0.8985139926556183,0.02734558563661227,77,2023-09-13,0.06859206986664033,rthhum,Ruby-throated Hummingbird
rthhum,state,USA-KY,Kentucky,NA,North America,prebreeding_migration,0.07390874812151711,0.02418332090829536,0.02418332090829536,0.5736698546291378,0.02354370700647734,42,2023-05-03,0.04443922895850904,rthhum,Ruby-throated Hummingbird
rthhum,state,USA-LA,Louisiana,NA,North America,breeding,0.1938169292693,0.02970518259436743,0.02970518259436743,0.47128619009622014,0.029487861448001564,56,2023-06-28,0.03940196681072096,rthhum,Ruby-throated Hummingbird
rthhum,state,USA-LA,Louisiana,NA,North America,nonbreeding,4.573164662558127e-5,3.5754493021894994e-5,3.5754493021894994e-5,0.0021585655948338613,3.5885596717664085e-4,7,2023-02-15,1.0759976106391668e-4,rthhum,Ruby-throated Hummingbird
rthhum,state,USA-LA,Louisiana,NA,North America,postbreeding_migration,0.19564000012807897,0.021429109348830633,0.021429109348830633,0.4702892107415418,0.017119309079178323,77,2023-09-27,0.08857312332970269,rthhum,Ruby-throated Hummingbird
rthhum,state,USA-LA,Louisiana,NA,North America,prebreeding_migration,0.061749118385563115,0.02416627358367851,0.02416627358367851,0.30395842944343215,0.014920584649920434,63,2023-04-19,0.08978388209986089,rthhum,Ruby-throated Hummingbird
rthhum,state,USA-MA,Massachusetts,NA,North America,breeding,0.13491883634758725,0.003968436467008013,0.003968436467008013,0.4447838474821052,0.005340893252209626,56,2023-05-31,0.004957759403396417,rthhum,Ruby-throated Hummingbird
rthhum,state,USA-MA,Massachusetts,NA,North America,postbreeding_migration,0.2610765357011931,0.005488082548119031,0.005488082548119031,0.788029335160388,0.00550515979719228,70,2023-08-16,0.007496459972722024,rthhum,Ruby-throated Hummingbird
rthhum,state,USA-MA,Massachusetts,NA,North America,prebreeding_migration,0.06062454782635182,0.004553378641457035,0.004553378641457035,0.6487700733874031,0.00611179508391474,28,2023-05-17,0.009793302357768171,rthhum,Ruby-throated Hummingbird
rthhum,state,USA-MD,Maryland,NA,North America,breeding,0.14901035719523267,0.005439175921560537,0.005439175921560537,0.42199620753852674,0.006288444660857699,56,2023-06-14,0.008035026669005164,rthhum,Ruby-throated Hummingbird
rthhum,state,USA-MD,Maryland,NA,North America,postbreeding_migration,0.26324524843842134,0.006867254452333326,0.006867254452333326,0.7348173236239984,0.006370547175295672,70,2023-09-06,0.009113398077158262,rthhum,Ruby-throated Hummingbird
rthhum,state,USA-MD,Maryland,NA,North America,prebreeding_migration,0.06960515216936687,0.006487784947487406,0.006487784947487406,0.5262696604411559,0.006152563642512811,35,2023-05-03,0.01335433347642816,rthhum,Ruby-throated Hummingbird
rthhum,state,USA-ME,Maine,NA,North America,breeding,0.08566560341626972,0.00934011244699335,0.00934011244699335,0.4423379915214374,0.0196887395359722,56,2023-05-31,0.012617558587830056,rthhum,Ruby-throated Hummingbird
rthhum,state,USA-ME,Maine,NA,North America,postbreeding_migration,0.1700626095596247,0.013251358827251095,0.013251358827251095,0.86724455524443,0.0224578361124792,70,2023-08-16,0.024702146907953738,rthhum,Ruby-throated Hummingbird
rthhum,state,USA-ME,Maine,NA,North America,prebreeding_migration,0.02194059415310256,0.006108469633477305,0.006108469633477305,0.376819775022986,0.013158622980970158,21,2023-05-24,0.01764988026726376,rthhum,Ruby-throated Hummingbird
rthhum,state,USA-MI,Michigan,NA,North America,breeding,0.09834720511888435,0.019592814734952307,0.019592814734952307,0.3296100928936769,0.026807317416121912,56,2023-05-31,0.02993696533982119,rthhum,Ruby-throated Hummingbird
rthhum,state,USA-MI,Michigan,NA,North America,postbreeding_migration,0.1127835821071994,0.016057822106590847,0.016057822106590847,0.6149540726421551,0.029097668471115164,70,2023-08-16,0.024052413298146606,rthhum,Ruby-throated Hummingbird
rthhum,state,USA-MI,Michigan,NA,North America,prebreeding_migration,0.020882479125290315,0.010623197950092126,0.010623197950092126,0.3284763181752562,0.020958973327595574,21,2023-05-24,0.027178273416352348,rthhum,Ruby-throated Hummingbird
rthhum,state,USA-MN,Minnesota,NA,North America,breeding,0.11970705418013504,0.03184216747953441,0.03184216747953441,0.3128574669001121,0.03397405996068092,56,2023-05-31,0.04583259016680046,rthhum,Ruby-throated Hummingbird
rthhum,state,USA-MN,Minnesota,NA,North America,postbreeding_migration,0.10909080925934415,0.020738483285987524,0.020738483285987524,0.5239953953071942,0.0331048061465935,63,2023-08-23,0.031720801446329876,rthhum,Ruby-throated Hummingbird
rthhum,state,USA-MN,Minnesota,NA,North America,prebreeding_migration,0.020998261281155443,0.014262794428284957,0.014262794428284957,0.28773449045253224,0.02451353442804938,21,2023-05-24,0.03879939628003255,rthhum,Ruby-throated Hummingbird
rthhum,state,USA-MO,Missouri,NA,North America,breeding,0.5309689298791583,0.11741677186297111,0.11741677186297111,0.583823705889952,0.052706089890441704,56,2023-06-07,0.1234095528967398,rthhum,Ruby-throated Hummingbird
rthhum,state,USA-MO,Missouri,NA,North America,postbreeding_migration,0.6378745657920587,0.10080968599601098,0.10080968599601098,0.8010389566263602,0.04207221379917658,77,2023-09-06,0.12582142648423214,rthhum,Ruby-throated Hummingbird
rthhum,state,USA-MO,Missouri,NA,North America,prebreeding_migration,0.18369887795677545,0.1037303730426613,0.1037303730426613,0.6553115670620715,0.0464130376002992,42,2023-05-10,0.1789797884273694,rthhum,Ruby-throated Hummingbird
rthhum,state,USA-MS,Mississippi,NA,North America,breeding,0.3054150303850363,0.046677065065832725,0.046677065065832725,0.6354185038480107,0.03964523878468129,56,2023-06-28,0.05854672232045796,rthhum,Ruby-throated Hummingbird
rthhum,state,USA-MS,Mississippi,NA,North America,postbreeding_migration,0.37692788046703873,0.04116966621373149,0.04116966621373149,0.6124382387017501,0.02223085333132672,77,2023-09-20,0.09091038981288814,rthhum,Ruby-throated Hummingbird
rthhum,state,USA-MS,Mississippi,NA,North America,prebreeding_migration,0.062353508873791694,0.02433394047351532,0.02433394047351532,0.3455192901986979,0.016912840958582424,63,2023-04-26,0.03503306741917049,rthhum,Ruby-throated Hummingbird
rthhum,state,USA-MT,Montana,NA,North America,postbreeding_migration,9.718612149678466e-7,3.228506872892943e-7,3.228506872892943e-7,7.117283291260067e-5,7.857537604865387e-6,0,2023-08-23,1.5325673475248002e-6,rthhum,Ruby-throated Hummingbird
rthhum,state,USA-NC,North Carolina,NA,North America,breeding,0.27225006482381126,0.044789854397888136,0.044789854397888136,0.5845628959365408,0.03926096321684394,56,2023-07-19,0.05106675723621111,rthhum,Ruby-throated Hummingbird
rthhum,state,USA-NC,North Carolina,NA,North America,nonbreeding,2.5685890143423314e-4,2.1556564468238457e-4,2.1556564468238457e-4,0.0032174669326595724,5.741695474826253e-4,77,2023-12-27,4.034027270088827e-4,rthhum,Ruby-throated Hummingbird
rthhum,state,USA-NC,North Carolina,NA,North America,postbreeding_migration,0.3085262896469748,0.0362751973630205,0.0362751973630205,0.6684644094042913,0.026119848162997585,112,2023-07-26,0.044985982630316335,rthhum,Ruby-throated Hummingbird
rthhum,state,USA-NC,North Carolina,NA,North America,prebreeding_migration,0.09068987393814386,0.03809858672147096,0.03809858672147096,0.4926114286398138,0.025956568259553857,56,2023-04-26,0.07792580574759356,rthhum,Ruby-throated Hummingbird
rthhum,state,USA-ND,North Dakota,NA,North America,breeding,0.005054848363836015,0.0011311752848039071,0.0011311752848039071,0.10354931786048284,0.009459911280192516,56,2023-05-31,0.004874166663769641,rthhum,Ruby-throated Hummingbird
rthhum,state,USA-ND,North Dakota,NA,North America,postbreeding_migration,0.0012027176145435012,1.9234964799182765e-4,1.9234964799182765e-4,0.035456627841492006,0.001884516326526116,42,2023-08-23,8.721262836561761e-4,rthhum,Ruby-throated Hummingbird
rthhum,state,USA-ND,North Dakota,NA,North America,prebreeding_migration,0.003810353902813015,0.002177336227749202,0.002177336227749202,0.21459794864907544,0.015380783996203488,14,2023-05-24,0.00984401190216395,rthhum,Ruby-throated Hummingbird
rthhum,state,USA-NE,Nebraska,NA,North America,breeding,0.0018902605886927844,4.654707882670943e-4,4.654707882670943e-4,0.0122494609957469,0.0012314187902274709,56,2023-06-28,6.013390017890335e-4,rthhum,Ruby-throated Hummingbird
rthhum,state,USA-NE,Nebraska,NA,North America,postbreeding_migration,7.632082784851574e-4,1.3431353293139723e-4,1.3431353293139723e-4,0.007247654156896134,4.238858436157004e-4,56,2023-07-26,2.5102913992465877e-4,rthhum,Ruby-throated Hummingbird
rthhum,state,USA-NE,Nebraska,NA,North America,prebreeding_migration,8.481515007550773e-4,5.333135217134374e-4,5.333135217134374e-4,0.01891228974076328,0.0014915780907945177,21,2023-05-10,0.0011947352317098628,rthhum,Ruby-throated Hummingbird
rthhum,state,USA-NH,New Hampshire,NA,North America,breeding,0.08689383411117223,0.002590292465115438,0.002590292465115438,0.37130531535488587,0.00451865364235741,56,2023-05-31,0.004189792924404687,rthhum,Ruby-throated Hummingbird
rthhum,state,USA-NH,New Hampshire,NA,North America,postbreeding_migration,0.19393080560329995,0.004131545996480067,0.004131545996480067,0.7720791724585223,0.005466412221627462,63,2023-08-16,0.007593625993095944,rthhum,Ruby-throated Hummingbird
rthhum,state,USA-NH,New Hampshire,NA,North America,prebreeding_migration,0.039079913429899936,0.0029747593853584205,0.0029747593853584205,0.5738263845224818,0.005478623882056929,21,2023-05-17,0.008128684018570842,rthhum,Ruby-throated Hummingbird
rthhum,state,USA-NJ,New Jersey,NA,North America,breeding,0.12849621100611297,0.0033526333475225856,0.0033526333475225856,0.3285639223812704,0.0034997228962146396,56,2023-05-31,0.00423438177819597,rthhum,Ruby-throated Hummingbird
rthhum,state,USA-NJ,New Jersey,NA,North America,nonbreeding,3.700119567166705e-5,4.924756529630691e-6,4.924756529630691e-6,0.0025359461384723307,7.177119343532817e-5,63,2023-12-27,1.5431622854250742e-5,rthhum,Ruby-throated Hummingbird
rthhum,state,USA-NJ,New Jersey,NA,North America,postbreeding_migration,0.15513403315309626,0.0028927358037768836,0.0028927358037768836,0.5564920597001027,0.0034485411338717677,77,2023-08-16,0.0037662595548554074,rthhum,Ruby-throated Hummingbird
rthhum,state,USA-NJ,New Jersey,NA,North America,prebreeding_migration,0.07020436008627365,0.004677332377115422,0.004677332377115422,0.5350771244306654,0.004471397241617068,35,2023-05-03,0.008820547212355406,rthhum,Ruby-throated Hummingbird
rthhum,state,USA-NM,New Mexico,NA,North America,postbreeding_migration,5.862277209728144e-7,1.6174398848342677e-7,1.6174398848342677e-7,1.0292147717438612e-4,9.43718696071983e-6,0,2023-09-27,4.2523103808657785e-6,rthhum,Ruby-throated Hummingbird
rthhum,state,USA-NY,New York,NA,North America,breeding,0.07423105007014537,0.011912257845965786,0.011912257845965786,0.3107264170305913,0.020356574738563237,56,2023-05-31,0.015541221487763624,rthhum,Ruby-throated Hummingbird
rthhum,state,USA-NY,New York,NA,North America,postbreeding_migration,0.14342589687031596,0.016449094829883375,0.016449094829883375,0.7074944968397671,0.026965734062034723,70,2023-08-30,0.026689333885034385,rthhum,Ruby-throated Hummingbird
rthhum,state,USA-NY,New York,NA,North America,prebreeding_migration,0.02464267903312198,0.010097987071829398,0.010097987071829398,0.3736255857353616,0.01920331568932629,28,2023-05-17,0.024331709419988537,rthhum,Ruby-throated Hummingbird
rthhum,state,USA-OH,Ohio,NA,North America,breeding,0.14942045665043285,0.01977559973516519,0.01977559973516519,0.4292802208901786,0.0231941535670735,56,2023-06-28,0.02236899274899967,rthhum,Ruby-throated Hummingbird
rthhum,state,USA-OH,Ohio,NA,North America,postbreeding_migration,0.26910783857334764,0.025453757415334288,0.025453757415334288,0.8464636087528434,0.026607777200582,70,2023-08-30,0.03509505095420711,rthhum,Ruby-throated Hummingbird
rthhum,state,USA-OH,Ohio,NA,North America,prebreeding_migration,0.05179379415260362,0.01750393689570706,0.01750393689570706,0.4794669653230558,0.02032401119387173,35,2023-05-17,0.028788972728945816,rthhum,Ruby-throated Hummingbird
rthhum,state,USA-OK,Oklahoma,NA,North America,breeding,0.2245533450150013,0.049701462570259904,0.049701462570259904,0.4878531325204495,0.04408154257434092,56,2023-05-31,0.05833796378533493,rthhum,Ruby-throated Hummingbird
rthhum,state,USA-OK,Oklahoma,NA,North America,postbreeding_migration,0.1766732365366307,0.027946431091899773,0.027946431091899773,0.4715404440365795,0.024788445234768565,70,2023-07-26,0.04543972234258795,rthhum,Ruby-throated Hummingbird
rthhum,state,USA-OK,Oklahoma,NA,North America,prebreeding_migration,0.09774917437454173,0.055246039125662595,0.055246039125662595,0.48507853311505944,0.03438688427448566,42,2023-05-03,0.09350033133941996,rthhum,Ruby-throated Hummingbird
rthhum,state,USA-PA,Pennsylvania,NA,North America,breeding,0.12598097490087248,0.018163916352243546,0.018163916352243546,0.4492965096690938,0.026445733603757713,56,2023-05-31,0.023005712460997464,rthhum,Ruby-throated Hummingbird
rthhum,state,USA-PA,Pennsylvania,NA,North America,postbreeding_migration,0.20926227751459617,0.02156261481526331,0.02156261481526331,0.8227694233695696,0.02817496413435493,70,2023-08-30,0.03222795474952912,rthhum,Ruby-throated Hummingbird
rthhum,state,USA-PA,Pennsylvania,NA,North America,prebreeding_migration,0.05659344781658881,0.020835747711319103,0.020835747711319103,0.5956105513250478,0.027504138262063885,35,2023-05-17,0.03646096930530607,rthhum,Ruby-throated Hummingbird
rthhum,state,USA-RI,Rhode Island,NA,North America,breeding,0.26749015046568714,0.0011690641990351443,0.0011690641990351443,0.5471111091764861,9.761670515567632e-4,56,2023-06-21,0.0015402836871589469,rthhum,Ruby-throated Hummingbird
rthhum,state,USA-RI,Rhode Island,NA,North America,postbreeding_migration,0.2498119973350419,7.802787985122527e-4,7.802787985122527e-4,0.7531317550142068,7.817758049694003e-4,70,2023-07-26,0.001199729972522217,rthhum,Ruby-throated Hummingbird
rthhum,state,USA-RI,Rhode Island,NA,North America,prebreeding_migration,0.08035243510263337,8.967430457097043e-4,8.967430457097043e-4,0.621178268647952,8.695167476252132e-4,28,2023-05-10,0.0019237249144558816,rthhum,Ruby-throated Hummingbird
rthhum,state,USA-SC,South Carolina,NA,North America,breeding,0.06213955987877674,0.006234743371023634,0.006234743371023634,0.22985484106792492,0.009415038707540102,56,2023-06-21,0.008729097250943242,rthhum,Ruby-throated Hummingbird
rthhum,state,USA-SC,South Carolina,NA,North America,nonbreeding,8.058712684063484e-5,4.12467134084494e-5,4.12467134084494e-5,0.0015387290041275498,1.6746611801576574e-4,14,2023-12-27,8.247877181807173e-5,rthhum,Ruby-throated Hummingbird
rthhum,state,USA-SC,South Carolina,NA,North America,postbreeding_migration,0.07533355924486188,0.005401878911867417,0.005401878911867417,0.2421309447030834,0.0057700743004640035,84,2023-08-16,0.007744079173985619,rthhum,Ruby-throated Hummingbird
rthhum,state,USA-SC,South Carolina,NA,North America,prebreeding_migration,0.024752058292635135,0.006341618863656165,0.006341618863656165,0.19727965202912787,0.006339628860292285,56,2023-04-26,0.015022779093229416,rthhum,Ruby-throated Hummingbird
rthhum,state,USA-SD,South Dakota,NA,North America,breeding,9.929707122076682e-4,2.424401496478177e-4,2.424401496478177e-4,0.014616436735744524,0.0014568930147755175,56,2023-05-31,7.422646851292535e-4,rthhum,Ruby-throated Hummingbird
rthhum,state,USA-SD,South Dakota,NA,North America,postbreeding_migration,0.0020683806534523967,3.609146575397371e-4,3.609146575397371e-4,0.032610701258394416,0.0018910758220066985,56,2023-08-30,0.001151796797784846,rthhum,Ruby-throated Hummingbird
rthhum,state,USA-SD,South Dakota,NA,North America,prebreeding_migration,0.0012581652559708362,7.84411949567771e-4,7.84411949567771e-4,0.06119025876806593,0.004784995409202179,21,2023-05-17,0.002644208524633305,rthhum,Ruby-throated Hummingbird
rthhum,state,USA-TN,Tennessee,NA,North America,breeding,0.5140120874127875,0.06883809056626634,0.06883809056626634,0.8004608710257926,0.0437636600826212,56,2023-07-19,0.08735095836424273,rthhum,Ruby-throated Hummingbird
rthhum,state,USA-TN,Tennessee,NA,North America,postbreeding_migration,0.7378501674180508,0.07062030882589139,0.07062030882589139,0.9077763966576744,0.028874539694558422,77,2023-09-20,0.12383411521791642,rthhum,Ruby-throated Hummingbird
rthhum,state,USA-TN,Tennessee,NA,North America,prebreeding_migration,0.13242087512235837,0.04528458016673245,0.04528458016673245,0.639149177402838,0.027415037805223995,56,2023-04-26,0.09309156191716074,rthhum,Ruby-throated Hummingbird
rthhum,state,USA-TX,Texas,NA,North America,breeding,0.05439452590742981,0.04616148171038978,0.04616148171038978,0.15291545746062732,0.052977807206208795,56,2023-06-21,0.052534023096553105,rthhum,Ruby-throated Hummingbird
rthhum,state,USA-TX,Texas,NA,North America,nonbreeding,5.897275472708102e-5,2.552990667799807e-4,2.552990667799807e-4,0.0020156534548186424,0.0018554737551168252,7,2023-11-15,9.922785645119898e-4,rthhum,Ruby-throated Hummingbird
rthhum,state,USA-TX,Texas,NA,North America,postbreeding_migration,0.07893398675054737,0.04787342860237602,0.04787342860237602,0.16531690823207124,0.033321344677644124,105,2023-09-27,0.24887139039853293,rthhum,Ruby-throated Hummingbird
rthhum,state,USA-TX,Texas,NA,North America,prebreeding_migration,0.03286973187617799,0.07122937190765903,0.07122937190765903,0.17809462129710077,0.048406811753195784,70,2023-04-26,0.1678984351731679,rthhum,Ruby-throated Hummingbird
rthhum,state,USA-VA,Virginia,NA,North America,breeding,0.33518786242688,0.04435896149215963,0.04435896149215963,0.7569450619228093,0.040895497135109433,56,2023-06-14,0.051390523657902615,rthhum,Ruby-throated Hummingbird
rthhum,state,USA-VA,Virginia,NA,North America,nonbreeding,1.279554957837461e-5,8.638240631170003e-6,8.638240631170003e-6,9.166089901715e-4,1.3158052129810165e-4,0,2023-12-06,2.4081943905489583e-5,rthhum,Ruby-throated Hummingbird
rthhum,state,USA-VA,Virginia,NA,North America,postbreeding_migration,0.4592353373583295,0.04343445074217512,0.04343445074217512,0.8998178122214505,0.028283188761176324,77,2023-08-02,0.051334566470612734,rthhum,Ruby-throated Hummingbird
rthhum,state,USA-VA,Virginia,NA,North America,prebreeding_migration,0.07160719122838255,0.024198482605238932,0.024198482605238932,0.5849188421057401,0.0247924718727775,49,2023-05-03,0.04674868058721277,rthhum,Ruby-throated Hummingbird
rthhum,state,USA-VT,Vermont,NA,North America,breeding,0.12421241610369728,0.003730428997330092,0.003730428997330092,0.42295659517276246,0.005185702711700626,56,2023-05-31,0.0047229024142837975,rthhum,Ruby-throated Hummingbird
rthhum,state,USA-VT,Vermont,NA,North America,postbreeding_migration,0.2079032137241101,0.004462322150035745,0.004462322150035745,0.8572049233132211,0.006114474320315991,63,2023-08-16,0.007239865342037549,rthhum,Ruby-throated Hummingbird
rthhum,state,USA-VT,Vermont,NA,North America,prebreeding_migration,0.028353905551162698,0.002174428170369229,0.002174428170369229,0.43622114847377874,0.00419596268180982,21,2023-05-17,0.005891709390764115,rthhum,Ruby-throated Hummingbird
rthhum,state,USA-WI,Wisconsin,NA,North America,breeding,0.2832991888189957,0.05155075553207744,0.05155075553207744,0.5992399169980316,0.04451521594603676,56,2023-06-14,0.06036792032973886,rthhum,Ruby-throated Hummingbird
rthhum,state,USA-WI,Wisconsin,NA,North America,postbreeding_migration,0.2607294931487858,0.033906722579265566,0.033906722579265566,0.8064757075288702,0.03485472766628745,70,2023-08-09,0.04854786919229779,rthhum,Ruby-throated Hummingbird
rthhum,state,USA-WI,Wisconsin,NA,North America,prebreeding_migration,0.04110408673384844,0.019099109371261712,0.019099109371261712,0.475492214533933,0.02771176870317166,21,2023-05-24,0.05222081583302119,rthhum,Ruby-throated Hummingbird
rthhum,state,USA-WV,West Virginia,NA,North America,breeding,0.4916457360039574,0.037793569048968245,0.037793569048968245,0.9122485671510178,0.028628386062296257,56,2023-06-14,0.04720501638102847,rthhum,Ruby-throated Hummingbird
rthhum,state,USA-WV,West Virginia,NA,North America,postbreeding_migration,0.5456425930767964,0.02997642535938619,0.02997642535938619,0.9493363995631052,0.017332709670524665,70,2023-07-26,0.04436092611049759,rthhum,Ruby-throated Hummingbird
rthhum,state,USA-WV,West Virginia,NA,North America,prebreeding_migration,0.12797158145436482,0.025119880860173117,0.025119880860173117,0.8407779289561617,0.02070036787997893,35,2023-05-03,0.0471967203656316,rthhum,Ruby-throated Hummingbird
