species_code,region_type,region_code,region_name,continent_code,continent_name,season,abundance_mean,total_pop_percent,continent_pop_percent,range_occupied_percent,range_total_percent,range_days_occupation,max_week,max_week_percent_pop,speciesCode,commonName
batgod,country,ALB,Albania,EU,Europe,postbreeding_migration,7.962238392875558e-4,3.4617790610227778e-6,3.927240571876956e-5,0.11071514313076548,0.0012118274357731458,35,2023-09-20,3.775373163017237e-5,batgod,Bar-tailed Godwit
batgod,country,ALD,Aland,EU,Europe,postbreeding_migration,0.049648958518234795,1.7391182919749307e-4,0.001972955464557986,0.3594080338266385,0.003169394832022074,112,2023-07-19,7.557907296630925e-4,batgod,Bar-tailed Godwit
batgod,country,ALD,Aland,EU,Europe,prebreeding_migration,0.25438361191220316,3.171867159561223e-4,0.00815492187876226,0.24947145877378435,0.0023722884541927183,56,2023-05-24,0.002526054704449322,batgod,Bar-tailed Godwit
batgod,country,ARE,United Arab Emirates,AS,Asia,breeding,0.029650308055210732,0.015200050336214624,0.15702366829819361,0.03532817737316707,0.021586244177174113,21,2023-06-14,0.01736485890276038,batgod,Bar-tailed Godwit
batgod,country,ARE,United Arab Emirates,AS,Asia,nonbreeding,0.2865915567496212,0.016195103856596057,0.10022299408993904,0.048696842273949104,0.014866734345433265,98,2023-01-25,0.02496866450475648,batgod,Bar-tailed Godwit
batgod,country,ARE,United Arab Emirates,AS,Asia,postbreeding_migration,0.2344362816494256,0.014804695452523746,0.028204985821830297,0.050084953997943035,0.00796253798658059,147,2023-10-25,0.026698700205660425,batgod,Bar-tailed Godwit
batgod,country,ARE,United Arab Emirates,AS,Asia,prebreeding_migration,0.189036543854869,0.004249396958298478,0.004947008265778349,0.04435788963071283,0.0076045440127187214,98,2023-03-15,0.02195850666390389,batgod,Bar-tailed Godwit
batgod,country,ARM,Armenia,AS,Asia,prebreeding_migration,8.048509415932684e-4,1.053973020434775e-6,1.227000747439226e-6,0.01006516009433519,1.0052069721155586e-4,7,2023-05-03,9.64979735057158e-7,batgod,Bar-tailed Godwit
batgod,country,AUS,Australia,OC,Oceania,breeding,0.006233620900425298,0.263713524144912,0.4347142244287751,0.002248088820836269,0.11335626253940956,21,2023-06-28,0.3546346958438225,batgod,Bar-tailed Godwit
batgod,country,AUS,Australia,OC,Oceania,nonbreeding,0.06511223479656707,0.37306832826482184,0.5481261553684383,0.005705436391508434,0.17660747529715023,98,2023-12-06,0.6322454421915158,batgod,Bar-tailed Godwit
batgod,country,AUS,Australia,OC,Oceania,postbreeding_migration,0.030457948109470254,0.19502070833695692,0.5520810559358047,0.007233285869145296,0.11659644282038852,147,2023-11-22,0.5310643852402116,batgod,Bar-tailed Godwit
batgod,country,AUS,Australia,OC,Oceania,prebreeding_migration,0.01746964913551555,0.03981723977390283,0.5621398315820034,0.00626985012738034,0.10898453991676886,98,2023-03-08,0.33039369047783046,batgod,Bar-tailed Godwit
batgod,country,AUT,Austria,EU,Europe,postbreeding_migration,2.731025689037494e-4,8.53471706540081e-6,9.682272189499548e-5,0.04879266025866032,0.0038387287459211742,42,2023-09-20,7.040280263285464e-5,batgod,Bar-tailed Godwit
batgod,country,AZE,Azerbaijan,AS,Asia,prebreeding_migration,0.05584019187020743,8.196987847071234e-4,9.542663825453276e-4,0.1291818079800847,0.014462038568773792,14,2023-04-26,4.791348292471051e-4,batgod,Bar-tailed Godwit
batgod,country,BEL,Belgium,EU,Europe,breeding,0.0013415286821360818,5.761880147111908e-5,3.128177815494051e-4,0.015933968042903424,8.156958196067496e-4,21,2023-06-14,1.1620285498697836e-4,batgod,Bar-tailed Godwit
batgod,country,BEL,Belgium,EU,Europe,nonbreeding,0.025174788023566826,1.7069155900286477e-4,0.002192838080082514,0.03168124483884749,0.0011604939885943028,98,2023-01-18,3.5278601901064295e-4,batgod,Bar-tailed Godwit
batgod,country,BEL,Belgium,EU,Europe,postbreeding_migration,0.016454211003642166,1.2467448773221637e-4,0.001414378843562814,0.04000666013216483,7.631368261817033e-4,147,2023-09-06,5.58663794341598e-4,batgod,Bar-tailed Godwit
batgod,country,BEL,Belgium,EU,Europe,prebreeding_migration,0.042033882398660294,7.916431908299206e-5,0.0020353274750526252,0.06709197267555712,9.636543914021472e-4,98,2023-05-03,2.693532473106744e-4,batgod,Bar-tailed Godwit
batgod,country,BGD,Bangladesh,AS,Asia,prebreeding_migration,3.7090970248587296e-5,2.498820066474081e-7,2.9090441878816345e-7,0.001956446307880763,1.0052069721155586e-4,0,2023-03-29,1.8338711839419664e-6,batgod,Bar-tailed Godwit
batgod,country,BGR,Bulgaria,EU,Europe,postbreeding_migration,2.197506550944068e-4,3.1169153328193687e-6,3.536007393417257e-5,0.016707558516574225,5.965919683806256e-4,21,2023-10-04,2.1810837613206357e-5,batgod,Bar-tailed Godwit
batgod,country,BHR,Bahrain,AS,Asia,breeding,0.14948516719176638,0.0016469535774529531,0.017013804989339232,0.26736947664161187,0.00351103468042419,21,2023-06-14,0.0021906514214121045,batgod,Bar-tailed Godwit
batgod,country,BHR,Bahrain,AS,Asia,nonbreeding,0.8903558758447092,0.0010813129772467246,0.006691678243473208,0.420152034722533,0.0027566948303021626,98,2023-01-25,0.0018814442302661988,batgod,Bar-tailed Godwit
batgod,country,BHR,Bahrain,AS,Asia,postbreeding_migration,0.8126361468335164,0.0011029053154998838,0.002101186673258627,0.41469551479107153,0.001416905924903986,147,2023-10-11,0.0029412775003574555,batgod,Bar-tailed Godwit
batgod,country,BHR,Bahrain,AS,Asia,prebreeding_migration,0.8524032454270434,4.118073264623846e-4,4.794125538069833e-4,0.3983259549966871,0.0014676021792887155,98,2023-03-15,0.0015248109507151868,batgod,Bar-tailed Godwit
batgod,country,BLR,Belarus,EU,Europe,postbreeding_migration,6.300219682283374e-7,1.3050869628430514e-8,1.4805654491395e-7,6.602826715369653e-6,3.4433664411056906e-7,0,2023-09-13,1.2885749686657485e-6,batgod,Bar-tailed Godwit
batgod,country,BRN,Brunei,AS,Asia,nonbreeding,0.037346067633250886,1.7250472250596456e-4,0.0010675411493060788,0.04218603060023567,0.0010527353526298489,14,2023-01-18,2.2888855510036935e-4,batgod,Bar-tailed Godwit
batgod,country,BRN,Brunei,AS,Asia,postbreeding_migration,0.029443855974551073,1.5198653070014833e-4,2.895552939439963e-4,0.04460661528696763,5.796679278680714e-4,63,2023-10-25,3.232178217557351e-4,batgod,Bar-tailed Godwit
batgod,country,CAN,Canada,NA,North America,postbreeding_migration,9.545715898204805e-8,7.664571572752297e-8,2.0186251198262992e-5,8.300819485041482e-5,1.6779149110705095e-4,0,2023-09-06,6.895693164168279e-7,batgod,Bar-tailed Godwit
batgod,country,CHE,Switzerland,EU,Europe,postbreeding_migration,7.697091483318194e-5,1.875089142051939e-6,2.1272085897869715e-5,0.0273336238344694,0.001676339847442093,28,2023-09-20,2.6733692569498156e-5,batgod,Bar-tailed Godwit
batgod,country,CHN,China,AS,Asia,nonbreeding,0.002001101823780988,5.204619235598211e-4,0.003220865562262464,0.01177133536134383,0.016540168981812976,0,2023-01-18,7.160719703890342e-4,batgod,Bar-tailed Godwit
batgod,country,CHN,China,AS,Asia,postbreeding_migration,0.3405948000679856,0.2828326440620868,0.5388351784272639,0.051257701138563025,0.10715692178361164,112,2023-08-09,0.6940527679940166,batgod,Bar-tailed Godwit
batgod,country,CHN,China,AS,Asia,prebreeding_migration,1.2461131147700537,0.4865961143185848,0.566479202402767,0.03692491017910718,0.10996421669197184,84,2023-04-19,0.6104737742539553,batgod,Bar-tailed Godwit
batgod,country,CPV,Cape Verde,AF,Africa,nonbreeding,0.058375598275147024,6.498964403334801e-5,8.197196635697423e-4,0.25595238095238093,0.001539452957181727,14,2023-01-25,7.237856017429349e-4,batgod,Bar-tailed Godwit
batgod,country,CPV,Cape Verde,AF,Africa,prebreeding_migration,0.003773478509715701,2.1353594505997925e-6,1.168447609694614e-4,0.10248452453907672,4.4229106773084576e-4,14,2023-05-03,1.0096429321763978e-5,batgod,Bar-tailed Godwit
batgod,country,CZE,Czech Republic,EU,Europe,postbreeding_migration,2.9902276624085193e-5,1.5606272770965405e-6,1.770465027418764e-5,0.008458340259512353,0.0011113469832701177,35,2023-09-27,1.6014278590393735e-5,batgod,Bar-tailed Godwit
batgod,country,DEU,Germany,EU,Europe,breeding,0.047140470343840536,0.021457401007794953,0.11649420692026798,0.03869110202203632,0.020991058687548664,21,2023-06-14,0.029794335885548,batgod,Bar-tailed Godwit
batgod,country,DEU,Germany,EU,Europe,nonbreeding,0.030746749685907016,0.0015427194253997663,0.019818987667942305,0.07200177256145748,0.019517552610145903,98,2023-02-01,0.002544474808078488,batgod,Bar-tailed Godwit
batgod,country,DEU,Germany,EU,Europe,postbreeding_migration,0.05173304285189159,0.015373854373901435,0.1744098152395534,0.02965808303864597,0.02218847225304477,147,2023-07-19,0.09336650464155298,batgod,Bar-tailed Godwit
batgod,country,DEU,Germany,EU,Europe,prebreeding_migration,0.374770246917267,0.010289641237621784,0.2645483440261856,0.05941463274240896,0.012440828764617292,70,2023-05-24,0.05147902500872519,batgod,Bar-tailed Godwit
batgod,country,DNK,Denmark,EU,Europe,breeding,0.05953527353443556,0.02211092620882527,0.12004225544528638,0.08126020667834102,0.03597083682463274,21,2023-06-14,0.03579600967917568,batgod,Bar-tailed Godwit
batgod,country,DNK,Denmark,EU,Europe,nonbreeding,0.009902846310012776,4.054125143313746e-4,0.005208248168574731,0.08591994851026508,0.019003148154854953,91,2023-01-25,0.0012567550087418022,batgod,Bar-tailed Godwit
batgod,country,DNK,Denmark,EU,Europe,postbreeding_migration,0.11114523880011697,0.005084898429298099,0.05768600209140126,0.1207564915654442,0.013908218030586053,147,2023-07-19,0.040559724215316464,batgod,Bar-tailed Godwit
batgod,country,DNK,Denmark,EU,Europe,prebreeding_migration,0.3246434970156339,0.0052869476195854075,0.13592828023980458,0.11430304975017376,0.014196356128489076,77,2023-05-24,0.040300506332285296,batgod,Bar-tailed Godwit
batgod,country,EGY,Egypt,AF,Africa,nonbreeding,9.023470008059464e-4,1.300919785396472e-4,0.001640860701236066,6.284825233836705e-4,4.895133944741977e-4,0,2023-03-01,1.4092662369467952e-4,batgod,Bar-tailed Godwit
batgod,country,EGY,Egypt,AF,Africa,postbreeding_migration,8.373881737139933e-5,1.349143267057944e-5,4.732568667884077e-4,2.7578957315430193e-4,1.1186099407136733e-4,0,2023-11-22,9.313108417589765e-6,batgod,Bar-tailed Godwit
batgod,country,EGY,Egypt,AF,Africa,prebreeding_migration,0.0016534250010258888,1.0987526669688224e-4,0.006012266117560168,0.0025784732773318775,0.0013067690637502262,0,2023-03-15,3.187683934583758e-4,batgod,Bar-tailed Godwit
batgod,country,ENG,England,EU,Europe,breeding,0.06791799587712052,0.04069673173152995,0.22094630591977188,0.054775555228666194,0.039120238733351104,21,2023-06-21,0.04581965878746002,batgod,Bar-tailed Godwit
batgod,country,ENG,England,EU,Europe,nonbreeding,0.4801881920834501,0.031820310699120065,0.40878874988725383,0.07147637633897518,0.02558879888097628,98,2023-01-04,0.05502902729178013,batgod,Bar-tailed Godwit
batgod,country,ENG,England,EU,Europe,postbreeding_migration,0.2044843276309748,0.015175512975492049,0.17215971674052896,0.06944804853407852,0.012975167824353031,147,2023-09-13,0.050830309791609934,batgod,Bar-tailed Godwit
batgod,country,ENG,England,EU,Europe,prebreeding_migration,0.07443326845275657,0.002726769843218298,0.07010569464039633,0.07279314812418688,0.02033727035749595,98,2023-06-07,0.03693904137446783,batgod,Bar-tailed Godwit
batgod,country,ERI,Eritrea,AF,Africa,nonbreeding,0.036596843162883544,0.0017421056377880204,0.02197332003507791,0.019792409340608903,0.005090072408282001,28,2023-02-22,0.0015203440280023544,batgod,Bar-tailed Godwit
batgod,country,ERI,Eritrea,AF,Africa,prebreeding_migration,0.013550372895961107,1.5859526310391198e-4,0.008678176221366539,0.01580570099784027,0.0014108261295135377,7,2023-03-29,1.9772982201714785e-4,batgod,Bar-tailed Godwit
batgod,country,ESP,Spain,EU,Europe,breeding,0.005885957519347039,0.003408407569284215,0.01850455870683317,0.017881259039494408,0.012341630203245088,21,2023-06-21,0.003962104904937963,batgod,Bar-tailed Godwit
batgod,country,ESP,Spain,EU,Europe,nonbreeding,0.02749635074618495,0.003620552292498423,0.04651246367600017,0.020611805598914405,0.014662574705524649,98,2023-01-04,0.012379830451802524,batgod,Bar-tailed Godwit
batgod,country,ESP,Spain,EU,Europe,postbreeding_migration,0.01367847884042437,0.0020835700651676997,0.02363721297643225,0.04145047056664794,0.015895322953186557,147,2023-09-13,0.006255993741286799,batgod,Bar-tailed Godwit
batgod,country,ESP,Spain,EU,Europe,prebreeding_migration,0.008637023530420363,5.756159960023399e-4,0.014799180556522311,0.025395047186177046,0.012907393287153035,98,2023-06-07,0.0031160792834475327,batgod,Bar-tailed Godwit
batgod,country,EST,Estonia,EU,Europe,postbreeding_migration,0.036408587388383144,8.348698142135388e-4,0.009471241661638829,0.22265017264229608,0.012853090057364656,105,2023-07-19,0.006343073952675279,batgod,Bar-tailed Godwit
batgod,country,EST,Estonia,EU,Europe,prebreeding_migration,0.15234748886125446,0.001243532415498889,0.031971419961688445,0.11917064115651864,0.007418427454212823,49,2023-05-31,0.012087966926503308,batgod,Bar-tailed Godwit
batgod,country,FIN,Finland,EU,Europe,breeding,0.002585881743517805,0.003045443468728418,0.016533993165395253,0.021202915195755217,0.02976305421791987,21,2023-06-28,0.004286550320407887,batgod,Bar-tailed Godwit
batgod,country,FIN,Finland,EU,Europe,postbreeding_migration,0.01508043042740233,0.002409461797186082,0.02733431556288013,0.0460957755894914,0.0185411649938032,112,2023-07-19,0.014817440709820148,batgod,Bar-tailed Godwit
batgod,country,FIN,Finland,EU,Europe,prebreeding_migration,0.061604825783345446,0.0035037081380288036,0.09008090413080544,0.0507018591746285,0.021991651286703797,63,2023-05-24,0.025995911658455495,batgod,Bar-tailed Godwit
batgod,country,FJI,Fiji,OC,Oceania,breeding,3.263551219755211e-4,1.1663158822301397e-5,1.9225942462625875e-5,0.0016821830235544915,7.165376898824878e-5,0,2023-06-28,3.400405697312289e-5,batgod,Bar-tailed Godwit
batgod,country,FJI,Fiji,OC,Oceania,nonbreeding,0.01761949242089045,1.8004509687468277e-4,2.6452909364314847e-4,0.009079118028534372,5.012172418731205e-4,35,2023-01-11,6.060165359814656e-4,batgod,Bar-tailed Godwit
batgod,country,FJI,Fiji,OC,Oceania,postbreeding_migration,0.006062408455015775,6.922889614482246e-5,1.9597899326089652e-4,0.014267185473411154,4.1015697826168017e-4,28,2023-11-22,4.793922981421603e-4,batgod,Bar-tailed Godwit
batgod,country,FRA,France,EU,Europe,breeding,6.653952147258877e-4,2.236279029037855e-4,0.0012140964874802571,0.008915282804670683,0.003571260077796308,0,2023-06-14,3.660743897274998e-4,batgod,Bar-tailed Godwit
batgod,country,FRA,France,EU,Europe,nonbreeding,0.08905487443662097,0.008322068571740178,0.10691184131057987,0.044733009835867386,0.022583754776412036,98,2023-01-11,0.042922237596049184,batgod,Bar-tailed Godwit
batgod,country,FRA,France,EU,Europe,postbreeding_migration,0.013970434478525667,0.0029989257212506893,0.03402153215711411,0.0377207336375412,0.020384755728562916,140,2023-09-27,0.009071873240462946,batgod,Bar-tailed Godwit
batgod,country,FRA,France,EU,Europe,prebreeding_migration,0.019317411309388337,9.224222277320029e-4,0.023715624986731534,0.05826377182073949,0.02121779242821521,98,2023-05-10,0.0027613732884161314,batgod,Bar-tailed Godwit
batgod,country,FRO,Faroe Islands,EU,Europe,postbreeding_migration,6.299931300829535e-5,1.702889695761825e-7,1.931855668643159e-6,0.0027397260273972603,1.864349901189455e-5,7,2023-09-06,5.816250354167404e-6,batgod,Bar-tailed Godwit
batgod,country,GEO,Georgia,AS,Asia,prebreeding_migration,1.427339056762114e-4,7.364086315371464e-7,8.573027238819095e-7,0.0014156195396803522,5.570049269896112e-5,0,2023-05-03,9.455736905923156e-7,batgod,Bar-tailed Godwit
batgod,country,GGY,Guernsey,EU,Europe,breeding,0.013249734834748872,3.903033413370247e-5,2.1189927983761815e-4,0.1836734693877551,6.448839208942391e-4,21,2023-06-28,5.570979343493223e-5,batgod,Bar-tailed Godwit
batgod,country,GGY,Guernsey,EU,Europe,nonbreeding,0.1856196379783202,6.0273100604650015e-5,7.743156778379575e-4,0.16326530612244897,2.8640985249892595e-4,98,2023-02-22,1.0472909263486948e-4,batgod,Bar-tailed Godwit
batgod,country,GGY,Guernsey,EU,Europe,postbreeding_migration,0.03809791036444355,1.3824679609265184e-5,1.5683508883049737e-4,0.1836734693877551,1.6779149110705095e-4,147,2023-07-05,6.844706114031627e-5,batgod,Bar-tailed Godwit
batgod,country,GGY,Guernsey,EU,Europe,prebreeding_migration,0.126528513370728,1.6343655733767225e-5,4.2019803799316085e-4,0.2653061224489796,2.6135381275004525e-4,98,2023-03-08,5.301760746927809e-5,batgod,Bar-tailed Godwit
batgod,country,GIN,Guinea,AF,Africa,nonbreeding,0.07733509382424736,9.847746954367129e-4,0.012421043291469033,0.05929066433405195,0.004078880810950156,28,2023-11-29,7.592133295485582e-4,batgod,Bar-tailed Godwit
batgod,country,GIN,Guinea,AF,Africa,postbreeding_migration,0.06727646615829946,6.484815143418148e-4,0.022747645646029692,0.06760173694310663,0.001640445734963134,14,2023-11-15,4.3196985153404806e-4,batgod,Bar-tailed Godwit
batgod,country,GIN,Guinea,AF,Africa,prebreeding_migration,0.4005123390533032,0.0025175593223538298,0.13775836061897964,0.10483925860621708,0.005025838409600783,42,2023-03-29,0.003747249260427415,batgod,Bar-tailed Godwit
batgod,country,GMB,Gambia,AF,Africa,nonbreeding,0.16084409942841046,0.0011034556771567638,0.013917976162154818,0.12927453482396645,0.004791342077463591,98,2023-01-25,0.0032370782084390672,batgod,Bar-tailed Godwit
batgod,country,GMB,Gambia,AF,Africa,postbreeding_migration,0.267816079240353,0.001384292589831016,0.0485586660644618,0.21602668557710147,0.0028110478179811326,70,2023-10-18,0.003790203513402608,batgod,Bar-tailed Godwit
batgod,country,GMB,Gambia,AF,Africa,prebreeding_migration,0.34049353768883606,6.264796968385295e-4,0.03428035050902438,0.18880467526713493,0.0026493030470009045,56,2023-03-15,0.001281594226603078,batgod,Bar-tailed Godwit
batgod,country,GNB,Guinea Bissau,AF,Africa,nonbreeding,0.47409017902547834,0.0102210709936996,0.12891919937242138,0.21575574310151105,0.02512998593522309,98,2023-01-18,0.025319831147960627,batgod,Bar-tailed Godwit
batgod,country,GNB,Guinea Bissau,AF,Africa,postbreeding_migration,0.2269860983780561,0.005468761875980605,0.19183500921161392,0.18124771690097977,0.010993396266829335,56,2023-10-18,0.008286561127931339,batgod,Bar-tailed Godwit
batgod,country,GNB,Guinea Bissau,AF,Africa,prebreeding_migration,0.8164337048064632,0.0070019266945978475,0.3831385159656248,0.22796866786445968,0.014910512232568543,56,2023-03-15,0.01594868366096889,batgod,Bar-tailed Godwit
batgod,country,GRC,Greece,EU,Europe,postbreeding_migration,0.0010005853217389365,1.1902053178425072e-4,0.0013502371268355328,0.061512722025337245,0.01842053709238043,56,2023-10-04,9.13293521019374e-4,batgod,Bar-tailed Godwit
batgod,country,HKG,Hong Kong,AS,Asia,prebreeding_migration,0.05823342765690357,3.070410438249294e-5,3.5744709111462775e-5,0.2499830971661544,0.0010052069721155586,63,2023-04-12,6.23247465145828e-5,batgod,Bar-tailed Godwit
batgod,country,HRV,Croatia,EU,Europe,postbreeding_migration,1.6728336554954376e-4,2.889986076221156e-6,3.2785658387285905e-5,0.029173101831614263,0.001268805888330814,35,2023-09-20,2.1731959658237488e-5,batgod,Bar-tailed Godwit
batgod,country,HUN,Hungary,EU,Europe,postbreeding_migration,3.2187954156785405e-4,9.769205161094316e-6,1.10827462375095e-4,0.08563454778920167,0.006543113432379868,42,2023-09-20,1.1454080113294164e-4,batgod,Bar-tailed Godwit
batgod,country,IDN,Indonesia,AS,Asia,nonbreeding,0.023185433654494575,0.01703911981444728,0.10544616567960964,0.013010759461774749,0.051656980413879304,21,2023-11-29,0.02682368576412623,batgod,Bar-tailed Godwit
batgod,country,IDN,Indonesia,AS,Asia,postbreeding_migration,0.03672443793102877,0.04099991677025315,0.0781104937220496,0.015255825868014217,0.04287786227899021,84,2023-11-15,0.07331888432765393,batgod,Bar-tailed Godwit
batgod,country,IDN,Indonesia,AS,Asia,prebreeding_migration,0.021475171141718458,0.002467483389867505,0.0028725630589788572,0.012067932158630192,0.010574777346655675,28,2023-03-15,0.017056985693104296,batgod,Bar-tailed Godwit
batgod,country,IMN,Isle of Man,EU,Europe,breeding,0.017191839760000056,1.1368784702334212e-4,6.172217954376569e-4,0.02727272727272727,2.1496130696474635e-4,21,2023-06-14,1.3949051133846783e-4,batgod,Bar-tailed Godwit
batgod,country,IMN,Isle of Man,EU,Europe,nonbreeding,0.055344014818018136,4.034287810667721e-5,5.182763570105081e-4,0.02727272727272727,1.0740369468709724e-4,98,2023-12-27,9.725400475419763e-5,batgod,Bar-tailed Godwit
batgod,country,IMN,Isle of Man,EU,Europe,postbreeding_migration,0.02726602012460882,2.221121293178463e-5,2.519767294176512e-4,0.02727272727272727,5.5930497035683656e-5,147,2023-09-13,5.705804053414922e-5,batgod,Bar-tailed Godwit
batgod,country,IMN,Isle of Man,EU,Europe,prebreeding_migration,0.02753812303258614,7.985309276075494e-6,2.053035957948489e-4,0.06363636363636363,1.407289760961782e-4,98,2023-06-07,1.1624984808298693e-4,batgod,Bar-tailed Godwit
batgod,country,IND,India,AS,Asia,nonbreeding,0.0234147393883097,0.015288374270466244,0.09461172078434373,0.021222442281713823,0.07486205999009972,98,2023-01-04,0.04664949396555744,batgod,Bar-tailed Godwit
batgod,country,IND,India,AS,Asia,postbreeding_migration,0.006247669190601846,0.0053299889015297796,0.010154363653089075,0.020784800945855903,0.044639953446676914,98,2023-10-04,0.01096187677944453,batgod,Bar-tailed Godwit
batgod,country,IND,India,AS,Asia,prebreeding_migration,0.006692014629926902,0.002104461849349079,0.002449945313631919,0.00935830647596276,0.022444100607306987,56,2023-03-15,0.009666082660253985,batgod,Bar-tailed Godwit
batgod,country,IRL,Ireland,EU,Europe,breeding,0.017857321823038445,0.007111612441266898,0.03860959912939773,0.039816925064600245,0.018899900169697413,21,2023-06-14,0.00765852486576534,batgod,Bar-tailed Godwit
batgod,country,IRL,Ireland,EU,Europe,nonbreeding,0.3339556902372526,0.01466037680796938,0.18833873637731696,0.05627101037730157,0.013345517928121765,98,2023-03-01,0.023701377595952144,batgod,Bar-tailed Godwit
batgod,country,IRL,Ireland,EU,Europe,postbreeding_migration,0.12382372452671651,0.006074554821469796,0.06891323140627777,0.060997683944085605,0.007533443276929633,147,2023-09-13,0.017324511679631362,batgod,Bar-tailed Godwit
batgod,country,IRL,Ireland,EU,Europe,prebreeding_migration,0.08243856150510691,0.0014396200231547218,0.037012864137578545,0.061705387177826775,0.008217908903485999,98,2023-03-08,0.0188398384382683,batgod,Bar-tailed Godwit
batgod,country,IRN,Iran,AS,Asia,breeding,0.01297648787253347,0.02939332065144647,0.30364682550811817,0.01395430344529916,0.03767382246372017,21,2023-06-14,0.03283185262337748,batgod,Bar-tailed Godwit
batgod,country,IRN,Iran,AS,Asia,nonbreeding,0.09128319790977596,0.02279223232298152,0.14104915816716582,0.0205350860037798,0.027700459774523453,98,2023-03-01,0.038864954778132586,batgod,Bar-tailed Godwit
batgod,country,IRN,Iran,AS,Asia,postbreeding_migration,0.08793708672547754,0.0245370528377137,0.04674646834962347,0.021422792323942015,0.015048596121036229,147,2023-11-01,0.06909959520742566,batgod,Bar-tailed Godwit
batgod,country,IRN,Iran,AS,Asia,prebreeding_migration,0.08263353997417826,0.009201192206769378,0.010711725533904858,0.022436431237422255,0.019052952783210043,98,2023-03-15,0.05048350757953172,batgod,Bar-tailed Godwit
batgod,country,IRQ,Iraq,AS,Asia,breeding,0.006785896954677283,7.85483955271388e-4,0.008114418657695294,0.012623493675433068,0.0017416049946088906,0,2023-06-14,0.0013708440125541415,batgod,Bar-tailed Godwit
batgod,country,IRQ,Iraq,AS,Asia,nonbreeding,0.039021937762513545,4.97901482450391e-4,0.0030812508382077044,0.03734418555383611,0.0025742576640839423,21,2023-03-01,0.0011998626154369903,batgod,Bar-tailed Godwit
batgod,country,IRQ,Iraq,AS,Asia,postbreeding_migration,0.1125945250533398,0.0016054846894242346,0.0030586696664980603,0.04594006095613216,0.0016491116003728807,63,2023-10-04,0.009057357402104824,batgod,Bar-tailed Godwit
batgod,country,IRQ,Iraq,AS,Asia,prebreeding_migration,0.09041964777356366,4.589428271787153e-4,5.342861544481099e-4,0.04722051063775196,0.0018278780705158909,84,2023-04-05,0.0019086496819512096,batgod,Bar-tailed Godwit
batgod,country,ISR,Israel,AS,Asia,postbreeding_migration,1.667977431570787e-4,3.009095764513939e-6,5.732742267263409e-6,0.021445328801788073,9.739757255300216e-4,35,2023-09-13,1.8759213773087165e-5,batgod,Bar-tailed Godwit
batgod,country,ITA,Italy,EU,Europe,postbreeding_migration,6.946711707581437e-4,8.83595978448716e-5,0.0010024019195164582,0.046788312208300285,0.014982401064995066,56,2023-10-04,5.739099573223396e-4,batgod,Bar-tailed Godwit
batgod,country,JEY,Jersey,EU,Europe,nonbreeding,0.0664535198058631,1.62938324044304e-5,2.09323392296849e-4,0.13513513513513514,1.7900615781182874e-4,98,2023-01-25,2.7457454523140017e-5,batgod,Bar-tailed Godwit
batgod,country,JEY,Jersey,EU,Europe,postbreeding_migration,0.012739730042380257,3.4907583767596084e-6,3.960116368541256e-5,0.05405405405405406,3.72869980237891e-5,91,2023-09-13,1.285757796370129e-5,batgod,Bar-tailed Godwit
batgod,country,JEY,Jersey,EU,Europe,prebreeding_migration,0.04870839708962956,4.750838663572108e-6,1.221448320849391e-4,0.16216216216216217,1.2062483665386704e-4,42,2023-05-03,1.5373982864266713e-5,batgod,Bar-tailed Godwit
batgod,country,JOR,Jordan,AS,Asia,postbreeding_migration,3.675089479995502e-5,3.379434505740898e-8,6.43828862443621e-8,0.008053445480709213,1.864349901189455e-5,0,2023-09-20,3.707604232491103e-7,batgod,Bar-tailed Godwit
batgod,country,JOR,Jordan,AS,Asia,prebreeding_migration,1.266133194096693e-4,2.42820446014129e-7,2.826835820047451e-7,0.006872723419838697,1.0052069721155586e-4,0,2023-05-10,1.0790438107130548e-6,batgod,Bar-tailed Godwit
batgod,country,JPN,Japan,AS,Asia,postbreeding_migration,0.013070977926649775,0.003936535874494465,0.007499643534262337,0.049007100223384704,0.037156493530705846,91,2023-09-06,0.01658037039246851,batgod,Bar-tailed Godwit
batgod,country,JPN,Japan,AS,Asia,prebreeding_migration,0.03083692096462932,0.00210928473229032,0.002455559955429176,0.04412716285530776,0.02301923966144629,63,2023-04-05,0.011386213440811435,batgod,Bar-tailed Godwit
batgod,country,KEN,Kenya,AF,Africa,postbreeding_migration,0.003977964605498512,6.929381239801689e-4,0.0243071090699078,0.0202147660456702,0.008864859265246017,63,2023-09-20,0.0013206245944500307,batgod,Bar-tailed Godwit
batgod,country,KHM,Cambodia,AS,Asia,nonbreeding,0.006023669999311472,7.227087665372148e-5,4.472465078259179e-4,0.03148741071188843,0.0020409554969114934,21,2023-11-29,3.1267690417822026e-4,batgod,Bar-tailed Godwit
batgod,country,KHM,Cambodia,AS,Asia,postbreeding_migration,0.017268262221125742,6.669844122704777e-4,0.001270697256272416,0.030563050891156532,0.002971894160724881,91,2023-11-15,8.305144801392174e-4,batgod,Bar-tailed Godwit
batgod,country,KHM,Cambodia,AS,Asia,prebreeding_migration,0.025076974673203547,2.460196995319729e-4,2.8640804779422294e-4,0.04276915593612131,0.0031999720826275334,28,2023-03-15,8.870016331895751e-4,batgod,Bar-tailed Godwit
batgod,country,KOR,South Korea,AS,Asia,postbreeding_migration,0.3362856416102317,0.029800009007016383,0.05677312540664464,0.12984437327898404,0.028966817941241056,112,2023-08-23,0.08109288188612723,batgod,Bar-tailed Godwit
batgod,country,KOR,South Korea,AS,Asia,prebreeding_migration,3.042675555533957,0.09597775713851722,0.11173415017580043,0.1331871684038573,0.03204041295374616,77,2023-05-17,0.14074040756250206,batgod,Bar-tailed Godwit
batgod,country,KWT,Kuwait,AS,Asia,breeding,0.031209615528736395,0.003912654674947513,0.04041956284714107,0.029212157725830485,0.004365025393490945,21,2023-06-14,0.004884831972338243,batgod,Bar-tailed Godwit
batgod,country,KWT,Kuwait,AS,Asia,nonbreeding,0.04829447474396882,6.714566791326056e-4,0.004155292820610636,0.03825107360888366,0.0028731520844761703,98,2023-01-04,0.001466953140126495,batgod,Bar-tailed Godwit
batgod,country,KWT,Kuwait,AS,Asia,postbreeding_migration,0.05106533397444504,7.975578026787513e-4,0.0015194575659311915,0.044691466814833505,0.0017572363764090445,147,2023-07-05,0.00262656661592457,batgod,Bar-tailed Godwit
batgod,country,KWT,Kuwait,AS,Asia,prebreeding_migration,0.1106622323447452,6.012757835380137e-4,6.999855039115829e-4,0.03651014710484229,0.0015128944738462915,98,2023-06-07,0.00375704568212689,batgod,Bar-tailed Godwit
batgod,country,LBN,Lebanon,AS,Asia,postbreeding_migration,3.829901456497866e-5,3.5039785052612296e-8,6.675562113237777e-8,0.008094387768915395,1.864349901189455e-5,0,2023-09-13,3.0019592530212833e-7,batgod,Bar-tailed Godwit
batgod,country,LKA,Sri Lanka,AS,Asia,nonbreeding,0.06581787950811094,0.001231740070861142,0.007622592540027354,0.2096283687584374,0.02119432908492052,91,2023-12-27,0.004101951966076515,batgod,Bar-tailed Godwit
batgod,country,LKA,Sri Lanka,AS,Asia,postbreeding_migration,0.009389941727123298,8.091025324262729e-5,1.541451867664038e-4,0.25095741229491136,0.0054439017114732095,35,2023-10-11,9.281766731482808e-4,batgod,Bar-tailed Godwit
batgod,country,LKA,Sri Lanka,AS,Asia,prebreeding_migration,0.009291031100091983,2.849780811698636e-5,3.31762115177272e-5,0.26298961699398243,0.006151866669347219,14,2023-03-08,8.352586022723255e-4,batgod,Bar-tailed Godwit
batgod,country,LTU,Lithuania,EU,Europe,postbreeding_migration,0.01128200936384054,5.412999726508395e-5,6.140817125175502e-4,0.1129682609539064,0.001364512684083097,91,2023-07-26,3.108727855506963e-4,batgod,Bar-tailed Godwit
batgod,country,LVA,Latvia,EU,Europe,postbreeding_migration,0.01637734213808748,1.7560373443776736e-4,0.0019921494072858426,0.13556582869936767,0.003659402187230884,98,2023-07-19,9.74775914794685e-4,batgod,Bar-tailed Godwit
batgod,country,LVA,Latvia,EU,Europe,prebreeding_migration,0.0010751098494058886,2.5768988874726754e-7,6.625248807619059e-6,0.010998163782058371,2.0104139442311172e-5,0,2023-05-03,3.3030420917622783e-6,batgod,Bar-tailed Godwit
batgod,country,MAC,Macao,AS,Asia,prebreeding_migration,0.06607922987538034,2.6879706270972875e-6,3.1292470533852356e-6,0.19441350459418197,6.031241832693351e-5,35,2023-04-12,4.730176682740921e-6,batgod,Bar-tailed Godwit
batgod,country,MAR,Morocco,AF,Africa,breeding,8.423170344442444e-4,6.990322664361034e-5,1,0.0057951856106456204,5.732301519059903e-4,0,2023-06-14,1.2730756969363843e-4,batgod,Bar-tailed Godwit
batgod,country,MAR,Morocco,AF,Africa,nonbreeding,0.017269087418892798,0.006406379077130846,0.08080418011077696,0.010635002030587808,0.02131450528239163,98,2023-02-22,0.016051530886327596,batgod,Bar-tailed Godwit
batgod,country,MAR,Morocco,AF,Africa,postbreeding_migration,0.005046115981698425,0.0020919667665083904,0.07338269118758582,0.01738344588086114,0.018142745441354018,91,2023-09-20,0.005160502722178042,batgod,Bar-tailed Godwit
batgod,country,MAR,Morocco,AF,Africa,prebreeding_migration,0.01251683723726197,0.0017471934680999108,0.09560470163006764,0.007844036618563267,0.008350390252463018,70,2023-03-08,0.01220662105741483,batgod,Bar-tailed Godwit
batgod,country,MMR,Myanmar,AS,Asia,nonbreeding,0.007616613554858759,4.979171221999642e-4,0.003081347624405738,0.018753404479768095,0.006623227839037663,14,2023-03-01,9.952444598401843e-4,batgod,Bar-tailed Godwit
batgod,country,MMR,Myanmar,AS,Asia,postbreeding_migration,0.011453578593959986,4.927252214806612e-4,9.387094743344538e-4,0.03821617533751254,0.004138856780640591,70,2023-11-22,8.44560373646284e-4,batgod,Bar-tailed Godwit
batgod,country,MMR,Myanmar,AS,Asia,prebreeding_migration,0.012970045911122273,1.986149737576771e-4,2.312210241897491e-4,0.05973429208160743,0.006976136386481977,49,2023-03-08,0.0015895243438347067,batgod,Bar-tailed Godwit
batgod,country,MOZ,Mozambique,AF,Africa,nonbreeding,0.025348229327332956,0.0027658112320109785,0.03488540191785164,0.014515316988284732,0.008556494343405413,7,2023-11-29,0.0019549236911093745,batgod,Bar-tailed Godwit
batgod,country,MOZ,Mozambique,AF,Africa,postbreeding_migration,0.012533973760081196,0.001788320601848383,0.06273129218437379,0.030947390863542312,0.01111604313105284,35,2023-11-22,9.290927703546162e-4,batgod,Bar-tailed Godwit
batgod,country,MRT,Mauritania,AF,Africa,nonbreeding,0.39232316385432575,0.03902870342939843,0.4922722092198787,0.03031149186468718,0.016290781532249072,98,2023-02-01,0.09117676401554237,batgod,Bar-tailed Godwit
batgod,country,MRT,Mauritania,AF,Africa,postbreeding_migration,0.014062185366541982,0.0015633178944024812,0.05483857397239587,0.020861044179555747,0.005838484182318461,70,2023-10-18,0.003742833731072824,batgod,Bar-tailed Godwit
batgod,country,MRT,Mauritania,AF,Africa,prebreeding_migration,0.07736911077418412,0.003061744643451686,0.16753564413389718,0.018593696396568025,0.005611614959761471,63,2023-03-08,0.013497037590632976,batgod,Bar-tailed Godwit
batgod,country,MYS,Malaysia,AS,Asia,nonbreeding,0.10660742726050838,0.027215530731075684,0.16842262944205988,0.037029890003406424,0.05107121640110563,98,2023-01-18,0.03737193385153308,batgod,Bar-tailed Godwit
batgod,country,MYS,Malaysia,AS,Asia,postbreeding_migration,0.06924374755504097,0.019754417000561672,0.037634887742617126,0.026369198405590506,0.018938700027412506,133,2023-11-15,0.037536918723296134,batgod,Bar-tailed Godwit
batgod,country,MYS,Malaysia,AS,Asia,prebreeding_migration,0.09264551175361913,0.003770991073490146,0.004390063859367451,0.05400788571315863,0.01676521253262828,91,2023-03-08,0.03535669535837246,batgod,Bar-tailed Godwit
batgod,country,NAM,Namibia,AF,Africa,nonbreeding,0.010169580354400456,0.0025304543611934507,0.03191682657273396,0.0072173430131479725,0.009702133753401116,7,2023-11-29,0.0020066206840098056,batgod,Bar-tailed Godwit
batgod,country,NAM,Namibia,AF,Africa,postbreeding_migration,0.019079938259430104,0.007148866266693683,0.2507702579165365,0.011779962052969889,0.011111525411089151,84,2023-10-18,0.024131215996553938,batgod,Bar-tailed Godwit
batgod,country,NCL,New Caledonia,OC,Oceania,nonbreeding,3.6610439523103e-4,2.500959023921196e-6,3.6745039732851257e-6,0.005820404246080127,2.1480738937419447e-4,7,2023-11-29,2.3927326487055608e-5,batgod,Bar-tailed Godwit
batgod,country,NCL,New Caledonia,OC,Oceania,postbreeding_migration,6.902358152439395e-4,5.269306141741059e-6,1.4916795880748762e-5,0.015521077989547006,2.982959841903128e-4,7,2023-11-22,7.262155119579485e-5,batgod,Bar-tailed Godwit
batgod,country,NFK,Norfolk Island,OC,Oceania,postbreeding_migration,0.00624467022716999,9.249054615536178e-7,2.618300324153575e-6,0.05,1.864349901189455e-5,21,2023-11-01,6.145653670170028e-6,batgod,Bar-tailed Godwit
batgod,country,NIR,Northern Ireland,EU,Europe,breeding,0.02648841637168986,9.738325571882168e-4,0.005287026671196837,0.07069456262495613,0.0030978069096949637,21,2023-06-14,0.0010548003533889223,batgod,Bar-tailed Godwit
batgod,country,NIR,Northern Ireland,EU,Europe,nonbreeding,0.42271261015778416,0.001713081514016337,0.022007593112190065,0.09522255294223848,0.0020848128752578732,98,2023-01-04,0.004261504360510546,batgod,Bar-tailed Godwit
batgod,country,NIR,Northern Ireland,EU,Europe,postbreeding_migration,0.1589197553529066,7.197224013380754e-4,0.008164943415506441,0.09307745964266056,0.0010612097675537558,147,2023-07-19,0.0019486798770809032,batgod,Bar-tailed Godwit
batgod,country,NIR,Northern Ireland,EU,Europe,prebreeding_migration,0.1064342708598882,1.7158349214697538e-4,0.004411439394382978,0.11157454648709336,0.00137176561049643,98,2023-03-08,0.0017040745365399109,batgod,Bar-tailed Godwit
batgod,country,NLD,Netherlands,EU,Europe,breeding,0.217531045234484,0.03575358037206202,0.19410948178161697,0.12275305828814342,0.024047539675408236,21,2023-06-14,0.03829679271428725,batgod,Bar-tailed Godwit
batgod,country,NLD,Netherlands,EU,Europe,nonbreeding,0.21675100747352388,0.003927027535149153,0.05044968580117725,0.184567139004246,0.018065568656379684,98,2023-01-18,0.006814726343826402,batgod,Bar-tailed Godwit
batgod,country,NLD,Netherlands,EU,Europe,postbreeding_migration,0.9948978225183714,0.020143531385465294,0.22851976490522669,0.25314118747289704,0.012902965224592252,147,2023-07-19,0.0884769003466205,batgod,Bar-tailed Godwit
batgod,country,NLD,Netherlands,EU,Europe,prebreeding_migration,1.1659353022937515,0.008403079300798758,0.2160445308451619,0.2674059753304592,0.014697920200974633,98,2023-06-07,0.03878694523428866,batgod,Bar-tailed Godwit
batgod,country,NOR,Norway,EU,Europe,breeding,0.02636364873194344,0.028768958290502713,0.15618932501456692,0.02229128184857208,0.02899303635244413,21,2023-06-28,0.03278544632492014,batgod,Bar-tailed Godwit
batgod,country,NOR,Norway,EU,Europe,postbreeding_migration,0.01262804189429302,0.003915489706735808,0.04441955931906394,0.04213202310081142,0.03288758403243173,105,2023-07-05,0.01504908142084523,batgod,Bar-tailed Godwit
batgod,country,NOR,Norway,EU,Europe,prebreeding_migration,0.014235809315744308,8.596668878606905e-4,0.022102175026877228,0.03689356504631001,0.016991019098056198,70,2023-06-07,0.01267264120407559,batgod,Bar-tailed Godwit
batgod,country,NZL,New Zealand,OC,Oceania,breeding,0.1739249782004521,0.34291133233497284,0.5652665496287622,0.01292840590315892,0.030381198051017484,21,2023-06-21,0.3683771979981131,batgod,Bar-tailed Godwit
batgod,country,NZL,New Zealand,OC,Oceania,nonbreeding,1.4143017243581664,0.30737354117961174,0.451604879385977,0.01875228686425174,0.022017757410854932,98,2023-12-27,0.4744982617977528,batgod,Bar-tailed Godwit
batgod,country,NZL,New Zealand,OC,Oceania,postbreeding_migration,0.6511478128120919,0.15814603335836735,0.4476931185056161,0.020459812172216124,0.012509787836981244,147,2023-10-04,0.35402705674445656,batgod,Bar-tailed Godwit
batgod,country,NZL,New Zealand,OC,Oceania,prebreeding_migration,0.358737380820022,0.031014317673017565,0.4378601684179966,0.01783754116355653,0.011760921573752036,98,2023-03-08,0.3472848113618257,batgod,Bar-tailed Godwit
batgod,country,OMN,Oman,AS,Asia,breeding,0.01482016097167462,0.0019976588259372112,0.020636755136893937,0.027651729148094446,0.004442533677271424,21,2023-06-21,0.002196085870489604,batgod,Bar-tailed Godwit
batgod,country,OMN,Oman,AS,Asia,nonbreeding,0.0972664091898826,0.01803940048901424,0.11163637755000612,0.014185179036099062,0.014213088930259202,98,2023-03-01,0.05129506489390767,batgod,Bar-tailed Godwit
batgod,country,OMN,Oman,AS,Asia,postbreeding_migration,0.2179277646943389,0.04516750371904634,0.08605032140569972,0.01512000774685931,0.007889239181409304,147,2023-10-25,0.14049823565405797,batgod,Bar-tailed Godwit
batgod,country,OMN,Oman,AS,Asia,prebreeding_migration,0.7253846682038579,0.053516632449049945,0.06230230446347395,0.013899331599603364,0.007820510243059046,56,2023-03-15,0.20577150821721327,batgod,Bar-tailed Godwit
batgod,country,PAK,Pakistan,AS,Asia,nonbreeding,0.011345318677600642,0.004112404858649581,0.025449514340471924,0.0035723363990292343,0.006995615763937147,21,2023-01-25,0.005703085155837851,batgod,Bar-tailed Godwit
batgod,country,PAK,Pakistan,AS,Asia,postbreeding_migration,0.019194885422045935,0.007775332964481672,0.014813081209707075,0.006673868478663672,0.006805823785169115,63,2023-10-25,0.019455855300834355,batgod,Bar-tailed Godwit
batgod,country,PAK,Pakistan,AS,Asia,prebreeding_migration,0.015139839878617702,0.0021830397047304982,0.0025414230700980195,0.006088949889424391,0.006695816144703578,56,2023-03-15,0.008310014977520541,batgod,Bar-tailed Godwit
batgod,country,PAZ,Azores,EU,Europe,nonbreeding,8.534170382204112e-4,2.9012303113588292e-6,3.7271487488906904e-5,0.003898635477582846,7.160246312473149e-5,98,2023-01-04,5.340500900598716e-6,batgod,Bar-tailed Godwit
batgod,country,PAZ,Azores,EU,Europe,postbreeding_migration,3.089121530162893e-4,1.1735732423615634e-6,1.3313687471752823e-5,0.003898635477582846,3.72869980237891e-5,98,2023-10-11,2.576626768101684e-6,batgod,Bar-tailed Godwit
batgod,country,PAZ,Azores,EU,Europe,prebreeding_migration,3.6209618371364896e-4,4.896728588203377e-7,1.2589568569392537e-5,0.003898635477582846,4.0208278884622344e-5,70,2023-03-15,2.09989896062368e-6,batgod,Bar-tailed Godwit
batgod,country,PHL,Philippines,AS,Asia,nonbreeding,0.029676546876678523,0.006108837106147184,0.03780438523933451,0.08785407055477329,0.09770156093369611,98,2023-01-11,0.02365772623565755,batgod,Bar-tailed Godwit
batgod,country,PHL,Philippines,AS,Asia,postbreeding_migration,0.01205896407208728,0.002312876189810565,0.004406347996178155,0.032588014593333624,0.015735113166039,84,2023-10-11,0.002457936193509566,batgod,Bar-tailed Godwit
batgod,country,PHL,Philippines,AS,Asia,prebreeding_migration,0.029972539553144207,4.6601232349968545e-4,5.425162296983008e-4,0.031027154650340033,0.003679057517942945,7,2023-03-08,0.0013022114613362792,batgod,Bar-tailed Godwit
batgod,country,PLW,Palau,OC,Oceania,postbreeding_migration,0.008416083676139401,4.175333104340896e-6,1.1819884815234348e-5,0.04478143540485104,5.5930497035683656e-5,28,2023-10-18,2.3848891872647996e-5,batgod,Bar-tailed Godwit
batgod,country,PMD,Madeira,AF,Africa,postbreeding_migration,0.0016611927180904254,2.140558525482894e-6,7.508720872590174e-5,0.04597701149425287,1.491479920951564e-4,42,2023-09-06,2.0642820174234047e-5,batgod,Bar-tailed Godwit
batgod,country,POL,Poland,EU,Europe,postbreeding_migration,0.0023470467971401145,5.739596441581144e-4,0.006511327157001879,0.012186598047143372,0.00750259805631017,119,2023-07-19,0.003133224734118095,batgod,Bar-tailed Godwit
batgod,country,PRK,North Korea,AS,Asia,postbreeding_migration,0.24508022520470252,0.020101521909481397,0.038296170446213675,0.07248164211560532,0.014966432021025346,105,2023-08-23,0.04953865550382406,batgod,Bar-tailed Godwit
batgod,country,PRK,North Korea,AS,Asia,prebreeding_migration,6.404283061056919,0.1851603520297733,0.21555759581295825,0.06496825381660916,0.014325158657693666,77,2023-05-03,0.2577966705505569,batgod,Bar-tailed Godwit
batgod,country,PRT,Portugal,EU,Europe,breeding,0.00521466500044334,0.00112499387181359,0.006107695374639109,0.025627888595472385,0.006589866358652434,21,2023-06-14,0.001260073011109362,batgod,Bar-tailed Godwit
batgod,country,PRT,Portugal,EU,Europe,nonbreeding,0.056561966743202394,0.0016587159728727856,0.02130917059170754,0.029072051983325676,0.004605933314589983,98,2023-12-27,0.0031565552223053006,batgod,Bar-tailed Godwit
batgod,country,PRT,Portugal,EU,Europe,postbreeding_migration,0.03449154917656922,0.0011303541502934908,0.012823385321160714,0.042086523733540944,0.003472277867596221,147,2023-09-27,0.00414041242547431,batgod,Bar-tailed Godwit
batgod,country,PRT,Portugal,EU,Europe,prebreeding_migration,0.02240948055917489,2.6142101883210755e-4,0.0067211767668642975,0.04510337283025988,0.00401271670783561,98,2023-06-07,0.0012752114971992987,batgod,Bar-tailed Godwit
batgod,country,PSX,Palestinian Territory,AS,Asia,postbreeding_migration,5.179769387700409e-5,1.890350538879073e-8,3.6013783814975094e-8,0.03567119204921025,3.277322111228425e-5,7,2023-09-06,4.348521354626436e-7,batgod,Bar-tailed Godwit
batgod,country,QAT,Qatar,AS,Asia,breeding,0.033223539743662454,0.0028108981480594185,0.02903789978703506,0.0533814611126646,0.005383065959358119,21,2023-06-14,0.0032782850492655,batgod,Bar-tailed Godwit
batgod,country,QAT,Qatar,AS,Asia,nonbreeding,0.1987762628118125,0.001853822967497597,0.01147233694581296,0.11018528288836024,0.005551645966300707,98,2023-01-18,0.00322778103659918,batgod,Bar-tailed Godwit
batgod,country,QAT,Qatar,AS,Asia,postbreeding_migration,0.158235964349518,0.001649161710429292,0.003141880412854712,0.12013310087235056,0.0031520298133918367,147,2023-07-19,0.003049384970810419,batgod,Bar-tailed Godwit
batgod,country,QAT,Qatar,AS,Asia,prebreeding_migration,0.1437647569376745,5.333562148268705e-4,6.209157744606857e-4,0.09952690647694204,0.0028159581659136595,98,2023-03-15,0.0033907006180137846,batgod,Bar-tailed Godwit
batgod,country,ROU,Romania,EU,Europe,postbreeding_migration,1.3351180936783922e-4,8.590636965954915e-7,9.745710929627152e-6,0.005754692986587876,9.321749505947276e-5,0,2023-09-13,3.0632873988449948e-6,batgod,Bar-tailed Godwit
batgod,country,RUS,Russia,AS,Asia,breeding,0.014735999670322146,0.030769981312622628,0.31786837755815767,0.011631420002600958,0.028948122671252508,21,2023-06-28,0.030753940585194116,batgod,Bar-tailed Godwit
batgod,country,RUS,Russia,AS,Asia,postbreeding_migration,0.005847862733664284,0.0032487056450967717,0.006189232122544909,0.012197378916726852,0.017058832044151446,21,2023-07-05,0.018503559953998026,batgod,Bar-tailed Godwit
batgod,country,RUS,Russia,AS,Asia,prebreeding_migration,0.00408838976785687,0.0018569431605786125,0.0021617921918363927,0.0055651843643939585,0.01927731934105233,21,2023-06-07,0.02003204453501124,batgod,Bar-tailed Godwit
batgod,country,SAH,Western Sahara,AF,Africa,nonbreeding,0.007130239839118504,4.763777679677195e-4,0.006008591514830105,0.001967485196185816,7.101551728178884e-4,98,2023-02-01,0.001585382051695664,batgod,Bar-tailed Godwit
batgod,country,SAH,Western Sahara,AF,Africa,postbreeding_migration,6.505081808454136e-4,4.856846938018071e-5,0.0017037005783453129,0.002364234502817921,4.443874545499321e-4,70,2023-09-20,1.7356816998993714e-4,batgod,Bar-tailed Godwit
batgod,country,SAH,Western Sahara,AF,Africa,prebreeding_migration,0.003699747379284422,9.83287699448522e-5,0.005380453214750452,0.0021658598495018686,4.389950802587254e-4,63,2023-03-08,9.560332417522296e-4,batgod,Bar-tailed Godwit
batgod,country,SAU,Saudi Arabia,AS,Asia,breeding,0.002763111800235548,0.010284012664203004,0.10623868721742592,0.003337332313369315,0.014804837183616809,21,2023-06-14,0.012341124675602713,batgod,Bar-tailed Godwit
batgod,country,SAU,Saudi Arabia,AS,Asia,nonbreeding,0.023249815711455256,0.016501012829792057,0.10211610409924564,0.009723095272623971,0.03728121546799796,98,2023-01-18,0.024320997402683068,batgod,Bar-tailed Godwit
batgod,country,SAU,Saudi Arabia,AS,Asia,postbreeding_migration,0.012239348109750362,0.009522030630395284,0.018140781064128548,0.007228067626708063,0.01415673422670717,147,2023-09-20,0.014690721045625427,batgod,Bar-tailed Godwit
batgod,country,SAU,Saudi Arabia,AS,Asia,prebreeding_migration,0.011856024520427073,0.003756168829021467,0.0043728082895481265,0.008689607578108922,0.020995535080760724,63,2023-03-15,0.014572246933712164,batgod,Bar-tailed Godwit
batgod,country,SCT,Scotland,EU,Europe,breeding,0.02372896500151191,0.013977885839629762,0.0758872299920282,0.03490258188226762,0.024505314743789336,21,2023-06-28,0.015556581302571672,batgod,Bar-tailed Godwit
batgod,country,SCT,Scotland,EU,Europe,nonbreeding,0.12050421493233868,0.008230105455643445,0.10573041075761046,0.039026111296530434,0.014399681153642504,98,2023-01-04,0.019280143041539934,batgod,Bar-tailed Godwit
batgod,country,SCT,Scotland,EU,Europe,postbreeding_migration,0.0805685843944416,0.006184015888144929,0.07015502048209622,0.04689060377650573,0.009060669162987508,147,2023-09-20,0.01963705332038701,batgod,Bar-tailed Godwit
batgod,country,SCT,Scotland,EU,Europe,prebreeding_migration,0.049004836172970086,0.0013412279639762362,0.034483188348123035,0.0545148167515124,0.011378865977047584,98,2023-06-07,0.012702944893576562,batgod,Bar-tailed Godwit
batgod,country,SDN,Sudan,AF,Africa,nonbreeding,0.011007398021119809,0.001643810803218842,0.020733519295711725,0.007861039949831944,0.006342224307511594,0,2023-03-01,0.0013482381957677912,batgod,Bar-tailed Godwit
batgod,country,SDN,Sudan,AF,Africa,postbreeding_migration,5.885469692520703e-4,9.8220602746772e-5,0.003445414274747278,0.0026624877763936792,0.0011186099407136732,0,2023-11-15,7.158854221140657e-5,batgod,Bar-tailed Godwit
batgod,country,SDN,Sudan,AF,Africa,prebreeding_migration,0.006943813908851019,4.1250234469567535e-4,0.022571721052289443,0.007447160135939956,0.003373959057756522,0,2023-03-15,7.036696360004949e-4,batgod,Bar-tailed Godwit
batgod,country,SEN,Senegal,AF,Africa,nonbreeding,0.19880541432906768,0.0116340942723254,0.146741776858413,0.09218618484560868,0.029145039436649096,98,2023-01-11,0.05441389778716601,batgod,Bar-tailed Godwit
batgod,country,SEN,Senegal,AF,Africa,postbreeding_migration,0.09644571408737268,0.00630727273979036,0.22124856623436132,0.07000593889813181,0.011525589497014686,70,2023-10-18,0.017603302073981184,batgod,Bar-tailed Godwit
batgod,country,SEN,Senegal,AF,Africa,prebreeding_migration,0.10560967642311074,0.002458494669370869,0.13452640112026398,0.0638952097444161,0.011343697237662612,63,2023-03-15,0.0067266192518383484,batgod,Bar-tailed Godwit
batgod,country,SGP,Singapore,AS,Asia,nonbreeding,1.3259903073478,3.857331003986959e-5,2.3870996187410628e-4,0.22780170666231184,3.580123156236574e-5,98,2023-01-18,8.491282870429666e-5,batgod,Bar-tailed Godwit
batgod,country,SGP,Singapore,AS,Asia,postbreeding_migration,0.05318578425595153,3.449837924177939e-5,6.572416842419013e-5,0.045668285380254435,7.45739960475782e-5,91,2023-11-15,8.530029176783492e-5,batgod,Bar-tailed Godwit
batgod,country,SGP,Singapore,AS,Asia,prebreeding_migration,1.0278854210515171,1.1894671518130578e-5,1.384738561644566e-5,0.22780170666231184,2.0104139442311172e-5,49,2023-03-15,1.1194841350945994e-4,batgod,Bar-tailed Godwit
batgod,country,SOM,Somalia,AF,Africa,postbreeding_migration,4.340855260005062e-4,1.7896237747987776e-5,6.277700530932101e-4,0.0033335459597090295,3.459891399751204e-4,0,2023-10-18,2.195903653289945e-5,batgod,Bar-tailed Godwit
batgod,country,SVK,Slovakia,EU,Europe,postbreeding_migration,2.655532534232375e-4,5.74808134743478e-6,6.52095292049792e-5,0.0922372424713268,0.005026285743132345,42,2023-09-20,6.378073944482863e-5,batgod,Bar-tailed Godwit
batgod,country,SVN,Slovenia,EU,Europe,postbreeding_migration,7.75412952251896e-4,4.0621443528253115e-7,4.608329367652692e-6,0.1143930811794776,1.5086609312786234e-4,35,2023-10-11,4.380695545069811e-6,batgod,Bar-tailed Godwit
batgod,country,SWE,Sweden,EU,Europe,breeding,0.002166226408262384,0.0034194927311170433,0.018564741071688495,0.01131091171850016,0.02128116938950989,21,2023-06-28,0.004128054235325648,batgod,Bar-tailed Godwit
batgod,country,SWE,Sweden,EU,Europe,nonbreeding,1.4678252127138712e-4,1.4013344840905493e-6,1.8002645459433448e-5,0.022211917117044032,0.0011456394099957038,0,2023-11-29,1.386682760254661e-5,batgod,Bar-tailed Godwit
batgod,country,SWE,Sweden,EU,Europe,postbreeding_migration,0.011931074212622055,0.0038053093168148736,0.043169609828079165,0.035896897232903936,0.028822849472388976,140,2023-07-19,0.02709305529998126,batgod,Bar-tailed Godwit
batgod,country,SWE,Sweden,EU,Europe,prebreeding_migration,0.012406391880959426,0.0010884736780981351,0.027984834690262445,0.03659538973253673,0.024486097834616374,77,2023-05-24,0.0064727973443532575,batgod,Bar-tailed Godwit
batgod,country,THA,Thailand,AS,Asia,nonbreeding,0.07869259993054167,0.006954324730908172,0.04303666420277103,0.08444019640310603,0.04031482151205803,98,2023-03-01,0.013790541239447182,batgod,Bar-tailed Godwit
batgod,country,THA,Thailand,AS,Asia,postbreeding_migration,0.057895788710578905,0.005717713025271877,0.010893031560713156,0.07048059144120308,0.017523243820659992,126,2023-11-15,0.010199242404341485,batgod,Bar-tailed Godwit
batgod,country,THA,Thailand,AS,Asia,prebreeding_migration,0.047733561792045485,0.0016780546555409104,0.001953536074142791,0.10249978098710712,0.02748058446859855,84,2023-03-08,0.01403057091594531,batgod,Bar-tailed Godwit
batgod,country,TLS,East Timor,AS,Asia,nonbreeding,0.013027409391496133,4.0689665404620993e-5,2.5180697397676733e-4,0.01296220326078922,2.1872545036685364e-4,7,2023-11-29,3.354114128983372e-5,batgod,Bar-tailed Godwit
batgod,country,TLS,East Timor,AS,Asia,postbreeding_migration,0.0095564670866018,1.1809834819749172e-4,2.2499363442994737e-4,0.01924172955115226,5.986322994825862e-4,70,2023-11-08,1.748950202169915e-4,batgod,Bar-tailed Godwit
batgod,country,TUR,Turkey,AS,Asia,postbreeding_migration,3.250650760811505e-4,2.8258435958533064e-5,5.383621622703867e-5,0.02734197631631589,0.005983803114189539,49,2023-10-04,1.9999663171412497e-4,batgod,Bar-tailed Godwit
batgod,country,TWN,Taiwan,AS,Asia,nonbreeding,0.005372777136348538,8.265604340334624e-5,5.115148518258705e-4,0.05169029274488823,0.004296147787483889,98,2023-03-01,1.7630980653937872e-4,batgod,Bar-tailed Godwit
batgod,country,TWN,Taiwan,AS,Asia,postbreeding_migration,0.0023741665413647664,6.271406698955148e-5,1.194789434164335e-4,0.05242587174898301,0.003486334315224282,126,2023-10-11,2.656815417836643e-4,batgod,Bar-tailed Godwit
batgod,country,TWN,Taiwan,AS,Asia,prebreeding_migration,0.005423916022867005,5.767555684288252e-5,6.714398754343624e-5,0.053547553326081146,0.004342494119539213,84,2023-03-15,2.5693811839436626e-4,batgod,Bar-tailed Godwit
batgod,country,TZA,United Republic of Tanzania,AF,Africa,postbreeding_migration,0.014438667255713378,8.21396174313025e-4,0.02881320237361207,0.08343637286455988,0.01194952297327918,63,2023-09-27,0.0015677386917908609,batgod,Bar-tailed Godwit
batgod,country,USA,United States,NA,North America,breeding,0.010377638992438694,0.1122997041755144,1,0.03531041626955566,0.45543135568930926,21,2023-06-14,0.15356772988422754,batgod,Bar-tailed Godwit
batgod,country,USA,United States,NA,North America,postbreeding_migration,0.002563039039610889,0.003796850033474624,0.9999798137488016,0.011097945592794884,0.04138856780640591,14,2023-07-05,0.016099216344534862,batgod,Bar-tailed Godwit
batgod,country,USA,United States,NA,North America,prebreeding_migration,0.0273557152208446,0.012980572444661002,1,0.06418762579900032,0.2322832271164633,28,2023-06-07,0.27291277055723606,batgod,Bar-tailed Godwit
batgod,country,VNM,Vietnam,AS,Asia,postbreeding_migration,0.08406445419699224,0.001377518584976549,0.0026243628099724323,0.09118324746740322,0.003761574860528263,35,2023-09-13,0.002219143997973058,batgod,Bar-tailed Godwit
batgod,country,VNM,Vietnam,AS,Asia,prebreeding_migration,0.003142573034516934,7.240032856568131e-6,8.428608279583004e-6,0.01258642081620525,2.2114553386542288e-4,0,2023-03-15,2.745827903810637e-5,batgod,Bar-tailed Godwit
batgod,country,VUT,Vanuatu,OC,Oceania,nonbreeding,2.564831102480654e-4,5.183965980111865e-7,7.616479682034237e-7,0.003278688524590164,3.580123156236574e-5,0,2023-11-29,2.564882429543625e-6,batgod,Bar-tailed Godwit
batgod,country,VUT,Vanuatu,OC,Oceania,postbreeding_migration,7.688085563847276e-5,1.736504395593597e-7,4.915842981659424e-7,0.003278688524590164,1.864349901189455e-5,0,2023-11-22,2.4690302403204897e-6,batgod,Bar-tailed Godwit
batgod,country,WLS,Wales,EU,Europe,breeding,0.016826662854162268,0.0019096278377046347,0.010367545463006124,0.05087547058708981,0.006881755207296365,21,2023-06-21,0.0021792808676774043,batgod,Bar-tailed Godwit
batgod,country,WLS,Wales,EU,Europe,nonbreeding,0.1317512849385528,0.001648200846908745,0.02117408500947072,0.07153464040139511,0.004834661881463127,98,2023-12-27,0.0030427302954825143,batgod,Bar-tailed Godwit
batgod,country,WLS,Wales,EU,Europe,postbreeding_migration,0.05901525444713156,8.250378347993275e-4,0.009359702052158544,0.06623741737208606,0.002331216221205639,147,2023-07-19,0.0028820123208889072,batgod,Bar-tailed Godwit
batgod,country,WLS,Wales,EU,Europe,prebreeding_migration,0.07138438047785312,3.5523819651525894e-4,0.009133231611550458,0.08920929485492646,0.0033856911317317667,98,2023-03-08,0.0016739263435506318,batgod,Bar-tailed Godwit
batgod,country,YEM,Yemen,AS,Asia,nonbreeding,0.02385548560936436,0.004583052002133147,0.028362102385443833,0.006864202465437356,0.007124445080910783,49,2023-01-18,0.008023676118260797,batgod,Bar-tailed Godwit
batgod,country,YEM,Yemen,AS,Asia,postbreeding_migration,0.0045830689391089955,8.835530358845596e-4,0.0016832903405460408,0.002650517626910489,0.001286401431820724,7,2023-10-25,0.002571799938375713,batgod,Bar-tailed Godwit
batgod,country,YEM,Yemen,AS,Asia,prebreeding_migration,0.06137188488670884,4.786098198088542e-4,5.571818208353841e-4,0.036845043619800615,0.0021913511992119176,14,2023-03-29,5.654969688203366e-4,batgod,Bar-tailed Godwit
batgod,country,ZAF,South Africa,AF,Africa,nonbreeding,0.0010972047751441308,5.506485783339358e-4,0.006945375283875018,0.005559027142138379,0.01507231848775598,77,2023-01-04,0.001178473250839604,batgod,Bar-tailed Godwit
batgod,country,ZAF,South Africa,AF,Africa,postbreeding_migration,6.433238923732977e-4,4.117003006346656e-4,0.014441757157421235,0.007125513586942976,0.011479877671363358,49,2023-10-25,7.311413760237791e-4,batgod,Bar-tailed Godwit
batgod,country,ZAF,South Africa,AF,Africa,prebreeding_migration,5.385398563932406e-4,8.034802595147203e-5,0.004396564655206318,0.004081495661141726,0.004644056211173881,7,2023-03-22,2.854301418550571e-4,batgod,Bar-tailed Godwit
batgod,state,ALB-1495,Fier,EU,Europe,postbreeding_migration,6.414490710966482e-4,1.0520431424531805e-6,1.193498036580756e-5,0.07513827325741017,3.1024312352038015e-4,21,2023-09-20,2.5865420367162663e-5,batgod,Bar-tailed Godwit
batgod,state,ALB-1504,Vlorë,EU,Europe,postbreeding_migration,8.899757803874282e-4,2.409735918569597e-6,2.7337425352962e-5,0.13226517126436,9.015843122527656e-4,42,2023-09-20,1.782384918517151e-5,batgod,Bar-tailed Godwit
batgod,state,ALD-4810,Jomala,EU,Europe,postbreeding_migration,0.018837255061905405,1.3752168103440412e-5,1.5601247674987888e-4,0.26417322004619526,4.855253707995217e-4,91,2023-09-20,5.5727335047006907e-5,batgod,Bar-tailed Godwit
batgod,state,ALD-4810,Jomala,EU,Europe,prebreeding_migration,0.05294247616657081,1.3758297137356123e-5,3.537280494289628e-4,0.08115107408356417,1.6083311553848938e-4,42,2023-05-24,1.1567727229608384e-4,batgod,Bar-tailed Godwit
batgod,state,ALD-4812,Eckerö,EU,Europe,postbreeding_migration,0.03800676726421122,1.9139372001334604e-5,2.17128005337463e-4,0.5,6.338789664044148e-4,91,2023-09-20,7.366187225804917e-5,batgod,Bar-tailed Godwit
batgod,state,ALD-4812,Eckerö,EU,Europe,prebreeding_migration,0.10397623419104252,1.86383609088311e-5,4.791952799836673e-4,0.22058823529411764,3.015620916346676e-4,42,2023-05-24,1.5213044329762202e-4,batgod,Bar-tailed Godwit
batgod,state,ALD-4814,Föglö,EU,Europe,postbreeding_migration,0.06225127908514767,1.8901226027322405e-5,2.144263409195913e-4,0.3170731707317073,2.423654871546292e-4,112,2023-07-19,1.1251774157394728e-4,batgod,Bar-tailed Godwit
batgod,state,ALD-4814,Föglö,EU,Europe,prebreeding_migration,0.3692408807393981,3.9907852203160466e-5,0.0010260373486479304,0.2926829268292683,2.4124967330773405e-4,49,2023-05-24,3.589634810789631e-4,batgod,Bar-tailed Godwit
batgod,state,ALD-4817,Mariehamn,EU,Europe,postbreeding_migration,0.039750974477444384,1.5699447910480502e-6,1.7810353492603282e-5,0.7420447702666687,7.377959955731485e-5,91,2023-07-26,7.166343264072132e-6,batgod,Bar-tailed Godwit
batgod,state,ALD-4817,Mariehamn,EU,Europe,prebreeding_migration,0.3236706972949883,4.5503716055676805e-6,1.16990791530739e-4,0.5625258617933184,6.031241832693351e-5,42,2023-05-24,4.0797056367445795e-5,batgod,Bar-tailed Godwit
batgod,state,ALD-4818,Lemland,EU,Europe,postbreeding_migration,0.06526035890558148,1.3082439829882292e-5,1.484146953730585e-4,0.6643706003797423,3.3528897912182793e-4,98,2023-07-19,4.922962496457949e-5,batgod,Bar-tailed Godwit
batgod,state,ALD-4818,Lemland,EU,Europe,prebreeding_migration,0.35167601356886075,2.50950991909428e-5,6.451990677637282e-4,0.4433021090339257,2.4124967330773405e-4,42,2023-05-24,2.1346512757673867e-4,batgod,Bar-tailed Godwit
batgod,state,ALD-4819,Lumparland,EU,Europe,postbreeding_migration,0.022848355838175467,4.063584585467355e-6,4.609963250105925e-5,0.25049248071274177,1.1215499716364132e-4,98,2023-07-26,1.9097671589038783e-5,batgod,Bar-tailed Godwit
batgod,state,ALD-4819,Lumparland,EU,Europe,prebreeding_migration,0.1194730866225452,7.563648101782777e-6,1.9446261865840425e-4,0.16655722650827962,8.041655776924469e-5,49,2023-05-10,3.947928889411261e-5,batgod,Bar-tailed Godwit
batgod,state,ALD-4820,Vårdö,EU,Europe,postbreeding_migration,0.049052077905922115,2.143222502721158e-5,2.4313944416659068e-4,0.2711864406779661,2.982959841903128e-4,98,2023-07-26,9.273093535430902e-5,batgod,Bar-tailed Godwit
batgod,state,ALD-4820,Vårdö,EU,Europe,prebreeding_migration,0.21017661311868893,3.26889613175439e-5,8.404384938974823e-4,0.2711864406779661,3.2166623107697875e-4,49,2023-05-31,2.702378616308807e-4,batgod,Bar-tailed Godwit
batgod,state,ALD-4821,Sottunga,EU,Europe,postbreeding_migration,0.06613886826916744,9.306110386121735e-6,1.0557384983415136e-4,0.42105263157894735,1.491479920951564e-4,98,2023-07-26,4.1934883077354577e-5,batgod,Bar-tailed Godwit
batgod,state,ALD-4821,Sottunga,EU,Europe,prebreeding_migration,0.5539507269859314,2.7745302095521297e-5,7.133362140012653e-4,0.42105263157894735,1.6083311553848938e-4,49,2023-05-31,3.058706726957155e-4,batgod,Bar-tailed Godwit
batgod,state,ALD-4822,Kumlinge,EU,Europe,postbreeding_migration,0.06149884908518288,2.914773428421054e-5,3.3066860317024547e-4,0.328125,3.915134792497856e-4,105,2023-07-19,1.6026839766857508e-4,batgod,Bar-tailed Godwit
batgod,state,ALD-4822,Kumlinge,EU,Europe,prebreeding_migration,0.3257534755393863,5.495835843775445e-5,0.0014129883034158996,0.265625,3.417703705192899e-4,56,2023-05-31,4.94048430543852e-4,batgod,Bar-tailed Godwit
batgod,state,ALD-4823,Brändö,EU,Europe,postbreeding_migration,0.08860963512034643,2.756056256361646e-5,3.126628175155964e-4,0.2619047619047619,2.0507848913084008e-4,112,2023-07-19,2.1986431223012455e-4,batgod,Bar-tailed Godwit
batgod,state,ALD-4823,Brändö,EU,Europe,prebreeding_migration,0.4617695311705272,5.112570198995274e-5,0.0013144500849229129,0.2619047619047619,2.2114553386542288e-4,56,2023-05-31,4.933024970343929e-4,batgod,Bar-tailed Godwit
batgod,state,ALD-4824,Kökar,EU,Europe,postbreeding_migration,0.08618640050292015,1.5956461597837625e-5,1.8101924549774787e-4,0.52,2.423654871546292e-4,98,2023-07-19,1.01320642065809e-4,batgod,Bar-tailed Godwit
batgod,state,ALD-4824,Kökar,EU,Europe,prebreeding_migration,0.6244754588603973,4.115476296770895e-5,0.0010580956265112671,0.48,2.4124967330773405e-4,49,2023-05-31,4.326853884415697e-4,batgod,Bar-tailed Godwit
batgod,state,ARE-338,Ras Al Khaymah,AS,Asia,breeding,0.05203830180502772,9.524703763979906e-4,0.009839466918806257,0.06525437368407039,0.001423567367776017,21,2023-06-14,0.001115435240088171,batgod,Bar-tailed Godwit
batgod,state,ARE-338,Ras Al Khaymah,AS,Asia,nonbreeding,0.2598779082070582,5.243270381020865e-4,0.0032447847266813216,0.07839241526403702,8.544789554876877e-4,98,2023-01-25,9.16362333073514e-4,batgod,Bar-tailed Godwit
batgod,state,ARE-338,Ras Al Khaymah,AS,Asia,postbreeding_migration,0.18843633334162277,4.2486586876099746e-4,8.094280522697787e-4,0.07839241526403702,4.4497009927070536e-4,147,2023-07-19,0.001223057935940011,batgod,Bar-tailed Godwit
batgod,state,ARE-338,Ras Al Khaymah,AS,Asia,prebreeding_migration,0.1448820845058107,1.1628100197397752e-4,1.353705204675892e-4,0.07839241526403702,4.7983165164918465e-4,98,2023-06-07,8.858370841083203e-4,batgod,Bar-tailed Godwit
batgod,state,ARE-339,Umm Al Qaywayn,AS,Asia,breeding,0.12498299311434456,7.802901747139831e-4,0.00806076446199066,0.1253231490749903,9.325595060028724e-4,21,2023-06-14,9.980370417863886e-4,batgod,Bar-tailed Godwit
batgod,state,ARE-339,Umm Al Qaywayn,AS,Asia,nonbreeding,1.6492012377448146,0.0011349674305955952,0.0070237174825233855,0.19272810436660567,7.165545061497956e-4,98,2023-02-01,0.002379954291172542,batgod,Bar-tailed Godwit
batgod,state,ARE-339,Umm Al Qaywayn,AS,Asia,postbreeding_migration,0.8282612466543612,6.369882132189178e-4,0.001213550361784031,0.2119866630213529,4.104329107307523e-4,147,2023-07-19,0.0018838991479559323,batgod,Bar-tailed Godwit
batgod,state,ARE-339,Umm Al Qaywayn,AS,Asia,prebreeding_migration,1.0037607176189,2.7479013076660817e-4,3.199016381846905e-4,0.18309882503923203,3.822762000316859e-4,98,2023-03-15,9.417859279017714e-4,batgod,Bar-tailed Godwit
batgod,state,ARE-341,Fujayrah,AS,Asia,breeding,0.018803889957738892,2.378062820238381e-4,0.0024566507295552273,0.0410671191913852,6.1902743560957e-4,21,2023-06-21,2.588763047456178e-4,batgod,Bar-tailed Godwit
batgod,state,ARE-341,Fujayrah,AS,Asia,nonbreeding,0.10306935295456328,1.4368442729119555e-4,8.891874750995585e-4,0.055327943682894544,4.1669579304622506e-4,98,2023-02-15,2.6930290304052627e-4,batgod,Bar-tailed Godwit
batgod,state,ARE-341,Fujayrah,AS,Asia,postbreeding_migration,0.08205436906360247,1.278309950749502e-4,2.4353566848042164e-4,0.04922219590348916,1.9304787627875535e-4,147,2023-08-30,7.543367893521035e-4,batgod,Bar-tailed Godwit
batgod,state,ARE-341,Fujayrah,AS,Asia,prebreeding_migration,0.06395355524763814,3.5465495533395736e-5,4.128776418757684e-5,0.0410671191913852,1.7368261376665445e-4,98,2023-03-15,2.119522798819796e-4,batgod,Bar-tailed Godwit
batgod,state,ARE-346,Ajman,AS,Asia,breeding,0.32694462205590324,4.218905090496982e-4,0.004358327366412772,0.23519629982189535,3.61739621137165e-4,21,2023-06-14,5.744180258729324e-4,batgod,Bar-tailed Godwit
batgod,state,ARE-346,Ajman,AS,Asia,nonbreeding,0.465187055226154,6.616947794193834e-5,4.094881549035717e-4,0.1569529353806017,1.2061295679640676e-4,98,2023-01-11,3.227149920720334e-4,batgod,Bar-tailed Godwit
batgod,state,ARE-346,Ajman,AS,Asia,postbreeding_migration,0.3982061051246199,6.32983382560604e-5,1.2059206072714304e-4,0.23519629982189535,9.412055170942756e-5,147,2023-07-19,5.83980876674749e-4,batgod,Bar-tailed Godwit
batgod,state,ARE-346,Ajman,AS,Asia,prebreeding_migration,0.24304388886444453,1.3752320369443335e-5,1.6009999350239455e-5,0.2035408686607628,8.783420335813984e-5,98,2023-06-07,3.809960190338635e-4,batgod,Bar-tailed Godwit
batgod,state,ARE-348,Sharjah,AS,Asia,breeding,0.021259988604362963,3.9367239151836273e-4,0.004066820941813437,0.04160117766886871,9.181583603452466e-4,21,2023-06-14,5.560458764696641e-4,batgod,Bar-tailed Godwit
batgod,state,ARE-348,Sharjah,AS,Asia,nonbreeding,0.09001897130502996,1.837428745799312e-4,0.0011370881715953034,0.029761118103018392,3.281860665520667e-4,98,2023-01-18,4.763113520707211e-4,batgod,Bar-tailed Godwit
batgod,state,ARE-348,Sharjah,AS,Asia,postbreeding_migration,0.05968854415681201,1.3615128813655077e-4,2.5938697380368733e-4,0.041995422735240345,2.4115835355668235e-4,147,2023-07-19,6.428218242943254e-4,batgod,Bar-tailed Godwit
batgod,state,ARE-348,Sharjah,AS,Asia,prebreeding_migration,0.05633920586911174,4.5745499083842575e-5,5.325540642843129e-5,0.029761118103018392,1.842924993653591e-4,98,2023-06-07,3.490433209525582e-4,batgod,Bar-tailed Godwit
batgod,state,ARE-349,Abu Dhabi,AS,Asia,breeding,0.027661526871679384,0.011818018413732695,0.1220856880268758,0.03128819350413181,0.015932687545240156,21,2023-06-14,0.013793881267557907,batgod,Bar-tailed Godwit
batgod,state,ARE-349,Abu Dhabi,AS,Asia,nonbreeding,0.29222500697131376,0.013762280991210114,0.0851675307956955,0.04592221969940124,0.011683967756743937,98,2023-01-25,0.021766619869810648,batgod,Bar-tailed Godwit
batgod,state,ARE-349,Abu Dhabi,AS,Asia,postbreeding_migration,0.2504657494858478,0.013181829694161986,0.025113202822840984,0.04578150790906211,0.0060657852153579855,147,2023-10-11,0.02431535281276434,batgod,Bar-tailed Godwit
batgod,state,ARE-349,Abu Dhabi,AS,Asia,prebreeding_migration,0.19750948591359235,0.0037001743652721585,0.004307621375328522,0.04113801882787085,0.0058775775995933265,98,2023-03-15,0.019568879660773843,batgod,Bar-tailed Godwit
batgod,state,ARE-350,Dubay,AS,Asia,breeding,0.020977504716922453,5.959021887780557e-4,0.006155949852739472,0.04130500020951605,0.001398504341063086,21,2023-06-28,6.70426648173522e-4,batgod,Bar-tailed Godwit
batgod,state,ARE-350,Dubay,AS,Asia,nonbreeding,0.12133322832329602,3.7993161687519656e-4,0.002351197283440401,0.04411206855960541,7.46238310657146e-4,98,2023-01-25,9.153055894197548e-4,batgod,Bar-tailed Godwit
batgod,state,ARE-350,Dubay,AS,Asia,postbreeding_migration,0.06679384260268574,2.3373105491428456e-4,4.452898819242537e-4,0.05823542426996577,5.130229796762823e-4,147,2023-07-19,8.32710232848202e-4,batgod,Bar-tailed Godwit
batgod,state,ARE-350,Dubay,AS,Asia,prebreeding_migration,0.05072811643676487,6.318814529905197e-5,7.356156183130042e-5,0.04411206855960541,4.190492449543717e-4,98,2023-03-15,4.401564581333151e-4,batgod,Bar-tailed Godwit
batgod,state,ARM-1672,Gegharkunik,AS,Asia,prebreeding_migration,8.048509415932684e-4,1.053973020434775e-6,1.227000747439226e-6,0.01006516009433519,1.0052069721155586e-4,7,2023-05-03,9.64979735057158e-7,batgod,Bar-tailed Godwit
batgod,state,AUS-002,Jervis Bay Territory,OC,Oceania,breeding,1.4510900295837636e-5,1.4030567244206364e-8,2.3128457964519696e-8,1.6536336407341632e-5,1.9057248942501617e-8,21,2023-06-28,6.223565232237749e-5,batgod,Bar-tailed Godwit
batgod,state,AUS-002,Jervis Bay Territory,OC,Oceania,nonbreeding,2.9642420221430693e-5,3.159359603012476e-9,4.641851107222162e-9,1.6536336407341632e-5,9.521801741427489e-9,63,2023-12-20,2.336317443640457e-5,batgod,Bar-tailed Godwit
batgod,state,AUS-002,Jervis Bay Territory,OC,Oceania,postbreeding_migration,1.1735615000697565e-5,1.3978016931871103e-9,3.957014828549654e-9,1.6536336407341632e-5,4.958480298324929e-9,70,2023-07-05,5.716541413683473e-5,batgod,Bar-tailed Godwit
batgod,state,AUS-002,Jervis Bay Territory,OC,Oceania,prebreeding_migration,1.071716149148569e-5,4.5438748815164456e-10,6.415043019379498e-9,1.6536336407341632e-5,5.3469565598108725e-9,49,2023-06-07,4.1979211911975454e-5,batgod,Bar-tailed Godwit
batgod,state,AUS-003,Northern Territory,OC,Oceania,nonbreeding,0.00843416309389375,0.00850579395428819,0.012497035489999043,0.007917384027161174,0.04313690763741941,98,2023-12-20,0.022423466809904383,batgod,Bar-tailed Godwit
batgod,state,AUS-003,Northern Territory,OC,Oceania,postbreeding_migration,0.009142347588216878,0.01030350294988834,0.029168024446838057,0.009365760919070196,0.02657295320086956,112,2023-09-13,0.019295721614556775,batgod,Bar-tailed Godwit
batgod,state,AUS-003,Northern Territory,OC,Oceania,prebreeding_migration,0.008713522011217245,0.0034956487242516062,0.04935157224053937,0.010790272920736636,0.033013171552202396,63,2023-03-15,0.01471263622780975,batgod,Bar-tailed Godwit
batgod,state,AUS-004,Western Australia,OC,Oceania,breeding,0.010468320080522958,0.17878780309523837,0.29471981542047376,0.002777250865896835,0.05653482373172829,21,2023-06-28,0.2775992816809763,batgod,Bar-tailed Godwit
batgod,state,AUS-004,Western Australia,OC,Oceania,nonbreeding,0.1337973140352735,0.251891097940113,0.3700879668011955,0.005542083379430001,0.05636803744732031,98,2023-12-06,0.5259639213257168,batgod,Bar-tailed Godwit
batgod,state,AUS-004,Western Australia,OC,Oceania,postbreeding_migration,0.0609881876904908,0.12831146395134077,0.3632349052108387,0.008907899929216544,0.04718072889018529,147,2023-11-22,0.4358471903174498,batgod,Bar-tailed Godwit
batgod,state,AUS-004,Western Australia,OC,Oceania,prebreeding_migration,0.02318990775558156,0.017367033167831503,0.2451877919082321,0.007701301813628268,0.0439857016295587,98,2023-03-08,0.14815679377510316,batgod,Bar-tailed Godwit
batgod,state,AUS-006,New South Wales,OC,Oceania,breeding,0.002319430186678899,0.01249753362257877,0.020601353888193036,0.002209126576926837,0.014187427202424316,21,2023-06-28,0.012844634101590124,batgod,Bar-tailed Godwit
batgod,state,AUS-006,New South Wales,OC,Oceania,nonbreeding,0.007621405622674324,0.004526709392766802,0.00665081334421448,0.0021310260374806807,0.006838025706610116,98,2023-12-27,0.007812672789225256,batgod,Bar-tailed Godwit
batgod,state,AUS-006,New South Wales,OC,Oceania,postbreeding_migration,0.005396228309771251,0.003581724370607153,0.010139447187214837,0.0034922068678279804,0.0058354102322426965,147,2023-07-05,0.013373579015595806,batgod,Bar-tailed Godwit
batgod,state,AUS-006,New South Wales,OC,Oceania,prebreeding_migration,0.0038933707006002473,9.198870033235608e-4,0.012986965647520936,0.0022202837968477167,0.004000718402063364,98,2023-06-07,0.010932136391317472,batgod,Bar-tailed Godwit
batgod,state,AUS-007,South Australia,OC,Oceania,breeding,1.1515694996139636e-5,7.550699804095781e-5,1.2446826987258747e-4,3.1173162886388267e-4,0.0024362281456004587,0,2023-06-28,2.2014141804357985e-4,batgod,Bar-tailed Godwit
batgod,state,AUS-007,South Australia,OC,Oceania,nonbreeding,0.00296970464393703,0.0021464206518333486,0.0031536027332175133,0.0032751359034250763,0.012788668818555749,70,2023-02-08,0.0032036814640261408,batgod,Bar-tailed Godwit
batgod,state,AUS-007,South Australia,OC,Oceania,postbreeding_migration,4.877970216263362e-4,3.939989205674126e-4,0.0011153653473998995,0.0033943274085789137,0.006902067516311182,49,2023-11-15,0.0014692622516227734,batgod,Bar-tailed Godwit
batgod,state,AUS-007,South Australia,OC,Oceania,prebreeding_migration,0.0016206726369148454,4.6597011928758633e-4,0.0065785666175245975,0.0017695354226685102,0.003880098912366056,28,2023-03-15,0.002795920056986912,batgod,Bar-tailed Godwit
batgod,state,AUS-008,Victoria,OC,Oceania,breeding,0.027471652453046464,0.04270229490495807,0.07039189617267051,0.006110681630269597,0.011321295500143307,21,2023-06-21,0.04826302790164964,batgod,Bar-tailed Godwit
batgod,state,AUS-008,Victoria,OC,Oceania,nonbreeding,0.08286517818034074,0.014198518448896042,0.02086100250192448,0.009041755258681242,0.008369859034802406,98,2023-12-27,0.022885931296092125,batgod,Bar-tailed Godwit
batgod,state,AUS-008,Victoria,OC,Oceania,postbreeding_migration,0.04756700143672958,0.009108168240217755,0.025784170217514668,0.012947950478030795,0.0062415992870744775,147,2023-10-11,0.04176061539545134,batgod,Bar-tailed Godwit
batgod,state,AUS-008,Victoria,OC,Oceania,prebreeding_migration,0.024537605002624033,0.0016724930468199,0.02361225853424484,0.007619014437741206,0.003960515470135301,98,2023-06-07,0.02386424517150909,batgod,Bar-tailed Godwit
batgod,state,AUS-009,Queensland,OC,Oceania,breeding,0.0025286776534095504,0.029650371493528567,0.048876667549107265,0.002066176320556266,0.02887646890226426,21,2023-06-14,0.03509538524893399,batgod,Bar-tailed Godwit
batgod,state,AUS-009,Queensland,OC,Oceania,nonbreeding,0.07051183262718619,0.0911387778225222,0.1339045534237271,0.006196621075439416,0.043270366385974875,98,2023-03-01,0.13468641309063523,batgod,Bar-tailed Godwit
batgod,state,AUS-009,Queensland,OC,Oceania,postbreeding_migration,0.029334803273896905,0.0423719728876207,0.11995015161909314,0.005275671051742922,0.019184160483239496,147,2023-11-01,0.08838648031327463,batgod,Bar-tailed Godwit
batgod,state,AUS-009,Queensland,OC,Oceania,prebreeding_migration,0.03086458970236907,0.01586948723889921,0.22404543696206955,0.004957792896229874,0.019440683723005593,98,2023-03-08,0.15305106645856795,batgod,Bar-tailed Godwit
batgod,state,AUS-011,Tasmania,OC,Oceania,nonbreeding,0.011437633370310188,6.610068950426912e-4,9.711764323091788e-4,0.018690517142529527,0.005835600744665616,98,2023-11-29,0.0011289701624620264,batgod,Bar-tailed Godwit
batgod,state,AUS-011,Tasmania,OC,Oceania,postbreeding_migration,0.014707627247456403,9.498756189130988e-4,0.002688987949890668,0.028781103084508656,0.004679518251985533,133,2023-11-01,0.0021393608064048737,batgod,Bar-tailed Godwit
batgod,state,AUS-011,Tasmania,OC,Oceania,prebreeding_migration,0.001162266599653224,2.6720019101975083e-5,3.772332568290409e-4,0.004013301226923518,7.03644880480891e-4,35,2023-03-08,2.7202321425087814e-4,batgod,Bar-tailed Godwit
batgod,state,AUT-2320,Vorarlberg,EU,Europe,postbreeding_migration,8.668266080389407e-5,1.855856430640888e-7,2.1053898996772783e-6,0.022840760193716503,1.2310970223194267e-4,28,2023-09-27,2.430208459788948e-6,batgod,Bar-tailed Godwit
batgod,state,AUT-2322,Burgenland,EU,Europe,postbreeding_migration,0.0020064812122650272,6.575852949272534e-6,7.460024467722643e-5,0.184771352360306,0.0015244781963689833,42,2023-09-13,6.07306077863746e-5,batgod,Bar-tailed Godwit
batgod,state,AUT-2326,Oberösterreich,EU,Europe,postbreeding_migration,3.162050347071638e-5,3.092501005098339e-7,3.508310380791385e-6,0.013236191259870642,3.2589199088557685e-4,28,2023-09-27,7.131742442053463e-6,batgod,Bar-tailed Godwit
batgod,state,AUT-2330,Niederösterreich,EU,Europe,postbreeding_migration,8.96872598165494e-5,1.4094651546342617e-6,1.5989780521380535e-5,0.04514854643881276,0.0017862282162999729,35,2023-10-11,1.916161298819996e-5,batgod,Bar-tailed Godwit
batgod,state,AUT-2331,Wien,EU,Europe,postbreeding_migration,1.617684954450487e-4,5.4563217920091845e-8,6.189964159198505e-7,0.09306040320695014,7.902064013469896e-5,28,2023-10-11,9.774667632533003e-7,batgod,Bar-tailed Godwit
batgod,state,AZE-1676,Ağstafa,AS,Asia,prebreeding_migration,6.078226906655479e-4,2.4119470556163914e-7,2.80790948406283e-7,0.006472480970301668,1.9587653441518855e-5,7,2023-05-03,2.2665199486897278e-7,batgod,Bar-tailed Godwit
batgod,state,AZE-1681,Goranboy,AS,Asia,prebreeding_migration,8.947220557941414e-4,4.810900861931239e-7,5.600692654362828e-7,0.006274848231002459,2.573133138205309e-5,7,2023-05-03,1.4247903967402714e-6,batgod,Bar-tailed Godwit
batgod,state,AZE-1683,Mingəçevir,AS,Asia,prebreeding_migration,0.024993798607010325,2.7894555497999034e-7,3.247392464696197e-7,0.277384582235658,2.360968892740655e-5,7,2023-05-03,4.570052001099234e-7,batgod,Bar-tailed Godwit
batgod,state,AZE-1685,Şəmkir,AS,Asia,prebreeding_migration,0.00837718089707184,4.126257897068212e-6,4.803653818141565e-6,0.05355384537152617,2.0117309742965307e-4,7,2023-05-03,4.010000407994387e-6,batgod,Bar-tailed Godwit
batgod,state,AZE-1686,Samux,AS,Asia,prebreeding_migration,0.027319525985158293,1.0487415271705992e-5,1.2209104149345863e-5,0.16519100106039947,4.83618001541964e-4,7,2023-05-03,1.02833774529772e-5,batgod,Bar-tailed Godwit
batgod,state,AZE-1687,Tovuz,AS,Asia,prebreeding_migration,1.5478344310175803e-4,8.075450655330829e-8,9.401174221624873e-8,0.0010005448087249437,3.981067811564394e-6,7,2023-05-03,3.733716848270578e-7,batgod,Bar-tailed Godwit
batgod,state,AZE-1688,Yevlakh Rayon,AS,Asia,prebreeding_migration,0.025780762552152284,1.0912518477358032e-5,1.2703995328684303e-5,0.1759637250248921,5.68032451984184e-4,14,2023-05-03,1.1672055055277924e-5,batgod,Bar-tailed Godwit
batgod,state,AZE-1689,Bakı,AS,Asia,prebreeding_migration,0.2968289054677265,2.6910501254070145e-4,3.1328321040976473e-4,0.42924800723392337,0.0029678684833962105,7,2023-04-26,1.6821225016692997e-4,batgod,Bar-tailed Godwit
batgod,state,AZE-1690,Abşeron,AS,Asia,prebreeding_migration,0.0026098169080648,1.499173345577346e-6,1.745288332718005e-6,0.009178102514572383,4.0208278884622344e-5,7,2023-04-26,9.177052066640054e-7,batgod,Bar-tailed Godwit
batgod,state,AZE-1694,Hajigabul,AS,Asia,prebreeding_migration,0.02688547217944619,1.4996611945330357e-5,1.7458562704371523e-5,0.10572085582602136,4.497352444402876e-4,7,2023-04-26,1.2373631422821232e-5,batgod,Bar-tailed Godwit
batgod,state,AZE-1695,Astara,AS,Asia,prebreeding_migration,0.025928450262523765,4.033499613550658e-6,4.69566767333468e-6,0.03389138024620807,4.0208278884622344e-5,7,2023-04-26,2.469069775921866e-6,batgod,Bar-tailed Godwit
batgod,state,AZE-1696,Bərdə,AS,Asia,prebreeding_migration,2.814954575103196e-4,9.54366225588013e-8,1.1110417908460233e-7,0.004235299635167883,1.0950868879265744e-5,7,2023-04-26,2.1450296996037137e-7,batgod,Bar-tailed Godwit
batgod,state,AZE-1697,Beyləqan,AS,Asia,prebreeding_migration,0.02366207244583073,7.299518805281183e-6,8.497859865836072e-6,0.06680235842371063,1.5716434068172909e-4,7,2023-04-26,5.610877633334367e-6,batgod,Bar-tailed Godwit
batgod,state,AZE-1698,Biləsuvar,AS,Asia,prebreeding_migration,0.032564816264974636,1.3298438538613725e-5,1.5481605041391506e-5,0.09945121334671075,3.0972971433339546e-4,7,2023-04-26,1.0691952735088687e-5,batgod,Bar-tailed Godwit
batgod,state,AZE-1700,Cəlilabad,AS,Asia,prebreeding_migration,0.02275413034276194,1.0833565151941964e-5,1.2612080462345158e-5,0.07314324550564787,2.6558659588499846e-4,7,2023-04-26,8.92001819464458e-6,batgod,Bar-tailed Godwit
batgod,state,AZE-1701,Dəvəçi,AS,Asia,prebreeding_migration,0.05161996987876776,1.999816746773693e-5,2.328120924784767e-5,0.12567322927942176,3.7130944501358615e-4,14,2023-05-03,1.5667056881243613e-5,batgod,Bar-tailed Godwit
batgod,state,AZE-1703,Göyçay,AS,Asia,prebreeding_migration,0.0019468431404281016,4.1134785880975153e-7,4.788776566679916e-7,0.01247631813945836,2.0104139442311172e-5,7,2023-05-03,3.766152834223598e-7,batgod,Bar-tailed Godwit
batgod,state,AZE-1704,İmişli,AS,Asia,prebreeding_migration,0.04875805639567064,2.8365667441763584e-5,3.302237768695363e-5,0.17782652423624432,7.889762481824098e-4,7,2023-04-26,2.0461392339613142e-5,batgod,Bar-tailed Godwit
batgod,state,AZE-1706,Kürdəmir,AS,Asia,prebreeding_migration,0.005135615856888564,2.407358679691377e-6,2.8025678476258727e-6,0.014239781267122793,5.0906396608072823e-5,7,2023-04-26,5.525883854354002e-6,batgod,Bar-tailed Godwit
batgod,state,AZE-1707,Lankaran,AS,Asia,prebreeding_migration,0.12146822824029856,1.139307730980806e-4,1.3263446125974607e-4,0.251800313409033,0.0018011728064616956,7,2023-04-26,8.134824160560525e-5,batgod,Bar-tailed Godwit
batgod,state,AZE-1708,Masallı,AS,Asia,prebreeding_migration,0.11145309940680562,2.6879762365453713e-5,3.1292535837203186e-5,0.22072631957885916,4.059832951034619e-4,7,2023-04-26,2.268744759177397e-5,batgod,Bar-tailed Godwit
batgod,state,AZE-1710,Neftçala,AS,Asia,prebreeding_migration,0.22043725664904076,1.0744940165163516e-4,1.2508906165744957e-4,0.5037502450272233,0.0018726432170002544,7,2023-04-26,7.746989977051645e-5,batgod,Bar-tailed Godwit
batgod,state,AZE-1712,Siyəzən,AS,Asia,prebreeding_migration,0.0811809902203407,2.310868984606026e-5,2.690237716119214e-5,0.18201693104320377,3.951423100662976e-4,14,2023-05-03,1.6752201516361816e-5,batgod,Bar-tailed Godwit
batgod,state,AZE-1713,Saatlı,AS,Asia,prebreeding_migration,0.010833047606282151,3.651153177074039e-6,4.2505525193016e-6,0.05531935269986849,1.421926863055964e-4,7,2023-04-26,4.000996374134065e-6,batgod,Bar-tailed Godwit
batgod,state,AZE-1714,Sabirabad,AS,Asia,prebreeding_migration,0.01697940905623372,7.896690269083602e-6,9.193067255616015e-6,0.08334898630505101,2.956266777411806e-4,7,2023-04-26,6.900768773739235e-6,batgod,Bar-tailed Godwit
batgod,state,AZE-1715,Salyan,AS,Asia,prebreeding_migration,0.09693441456612324,5.2985208022927695e-5,6.168363761392738e-5,0.25820271155854757,0.0010763616565421417,7,2023-04-26,4.034824085098985e-5,batgod,Bar-tailed Godwit
batgod,state,AZE-1717,Sumqayıt,AS,Asia,prebreeding_migration,0.34554807918308356,1.8229255492613537e-5,2.1221900068628575e-5,0.583684555022693,2.348331576479645e-4,14,2023-04-26,1.1433126317248855e-5,batgod,Bar-tailed Godwit
batgod,state,AZE-1719,Xizı,AS,Asia,prebreeding_migration,0.04685380891152846,2.732568689938153e-5,3.1811666522545785e-5,0.07454728806584414,3.3157272802816426e-4,14,2023-04-26,2.263920383256501e-5,batgod,Bar-tailed Godwit
batgod,state,AZE-1721,Zərdab,AS,Asia,prebreeding_migration,0.0033938465800149877,6.912138548176042e-7,8.046884503283494e-7,0.02526906139831994,3.924913653827828e-5,14,2023-04-26,7.186856272215778e-7,batgod,Bar-tailed Godwit
batgod,state,AZE-1722,Ağcabədi,AS,Asia,prebreeding_migration,0.017076939726497646,9.198391637214252e-6,1.0708465202880468e-5,0.05227617710476101,2.1474667051294089e-4,14,2023-04-26,7.521086309817967e-6,batgod,Bar-tailed Godwit
batgod,state,AZE-1723,Balakən,AS,Asia,prebreeding_migration,2.151627989056002e-4,5.5173956051529674e-8,6.423170612705016e-8,0.0026223772532767654,5.128411628764711e-6,7,2023-05-03,1.9802746833708217e-7,batgod,Bar-tailed Godwit
batgod,state,AZE-1726,Qax,AS,Asia,prebreeding_migration,0.0013639226548492751,5.83466005504703e-7,6.792519457133051e-7,0.008456284103666622,2.7588376726334624e-5,14,2023-05-03,1.6314277565687249e-6,batgod,Bar-tailed Godwit
batgod,state,AZE-1727,Şəki,AS,Asia,prebreeding_migration,0.0024666315698671343,1.7266537452498988e-6,2.0101135369825858e-6,0.013778275441693829,7.355574515862223e-5,7,2023-05-03,3.480492135221737e-6,batgod,Bar-tailed Godwit
batgod,state,AZE-1730,Xaçmaz,AS,Asia,prebreeding_migration,0.05690704184605833,2.6089457241159635e-5,3.037248858797296e-5,0.20587622870290023,7.198234742565476e-4,14,2023-05-03,2.4703455423753235e-5,batgod,Bar-tailed Godwit
batgod,state,AZE-5563,Shirvan,AS,Asia,prebreeding_migration,0.06012623155170337,9.458329338382252e-7,1.1011076130709724e-6,0.2328664233338283,2.7936891905689503e-5,7,2023-04-26,1.178123861894366e-6,batgod,Bar-tailed Godwit
batgod,state,BEL-3478,East Flanders,EU,Europe,breeding,7.661145582727693e-4,1.529042640898261e-5,8.301313366609809e-5,0.0029910998804142446,7.115359279872839e-5,21,2023-06-21,2.863226610241056e-5,batgod,Bar-tailed Godwit
batgod,state,BEL-3478,East Flanders,EU,Europe,nonbreeding,0.0060590522466557025,1.33301522181686e-5,1.7124962457461593e-4,0.008761188639465782,1.0413287940241634e-4,98,2023-01-18,4.566419714903206e-5,batgod,Bar-tailed Godwit
batgod,state,BEL-3478,East Flanders,EU,Europe,postbreeding_migration,0.002762728433819752,6.792394729182094e-6,7.705681873517922e-5,0.011449992936018925,7.086952503692144e-5,147,2023-07-19,4.1269967139775127e-5,batgod,Bar-tailed Godwit
batgod,state,BEL-3478,East Flanders,EU,Europe,prebreeding_migration,0.004883369720805383,4.273770585083909e-6,1.0987933446094446e-4,0.007193853119449749,4.801466836766392e-5,98,2023-06-07,2.7734076506313003e-5,batgod,Bar-tailed Godwit
batgod,state,BEL-3479,West Flanders,EU,Europe,breeding,0.001841028468573124,4.232837506213647e-5,2.2980464788330705e-4,0.027169284686924255,7.445422268080212e-4,21,2023-06-14,9.078992503863095e-5,batgod,Bar-tailed Godwit
batgod,state,BEL-3479,West Flanders,EU,Europe,nonbreeding,0.061120661271849085,1.5490436878302805e-4,0.0019900234119536514,0.06647156303934959,9.101352766832672e-4,98,2023-01-18,3.071218218616109e-4,batgod,Bar-tailed Godwit
batgod,state,BEL-3479,West Flanders,EU,Europe,postbreeding_migration,0.04160166043719294,1.1782585354672363e-4,0.0013366840122027094,0.0955551108684894,6.813236038528325e-4,147,2023-09-06,5.261108169974348e-4,batgod,Bar-tailed Godwit
batgod,state,BEL-3479,West Flanders,EU,Europe,prebreeding_migration,0.0742831310337585,7.489054849790815e-5,0.0019254481405916808,0.11908773830845498,9.156397230344832e-4,98,2023-05-03,2.55042437728163e-4,batgod,Bar-tailed Godwit
batgod,state,BEL-3480,Antwerp,EU,Europe,nonbreeding,0.001201006238067673,2.457038001668116e-6,3.156504355424665e-5,0.013230097889337416,1.462258325086195e-4,63,2023-12-27,1.934940953700611e-5,batgod,Bar-tailed Godwit
batgod,state,BEL-3480,Antwerp,EU,Europe,postbreeding_migration,2.4599155372872066e-5,5.623945631064436e-8,6.380126249253168e-7,0.0019014003488013469,1.0943697291949348e-5,21,2023-10-04,3.3452335759794383e-6,batgod,Bar-tailed Godwit
batgod,state,BGD-2432,Khulna,AS,Asia,prebreeding_migration,3.7090970248587296e-5,2.498820066474081e-7,2.9090441878816345e-7,0.001956446307880763,1.0052069721155586e-4,7,2023-03-29,1.8338711839419664e-6,batgod,Bar-tailed Godwit
batgod,state,BGR-2254,Burgas,EU,Europe,postbreeding_migration,4.126607056514485e-4,2.7838696185860094e-6,3.15818124733139e-5,0.02852247895104002,4.844094732952751e-4,42,2023-10-04,1.9281733611569903e-5,batgod,Bar-tailed Godwit
batgod,state,BGR-2259,Dobrich,EU,Europe,postbreeding_migration,7.152264431952133e-6,2.8976970769014905e-8,3.287313639841188e-7,0.0018278831084888553,1.864349901189455e-5,7,2023-09-27,4.0070432442835377e-7,batgod,Bar-tailed Godwit
batgod,state,BGR-2260,Varna,EU,Europe,postbreeding_migration,8.97941685260159e-5,3.0406874346434456e-7,3.449530096874553e-6,0.01097234548632209,9.353899607345604e-5,35,2023-10-04,2.8711385035663486e-6,batgod,Bar-tailed Godwit
batgod,state,BHR-4926,Al Janūbīyah,AS,Asia,breeding,0.05175086552270185,2.952289823174454e-4,0.0030498542285072893,0.1395402165344837,9.488133818672756e-4,21,2023-06-14,4.48532267868127e-4,batgod,Bar-tailed Godwit
batgod,state,BHR-4926,Al Janūbīyah,AS,Asia,nonbreeding,0.4056965198939283,2.5512157284420005e-4,0.0015788134558313606,0.2976100113626529,0.001011085477493187,98,2023-01-25,4.2372658785909195e-4,batgod,Bar-tailed Godwit
batgod,state,BHR-4926,Al Janūbīyah,AS,Asia,postbreeding_migration,0.5468941380842075,3.8432928446867186e-4,7.322002707934926e-4,0.27653403871889704,4.892359811577557e-4,147,2023-10-11,0.0018521433910685544,batgod,Bar-tailed Godwit
batgod,state,BHR-4926,Al Janūbīyah,AS,Asia,prebreeding_migration,0.42813665212510366,1.0710000680273232e-4,1.2468230765858693e-4,0.27653403871889704,5.275655808556261e-4,77,2023-03-15,4.475244014457457e-4,batgod,Bar-tailed Godwit
batgod,state,BHR-4927,Ash Shamālīyah,AS,Asia,breeding,0.13248218879582163,2.82697730896884e-4,0.002920400508098523,0.1533452282962121,3.900094509418598e-4,21,2023-06-14,5.60092732171004e-4,batgod,Bar-tailed Godwit
batgod,state,BHR-4927,Ash Shamālīyah,AS,Asia,nonbreeding,0.7271178424255232,1.710307338858783e-4,0.0010584194076940685,0.322383648322988,4.0967248665847754e-4,98,2023-01-25,3.3440274557029986e-4,batgod,Bar-tailed Godwit
batgod,state,BHR-4927,Ash Shamālīyah,AS,Asia,postbreeding_migration,0.48649708149856546,1.2788037595120764e-4,2.4362974585737123e-4,0.3505567183274506,2.3198053427317565e-4,147,2023-07-19,3.595129950224257e-4,batgod,Bar-tailed Godwit
batgod,state,BHR-4927,Ash Shamālīyah,AS,Asia,prebreeding_migration,0.8278194592640254,7.745798175565011e-5,9.017403640001258e-5,0.2942105783185253,2.099469632163526e-4,98,2023-06-07,3.9656857494749584e-4,batgod,Bar-tailed Godwit
batgod,state,BHR-4928,Al Wusţá,AS,Asia,breeding,0.35029040854531096,3.32654391585191e-4,0.003436476306776416,0.42718714577807354,4.8352978164162313e-4,21,2023-06-14,4.685902593976129e-4,batgod,Bar-tailed Godwit
batgod,state,BHR-4928,Al Wusţá,AS,Asia,nonbreeding,1.1425060269288043,1.1959913666706256e-4,7.401362580618982e-4,0.6171003851719912,3.4899547589111027e-4,98,2023-01-25,2.561558982813521e-4,batgod,Bar-tailed Godwit
batgod,state,BHR-4928,Al Wusţá,AS,Asia,postbreeding_migration,0.8459447407368298,9.896140379716856e-5,1.885351171159517e-4,0.6171003851719912,1.81739468895009e-4,147,2023-07-19,2.928828115973439e-4,batgod,Bar-tailed Godwit
batgod,state,BHR-4928,Al Wusţá,AS,Asia,prebreeding_migration,1.787094860650172,7.44180591241543e-5,8.663505839138754e-5,0.6171003851719912,1.9597799868499813e-4,98,2023-06-07,3.5599664763766195e-4,batgod,Bar-tailed Godwit
batgod,state,BHR-4929,Al Manāmah,AS,Asia,breeding,0.5447292727293668,2.2863145773777645e-4,0.002361870479916427,0.7974146571998344,3.9891422418495375e-4,21,2023-06-14,4.592183390462816e-4,batgod,Bar-tailed Godwit
batgod,state,BHR-4929,Al Manāmah,AS,Asia,nonbreeding,1.1447953006047458,5.2964836856044067e-5,3.2777156467791904e-4,0.9264669741456424,2.3157100380265323e-4,98,2023-01-18,1.5261038139873417e-4,batgod,Bar-tailed Godwit
batgod,state,BHR-4929,Al Manāmah,AS,Asia,postbreeding_migration,1.0012923601697747,5.1769624032477336e-5,9.862827077530972e-5,0.9264669741456424,1.2059064987911014e-4,147,2023-07-19,2.6749120465869685e-4,batgod,Bar-tailed Godwit
batgod,state,BHR-4929,Al Manāmah,AS,Asia,prebreeding_migration,1.7307744410690875,3.185381565839339e-5,3.7083165189102445e-5,0.7974146571998344,1.1192470824320408e-4,98,2023-06-07,3.1106831683209887e-4,batgod,Bar-tailed Godwit
batgod,state,BHR-4930,Al Muḩarraq,AS,Asia,breeding,0.2806022158260549,5.077410149156562e-4,0.005245203466040576,0.5980264005586419,0.0012897678417884782,21,2023-06-14,6.605213003717703e-4,batgod,Bar-tailed Godwit
batgod,state,BHR-4930,Al Muḩarraq,AS,Asia,nonbreeding,2.419516927990803,4.825966969935396e-4,0.0029865375572079617,0.700986799720679,7.553703864567343e-4,98,2023-01-25,8.238401911427309e-4,batgod,Bar-tailed Godwit
batgod,state,BHR-4930,Al Muḩarraq,AS,Asia,postbreeding_migration,1.973821036433417,4.399646272503584e-4,8.381932687165018e-4,0.700986799720679,3.933592906989355e-4,147,2023-07-19,8.969088012933102e-4,batgod,Bar-tailed Godwit
batgod,state,BHR-4930,Al Muḩarraq,AS,Asia,prebreeding_migration,1.524711249826978,1.2097746312145456e-4,1.408379861678938e-4,0.6976974673184155,4.221869282885346e-4,70,2023-03-15,6.299532855351542e-4,batgod,Bar-tailed Godwit
batgod,state,BLR-2344,Grodno,EU,Europe,postbreeding_migration,6.300219682283374e-7,1.3050869628430514e-8,1.4805654491395e-7,6.602826715369653e-6,3.4433664411056906e-7,0,2023-09-13,1.2885749686657485e-6,batgod,Bar-tailed Godwit
batgod,state,BRN-1181,Belait,AS,Asia,nonbreeding,0.029173639192126413,6.264992709915189e-5,3.877075027731959e-4,0.038279871700174335,4.441144160696312e-4,14,2023-01-25,1.3260174699236828e-4,batgod,Bar-tailed Godwit
batgod,state,BRN-1181,Belait,AS,Asia,postbreeding_migration,0.038573702090424385,9.257113575372694e-5,1.7636077552676076e-4,0.050623236394741894,3.058466734340754e-4,63,2023-09-06,2.786054875491819e-4,batgod,Bar-tailed Godwit
batgod,state,BRN-1182,Brunei and Muara,AS,Asia,nonbreeding,0.13978376934573689,8.19823625808885e-5,5.073457949500673e-4,0.12428895445257591,3.938135471860232e-4,14,2023-01-18,1.2019306610723676e-4,batgod,Bar-tailed Godwit
batgod,state,BRN-1182,Brunei and Muara,AS,Asia,postbreeding_migration,0.04805848365646162,3.149836808674355e-5,6.000873359039257e-5,0.08685791717749392,1.4331676135073416e-4,56,2023-10-25,7.377711323985062e-5,batgod,Bar-tailed Godwit
batgod,state,BRN-1183,Temburong,AS,Asia,nonbreeding,0.01337645202346974,1.3517860388826668e-5,8.365494002721097e-5,0.019672419013646143,1.0740369468709724e-4,7,2023-01-18,1.8356482146887274e-5,batgod,Bar-tailed Godwit
batgod,state,BRN-1183,Temburong,AS,Asia,postbreeding_migration,0.0030533295432654105,3.448220329513899e-6,6.569335101581383e-6,0.006557473004548715,1.864349901189455e-5,35,2023-10-18,1.3710058865828772e-5,batgod,Bar-tailed Godwit
batgod,state,BRN-1184,Tutong,AS,Asia,nonbreeding,0.016413912125619094,1.4354572437097512e-5,8.883291155560444e-5,0.022732470149801873,1.0740369468709724e-4,7,2023-01-18,1.9492689307960225e-5,batgod,Bar-tailed Godwit
batgod,state,BRN-1184,Tutong,AS,Asia,postbreeding_migration,0.02503688660417327,2.4468806530163914e-5,4.661644972526157e-5,0.04546494029960375,1.1186099407136733e-4,63,2023-11-01,4.853955219621131e-5,batgod,Bar-tailed Godwit
batgod,state,CAN-BC,British Columbia,NA,North America,postbreeding_migration,9.545715898204805e-8,7.664571572752297e-8,2.0186251198262992e-5,8.300819485041482e-5,1.6779149110705095e-4,0,2023-09-06,6.895693164168279e-7,batgod,Bar-tailed Godwit
batgod,state,CHE-159,Genève,EU,Europe,postbreeding_migration,2.206334158980044e-4,5.050451148738459e-8,5.729521239795191e-7,0.17554570786153967,1.0116229787544316e-4,14,2023-09-20,1.8718728984566937e-6,batgod,Bar-tailed Godwit
batgod,state,CHE-161,Neuchâtel,EU,Europe,postbreeding_migration,1.7835425544399688e-4,1.241499671555116e-7,1.408428381522031e-6,0.07592639085570387,1.3305324594136455e-4,21,2023-09-27,4.5455401195542224e-6,batgod,Bar-tailed Godwit
batgod,state,CHE-162,Aargau,EU,Europe,postbreeding_migration,2.641946835555397e-5,3.09729971743758e-8,3.513754315097772e-7,0.007903883609320431,2.332755810258159e-5,28,2023-09-27,4.740698451974946e-7,batgod,Bar-tailed Godwit
batgod,state,CHE-163,Lucerne,EU,Europe,postbreeding_migration,1.470559210647098e-5,1.7697487629344652e-8,2.007704426339632e-7,0.0061535925633944485,1.864349901189455e-5,21,2023-09-13,2.3650156913609666e-7,batgod,Bar-tailed Godwit
batgod,state,CHE-165,Valais,EU,Europe,postbreeding_migration,6.586575908989962e-6,2.8717549392684082e-8,3.257883392087665e-7,0.002944617056374204,3.232109630593529e-5,21,2023-09-20,7.936384031388506e-7,batgod,Bar-tailed Godwit
batgod,state,CHE-167,Sankt Gallen,EU,Europe,postbreeding_migration,5.566940445638752e-5,9.310638992003564e-8,1.056252249347561e-6,0.01875986475989474,7.898819692504884e-5,28,2023-09-27,2.1496505451347867e-6,batgod,Bar-tailed Godwit
batgod,state,CHE-168,Ticino,EU,Europe,postbreeding_migration,2.49351781848035e-5,5.992885619068124e-8,6.798672916713743e-7,0.00616260486400411,3.72869980237891e-5,21,2023-09-27,8.458302765535282e-7,batgod,Bar-tailed Godwit
batgod,state,CHE-173,Schwyz,EU,Europe,postbreeding_migration,8.585326506245889e-5,6.42027939429911e-8,7.283532910568718e-7,0.02767709851584413,5.2105942476800464e-5,28,2023-09-27,1.756591526336047e-6,batgod,Bar-tailed Godwit
batgod,state,CHE-174,Thurgau,EU,Europe,postbreeding_migration,2.1304287935684424e-4,1.6003371241962825e-7,1.815514153860433e-6,0.06533166628634703,1.235485851880184e-4,28,2023-09-27,3.4510201604787764e-6,batgod,Bar-tailed Godwit
batgod,state,CHE-176,Zürich,EU,Europe,postbreeding_migration,1.1189700320362847e-4,1.6007974462853628e-7,1.81603636962074e-6,0.033671344094947764,1.2126848857026006e-4,28,2023-09-27,1.8886876036969392e-6,batgod,Bar-tailed Godwit
batgod,state,CHE-177,Zug,EU,Europe,postbreeding_migration,1.669423982511201e-4,3.273404793935755e-8,3.713538006993117e-7,0.059926574654910025,2.9581630295290817e-5,28,2023-09-27,4.475273448027272e-7,batgod,Bar-tailed Godwit
batgod,state,CHE-3421,Fribourg,EU,Europe,postbreeding_migration,9.226268120624952e-5,1.249383504017537e-7,1.417372252913741e-6,0.03674327829548894,1.252613773900434e-4,21,2023-09-27,3.174798832199153e-6,batgod,Bar-tailed Godwit
batgod,state,CHE-3422,Vaud,EU,Europe,postbreeding_migration,2.7408323050455305e-4,7.223640725680969e-7,8.194912047961672e-6,0.09771985207322058,6.483746980441932e-4,21,2023-09-20,1.3408269771746425e-5,batgod,Bar-tailed Godwit
batgod,state,CHE-3424,Bern,EU,Europe,postbreeding_migration,3.871019032319201e-5,1.886281039835472e-7,2.1399053200742025e-6,0.0110139895985285,1.3511244074460035e-4,21,2023-09-27,3.645142542851798e-6,batgod,Bar-tailed Godwit
batgod,state,CHE-3426,Solothurn,EU,Europe,postbreeding_migration,2.677379214150387e-5,1.703055721801049e-8,1.932044018097511e-7,0.01018122618381108,1.6303792546829132e-5,21,2023-09-13,2.678021505763389e-7,batgod,Bar-tailed Godwit
batgod,state,CHN-003,Guangxi,AS,Asia,prebreeding_migration,3.225485693702869e-4,2.262115124254607e-5,2.6334800743846452e-5,8.195409615780031e-4,4.383399119261573e-4,0,2023-03-29,2.7552755190391738e-5,batgod,Bar-tailed Godwit
batgod,state,CHN-007,Fujian,AS,Asia,nonbreeding,7.441522855459881e-4,7.067020124283855e-5,4.373407681860025e-4,0.012351004792351622,0.006336817986538737,98,2023-12-27,1.142890792415936e-4,batgod,Bar-tailed Godwit
batgod,state,CHN-007,Fujian,AS,Asia,postbreeding_migration,6.96719170958407e-4,7.394121394216283e-5,1.4086820614280912e-4,0.01702624389454122,0.004549013758902271,119,2023-10-11,3.7523667043828457e-4,batgod,Bar-tailed Godwit
batgod,state,CHN-007,Fujian,AS,Asia,prebreeding_migration,0.0024210531342393335,9.146185750799707e-5,1.0647688825867564e-4,0.024073611441569675,0.006935818352478006,77,2023-04-05,2.0984783066234475e-4,batgod,Bar-tailed Godwit
batgod,state,CHN-008,Anhui,AS,Asia,postbreeding_migration,4.905162857488335e-5,5.63896442772466e-6,1.0743004626053743e-5,1.2204232101322632e-4,3.5320428762183514e-5,0,2023-07-26,2.676673640632632e-4,batgod,Bar-tailed Godwit
batgod,state,CHN-009,Guangdong,AS,Asia,nonbreeding,0.0031937035467763807,4.395780555907063e-4,0.002720317773670274,0.013432793304996847,0.009988543605900044,21,2023-01-18,6.256636726807557e-4,batgod,Bar-tailed Godwit
batgod,state,CHN-009,Guangdong,AS,Asia,prebreeding_migration,0.01619373150985265,8.866445028180627e-4,0.0010322023871368812,0.04146335140546221,0.01731361521563461,63,2023-03-08,0.0011569898493686082,batgod,Bar-tailed Godwit
batgod,state,CHN-012,Hainan,AS,Asia,nonbreeding,3.7165853900739246e-4,1.021366672627627e-5,6.320702040618756e-5,0.0014468290330359296,2.1480738937419447e-4,7,2023-01-18,1.3869575918250815e-5,batgod,Bar-tailed Godwit
batgod,state,CHN-012,Hainan,AS,Asia,prebreeding_migration,0.00324858683613961,3.551348036105054e-5,4.134362654672328e-5,0.019773330118157705,0.001648539434269516,42,2023-03-08,8.495164810470862e-5,batgod,Bar-tailed Godwit
batgod,state,CHN-020,Hebei,AS,Asia,postbreeding_migration,0.16102969898306718,0.025253830746649338,0.04811202908160627,0.026260027990894268,0.010367786696896416,84,2023-07-26,0.06510328122570302,batgod,Bar-tailed Godwit
batgod,state,CHN-020,Hebei,AS,Asia,prebreeding_migration,0.8207542567711035,0.04581854660323088,0.05334044594951035,0.019141717464518957,0.008149478801535524,77,2023-04-19,0.06280450047175283,batgod,Bar-tailed Godwit
batgod,state,CHN-022,Liaoning,AS,Asia,postbreeding_migration,0.33723690090028147,0.04237386004294516,0.08072804506922517,0.05968272244740312,0.018879093970237844,98,2023-08-23,0.09650287226582405,batgod,Bar-tailed Godwit
batgod,state,CHN-022,Liaoning,AS,Asia,prebreeding_migration,4.978624125477181,0.2226789466265131,0.2592355104469391,0.05744585884405689,0.019595182529937624,84,2023-04-19,0.306862443123523,batgod,Bar-tailed Godwit
batgod,state,CHN-023,Shandong,AS,Asia,postbreeding_migration,0.5971244836941831,0.07962704080693606,0.15170049017192588,0.08579876961789343,0.02880357153705756,105,2023-08-23,0.1855545740622183,batgod,Bar-tailed Godwit
batgod,state,CHN-023,Shandong,AS,Asia,prebreeding_migration,2.564396655069356,0.12172724136393136,0.14171085335338707,0.0723843438639731,0.02620402396204785,84,2023-05-17,0.15686078624009447,batgod,Bar-tailed Godwit
batgod,state,CHN-024,Tianjin,AS,Asia,postbreeding_migration,1.4076890677175289,0.01425839335224174,0.027164205007236545,0.35194652750314315,0.008974497127593585,77,2023-07-26,0.04057448818355555,batgod,Bar-tailed Godwit
batgod,state,CHN-024,Tianjin,AS,Asia,prebreeding_migration,8.286676826764818,0.029877973419550462,0.03478295459843458,0.12770615547238423,0.003511586194875201,70,2023-04-19,0.051051933870789205,batgod,Bar-tailed Godwit
batgod,state,CHN-026,Jiangsu,AS,Asia,postbreeding_migration,0.8482372206996315,0.07123489094603902,0.13571228773977614,0.09173995463001644,0.01939561451269781,112,2023-08-09,0.21485259257159411,batgod,Bar-tailed Godwit
batgod,state,CHN-026,Jiangsu,AS,Asia,prebreeding_migration,1.395803811154536,0.04172599473341371,0.04857603158041387,0.05701874404456383,0.012999322957427851,77,2023-05-24,0.08300334666806959,batgod,Bar-tailed Godwit
batgod,state,CHN-027,Shanghai,AS,Asia,postbreeding_migration,2.9191131593562054,0.021389685720790884,0.04075030009384418,0.3484267295205862,0.006427388062211556,112,2023-08-09,0.07576976158685214,batgod,Bar-tailed Godwit
batgod,state,CHN-027,Shanghai,AS,Asia,prebreeding_migration,4.854038143315935,0.01266086967080905,0.014739368321691024,0.29713296261226313,0.005910605238045819,63,2023-05-10,0.024907482172849285,batgod,Bar-tailed Godwit
batgod,state,CHN-028,Zhejiang,AS,Asia,postbreeding_migration,0.31084709847013103,0.02861536226811473,0.05451621005288079,0.04196153100150872,0.00972463568925242,98,2023-08-09,0.08491239504969264,batgod,Bar-tailed Godwit
batgod,state,CHN-028,Zhejiang,AS,Asia,prebreeding_migration,0.3378314791063151,0.011070300909206555,0.012887680449704815,0.02904150899921953,0.007257704093793681,42,2023-05-03,0.0131219441128981,batgod,Bar-tailed Godwit
batgod,state,CPV-5051,São Domingos,AF,Africa,prebreeding_migration,0.0026723855741158167,1.5263486154402834e-7,8.352028932510329e-6,0.09230816071732836,4.0208278884622344e-5,7,2023-04-26,1.0277743226056457e-6,batgod,Bar-tailed Godwit
batgod,state,CPV-5055,Boa Vista,AF,Africa,nonbreeding,0.06983558396210096,5.18320425732887e-5,6.53761766697893e-4,0.2767857142857143,0.001109838178433338,14,2023-01-25,5.788630647315572e-4,batgod,Bar-tailed Godwit
batgod,state,CPV-5055,Boa Vista,AF,Africa,prebreeding_migration,0.006470687728973904,1.9104390403757253e-6,1.0453733817822948e-4,0.16964285714285715,3.8197864940391226e-4,14,2023-05-03,1.0096429321763978e-5,batgod,Bar-tailed Godwit
batgod,state,CPV-5056,Sal,AF,Africa,nonbreeding,0.03545562690123916,1.3157601460059308e-5,1.6595789687184935e-4,0.21428571428571427,4.2961477874838895e-4,14,2023-01-25,1.449225370113776e-4,batgod,Bar-tailed Godwit
batgod,state,CPV-5059,São Vicente,AF,Africa,prebreeding_migration,3.3853357128890943e-4,7.228554868003895e-8,3.955393858721584e-6,0.012345679012345678,2.0104139442311172e-5,7,2023-04-26,4.86738297451383e-7,batgod,Bar-tailed Godwit
batgod,state,CZE-10368,Ústecký,EU,Europe,postbreeding_migration,2.380933103747931e-5,1.0415711485674382e-7,1.1816180065350537e-6,0.005078522093076603,5.5930497035683656e-5,21,2023-09-20,1.3763409860461551e-6,batgod,Bar-tailed Godwit
batgod,state,CZE-10370,Jihomoravský,EU,Europe,postbreeding_migration,1.1665396426829368e-4,6.806776788014285e-7,7.721997705336553e-6,0.027556112453359177,4.0478978095010544e-4,42,2023-10-04,6.213519990994071e-6,batgod,Bar-tailed Godwit
batgod,state,CZE-10371,Zlínský,EU,Europe,postbreeding_migration,2.8311861414756316e-5,9.160573860090387e-8,1.0392280007145651e-6,0.0069156660662576174,5.63323483206347e-5,35,2023-09-20,1.230661795908938e-6,batgod,Bar-tailed Godwit
batgod,state,CZE-10372,Olomoucký,EU,Europe,postbreeding_migration,3.140280794015295e-5,1.28037313409658e-7,1.4525286653850546e-6,0.007226086948202347,7.417214476262716e-5,42,2023-09-20,1.2112168004753116e-6,batgod,Bar-tailed Godwit
batgod,state,CZE-10373,Pardubický,EU,Europe,postbreeding_migration,1.470096381809431e-5,5.3040794020490626e-8,6.017251666554837e-7,0.006157591721266105,5.592998235806609e-5,28,2023-09-27,6.241094867736216e-7,batgod,Bar-tailed Godwit
batgod,state,CZE-1590,Karlovarský,EU,Europe,postbreeding_migration,3.218370318965639e-5,8.69847612168928e-8,9.868049848481158e-7,0.008220002184445758,5.5930497035683656e-5,21,2023-09-27,1.2521400521076982e-6,batgod,Bar-tailed Godwit
batgod,state,CZE-1593,Jihočeský,EU,Europe,postbreeding_migration,2.332180380832613e-5,1.9150977910891297e-7,2.172596694271727e-6,0.009920229212459076,2.0507848913084008e-4,28,2023-09-27,2.608634630040528e-6,batgod,Bar-tailed Godwit
batgod,state,CZE-1596,Středočeský,EU,Europe,postbreeding_migration,9.808115117438715e-6,8.802050332722554e-8,9.985550369629331e-7,0.003300802485619897,7.45739960475782e-5,21,2023-09-20,1.2695251198987115e-6,batgod,Bar-tailed Godwit
batgod,state,CZE-1597,Liberecký,EU,Europe,postbreeding_migration,7.627746662745867e-6,2.007418837797991e-8,2.277330980857327e-7,0.0028139482403283463,1.864349901189455e-5,21,2023-09-20,2.6857071409537165e-7,batgod,Bar-tailed Godwit
batgod,state,CZE-1598,Královéhradecký,EU,Europe,postbreeding_migration,1.1599217201507251e-5,4.54335863936977e-8,5.154246434158337e-7,0.003781337925637504,3.728751270140667e-5,28,2023-09-20,7.452114032961311e-7,batgod,Bar-tailed Godwit
batgod,state,CZE-1612,Moravskoslezský,EU,Europe,postbreeding_migration,1.5376157240221653e-5,7.108581898260669e-8,8.064382719765872e-7,0.006244528226137065,7.267823591559717e-5,28,2023-09-20,1.2350085217674958e-6,batgod,Bar-tailed Godwit
batgod,state,DEU-1572,Nordrhein-Westfalen,EU,Europe,postbreeding_migration,1.991491318360628e-6,5.65964086327154e-8,6.420620966470877e-7,2.6058378227762635e-4,1.864349901189455e-5,0,2023-09-27,2.054419988173095e-6,batgod,Bar-tailed Godwit
batgod,state,DEU-1573,Baden-Württemberg,EU,Europe,postbreeding_migration,5.7404863762142955e-5,1.7025612625532951e-6,1.9314830751879003e-5,0.015008361182673097,0.001120616246562657,28,2023-09-27,3.5975441276482315e-5,batgod,Bar-tailed Godwit
batgod,state,DEU-1574,Hessen,EU,Europe,postbreeding_migration,1.6429475525887145e-5,2.840637423944121e-7,3.2225818992646537e-6,0.004585391441941059,1.995896907321377e-4,21,2023-09-27,6.010499988408371e-6,batgod,Bar-tailed Godwit
batgod,state,DEU-1575,Bremen,EU,Europe,breeding,0.019538512653407666,5.2225644981243905e-5,2.835378380997455e-4,0.04038164184345857,1.2865193456765723e-4,14,2023-06-21,1.2174409417132514e-4,batgod,Bar-tailed Godwit
batgod,state,DEU-1575,Bremen,EU,Europe,nonbreeding,0.02624412005577948,7.732658970072152e-6,9.933982177514274e-5,0.07660059292217265,1.2193360310542386e-4,49,2023-11-29,4.436187713097913e-5,batgod,Bar-tailed Godwit
batgod,state,DEU-1575,Bremen,EU,Europe,postbreeding_migration,0.03448666447212421,1.1355397477007609e-5,1.2882213710171863e-4,0.07660059292217265,6.349694995974307e-5,112,2023-07-19,3.8383619089233186e-4,batgod,Bar-tailed Godwit
batgod,state,DEU-1575,Bremen,EU,Europe,prebreeding_migration,0.15497352041842308,1.8164168764248034e-5,4.670037230865222e-4,0.07660059292217265,6.847167129612793e-5,63,2023-06-07,1.4804668103462763e-4,batgod,Bar-tailed Godwit
batgod,state,DEU-1576,Niedersachsen,EU,Europe,breeding,0.031556729265084314,0.010428793689382833,0.05661888173401834,0.024712613241198295,0.0097342120210721,21,2023-06-14,0.014346379261485676,batgod,Bar-tailed Godwit
batgod,state,DEU-1576,Niedersachsen,EU,Europe,nonbreeding,0.0224879092943566,8.192108630050199e-4,0.010524227363724048,0.04590193216359549,0.00903383227806721,98,2023-11-29,0.0012299995566604155,batgod,Bar-tailed Godwit
batgod,state,DEU-1576,Niedersachsen,EU,Europe,postbreeding_migration,0.1936771608583206,0.007884594075515717,0.08944735409254435,0.04793776391239911,0.004913017216759379,147,2023-07-19,0.04047977658298531,batgod,Bar-tailed Godwit
batgod,state,DEU-1576,Niedersachsen,EU,Europe,prebreeding_migration,0.3116605785384851,0.0045163717530445555,0.1161166498114689,0.04650526312477782,0.005139616131615104,77,2023-05-24,0.020687981919408772,batgod,Bar-tailed Godwit
batgod,state,DEU-1577,Thüringen,EU,Europe,postbreeding_migration,5.41431266172608e-5,7.1584204364092e-7,8.120922413839277e-6,0.005621882959150584,1.871221743175619e-4,28,2023-10-04,8.027170467784634e-6,batgod,Bar-tailed Godwit
batgod,state,DEU-1578,Hamburg,EU,Europe,postbreeding_migration,0.002150091415098006,1.3903095624546128e-6,1.5772468505044e-5,0.012361944102963372,2.012384412666801e-5,42,2023-09-06,3.077396926383701e-5,batgod,Bar-tailed Godwit
batgod,state,DEU-1579,Schleswig-Holstein,EU,Europe,breeding,0.08994864435814329,0.01097638167343088,0.05959178734814989,0.07651033476581434,0.011128194731908911,21,2023-06-14,0.015528329721332852,batgod,Bar-tailed Godwit
batgod,state,DEU-1579,Schleswig-Holstein,EU,Europe,nonbreeding,0.05321180201287678,7.157759034246745e-4,0.009195420482443114,0.14258410280744005,0.010361786728973268,98,2023-02-01,0.0014900869531998832,batgod,Bar-tailed Godwit
batgod,state,DEU-1579,Schleswig-Holstein,EU,Europe,postbreeding_migration,0.4188466522457844,0.006296199251693035,0.07142769285387253,0.13472489253829542,0.005098481470190957,147,2023-07-19,0.04567511617463695,batgod,Bar-tailed Godwit
batgod,state,DEU-1579,Schleswig-Holstein,EU,Europe,prebreeding_migration,1.0651923073064986,0.005699782937464923,0.14654234317731787,0.1407802035044825,0.005745034642975034,70,2023-05-24,0.03091183686824576,batgod,Bar-tailed Godwit
batgod,state,DEU-1580,Rheinland-Pfalz,EU,Europe,postbreeding_migration,3.8733507378274306e-5,6.405048720813687e-7,7.266254361650783e-6,0.010381755605672177,4.321912782243304e-4,21,2023-09-27,1.643256548926283e-5,batgod,Bar-tailed Godwit
batgod,state,DEU-1591,Bayern,EU,Europe,postbreeding_migration,2.7487674072382936e-5,1.5834292942105848e-6,1.7963329424856636e-5,0.010468244739249335,0.0015181131241920943,21,2023-09-27,2.6640305221312907e-5,batgod,Bar-tailed Godwit
batgod,state,DEU-1600,Sachsen-Anhalt,EU,Europe,postbreeding_migration,1.5381985726152628e-4,2.615580835979486e-6,2.9672648072022347e-5,0.01065720991864449,4.5621425110756273e-4,35,2023-10-04,3.2705993067759765e-5,batgod,Bar-tailed Godwit
batgod,state,DEU-1601,Sachsen,EU,Europe,postbreeding_migration,1.7720449996259862e-4,2.648927061379595e-6,3.005094676469388e-5,0.023595549668119106,8.879631379704642e-4,28,2023-09-27,3.225870129976612e-5,batgod,Bar-tailed Godwit
batgod,state,DEU-3487,Brandenburg,EU,Europe,postbreeding_migration,8.236419422002549e-5,2.0357304211912935e-6,2.3094492636813626e-5,0.011557685572174544,7.191546160766871e-4,28,2023-09-27,3.0150512862263455e-5,batgod,Bar-tailed Godwit
batgod,state,DEU-3488,Mecklenburg-Vorpommern,EU,Europe,postbreeding_migration,0.05546371983413492,0.0011680321037111584,0.013250825619108083,0.12361584795503112,0.00655374475381263,147,2023-07-19,0.0071229958575592545,batgod,Bar-tailed Godwit
batgod,state,DEU-3488,Mecklenburg-Vorpommern,EU,Europe,prebreeding_migration,0.007379860890539976,5.532237834805837e-5,0.0014223473143123498,0.026022185774307528,0.0014877063187310267,42,2023-05-03,2.686659912421917e-4,batgod,Bar-tailed Godwit
batgod,state,DNK-3416,Midtjylland,EU,Europe,breeding,0.05807812782058895,0.006102498382290946,0.03313102593454572,0.0834590683496804,0.010452222209203322,21,2023-06-14,0.01050869477087245,batgod,Bar-tailed Godwit
batgod,state,DNK-3416,Midtjylland,EU,Europe,nonbreeding,0.0011846084636931637,1.372064177108607e-5,1.7626616063834392e-4,0.06270557148262301,0.003923739434795905,21,2023-11-29,8.401484257285067e-5,batgod,Bar-tailed Godwit
batgod,state,DNK-3416,Midtjylland,EU,Europe,postbreeding_migration,0.062359238523068815,8.071508440481145e-4,0.009156781777500124,0.07481989891137987,0.002438038747735329,147,2023-07-19,0.006763470007234869,batgod,Bar-tailed Godwit
batgod,state,DNK-3416,Midtjylland,EU,Europe,prebreeding_migration,0.19690325027703387,9.0722219739864e-4,0.023324829743148454,0.10225486062021316,0.003593068619894062,77,2023-06-07,0.008778510233141931,batgod,Bar-tailed Godwit
batgod,state,DNK-3417,Syddanmark,EU,Europe,breeding,0.07932236648274686,0.00829636138913033,0.04504171031708699,0.07917089496003435,0.009869555429653848,21,2023-06-14,0.012707434265946916,batgod,Bar-tailed Godwit
batgod,state,DNK-3417,Syddanmark,EU,Europe,nonbreeding,0.03301754992523148,3.806636189443996e-4,0.004890304384115967,0.1286372204429378,0.008012307545897369,91,2023-01-25,0.0012567550087418022,batgod,Bar-tailed Godwit
batgod,state,DNK-3417,Syddanmark,EU,Europe,postbreeding_migration,0.2160036414541333,0.002782991687439762,0.03157185271922192,0.12703532588331218,0.004120452642439528,147,2023-07-19,0.022450622660997788,batgod,Bar-tailed Godwit
batgod,state,DNK-3417,Syddanmark,EU,Europe,prebreeding_migration,0.77621724411524,0.0035599262737598877,0.09152628151262512,0.11791457648384346,0.00412425947001009,77,2023-05-24,0.02697054346103912,batgod,Bar-tailed Godwit
batgod,state,DNK-3418,Nordjylland,EU,Europe,breeding,0.10304569074719756,0.006964244830296058,0.03780952679260606,0.15068283319400835,0.012138024505351388,21,2023-06-14,0.011434316673850356,batgod,Bar-tailed Godwit
batgod,state,DNK-3418,Nordjylland,EU,Europe,nonbreeding,5.23576862249708e-4,3.900579836273711e-6,5.010991785035754e-5,0.0457196932679569,0.001840121366056279,7,2023-11-29,4.2730975378552576e-5,batgod,Bar-tailed Godwit
batgod,state,DNK-3418,Nordjylland,EU,Europe,postbreeding_migration,0.10369151808305416,8.632692384076111e-4,0.009793421006267344,0.17009778294278807,0.0035650963409965997,147,2023-07-19,0.005604151171837438,batgod,Bar-tailed Godwit
batgod,state,DNK-3418,Nordjylland,EU,Europe,prebreeding_migration,0.16788244900789007,4.975253449669185e-4,0.012791457260999305,0.17903628038219224,0.004046427166065272,77,2023-06-07,0.009403800175077642,batgod,Bar-tailed Godwit
batgod,state,DNK-3419,Hovedstaden,EU,Europe,breeding,0.003579045647689551,8.669594989737256e-5,4.7068029920421274e-4,0.017372626009614204,5.015763829177415e-4,21,2023-06-14,1.817348659974849e-4,batgod,Bar-tailed Godwit
batgod,state,DNK-3419,Hovedstaden,EU,Europe,nonbreeding,2.0451252211172688e-4,5.46079667003701e-7,7.015369099443264e-6,0.04300912473992496,6.2042764477841e-4,14,2023-11-29,4.96045345026519e-6,batgod,Bar-tailed Godwit
batgod,state,DNK-3419,Hovedstaden,EU,Europe,postbreeding_migration,0.029716780784706905,8.867315676568939e-5,0.0010059591116243383,0.09351816091120378,7.025155654097104e-4,105,2023-07-19,0.0011317361417763829,batgod,Bar-tailed Godwit
batgod,state,DNK-3419,Hovedstaden,EU,Europe,prebreeding_migration,0.002154532550323817,2.2884970109457616e-6,5.8837629084773165e-5,0.017372626009614204,1.407289760961782e-4,42,2023-06-07,1.5139563977006366e-4,batgod,Bar-tailed Godwit
batgod,state,DNK-3420,Sjaælland,EU,Europe,breeding,0.009455406035092557,6.61125657210558e-4,0.0035893121018433865,0.03611141149111554,0.0030094582975064487,21,2023-06-14,0.001585304270434712,batgod,Bar-tailed Godwit
batgod,state,DNK-3420,Sjaælland,EU,Europe,nonbreeding,8.539309167378319e-4,6.581594112611509e-6,8.455233687061922e-5,0.11063007336799976,0.004606552163326989,14,2023-11-29,4.9942882341261595e-5,batgod,Bar-tailed Godwit
batgod,state,DNK-3420,Sjaælland,EU,Europe,postbreeding_migration,0.06302138981974761,5.428135026369221e-4,0.006157987476787541,0.14214007859416686,0.0030821147340048837,147,2023-07-19,0.005293378515273791,batgod,Bar-tailed Godwit
batgod,state,DNK-3420,Sjaælland,EU,Europe,prebreeding_migration,0.1043663486756452,3.19985306449015e-4,0.008226874093946908,0.0980166883330279,0.0022918718964234737,77,2023-05-31,0.0035237814092362553,batgod,Bar-tailed Godwit
batgod,state,EGY-1556,Al Bahr al Ahmar,AF,Africa,nonbreeding,9.023470008059464e-4,1.300919785396472e-4,0.001640860701236066,6.284825233836705e-4,4.895133944741977e-4,0,2023-03-01,1.4092662369467952e-4,batgod,Bar-tailed Godwit
batgod,state,EGY-1556,Al Bahr al Ahmar,AF,Africa,postbreeding_migration,8.373881737139933e-5,1.349143267057944e-5,4.732568667884077e-4,2.7578957315430193e-4,1.1186099407136733e-4,0,2023-11-22,9.313108417589765e-6,batgod,Bar-tailed Godwit
batgod,state,EGY-1556,Al Bahr al Ahmar,AF,Africa,prebreeding_migration,0.001875406147274799,1.0755570793828244e-4,0.005885342152310623,0.0021143867275163148,9.24790414346314e-4,14,2023-03-15,3.187683934583758e-4,batgod,Bar-tailed Godwit
batgod,state,EGY-1557,Janub Sina',AF,Africa,prebreeding_migration,2.54826316360143e-4,2.3195587585997954e-6,1.2692396524954412e-4,0.005502464116694872,3.8197864940391226e-4,7,2023-05-03,2.1172603362461306e-6,batgod,Bar-tailed Godwit
batgod,state,ENG-2029,Durham,EU,Europe,breeding,0.0017562302548080188,2.6823708621937127e-5,1.4562838535001296e-4,0.01473848317356898,2.6830588289529793e-4,21,2023-06-21,3.363684655715252e-5,batgod,Bar-tailed Godwit
batgod,state,ENG-2029,Durham,EU,Europe,nonbreeding,0.0032796365558494817,5.521634003713489e-6,7.093525525429292e-5,0.007872118621925387,7.160246312473149e-5,84,2023-02-08,9.385717165602433e-6,batgod,Bar-tailed Godwit
batgod,state,ENG-2029,Durham,EU,Europe,postbreeding_migration,0.0020339298811221525,3.826768427591737e-6,4.341305427959884e-5,0.01473848317356898,6.981015141665941e-5,84,2023-07-05,3.045192636654668e-5,batgod,Bar-tailed Godwit
batgod,state,ENG-2029,Durham,EU,Europe,prebreeding_migration,6.594461856592117e-4,4.416542833673e-7,1.1355003211355465e-5,0.01473848317356898,7.527948577002428e-5,28,2023-03-08,4.300136815030367e-6,batgod,Bar-tailed Godwit
batgod,state,ENG-2030,Hartlepool,EU,Europe,breeding,0.09882854785937298,1.0209061729402478e-4,5.542593667959873e-4,0.3038191297816874,3.740748996215757e-4,21,2023-06-14,1.2564257152287246e-4,batgod,Bar-tailed Godwit
batgod,state,ENG-2030,Hartlepool,EU,Europe,nonbreeding,0.3903368269630195,4.444751372836506e-5,5.710077360469442e-4,0.28894862361454854,1.777554847775128e-4,98,2023-12-27,6.678355123499107e-5,batgod,Bar-tailed Godwit
batgod,state,ENG-2030,Hartlepool,EU,Europe,postbreeding_migration,0.2764449611952809,3.51779827228617e-5,3.990791975764974e-4,0.3038191297816874,9.733005143962694e-5,147,2023-10-04,9.479072722077468e-5,batgod,Bar-tailed Godwit
batgod,state,ENG-2030,Hartlepool,EU,Europe,prebreeding_migration,0.14732881311450746,6.673548542091007e-6,1.7157801470603953e-4,0.3038191297816874,1.0495545524052009e-4,98,2023-06-07,8.77972911876066e-5,batgod,Bar-tailed Godwit
batgod,state,ENG-2031,Middlesbrough,EU,Europe,breeding,0.005791836821797122,1.8566231000581027e-6,1.00797778590495e-5,0.021675279868518308,8.28156057146225e-6,21,2023-06-14,1.8598710199269725e-5,batgod,Bar-tailed Godwit
batgod,state,ENG-2031,Middlesbrough,EU,Europe,postbreeding_migration,0.002879477862332536,1.137051179828437e-7,1.2899360262475792e-6,0.12090909245832385,1.2019732848422446e-5,35,2023-07-05,3.5769262969471146e-5,batgod,Bar-tailed Godwit
batgod,state,ENG-2031,Middlesbrough,EU,Europe,prebreeding_migration,3.8536258249068783e-4,5.416798663507491e-9,1.392667716260794e-7,0.021675279868518308,2.323585358865466e-6,7,2023-06-07,1.266484491476906e-5,batgod,Bar-tailed Godwit
batgod,state,ENG-2032,Redcar and Cleveland,EU,Europe,breeding,0.04001013670911671,1.043625836954916e-4,5.665940817035487e-4,0.11775765604361252,3.661035805970768e-4,21,2023-06-14,1.591048531277933e-4,batgod,Bar-tailed Godwit
batgod,state,ENG-2032,Redcar and Cleveland,EU,Europe,nonbreeding,0.17933730737269557,5.156439914471797e-5,6.624368462134326e-4,0.1160427413807816,1.8025683084614468e-4,98,2023-01-04,1.0378343567823212e-4,batgod,Bar-tailed Godwit
batgod,state,ENG-2032,Redcar and Cleveland,EU,Europe,postbreeding_migration,0.1268776757838952,4.076794670847764e-5,4.624949528071502e-4,0.16135184950046474,1.3052002751094558e-4,147,2023-09-20,1.6106859149859012e-4,batgod,Bar-tailed Godwit
batgod,state,ENG-2032,Redcar and Cleveland,EU,Europe,prebreeding_migration,0.06930641182521559,7.927092388283642e-6,2.0380683017357705e-4,0.11775765604361252,1.027189153980178e-4,98,2023-06-07,1.2712351362226712e-4,batgod,Bar-tailed Godwit
batgod,state,ENG-2033,Stockton-on-Tees,EU,Europe,breeding,0.014547500188128013,1.4207262632811713e-5,7.713253773446813e-5,0.05444233801240931,6.337220841678653e-5,21,2023-06-14,1.8598710199269725e-5,batgod,Bar-tailed Godwit
batgod,state,ENG-2033,Stockton-on-Tees,EU,Europe,postbreeding_migration,0.004740847603402421,5.703439899212809e-7,6.470309103098185e-6,0.09010666154884583,2.7290240215090452e-5,35,2023-07-05,3.5769262969471146e-5,batgod,Bar-tailed Godwit
batgod,state,ENG-2033,Stockton-on-Tees,EU,Europe,prebreeding_migration,9.679247557843486e-4,4.1450459837059017e-8,1.0656980409505841e-06,0.05444233801240931,1.7780554083445706e-5,7,2023-06-07,1.266484491476906e-5,batgod,Bar-tailed Godwit
batgod,state,ENG-2034,Northumberland,EU,Europe,breeding,0.019289143625046273,6.92405752680107e-4,0.003759134621951559,0.04695741173083799,0.002009055380019031,21,2023-06-14,9.993559593464573e-4,batgod,Bar-tailed Godwit
batgod,state,ENG-2034,Northumberland,EU,Europe,nonbreeding,0.18749975997137525,7.419129749956339e-4,0.009531197870484192,0.05030692172036917,0.0010754108865654304,98,2023-12-27,0.0014931044446181996,batgod,Bar-tailed Godwit
batgod,state,ENG-2034,Northumberland,EU,Europe,postbreeding_migration,0.09469311968395187,4.187212314093544e-4,0.0047502136309393915,0.05198167671513476,5.78663948759193e-4,147,2023-09-20,0.0012839096281018528,batgod,Bar-tailed Godwit
batgod,state,ENG-2034,Northumberland,EU,Europe,prebreeding_migration,0.040217455341868026,6.330354435532832e-5,0.0016275443859946424,0.06203020668372828,7.446246935836753e-4,98,2023-06-07,0.0011912929567077094,batgod,Bar-tailed Godwit
batgod,state,ENG-2035,Hampshire,EU,Europe,breeding,0.006033371788347754,1.5332805080473593e-4,8.324321137792735e-4,0.04850990420666872,0.0014693727464185709,21,2023-06-21,1.831756182133428e-4,batgod,Bar-tailed Godwit
batgod,state,ENG-2035,Hampshire,EU,Europe,nonbreeding,0.04788768035678213,1.341497466253749e-4,0.0017233932043974462,0.05419998842788296,8.202753949129673e-4,98,2023-02-15,2.2054723064256107e-4,batgod,Bar-tailed Godwit
batgod,state,ENG-2035,Hampshire,EU,Europe,postbreeding_migration,0.027982133271485708,8.759941064946967e-5,9.937779202854912e-4,0.05897729227089498,4.648092667094693e-4,147,2023-09-20,2.6470425244317627e-4,batgod,Bar-tailed Godwit
batgod,state,ENG-2035,Hampshire,EU,Europe,prebreeding_migration,0.05010612036864861,5.583647867886765e-5,0.0014355649171459296,0.06607136799460436,5.615149335931395e-4,98,2023-03-08,1.3601884434555675e-4,batgod,Bar-tailed Godwit
batgod,state,ENG-2036,Southampton,EU,Europe,breeding,0.005151066173339607,2.2535809191806707e-6,1.2234898430393797e-5,0.07889952453620099,4.114247848916003e-5,21,2023-06-28,2.2841411299390197e-5,batgod,Bar-tailed Godwit
batgod,state,ENG-2036,Southampton,EU,Europe,nonbreeding,0.07119015088821795,3.4332108061432117e-6,4.4105727527717214e-5,0.16060901579585196,4.184512917454116e-5,98,2023-12-27,3.278645383079439e-5,batgod,Bar-tailed Godwit
batgod,state,ENG-2036,Southampton,EU,Europe,postbreeding_migration,0.05657562702438775,3.0490478561264285e-6,3.45901463816595e-5,0.4327514472227615,5.8714177095525074e-5,147,2023-09-27,4.02759860289806e-5,batgod,Bar-tailed Godwit
batgod,state,ENG-2036,Southampton,EU,Europe,prebreeding_migration,0.07322817684619383,1.40481768991299e-6,3.611809050896216e-5,0.29549458730348027,4.323266856227136e-5,98,2023-03-08,1.5690411543148586e-5,batgod,Bar-tailed Godwit
batgod,state,ENG-2038,Milton Keynes,EU,Europe,prebreeding_migration,6.876164349904837e-4,6.804778150252621e-8,1.7495194920235868e-6,0.053275433642995085,4.0208278884622344e-5,7,2023-04-19,5.563569236918568e-7,batgod,Bar-tailed Godwit
batgod,state,ENG-2039,Gloucestershire,EU,Europe,breeding,5.757368713219934e-4,1.035415219085542e-5,5.6213646161866234e-5,0.04011342525205856,8.598452278589854e-4,14,2023-06-14,2.608526397268163e-5,batgod,Bar-tailed Godwit
batgod,state,ENG-2039,Gloucestershire,EU,Europe,nonbreeding,0.021575704231847025,4.277204453828065e-5,5.494833404442277e-4,0.04679899612740166,5.012172418731205e-4,98,2023-12-27,7.81135836253741e-5,batgod,Bar-tailed Godwit
batgod,state,ENG-2039,Gloucestershire,EU,Europe,postbreeding_migration,0.02614828269825228,5.792853021669538e-5,6.571744473750212e-4,0.0568273524404163,3.169394832022074e-4,147,2023-09-13,2.2850495810349856e-4,batgod,Bar-tailed Godwit
batgod,state,ENG-2039,Gloucestershire,EU,Europe,prebreeding_migration,0.05204317336152376,4.104119415322753e-5,0.0010551757538830332,0.06825854596642247,4.1051971531688854e-4,98,2023-04-19,9.499683774900815e-5,batgod,Bar-tailed Godwit
batgod,state,ENG-2040,Buckinghamshire,EU,Europe,prebreeding_migration,1.7073056134000918e-4,7.788307872869195e-8,2.002386577872428e-6,0.008269210593778713,2.876846319819755e-5,14,2023-04-26,1.2568146558271132e-6,batgod,Bar-tailed Godwit
batgod,state,ENG-2042,Hertfordshire,EU,Europe,prebreeding_migration,1.75988713542477e-4,8.418513475983189e-8,2.164413459908175e-6,0.004504135823728034,1.6431712996320105e-5,14,2023-04-19,4.847946787094742e-7,batgod,Bar-tailed Godwit
batgod,state,ENG-2044,Bristol,EU,Europe,breeding,0.0050573850972880025,4.681848021636441e-6,2.5418184243451912e-5,0.07028822821739572,7.755573540789899e-5,21,2023-06-28,7.69428870835422e-6,batgod,Bar-tailed Godwit
batgod,state,ENG-2044,Bristol,EU,Europe,nonbreeding,0.038557741230651595,3.934661731368972e-6,5.054776069298464e-5,0.07028822821739572,3.875010179552622e-5,98,2023-12-27,1.0185769746550356e-5,batgod,Bar-tailed Godwit
batgod,state,ENG-2044,Bristol,EU,Europe,postbreeding_migration,0.028798512379210883,3.2841287816378685e-6,3.72570391326664e-5,0.084465353725791,2.4249250185913894e-5,147,2023-09-20,1.3811685797657548e-5,batgod,Bar-tailed Godwit
batgod,state,ENG-2044,Bristol,EU,Europe,prebreeding_migration,0.134072954525133,5.442496835600743e-6,1.3992747579591122e-4,0.14157560684866277,4.382946855997222e-5,98,2023-04-19,2.4004354103802476e-5,batgod,Bar-tailed Godwit
batgod,state,ENG-2045,North Somerset,EU,Europe,breeding,0.005894186013206301,1.890329160030822e-5,1.0262771163947072e-4,0.07533824489090883,2.8798451192875224e-4,21,2023-06-28,2.924560297481512e-5,batgod,Bar-tailed Godwit
batgod,state,ENG-2045,North Somerset,EU,Europe,nonbreeding,0.04698286229441917,1.6609539707967736e-5,2.133792167406648e-4,0.09337214705760268,1.783322569197812e-4,98,2023-12-27,5.353771999254442e-5,batgod,Bar-tailed Godwit
batgod,state,ENG-2045,North Somerset,EU,Europe,postbreeding_migration,0.0394439870387448,1.5583077868330446e-5,1.7678336647268357e-4,0.108024860355243,1.074399336694865e-4,147,2023-09-20,5.9664885231390215e-5,batgod,Bar-tailed Godwit
batgod,state,ENG-2045,North Somerset,EU,Europe,prebreeding_migration,0.1859494750964383,2.6150155210763196e-5,6.723247290431349e-4,0.1852647447879908,1.986977111034034e-4,98,2023-04-19,7.211586136062596e-5,batgod,Bar-tailed Godwit
batgod,state,ENG-2046,South Gloucestershire,EU,Europe,breeding,0.0031752113369183615,1.253270932525805e-5,6.804123355283359e-5,0.07489822584469097,3.5235780661189666e-4,21,2023-06-14,1.4316125255551024e-5,batgod,Bar-tailed Godwit
batgod,state,ENG-2046,South Gloucestershire,EU,Europe,nonbreeding,0.02295343275324293,9.986757511393043e-6,1.2829774533352996e-4,0.07489822584469097,1.7605275487167512e-4,98,2023-12-27,2.000944120106633e-5,batgod,Bar-tailed Godwit
batgod,state,ENG-2046,South Gloucestershire,EU,Europe,postbreeding_migration,0.04036134935379549,1.9624420666560427e-5,2.226306753918795e-4,0.07489822584469097,9.167950984517748e-5,147,2023-09-13,6.667653415304571e-5,batgod,Bar-tailed Godwit
batgod,state,ENG-2046,South Gloucestershire,EU,Europe,prebreeding_migration,0.1430618599929597,2.4760642832782776e-5,6.36600140584736e-4,0.07489822584469097,9.886221726695542e-5,98,2023-04-19,6.035409647600837e-5,batgod,Bar-tailed Godwit
batgod,state,ENG-2047,Somerset,EU,Europe,breeding,0.002914103673024645,7.126750612070655e-5,3.8691785653355905e-4,0.02945140663754061,8.584848637929253e-4,21,2023-06-21,7.763345891647411e-5,batgod,Bar-tailed Godwit
batgod,state,ENG-2047,Somerset,EU,Europe,nonbreeding,0.02143738187676729,5.779134969584063e-5,7.424331528325747e-4,0.03200283100957097,4.660944439097954e-4,98,2023-12-27,9.843084116256624e-5,batgod,Bar-tailed Godwit
batgod,state,ENG-2047,Somerset,EU,Europe,postbreeding_migration,0.012890760964137556,3.883505779754319e-5,4.405671532042775e-4,0.03200283100957097,2.427187815967859e-4,147,2023-09-20,1.3001518926176135e-4,batgod,Bar-tailed Godwit
batgod,state,ENG-2047,Somerset,EU,Europe,prebreeding_migration,0.0497728976833997,5.3375899461354854e-5,0.001372303026638199,0.03937734992046351,3.2204720466593763e-4,98,2023-04-19,1.0590951923353634e-4,batgod,Bar-tailed Godwit
batgod,state,ENG-2048,Devon,EU,Europe,breeding,8.816172942265954e-4,4.347491518696282e-5,2.360293198505872e-4,0.010971925984987236,6.448839208942391e-4,21,2023-06-28,5.823173888665412e-5,batgod,Bar-tailed Godwit
batgod,state,ENG-2048,Devon,EU,Europe,nonbreeding,0.016178551887862894,8.794331217197548e-5,0.001129788988663788,0.018913235959753857,5.55422472776222e-4,98,2023-01-04,1.9925690098408105e-4,batgod,Bar-tailed Godwit
batgod,state,ENG-2048,Devon,EU,Europe,postbreeding_migration,0.008789466860925278,5.339247005216075e-5,6.057147811149447e-4,0.017694133072533053,2.7059287276903375e-4,147,2023-09-20,1.8994483477364785e-4,batgod,Bar-tailed Godwit
batgod,state,ENG-2048,Devon,EU,Europe,prebreeding_migration,0.016976907033500157,3.670987712664705e-5,9.438168910837388e-4,0.040151131535158105,6.621294688175036e-4,98,2023-03-15,1.2699388180900103e-4,batgod,Bar-tailed Godwit
batgod,state,ENG-2051,Dorset,EU,Europe,breeding,0.005375231441939168,1.0889368071210454e-4,5.911938248521883e-4,0.04152476745503287,0.0010026578424919407,21,2023-06-28,1.5138890598770906e-4,batgod,Bar-tailed Godwit
batgod,state,ENG-2051,Dorset,EU,Europe,nonbreeding,0.04724455121516216,1.055022609174491e-4,0.0013553650609676646,0.05042732414511608,6.083736520770987e-4,98,2023-01-04,1.6581299999690445e-4,batgod,Bar-tailed Godwit
batgod,state,ENG-2051,Dorset,EU,Europe,postbreeding_migration,0.020354723257087308,5.079600396588085e-5,5.76258981718757e-4,0.05042732414511608,3.1681070975460535e-4,147,2023-07-05,1.6990433939915e-4,batgod,Bar-tailed Godwit
batgod,state,ENG-2051,Dorset,EU,Europe,prebreeding_migration,0.0477120212908364,4.238371714759275e-5,0.0010896922376723635,0.07119995642197692,4.823604843050506e-4,98,2023-03-08,1.138526528050628e-4,batgod,Bar-tailed Godwit
batgod,state,ENG-2052,Poole,EU,Europe,breeding,0.0680859141427313,3.1989810432501146e-5,1.736756280273712e-4,0.3847375954766169,2.154562303082887e-4,21,2023-06-28,5.608536748534409e-5,batgod,Bar-tailed Godwit
batgod,state,ENG-2052,Poole,EU,Europe,nonbreeding,0.6483465389108118,3.357887332259248e-5,4.3138062911952105e-4,0.3847375954766169,1.0765097917021614e-4,98,2023-01-04,6.56023604107475e-5,batgod,Bar-tailed Godwit
batgod,state,ENG-2052,Poole,EU,Europe,postbreeding_migration,0.2014464297711445,1.1659308822017032e-5,1.3226988158031075e-4,0.3847375954766169,5.605927048328568e-5,147,2023-07-05,6.218593117559648e-5,batgod,Bar-tailed Godwit
batgod,state,ENG-2052,Poole,EU,Europe,prebreeding_migration,0.5064573544402867,1.043429218096529e-5,2.682673432254419e-4,0.3847375954766169,6.045128063735102e-5,98,2023-06-07,2.811018715955728e-5,batgod,Bar-tailed Godwit
batgod,state,ENG-2053,Cambridgeshire,EU,Europe,prebreeding_migration,0.012793723922676315,1.1468497164682564e-5,2.948569209869761e-4,0.16679155072704038,0.0011402612109929651,21,2023-04-19,7.92954737583705e-5,batgod,Bar-tailed Godwit
batgod,state,ENG-2054,Leicestershire,EU,Europe,prebreeding_migration,5.916872113636026e-6,3.5623623029581852e-9,9.158891221815965e-8,2.66801475316103e-4,1.2250530564623244e-6,14,2023-04-19,2.618688499600793e-7,batgod,Bar-tailed Godwit
batgod,state,ENG-2055,Kingston upon Hull,EU,Europe,breeding,0.730282188642929,3.505086540718105e-4,0.0019029437749684952,0.2813156169917813,1.6093181745167355e-4,21,2023-06-14,6.882297661952081e-4,batgod,Bar-tailed Godwit
batgod,state,ENG-2055,Kingston upon Hull,EU,Europe,nonbreeding,3.5424034757705964,1.8741769471765387e-4,0.002407715180873434,0.4334071284530836,1.238805289660335e-4,98,2023-12-27,8.090660062017819e-4,batgod,Bar-tailed Godwit
batgod,state,ENG-2055,Kingston upon Hull,EU,Europe,postbreeding_migration,2.1052451044852045,1.2447139016416933e-4,0.0014120747883495152,0.4065694328742052,6.051613491098766e-5,147,2023-10-04,4.21569699561889e-4,batgod,Bar-tailed Godwit
batgod,state,ENG-2055,Kingston upon Hull,EU,Europe,prebreeding_migration,0.42454921140308616,8.935148878026935e-6,2.2972412591673504e-4,0.2813156169917813,4.515318237179703e-5,91,2023-06-07,5.570457281032774e-4,batgod,Bar-tailed Godwit
batgod,state,ENG-2056,North East Lincolnshire,EU,Europe,breeding,0.8259313354218255,0.00129323733135068,0.007021104616568059,0.2820520472190473,5.263850940207961e-4,21,2023-06-14,0.0018313075892437947,batgod,Bar-tailed Godwit
batgod,state,ENG-2056,North East Lincolnshire,EU,Europe,nonbreeding,5.117392848612035,8.832579942541634e-4,0.0113470272089162,0.3588402863377554,3.346065577887094e-4,98,2023-01-04,0.002742251182620498,batgod,Bar-tailed Godwit
batgod,state,ENG-2056,North East Lincolnshire,EU,Europe,postbreeding_migration,2.254408879535979,4.3483632122159606e-4,0.004933032445815977,0.2820520472190473,1.3695943868440716e-4,147,2023-09-20,0.0015293032434671651,batgod,Bar-tailed Godwit
batgod,state,ENG-2056,North East Lincolnshire,EU,Europe,prebreeding_migration,0.5239045110238942,3.597096966474315e-5,9.248194604716246e-4,0.20526380810033928,1.074813608925078e-4,98,2023-06-07,0.001258926371300557,batgod,Bar-tailed Godwit
batgod,state,ENG-2057,North Lincolnshire,EU,Europe,breeding,0.1960989419242601,0.0011956859885335833,0.006491489389106143,0.10671542862663776,0.00077554881687298845,21,2023-06-14,0.002204623304694077,batgod,Bar-tailed Godwit
batgod,state,ENG-2057,North Lincolnshire,EU,Europe,nonbreeding,0.8585593331704768,5.770543682734553e-4,0.007413294485210918,0.09685587819739984,3.5169552084632057e-4,98,2023-01-04,0.002346407232863351,batgod,Bar-tailed Godwit
batgod,state,ENG-2057,North Lincolnshire,EU,Europe,postbreeding_migration,0.6754726558550296,5.073509754103126e-4,0.005755680243279448,0.15653109898283726,2.9598584744424826e-4,147,2023-09-20,0.0018927400999441,batgod,Bar-tailed Godwit
batgod,state,ENG-2057,North Lincolnshire,EU,Europe,prebreeding_migration,0.127186210643494,3.4005380274468514e-5,8.742838386531151e-4,0.12861871800799082,2.62260298812002e-4,98,2023-06-07,0.0014984630591316074,batgod,Bar-tailed Godwit
batgod,state,ENG-2058,Derby,EU,Europe,prebreeding_migration,0.0020461438874596533,4.573952842838971e-8,1.1759706896317264e-6,0.19215568575679065,3.275891576058993e-5,14,2023-04-19,3.017445145849827e-7,batgod,Bar-tailed Godwit
batgod,state,ENG-2059,Derbyshire,EU,Europe,prebreeding_migration,1.7355138261996428e-4,1.3120603837425674e-7,3.3733285132658607e-6,0.021366234453636775,1.2318972961697922e-4,14,2023-04-19,1.6805125397203144e-6,batgod,Bar-tailed Godwit
batgod,state,ENG-2060,Barking and Dagenham,EU,Europe,prebreeding_migration,0.02017137185260005,2.4919081097451717e-7,6.406736140500013e-6,0.2164233094371464,2.039019547872989e-5,28,2023-04-26,2.0335030336989017e-6,batgod,Bar-tailed Godwit
batgod,state,ENG-2061,Bexley,EU,Europe,nonbreeding,0.003474906060631413,1.6734209688522404e-7,2.1498082541071524e-6,0.06714623620221795,1.746941036162635e-5,14,2023-01-04,4.74472519105437e-6,batgod,Bar-tailed Godwit
batgod,state,ENG-2061,Bexley,EU,Europe,postbreeding_migration,0.006915011752099233,3.721425834302867e-7,4.221798752629612e-6,0.06714623620221795,9.097199191262673e-6,42,2023-09-20,6.178210380621127e-6,batgod,Bar-tailed Godwit
batgod,state,ENG-2061,Bexley,EU,Europe,prebreeding_migration,0.048203029073489945,9.234165554417108e-7,2.374118931331475e-5,0.10897810927966442,1.5921477331678766e-5,70,2023-05-03,4.620502009148177e-6,batgod,Bar-tailed Godwit
batgod,state,ENG-2068,Greenwich,EU,Europe,prebreeding_migration,0.00422399416526624,5.700811528371732e-8,1.4656878841625214e-6,0.03278059241489254,3.3740455334434875e-6,28,2023-04-26,2.0335030336989017e-6,batgod,Bar-tailed Godwit
batgod,state,ENG-2070,Hounslow,EU,Europe,prebreeding_migration,1.8916204301282308e-4,2.943254484353441e-9,7.567154985311334e-8,0.005800165613903408,6.882638831184802e-7,7,2023-04-26,7.367797721154517e-7,batgod,Bar-tailed Godwit
batgod,state,ENG-2081,Lincolnshire,EU,Europe,breeding,0.3754498490935804,0.015728329930545334,0.0853905522282767,0.06028659901985309,0.003010173290954271,21,2023-06-21,0.018247690176011175,batgod,Bar-tailed Godwit
batgod,state,ENG-2081,Lincolnshire,EU,Europe,nonbreeding,1.8319473506062545,0.008459568166437382,0.10867826929922388,0.0732020874637017,0.0018262200504281043,98,2023-01-25,0.01567094241088776,batgod,Bar-tailed Godwit
batgod,state,ENG-2081,Lincolnshire,EU,Europe,postbreeding_migration,0.9486940849814844,0.0048957102518359455,0.05553974297679066,0.05741649047677562,7.459259936716099e-4,147,2023-09-13,0.019819877155109866,batgod,Bar-tailed Godwit
batgod,state,ENG-2081,Lincolnshire,EU,Europe,prebreeding_migration,0.2638479461553659,4.846744346573412e-4,0.012461058273987248,0.08474353157436594,0.0011871995431769746,98,2023-06-07,0.013363390331854809,batgod,Bar-tailed Godwit
batgod,state,ENG-2108,Halton,EU,Europe,breeding,0.29064019622751114,7.173248475762113e-4,0.003894422683913863,0.42151966960405857,0.0012399897028514545,21,2023-06-21,0.001265758340468948,batgod,Bar-tailed Godwit
batgod,state,ENG-2108,Halton,EU,Europe,nonbreeding,2.8337386706001073,7.709470004731837e-4,0.009904191807953523,0.42525025406084693,6.250341444645609e-4,98,2023-01-04,0.0025270477615562505,batgod,Bar-tailed Godwit
batgod,state,ENG-2108,Halton,EU,Europe,postbreeding_migration,1.569116447625963,4.7706132335228855e-4,0.005412057070415368,0.43161636509010665,3.3035928791979755e-4,147,2023-09-13,0.0021960150631154867,batgod,Bar-tailed Godwit
batgod,state,ENG-2108,Halton,EU,Europe,prebreeding_migration,0.6728486311158796,7.281876142564867e-5,0.0018721821591561815,0.4339307804873872,3.581518012465646e-4,98,2023-06-07,0.0010181809509849811,batgod,Bar-tailed Godwit
batgod,state,ENG-2110,Cornwall,EU,Europe,breeding,1.6965815965332297e-4,5.373294895581588e-6,2.9172113024410822e-5,0.0021837381027036513,8.243402642045854e-5,21,2023-06-28,9.64105507707119e-6,batgod,Bar-tailed Godwit
batgod,state,ENG-2110,Cornwall,EU,Europe,nonbreeding,0.013582752965791142,4.741964037514698e-5,6.091900136473378e-4,0.02910066874423884,5.488679325117206e-4,98,2023-03-01,1.1937333516259082e-4,batgod,Bar-tailed Godwit
batgod,state,ENG-2110,Cornwall,EU,Europe,postbreeding_migration,0.0060650371364465196,2.366236917770956e-5,2.684394775730615e-4,0.027202507604518863,2.6717959452099963e-4,140,2023-09-20,1.2932878840408115e-4,batgod,Bar-tailed Godwit
batgod,state,ENG-2110,Cornwall,EU,Europe,prebreeding_migration,0.01655374439573419,2.2989413258804377e-5,5.910615411462106e-4,0.07460040062561166,7.901209361239099e-4,91,2023-03-15,1.2038674102663092e-4,batgod,Bar-tailed Godwit
batgod,state,ENG-2123,Lancashire,EU,Europe,breeding,0.06151241760334378,0.001210723816053904,0.006573131140134013,0.07258016625083069,0.0017027084241918477,21,2023-06-21,0.0015438691502766397,batgod,Bar-tailed Godwit
batgod,state,ENG-2123,Lancashire,EU,Europe,nonbreeding,0.22957615489660696,4.980966220891425e-4,0.006398941147753002,0.06952583093905582,8.149433899477813e-4,98,2023-01-04,9.733168347000424e-4,batgod,Bar-tailed Godwit
batgod,state,ENG-2123,Lancashire,EU,Europe,postbreeding_migration,0.14767750081608164,3.5805971397465894e-4,0.004062034610205549,0.07258016625083069,4.430254440512589e-4,147,2023-07-19,0.0020058415386922444,batgod,Bar-tailed Godwit
batgod,state,ENG-2123,Lancashire,EU,Europe,prebreeding_migration,0.09154300519541088,7.900838281539637e-5,0.002031318328337652,0.07508745312911434,4.942380171083799e-4,98,2023-06-07,0.0011322501490734942,batgod,Bar-tailed Godwit
batgod,state,ENG-2124,East Riding of Yorkshire,EU,Europe,breeding,0.25172170389980025,0.004702435561169171,0.02552995589228458,0.1016085129427472,0.002262415265595656,21,2023-06-14,0.006336508680761429,batgod,Bar-tailed Godwit
batgod,state,ENG-2124,East Riding of Yorkshire,EU,Europe,nonbreeding,1.1493215964399597,0.002366727664375886,0.03040484589833224,0.12344554502174244,0.0013733352769557958,98,2023-01-25,0.005308278588629127,batgod,Bar-tailed Godwit
batgod,state,ENG-2124,East Riding of Yorkshire,EU,Europe,postbreeding_migration,0.380812974429028,8.763402595553105e-4,0.009941706161565329,0.1239660272560048,7.18179981537675e-4,147,2023-09-13,0.002615928757479216,batgod,Bar-tailed Godwit
batgod,state,ENG-2124,East Riding of Yorkshire,EU,Europe,prebreeding_migration,0.15111845959506673,1.2378996099784376e-4,0.003182659961875865,0.12214318667255536,7.630586539624774e-4,98,2023-06-07,0.004983082655738561,batgod,Bar-tailed Godwit
batgod,state,ENG-2139,Cumbria,EU,Europe,breeding,0.052053037835398594,0.0025899607572699448,0.014061135561719378,0.08432196212859357,0.005000665951206287,21,2023-06-21,0.0029499339710049783,batgod,Bar-tailed Godwit
batgod,state,ENG-2139,Cumbria,EU,Europe,nonbreeding,0.2257460079910041,0.001238145582029048,0.015906192414082157,0.07439542883795484,0.0022044097306249616,98,2023-01-04,0.0025952053086051737,batgod,Bar-tailed Godwit
batgod,state,ENG-2139,Cumbria,EU,Europe,postbreeding_migration,0.1207211430112396,7.399276891102495e-4,0.00839416378025695,0.07828078036005269,0.0012078991389506495,147,2023-07-19,0.0027734381401114767,batgod,Bar-tailed Godwit
batgod,state,ENG-2139,Cumbria,EU,Europe,prebreeding_migration,0.07195326153991441,1.5698686116850884e-4,0.0040361576460168766,0.08818847535807128,0.001467389555331745,98,2023-06-07,0.002167855465276398,batgod,Bar-tailed Godwit
batgod,state,ENG-2140,North Yorkshire,EU,Europe,breeding,3.823413084863437e-4,2.08323354388021e-5,1.1310066835953846e-4,0.003227944493952251,2.0962970968627895e-4,14,2023-06-28,3.440741582294248e-5,batgod,Bar-tailed Godwit
batgod,state,ENG-2140,North Yorkshire,EU,Europe,nonbreeding,0.0018026549357928589,1.0826893614642505e-5,1.390907947990084e-4,0.002206694742102038,7.160246312473149e-5,21,2023-12-27,3.135668055622755e-5,batgod,Bar-tailed Godwit
batgod,state,ENG-2140,North Yorkshire,EU,Europe,postbreeding_migration,1.4465096456920355e-4,9.7088302726090885e-07,1.1014253503743964e-5,0.006537986607105308,1.1047377285472444e-4,21,2023-07-05,5.202435529304186e-5,batgod,Bar-tailed Godwit
batgod,state,ENG-2140,North Yorkshire,EU,Europe,prebreeding_migration,6.81882018715043e-4,1.6291523300754186e-6,4.188577046904574e-5,0.014201560501141684,2.587672387721391e-4,35,2023-03-08,8.67053590380952e-6,batgod,Bar-tailed Godwit
batgod,state,ENG-2141,Plymouth,EU,Europe,breeding,0.0023871850295890565,1.2512482852845776e-6,6.793142217066263e-6,0.09743857081108706,6.087351155603902e-5,7,2023-06-28,4.294066095588866e-6,batgod,Bar-tailed Godwit
batgod,state,ENG-2141,Plymouth,EU,Europe,nonbreeding,0.16506972987631288,9.537386513256124e-6,1.2252477189210286e-4,0.24716153460870233,7.715023627012703e-5,98,2023-01-04,3.867036157026352e-5,batgod,Bar-tailed Godwit
batgod,state,ENG-2141,Plymouth,EU,Europe,postbreeding_migration,0.03149905123857462,2.033825663581301e-6,2.307288397481154e-5,0.24716153460870233,4.017600207869772e-5,119,2023-09-27,2.048573498881604e-5,batgod,Bar-tailed Godwit
batgod,state,ENG-2141,Plymouth,EU,Europe,prebreeding_migration,0.12692096954754573,2.9171348924159283e-6,7.500001091077935e-5,0.3969572403477497,6.958051298994495e-5,77,2023-03-15,2.309403205720359e-5,batgod,Bar-tailed Godwit
batgod,state,ENG-2142,Torbay,EU,Europe,prebreeding_migration,0.011017968501031972,5.663876124885824e-7,1.4561917320591711e-5,0.0667984438544759,2.61878191266018e-5,49,2023-03-15,3.080027167688086e-6,batgod,Bar-tailed Godwit
batgod,state,ENG-2317,Essex,EU,Europe,breeding,0.025424307397362844,6.369214852278063e-4,0.0034579054222428087,0.09875981561976042,0.0029488798350428124,21,2023-06-21,7.077620904130294e-4,batgod,Bar-tailed Godwit
batgod,state,ENG-2317,Essex,EU,Europe,nonbreeding,0.6325081957619135,0.0017466563022594508,0.02243892126116415,0.19772840504274217,0.002949883032263385,98,2023-01-04,0.00843623280168417,batgod,Bar-tailed Godwit
batgod,state,ENG-2317,Essex,EU,Europe,postbreeding_migration,0.14581696821206364,4.499908362599345e-4,0.005104953949922881,0.1664588085151374,0.0012932186876975298,147,2023-07-19,9.281506560868732e-4,batgod,Bar-tailed Godwit
batgod,state,ENG-2317,Essex,EU,Europe,prebreeding_migration,0.13414839524471203,1.473628350117972e-4,0.0037887223736077858,0.16172753674491702,0.0013548999469884405,98,2023-06-07,6.5747198969704e-4,batgod,Bar-tailed Godwit
batgod,state,ENG-2318,Suffolk,EU,Europe,breeding,0.015681696240500122,4.2045690004454984e-4,0.002282699246616618,0.04708578879384849,0.0015047291487532244,21,2023-06-21,4.4472251934349127e-4,batgod,Bar-tailed Godwit
batgod,state,ENG-2318,Suffolk,EU,Europe,nonbreeding,0.17743275727819005,5.244049444978199e-4,0.006736918558808622,0.08968260997968758,0.0014319757054980357,98,2023-01-04,0.0014120187237796913,batgod,Bar-tailed Godwit
batgod,state,ENG-2318,Suffolk,EU,Europe,postbreeding_migration,0.0623589317816524,2.059614549220716e-4,0.002336544787389724,0.08535957893046713,7.097560981866773e-4,147,2023-07-12,6.190345241406783e-4,batgod,Bar-tailed Godwit
batgod,state,ENG-2318,Suffolk,EU,Europe,prebreeding_migration,0.06320968937407924,7.431522907788414e-5,0.001910656585051632,0.08988130474538834,8.059058355624008e-4,98,2023-06-07,3.938504275361922e-4,batgod,Bar-tailed Godwit
batgod,state,ENG-2319,Norfolk,EU,Europe,breeding,0.1969064736458343,0.007828669378306037,0.0425025673023235,0.04233787691357049,0.002006305531670966,21,2023-06-21,0.008556995119936519,batgod,Bar-tailed Godwit
batgod,state,ENG-2319,Norfolk,EU,Europe,nonbreeding,2.331762613842722,0.010219198194487696,0.13128386125061403,0.06955508350086581,0.0016468566518688245,98,2023-01-25,0.015393914747114662,batgod,Bar-tailed Godwit
batgod,state,ENG-2319,Norfolk,EU,Europe,postbreeding_migration,0.7655712524879232,0.003749491833208261,0.04253638430335373,0.06793732661987893,8.376543198005705e-4,147,2023-09-13,0.0144334416789998,batgod,Bar-tailed Godwit
batgod,state,ENG-2319,Norfolk,EU,Europe,prebreeding_migration,0.294084376169879,5.127027276298533e-4,0.013181670229304807,0.0909071303229553,0.0012086829385713224,98,2023-06-07,0.007031392101244283,batgod,Bar-tailed Godwit
batgod,state,ENG-2674,Brighton and Hove,EU,Europe,prebreeding_migration,0.2046928851090032,8.051406871428172e-6,2.0700297568486192e-4,0.2226254590318491,6.678279975411218e-5,28,2023-05-03,3.3169757014231215e-5,batgod,Bar-tailed Godwit
batgod,state,ENG-2675,Havering,EU,Europe,nonbreeding,0.0010106178295384738,8.974863770125086e-8,1.1529816209806192e-6,0.01952835049590743,9.36916538386295e-6,14,2023-01-04,4.74472519105437e-6,batgod,Bar-tailed Godwit
batgod,state,ENG-2675,Havering,EU,Europe,postbreeding_migration,0.002011114558552907,1.995868972312454e-7,2.264228151492728e-6,0.01952835049590743,4.878994882397926e-6,42,2023-09-20,6.178210380621127e-6,batgod,Bar-tailed Godwit
batgod,state,ENG-2675,Havering,EU,Europe,prebreeding_migration,0.0132699538299555,4.687826280080293e-7,1.205247734919385e-5,0.01952835049590743,5.261243792888361e-6,70,2023-05-03,3.838859591600031e-6,batgod,Bar-tailed Godwit
batgod,state,ENG-2676,Thurrock,EU,Europe,breeding,0.03211634678857197,3.6855481013416305e-5,2.0009180188053623e-4,0.2255244339916279,3.0846762052271376e-4,21,2023-06-28,5.563818761474467e-5,batgod,Bar-tailed Godwit
batgod,state,ENG-2676,Thurrock,EU,Europe,nonbreeding,0.48719729627292824,6.162903167272707e-5,7.917350352884124e-4,0.25666061557559683,1.75401838354588e-4,98,2023-01-04,3.836621810343582e-4,batgod,Bar-tailed Godwit
batgod,state,ENG-2676,Thurrock,EU,Europe,postbreeding_migration,0.1713489992772963,2.4222354425972203e-5,2.747922711738752e-4,0.25666061557559683,9.134054492934772e-5,147,2023-07-19,6.774046647465399e-5,batgod,Bar-tailed Godwit
batgod,state,ENG-2676,Thurrock,EU,Europe,prebreeding_migration,0.20984697551839027,1.0559524862297043e-5,2.714870957609474e-4,0.25666061557559683,9.849669586297728e-5,98,2023-03-08,4.7443885880153434e-5,batgod,Bar-tailed Godwit
batgod,state,ENG-2677,East Sussex,EU,Europe,breeding,0.0026087960813803673,3.3680324843447934e-5,1.828535865098075e-4,0.03453166895510246,5.313659775361476e-4,21,2023-06-21,4.1134295604751305e-5,batgod,Bar-tailed Godwit
batgod,state,ENG-2677,East Sussex,EU,Europe,nonbreeding,0.036010987433571756,5.1247855617343434e-5,6.583702789801994e-4,0.0531578086380427,4.0869767945347544e-4,98,2023-01-04,9.773176451486478e-5,batgod,Bar-tailed Godwit
batgod,state,ENG-2677,East Sussex,EU,Europe,postbreeding_migration,0.015896644933789773,2.528136095125231e-5,2.8680624814539715e-4,0.04384473879657258,1.7554240617648824e-4,147,2023-09-20,8.783749876023878e-5,batgod,Bar-tailed Godwit
batgod,state,ENG-2677,East Sussex,EU,Europe,prebreeding_migration,0.09901695160458232,5.605461935332678e-5,0.0014411733492438262,0.0982244835473668,0.00042407471381607096,98,2023-05-03,1.6136581122526097e-4,batgod,Bar-tailed Godwit
batgod,state,ENG-2678,Medway,EU,Europe,breeding,0.09392532757192218,1.6868421316621645e-4,9.158021339876704e-4,0.45346397305217295,9.706765704176834e-4,21,2023-06-21,2.0553233243609945e-4,batgod,Bar-tailed Godwit
batgod,state,ENG-2678,Medway,EU,Europe,nonbreeding,1.7308140253316904,3.4264678140238583e-4,0.0044019101745051735,0.5663959403683774,6.057742624744194e-4,98,2023-01-04,0.0014707992700283394,batgod,Bar-tailed Godwit
batgod,state,ENG-2678,Medway,EU,Europe,postbreeding_migration,0.4687451782635931,1.037020572137742e-4,0.0011764555718258758,0.4663742581027231,2.5974949640743933e-4,147,2023-07-19,2.764842850042899e-4,batgod,Bar-tailed Godwit
batgod,state,ENG-2678,Medway,EU,Europe,prebreeding_migration,0.5339372289363684,4.2048222579560266e-5,0.001081066617949271,0.4663742581027231,2.800997866609483e-4,98,2023-06-07,2.062603060591839e-4,batgod,Bar-tailed Godwit
batgod,state,ENG-2679,Southend-on-Sea,EU,Europe,breeding,0.016538944504463395,1.129789283044796e-5,6.133730104009778e-5,0.06066953327012516,4.939697471618227e-5,21,2023-06-28,3.4651815846058046e-5,batgod,Bar-tailed Godwit
batgod,state,ENG-2679,Southend-on-Sea,EU,Europe,nonbreeding,1.3033880670747175,9.81449438801148e-5,0.00126084717700812,0.6189356554592621,2.517874776911718e-4,98,2023-01-04,0.0011326807731884703,batgod,Bar-tailed Godwit
batgod,state,ENG-2679,Southend-on-Sea,EU,Europe,postbreeding_migration,0.08372946463772454,7.045743235674293e-6,7.993094939453632e-5,0.09340384210495968,1.9787130752483455e-5,147,2023-07-19,4.7607789337239234e-5,batgod,Bar-tailed Godwit
batgod,state,ENG-2679,Southend-on-Sea,EU,Europe,prebreeding_migration,0.16952037784606272,5.077819867139762e-6,1.305515718277433e-4,0.4429248472451998,1.011826828344788e-4,98,2023-03-08,5.4690410446281814e-5,batgod,Bar-tailed Godwit
batgod,state,ENG-2748,West Sussex,EU,Europe,breeding,0.006878739261298228,1.0000198528119952e-4,5.429199911747753e-4,0.05715582045043147,9.903763803066482e-4,21,2023-06-21,1.265217649641847e-4,batgod,Bar-tailed Godwit
batgod,state,ENG-2748,West Sussex,EU,Europe,nonbreeding,0.05413826172140776,8.675781603585268e-5,0.0011145591724604155,0.07783194942687668,6.738397810239003e-4,98,2023-02-15,1.5418958300704124e-4,batgod,Bar-tailed Godwit
batgod,state,ENG-2748,West Sussex,EU,Europe,postbreeding_migration,0.03519423710278106,6.302751243585799e-5,7.150202240504924e-4,0.07369672363158764,3.322587114277114e-4,147,2023-09-20,1.9727094170246556e-4,batgod,Bar-tailed Godwit
batgod,state,ENG-2748,West Sussex,EU,Europe,prebreeding_migration,0.10061643426197324,6.414080618923602e-5,0.0016490705234528424,0.11504898158447806,5.593311908397415e-4,98,2023-06-07,1.400688177344193e-4,batgod,Bar-tailed Godwit
batgod,state,ENG-2749,Northamptonshire,EU,Europe,prebreeding_migration,2.632025938842e-4,1.7939696184286257e-7,4.612324966718393e-6,0.019337922069298574,1.0052069721155586e-4,7,2023-04-19,1.4667449479069988e-6,batgod,Bar-tailed Godwit
batgod,state,ENG-2750,Warwickshire,EU,Europe,prebreeding_migration,1.9145095519493773e-4,1.1019616185763779e-7,2.8331611826164564e-6,0.017966490417708612,7.886656913882117e-5,14,2023-04-19,8.547460508319038e-7,batgod,Bar-tailed Godwit
batgod,state,ENG-2751,Oxfordshire,EU,Europe,prebreeding_migration,9.37866784927478e-4,7.189248790273884e-7,1.8483675167461875e-5,0.030950300643977625,1.8093725498080057e-4,21,2023-04-19,3.875770514435921e-6,batgod,Bar-tailed Godwit
batgod,state,ENG-2753,Hillingdon,EU,Europe,prebreeding_migration,5.523538555091362e-4,1.8315669173533768e-8,4.708988231653559e-7,0.005843606973520671,1.477771093080596e-6,21,2023-04-19,9.145375768371596e-7,batgod,Bar-tailed Godwit
batgod,state,ENG-2755,Surrey,EU,Europe,prebreeding_migration,0.0013549303502258434,6.679293886944461e-7,1.7172572845346185e-5,0.019479129735426617,7.323250660363672e-5,21,2023-04-26,3.237264010629467e-6,batgod,Bar-tailed Godwit
batgod,state,ENG-2757,Wiltshire,EU,Europe,prebreeding_migration,7.560475898031155e-5,7.038320858149515e-8,1.8095637007639429e-6,7.99101680970307e-4,5.673391319884291e-6,14,2023-04-19,1.053563533081488e-6,batgod,Bar-tailed Godwit
batgod,state,ENG-2758,Isle of Wight,EU,Europe,breeding,0.005826507090298155,2.759808525821279e-5,1.4983254745090053e-4,0.05076779732506727,2.8661507595299513e-4,21,2023-06-21,3.376753283932551e-5,batgod,Bar-tailed Godwit
batgod,state,ENG-2758,Isle of Wight,EU,Europe,nonbreeding,0.047610366853154,2.4858603662869727e-5,3.193531832977431e-4,0.0761516959876009,2.1480738937419447e-4,98,2023-02-15,4.151126478877066e-5,batgod,Bar-tailed Godwit
batgod,state,ENG-2758,Isle of Wight,EU,Europe,postbreeding_migration,0.022295531413576767,1.3009102575263786e-5,1.4758271552486226e-4,0.10153559465013454,1.491479920951564e-4,147,2023-07-19,5.1728746013592965e-5,batgod,Bar-tailed Godwit
batgod,state,ENG-2758,Isle of Wight,EU,Europe,prebreeding_migration,0.198731605035174,4.127654429655113e-5,0.0010612266442148494,0.17768729063773542,2.814579521923564e-4,98,2023-04-19,1.666322882942754e-4,batgod,Bar-tailed Godwit
batgod,state,ENG-2759,Portsmouth,EU,Europe,breeding,0.06898805036577314,5.9933404098204426e-5,3.2538397245388245e-4,0.5603481331583183,5.802204612803188e-4,21,2023-06-21,8.000918263939005e-5,batgod,Bar-tailed Godwit
batgod,state,ENG-2759,Portsmouth,EU,Europe,nonbreeding,0.6357947110611522,6.0885869734411366e-5,7.821877922523391e-4,0.6295477880579835,3.2570373613161e-4,98,2023-02-15,1.269975746786119e-4,batgod,Bar-tailed Godwit
batgod,state,ENG-2759,Portsmouth,EU,Europe,postbreeding_migration,0.3186033973878468,3.4096069169405026e-5,3.868053501486282e-4,0.6987474429576487,1.882537894333892e-4,147,2023-09-27,1.2176597909566576e-4,batgod,Bar-tailed Godwit
batgod,state,ENG-2759,Portsmouth,EU,Europe,prebreeding_migration,0.6229997552511554,2.373278296509441e-5,6.101736967847597e-4,0.6987474429576487,2.030026890820074e-4,98,2023-03-08,7.53682555349156e-5,batgod,Bar-tailed Godwit
batgod,state,ENG-2760,Peterborough,EU,Europe,prebreeding_migration,0.009352115852372684,8.521909081630552e-7,2.1909966377099277e-5,0.18066086239292928,1.2554859733091074e-4,14,2023-04-19,9.724164285387091e-6,batgod,Bar-tailed Godwit
batgod,state,ENG-2762,Rutland,EU,Europe,prebreeding_migration,0.0017646151278164586,2.096437436106544e-7,5.389974628548602e-6,0.06521416668400379,5.908736527047119e-5,14,2023-04-19,9.73737510691597e-7,batgod,Bar-tailed Godwit
batgod,state,ENG-2763,Nottingham,EU,Europe,prebreeding_migration,9.69605458998582e-5,2.327426735548726e-9,5.983851861427926e-8,0.01370822186580588,2.5094749180426707e-6,7,2023-04-19,1.524467489990027e-7,batgod,Bar-tailed Godwit
batgod,state,ENG-2764,Nottinghamshire,EU,Europe,prebreeding_migration,0.001553201509048785,9.467182656250696e-7,2.434028005901021e-5,0.07577517398190382,3.522416139028402e-4,21,2023-04-19,6.096368871010041e-6,batgod,Bar-tailed Godwit
batgod,state,ENG-2770,Newham,EU,Europe,prebreeding_migration,0.017111482198823448,2.043208656363976e-7,5.253122573066388e-6,0.11346424437074448,1.0332487366144583e-5,28,2023-05-03,1.2160235273460646e-6,batgod,Bar-tailed Godwit
batgod,state,ENG-2774,Warrington,EU,Europe,breeding,0.0016815732192759136,1.9854852569261502e-6,1.0779382380628092e-5,0.007238531581139939,1.01868847988847e-5,21,2023-06-21,1.6541667496610607e-5,batgod,Bar-tailed Godwit
batgod,state,ENG-2774,Warrington,EU,Europe,nonbreeding,0.02269111833220782,2.953325495897321e-6,3.794074322195117e-5,0.023377661358961705,1.6438073274172328e-5,98,2023-02-22,2.917737088925228e-5,batgod,Bar-tailed Godwit
batgod,state,ENG-2774,Warrington,EU,Europe,postbreeding_migration,0.02717337996884794,3.952331677655695e-6,4.483751575242957e-5,0.06098583610851915,2.2331006011338888e-5,147,2023-09-13,9.197055302663592e-5,batgod,Bar-tailed Godwit
batgod,state,ENG-2774,Warrington,EU,Europe,prebreeding_migration,0.005297731956521258,2.742878582331982e-7,7.051985293401043e-6,0.023377661358961705,9.230780697898745e-6,98,2023-06-07,1.637425621585302e-5,batgod,Bar-tailed Godwit
batgod,state,ENG-2776,Worcestershire,EU,Europe,prebreeding_migration,5.532242542398176e-4,2.894022140165905e-7,7.440577830417736e-6,0.01865428654257073,7.442177919082086e-5,14,2023-04-19,1.5399580695723045e-6,batgod,Bar-tailed Godwit
batgod,state,ENG-2777,Staffordshire,EU,Europe,prebreeding_migration,3.3768354738449534e-4,2.578363957765301e-7,6.629015527088141e-6,0.03162537714918773,1.8415808967097355e-4,14,2023-04-19,1.7970790532945464e-6,batgod,Bar-tailed Godwit
batgod,state,ENG-3409,Kent,EU,Europe,breeding,0.01087205059856912,2.870151797942617e-4,0.0015582318535252377,0.06578571954756814,0.0020699748446363435,21,2023-06-21,3.708685369820712e-4,batgod,Bar-tailed Godwit
batgod,state,ENG-3409,Kent,EU,Europe,nonbreeding,0.1867545667304806,5.434619736533685e-4,0.0069817401508642,0.11292245330697837,0.0017753037513033388,98,2023-01-04,0.0019068568646143365,batgod,Bar-tailed Godwit
batgod,state,ENG-3409,Kent,EU,Europe,postbreeding_migration,0.058265061036005664,1.894787209773851e-4,0.0021495552067666863,0.09467743938521092,7.751189006401825e-4,147,2023-07-19,4.5113011730728736e-4,batgod,Bar-tailed Godwit
batgod,state,ENG-3409,Kent,EU,Europe,prebreeding_migration,0.130085935885576,1.5058768790073837e-4,0.003871633864086012,0.11517244823549368,0.0010167834903306752,98,2023-05-03,3.965839560280987e-4,batgod,Bar-tailed Godwit
batgod,state,ENG-5662,North Tyneside,EU,Europe,breeding,0.017288615362017944,1.109182098243649e-5,6.021851799204974e-5,0.1838111844798244,1.405576896284324e-4,14,2023-06-21,1.8057641416732448e-5,batgod,Bar-tailed Godwit
batgod,state,ENG-5662,North Tyneside,EU,Europe,nonbreeding,0.022836546787253848,1.6150188737072926e-6,2.074780327161864e-5,0.1838111844798244,7.022852343027362e-5,21,2023-11-29,6.413320856557898e-6,batgod,Bar-tailed Godwit
batgod,state,ENG-5662,North Tyneside,EU,Europe,postbreeding_migration,0.0442056323433262,3.49364750221572e-6,3.963393958043208e-5,0.1838111844798244,3.657151863332717e-5,84,2023-09-20,2.160108448333176e-5,batgod,Bar-tailed Godwit
batgod,state,ENG-5662,North Tyneside,EU,Europe,prebreeding_migration,0.005906380190382477,1.661612521010062e-7,4.272032723931836e-6,0.1838111844798244,3.943674466646032e-5,14,2023-05-03,1.0950432230877032e-06,batgod,Bar-tailed Godwit
batgod,state,ENG-5663,South Tyneside,EU,Europe,breeding,0.03266290034846019,2.5415429170289845e-5,1.3798270646363887e-4,0.2114427041817052,1.9609902894777447e-4,21,2023-06-21,3.87229335666005e-5,batgod,Bar-tailed Godwit
batgod,state,ENG-5663,South Tyneside,EU,Europe,nonbreeding,0.04601939946198959,3.947191331263756e-6,5.070872579247746e-5,0.2114427041817052,9.797930860644208e-5,42,2023-12-13,1.3154779524507344e-5,batgod,Bar-tailed Godwit
batgod,state,ENG-5663,South Tyneside,EU,Europe,postbreeding_migration,0.07072957411203508,6.7795767555775155e-6,7.691140429623963e-5,0.2114427041817052,5.102274596359186e-5,147,2023-07-05,3.1246047589499024e-5,batgod,Bar-tailed Godwit
batgod,state,ENG-5663,South Tyneside,EU,Europe,prebreeding_migration,0.020713472399449533,7.067426972997015e-7,1.8170469300681768e-5,0.2114427041817052,5.502016541676163e-5,77,2023-06-07,2.407357023915161e-5,batgod,Bar-tailed Godwit
batgod,state,ENG-5664,Sunderland,EU,Europe,breeding,0.00902022124738997,9.765963913685256e-6,5.30203178159102e-5,0.07014352985475986,9.051604700522066e-5,21,2023-06-21,2.431256536174471e-5,batgod,Bar-tailed Godwit
batgod,state,ENG-5664,Sunderland,EU,Europe,nonbreeding,0.0024866792625700997,2.9677152431742697e-7,3.8125605238421047e-6,0.014616930422690006,9.424386080655154e-6,21,2023-02-15,5.943434958653635e-6,batgod,Bar-tailed Godwit
batgod,state,ENG-5664,Sunderland,EU,Europe,postbreeding_migration,0.002292433806845151,3.057409190840824e-7,3.4685002154794003e-6,0.07014352985475986,2.3551250083986348e-5,56,2023-07-05,1.869492917706403e-5,batgod,Bar-tailed Godwit
batgod,state,ENG-5664,Sunderland,EU,Europe,prebreeding_migration,0.002717818859843263,1.2902805512988445e-7,3.317332211032427e-6,0.014616930422690006,5.292252910171886e-6,63,2023-06-07,1.3405960022332051e-5,batgod,Bar-tailed Godwit
batgod,state,ENG-5666,Knowsley,EU,Europe,breeding,0.02893893980973609,2.8760542077969374e-5,1.5614363262134618e-4,0.11260814687363568,1.3339031537089384e-4,21,2023-06-21,1.3684913822837442e-4,batgod,Bar-tailed Godwit
batgod,state,ENG-5666,Knowsley,EU,Europe,nonbreeding,0.32862098885834595,3.600097631462726e-5,4.624968700504889e-4,0.11260814687363568,6.664740230975922e-5,98,2023-01-04,2.0430338509346764e-4,batgod,Bar-tailed Godwit
batgod,state,ENG-5666,Knowsley,EU,Europe,postbreeding_migration,0.1876965627283343,2.2978919700791763e-5,2.606860350012913e-4,0.11260814687363568,3.470664904202607e-5,147,2023-09-13,2.622226994202796e-4,batgod,Bar-tailed Godwit
batgod,state,ENG-5666,Knowsley,EU,Europe,prebreeding_migration,0.10889492225619044,4.745563597282391e-6,1.2200920927561605e-4,0.11260814687363568,3.742577031656369e-5,98,2023-06-07,1.281162939236976e-4,batgod,Bar-tailed Godwit
batgod,state,ENG-5667,Sefton,EU,Europe,breeding,0.4830169120416763,6.98509256086419e-4,0.003792271104254107,0.41639567047483583,7.177216888972132e-4,21,2023-06-14,9.253431760465706e-4,batgod,Bar-tailed Godwit
batgod,state,ENG-5667,Sefton,EU,Europe,nonbreeding,2.9169956892233193,4.649969938210024e-4,0.005973717277709521,0.41639567047483583,3.5860389124479117e-4,98,2023-12-27,7.805570829415965e-4,batgod,Bar-tailed Godwit
batgod,state,ENG-5667,Sefton,EU,Europe,postbreeding_migration,2.220384581302403,3.955458827788352e-4,0.004487299193579898,0.41639567047483583,1.8674305325048487e-4,147,2023-07-19,0.0021556623036068407,batgod,Bar-tailed Godwit
batgod,state,ENG-5667,Sefton,EU,Europe,prebreeding_migration,1.065077902835272,6.753935684364271e-5,0.0017364478116351657,0.4986634235842567,2.4115919648904572e-4,98,2023-06-07,9.364979779044292e-4,batgod,Bar-tailed Godwit
batgod,state,ENG-5668,Liverpool,EU,Europe,breeding,0.5460685444239798,5.061782191338578e-4,0.002748088185372085,0.3915908234768414,4.326421579711168e-4,21,2023-06-21,7.89686388770234e-4,batgod,Bar-tailed Godwit
batgod,state,ENG-5668,Liverpool,EU,Europe,nonbreeding,6.645464615304434,6.790256387234152e-4,0.008723297664180724,0.3915908234768414,2.161661877647467e-4,98,2023-12-27,0.0019815941877448606,batgod,Bar-tailed Godwit
batgod,state,ENG-5668,Liverpool,EU,Europe,postbreeding_migration,2.8320442347304704,3.23381493824409e-4,0.0036686250056818417,0.3915908234768414,1.125685886245741e-4,147,2023-09-13,0.0013867645702383,batgod,Bar-tailed Godwit
batgod,state,ENG-5668,Liverpool,EU,Europe,prebreeding_migration,0.7900689415162258,3.2113452635736464e-5,8.25642072406305e-4,0.3915908234768414,1.2138786829064364e-4,98,2023-06-07,6.1770590097682e-4,batgod,Bar-tailed Godwit
batgod,state,ENG-5669,Merseyside,EU,Europe,nonbreeding,0.010072799003475364,1.0284966802797102e-6,1.3212877654471168e-5,0.03438855810289388,1.8969729033719025e-5,28,2023-02-22,8.379165164857637e-6,batgod,Bar-tailed Godwit
batgod,state,ENG-5669,Merseyside,EU,Europe,postbreeding_migration,0.016592019696923407,1.89324268918873e-6,2.147803014093768e-5,0.03438855810289388,9.878490461423612e-6,105,2023-09-13,1.7613097838243758e-5,batgod,Bar-tailed Godwit
batgod,state,ENG-5669,Merseyside,EU,Europe,prebreeding_migration,0.0013307788908749347,5.405300188989097e-8,1.3897114398246962e-6,0.03438855810289388,1.065242900966687e-5,21,2023-06-07,7.0296181134276715e-6,batgod,Bar-tailed Godwit
batgod,state,ENG-5670,Blackpool,EU,Europe,breeding,0.3030059649420564,3.7771464342975015e-4,0.0020506475976534086,0.5671812012841062,8.427029399326584e-4,21,2023-06-14,4.591064580476414e-4,batgod,Bar-tailed Godwit
batgod,state,ENG-5670,Blackpool,EU,Europe,nonbreeding,1.4106995999650485,1.9384371161009428e-4,0.0024902688503537166,0.5671812012841062,4.21049771935421e-4,98,2023-01-04,3.864886597904047e-4,batgod,Bar-tailed Godwit
batgod,state,ENG-5670,Blackpool,EU,Europe,postbreeding_migration,0.9030145638952428,1.386648020181831e-4,0.0015730929870960684,0.5671812012841062,2.1926175900854208e-4,147,2023-07-19,7.838947937219981e-4,batgod,Bar-tailed Godwit
batgod,state,ENG-5670,Blackpool,EU,Europe,prebreeding_migration,0.6668983977763512,3.645339957071676e-5,9.372228115493464e-4,0.6154077694440991,2.5654414325607e-4,98,2023-06-07,4.214069853126826e-4,batgod,Bar-tailed Godwit
batgod,state,ENG-5674,Leeds,EU,Europe,prebreeding_migration,1.1238428289203503e-4,1.810849195340453e-8,4.655722632553034e-7,0.01636017762363144,2.0104139442311172e-5,7,2023-04-26,1.5518926353582505e-7,batgod,Bar-tailed Godwit
batgod,state,ENG-5689,Doncaster,EU,Europe,prebreeding_migration,0.004336897047323343,8.16515089435213e-7,2.0992735295055212e-5,0.11537215108028848,1.656558815731491e-4,28,2023-04-19,3.4024800589393353e-6,batgod,Bar-tailed Godwit
batgod,state,ENG-5697,Central Bedfordshire,EU,Europe,prebreeding_migration,0.0011156264193817108,2.266395376175879e-7,5.8269392472473605e-6,0.05273775421268338,8.170700369002068e-5,14,2023-04-19,2.0246256024805137e-6,batgod,Bar-tailed Godwit
batgod,state,ENG-5698,Bedford,EU,Europe,prebreeding_migration,0.001480324336167723,1.8819776897929665e-7,4.838595144683859e-6,0.05056805017873672,4.902917298551987e-5,14,2023-04-19,1.7570737423916372e-6,batgod,Bar-tailed Godwit
batgod,state,ENG-5699,Reading,EU,Europe,prebreeding_migration,0.006272818003722715,8.373395456326724e-8,2.152813543924499e-6,0.1194817257735898,1.2163573102799663e-5,14,2023-04-19,6.997254739506504e-7,batgod,Bar-tailed Godwit
batgod,state,ENG-5701,Wokingham,EU,Europe,prebreeding_migration,9.740393109834492e-4,5.4662804708776625e-8,1.405389569138754e-6,0.018553048690166545,7.940566339511509e-6,14,2023-04-19,6.997254739506504e-7,batgod,Bar-tailed Godwit
batgod,state,ENG-5703,Royal Borough of Windsor and Maidenhead,EU,Europe,prebreeding_migration,3.280510209290387e-5,1.8686755578406374e-9,4.8043951478254665e-8,0.0019579197703327132,8.505662982638508e-7,7,2023-04-26,3.785215607324381e-7,batgod,Bar-tailed Godwit
batgod,state,ENG-5704,Slough,EU,Europe,prebreeding_migration,0.02066691935002384,3.120543996634065e-7,8.022969194999847e-6,0.34379473468076543,3.958900202920958e-5,21,2023-04-26,1.6777084895675483e-6,batgod,Bar-tailed Godwit
batgod,state,ENG-5706,Cheshire East,EU,Europe,prebreeding_migration,2.3021345006678145e-4,7.592190092529534e-8,1.9519643786676088e-6,0.015986681987698533,4.0208278884622344e-5,14,2023-04-26,4.408800331480041e-7,batgod,Bar-tailed Godwit
batgod,state,ENG-5707,Cheshire West and Chester,EU,Europe,breeding,0.03308277413403996,2.1110618308582525e-4,0.0011461149169749957,0.04979465110615095,3.7872307283123326e-4,21,2023-06-21,2.883933283491546e-4,batgod,Bar-tailed Godwit
batgod,state,ENG-5707,Cheshire West and Chester,EU,Europe,nonbreeding,0.25199295253565174,1.7725233228581576e-4,0.0022771229361918982,0.04979465110615095,1.892259488913322e-4,98,2023-01-04,4.485101612374229e-4,batgod,Bar-tailed Godwit
batgod,state,ENG-5707,Cheshire West and Chester,EU,Europe,postbreeding_migration,0.15130294133598005,1.1893378537157843e-4,0.0013492530258131794,0.04979465110615095,9.853945345524986e-5,147,2023-09-13,4.954750756111192e-4,batgod,Bar-tailed Godwit
batgod,state,ENG-5707,Cheshire West and Chester,EU,Europe,prebreeding_migration,0.0672186155149139,1.880850663898946e-5,4.8356975428428184e-4,0.05802925513757836,1.2383189391888726e-4,98,2023-06-07,2.591476352458218e-4,batgod,Bar-tailed Godwit
batgod,state,ENG-5988,Isles of Scilly,EU,Europe,nonbreeding,0.931014362308714,1.1105354276723396e-4,0.0014266811957817762,0.4444444444444444,2.8640985249892595e-4,98,2023-01-04,2.085693523313607e-4,batgod,Bar-tailed Godwit
batgod,state,ENG-5988,Isles of Scilly,EU,Europe,postbreeding_migration,0.09265066993733248,1.2350339853322876e-5,1.401093336502776e-4,0.3333333333333333,1.1186099407136733e-4,91,2023-10-04,5.1436037397374185e-5,batgod,Bar-tailed Godwit
batgod,state,ENG-5988,Isles of Scilly,EU,Europe,prebreeding_migration,0.20567006348735756,9.759067176205886e-6,2.5090719890854835e-4,0.5,1.8093725498080057e-4,77,2023-03-08,1.1341070895592096e-4,batgod,Bar-tailed Godwit
batgod,state,ERI-1562,Debub,AF,Africa,nonbreeding,0.05711282242883983,0.0016803950729476125,0.021194959663943684,0.03134655376741579,0.004982668713594904,35,2023-02-22,0.0014595099341511869,batgod,Bar-tailed Godwit
batgod,state,ERI-1562,Debub,AF,Africa,prebreeding_migration,0.013550372895961107,1.5859526310391198e-4,0.008678176221366539,0.01580570099784027,0.0014108261295135377,7,2023-03-29,1.9772982201714785e-4,batgod,Bar-tailed Godwit
batgod,state,ERI-1565,Debubawi Keyih Bahri,AF,Africa,nonbreeding,0.0033943752996401185,6.171056484040823e-5,7.783603711342293e-4,0.0010935159538862636,1.0740369468709724e-4,7,2023-02-22,6.0834093851167574e-5,batgod,Bar-tailed Godwit
batgod,state,ESP-5803,Alicante,EU,Europe,nonbreeding,8.880243426875791e-4,4.1866253471231506e-6,5.378468356514477e-5,0.011912716545393585,3.0342018613897315e-4,56,2023-01-04,2.463188356676935e-5,batgod,Bar-tailed Godwit
batgod,state,ESP-5803,Alicante,EU,Europe,postbreeding_migration,0.0020394237672897086,1.074486618848968e-5,1.2189592025078096e-4,0.030883037353959503,4.096218610797245e-4,126,2023-10-11,3.400628290650453e-5,batgod,Bar-tailed Godwit
batgod,state,ESP-5803,Alicante,EU,Europe,prebreeding_migration,3.3081447099929666e-4,6.204187505211119e-7,1.595106663709982e-5,0.04775033661992671,6.829636996561038e-4,49,2023-05-10,3.369776451037541e-6,batgod,Bar-tailed Godwit
batgod,state,ESP-5804,Almería,EU,Europe,nonbreeding,4.203681788109853e-4,2.9044730513076975e-6,3.731314627792507e-5,0.02205940782745613,8.234283259344121e-4,35,2023-11-29,1.0322606199009512e-5,batgod,Bar-tailed Godwit
batgod,state,ESP-5804,Almería,EU,Europe,postbreeding_migration,0.0024954495754265817,1.926817687462293e-5,2.185892416420235e-4,0.02205940782745613,4.288004772735747e-4,112,2023-09-20,1.0723301735332084e-4,batgod,Bar-tailed Godwit
batgod,state,ESP-5804,Almería,EU,Europe,prebreeding_migration,6.658415921972166e-4,1.8300781107082933e-6,4.7051604856375754e-5,0.01918209376300533,4.020827888462234e-4,63,2023-05-24,1.174838924873818e-5,batgod,Bar-tailed Godwit
batgod,state,ESP-5805,Asturias,EU,Europe,breeding,2.9201387734672363e-4,2.2018214589835432e-5,1.1953891552436158e-4,0.008425403338787897,7.571978053616188e-4,21,2023-06-14,3.895409894877444e-5,batgod,Bar-tailed Godwit
batgod,state,ESP-5805,Asturias,EU,Europe,nonbreeding,0.001235637256865569,1.0270087255904924e-5,1.3193762217697289e-4,0.004438915922979751,1.9932165872929805e-4,98,2023-01-04,2.4240591298081175e-5,batgod,Bar-tailed Godwit
batgod,state,ESP-5805,Asturias,EU,Europe,postbreeding_migration,0.004115317147898566,3.822440696003075e-5,4.336395801210288e-4,0.04829027749686936,0.0011291892421720934,147,2023-09-20,1.1035981073728848e-4,batgod,Bar-tailed Godwit
batgod,state,ESP-5805,Asturias,EU,Europe,prebreeding_migration,0.002478073489590107,8.193293430110473e-6,2.106509021064106e-4,0.010817295788272783,2.727619583769275e-4,98,2023-06-07,4.798640728813879e-5,batgod,Bar-tailed Godwit
batgod,state,ESP-5808,Baleares,EU,Europe,nonbreeding,6.87870407885116e-6,3.7241933048086225e-8,4.784391767278679e-7,0.0012239902080783353,3.580123156236574e-5,7,2023-12-27,9.04499265826336e-7,batgod,Bar-tailed Godwit
batgod,state,ESP-5808,Baleares,EU,Europe,postbreeding_migration,2.440358985174388e-4,1.4765005506762026e-6,1.675026847409803e-5,0.0073439412484700125,1.1186099407136733e-4,84,2023-10-11,8.184483719407643e-6,batgod,Bar-tailed Godwit
batgod,state,ESP-5808,Baleares,EU,Europe,prebreeding_migration,3.070454825641476e-5,6.612862444244456e-8,1.7001776529403697e-6,0.0024479804161566705,4.0208278884622344e-5,63,2023-03-15,3.5170460487346385e-7,batgod,Bar-tailed Godwit
batgod,state,ESP-5809,Barcelona,EU,Europe,nonbreeding,3.639307699280827e-5,2.1662407442123774e-7,2.7829233163518418e-6,0.001113308662007736,3.580123156236574e-5,28,2023-12-20,1.0132197531281487e-6,batgod,Bar-tailed Godwit
batgod,state,ESP-5809,Barcelona,EU,Europe,postbreeding_migration,1.830900711579823e-4,1.2178871406316775e-6,1.3816409731367517e-5,0.004453234648030944,7.45739960475782e-5,105,2023-09-27,7.61339451504382e-6,batgod,Bar-tailed Godwit
batgod,state,ESP-5809,Barcelona,EU,Europe,prebreeding_migration,2.375032138272421e-4,5.623654393757588e-7,1.4458506597923012e-5,0.007793160634054152,1.407289760961782e-4,70,2023-05-10,1.2116613805037206e-6,batgod,Bar-tailed Godwit
batgod,state,ESP-5812,Cádiz,EU,Europe,breeding,0.030075683731835907,0.001633989512490972,0.008871079601137222,0.04502030802634049,0.0029152932998178583,21,2023-06-21,0.0020745015334128923,batgod,Bar-tailed Godwit
batgod,state,ESP-5812,Cádiz,EU,Europe,nonbreeding,0.2975794534669763,0.001782137574437625,0.022894741602934924,0.04612684325945091,0.001492404170566305,98,2023-01-04,0.008641649554794134,batgod,Bar-tailed Godwit
batgod,state,ESP-5812,Cádiz,EU,Europe,postbreeding_migration,0.09493486070798646,6.353577184606402e-4,0.0072078621009874595,0.05276605465811344,8.89030785865581e-4,147,2023-11-22,0.0014798801765075352,batgod,Bar-tailed Godwit
batgod,state,ESP-5812,Cádiz,EU,Europe,prebreeding_migration,0.06118316433109986,1.457576668493071e-4,0.003747453239974856,0.058298730823665545,0.0010592033391419158,98,2023-06-07,0.0015382585025485503,batgod,Bar-tailed Godwit
batgod,state,ESP-5813,Cantabria,EU,Europe,breeding,5.549969330395905e-4,2.1328613887191423e-5,1.1579500977748248e-4,0.01877189858609706,8.598452278589854e-4,7,2023-06-14,6.668141547045269e-5,batgod,Bar-tailed Godwit
batgod,state,ESP-5813,Cantabria,EU,Europe,nonbreeding,0.025081624142057612,1.0625080623314994e-4,0.0013649814631056792,0.01877189858609706,4.2961477874838895e-4,98,2023-12-27,2.3355922549430413e-4,batgod,Bar-tailed Godwit
batgod,state,ESP-5813,Cantabria,EU,Europe,postbreeding_migration,0.01900127484185421,8.99525803836836e-5,0.001020473626423327,0.03285082252566985,3.915134792497856e-4,133,2023-09-27,3.49366069324038e-4,batgod,Bar-tailed Godwit
batgod,state,ESP-5813,Cantabria,EU,Europe,prebreeding_migration,0.026459935852225863,4.458887899810304e-5,0.0011463873062748768,0.05318704599394167,6.835407410385798e-4,98,2023-05-31,2.058890434601836e-4,batgod,Bar-tailed Godwit
batgod,state,ESP-5814,Castellón,EU,Europe,nonbreeding,6.825506056233945e-5,3.525324497921219e-7,4.5289092494372705e-6,0.0012830373209717658,3.580123156236574e-5,63,2023-01-18,1.131272683707788e-6,batgod,Bar-tailed Godwit
batgod,state,ESP-5814,Castellón,EU,Europe,postbreeding_migration,2.736623555689776e-4,1.5795508480850092e-6,1.791933010915305e-5,0.00792588966848155,1.1516914885282028e-4,119,2023-09-13,8.764474764952273e-6,batgod,Bar-tailed Godwit
batgod,state,ESP-5814,Castellón,EU,Europe,prebreeding_migration,1.2976307905226107e-4,2.6661008476515977e-7,6.854588493078082e-6,0.01049196431042508,1.6440045045671724e-4,63,2023-05-10,1.494277871483811e-6,batgod,Bar-tailed Godwit
batgod,state,ESP-5820,Gerona,EU,Europe,postbreeding_migration,1.1632773184916506e-4,5.987560404065763e-7,6.792631687610849e-6,0.007193846991936007,9.321749505947276e-5,84,2023-09-27,3.335560013138424e-6,batgod,Bar-tailed Godwit
batgod,state,ESP-5820,Gerona,EU,Europe,prebreeding_migration,1.79656476382342e-4,3.2916708817162576e-7,8.462939190273627e-6,0.010071385788710408,1.407289760961782e-4,49,2023-05-10,9.479228604663564e-7,batgod,Bar-tailed Godwit
batgod,state,ESP-5821,Granada,EU,Europe,nonbreeding,6.961026945030305e-6,6.595219840380481e-8,8.472738369130083e-7,6.994353372626156e-4,3.580123156236574e-5,0,2023-11-29,4.035822566339806e-7,batgod,Bar-tailed Godwit
batgod,state,ESP-5821,Granada,EU,Europe,postbreeding_migration,1.023480578807814e-5,1.0836520960645512e-7,1.2293570451624522e-6,0.0013988706745252312,3.72869980237891e-5,7,2023-11-08,6.921552484494144e-7,batgod,Bar-tailed Godwit
batgod,state,ESP-5821,Granada,EU,Europe,prebreeding_migration,1.9131231948723432e-5,7.210412105651745e-8,1.8538086394326096e-6,0.0013988706745252312,4.0208278884622344e-5,7,2023-05-24,3.355925670313916e-7,batgod,Bar-tailed Godwit
batgod,state,ESP-5823,Gipuzkoa,EU,Europe,breeding,2.351424010637333e-5,3.342574089353017e-7,1.8147142679113864e-6,8.79511018132692e-4,1.4901548999841388e-5,7,2023-06-14,5.024939698146896e-6,batgod,Bar-tailed Godwit
batgod,state,ESP-5823,Gipuzkoa,EU,Europe,nonbreeding,7.117000338925796e-4,1.115197044888956e-6,1.4326698760698227e-5,0.005108620308487015,4.324667112422263e-5,98,2023-01-04,8.345764573800094e-6,batgod,Bar-tailed Godwit
batgod,state,ESP-5823,Gipuzkoa,EU,Europe,postbreeding_migration,0.002589161989664213,4.533860502985418e-6,5.1434712038769366e-5,0.04379566303045241,1.93067699218787e-4,126,2023-09-27,3.195871753345908e-5,batgod,Bar-tailed Godwit
batgod,state,ESP-5823,Gipuzkoa,EU,Europe,prebreeding_migration,0.0020406444398946553,1.2719884035083604e-6,3.2703028025729613e-5,0.032239308982902115,1.532577001011285e-4,98,2023-06-07,1.975674214944337e-5,batgod,Bar-tailed Godwit
batgod,state,ESP-5824,Huelva,EU,Europe,breeding,0.018269152924631583,0.0012863621481708691,0.0069837786136810985,0.03414887606840032,0.0028659017158131793,21,2023-06-21,0.0015851403120682231,batgod,Bar-tailed Godwit
batgod,state,ESP-5824,Huelva,EU,Europe,nonbreeding,0.07589633938235438,5.890744688471191e-4,0.007567714155511717,0.03495452866345382,0.0014657073165978954,98,2023-01-04,0.002038348718266706,batgod,Bar-tailed Godwit
batgod,state,ESP-5824,Huelva,EU,Europe,postbreeding_migration,0.04471114621982118,3.878104271991142e-4,0.004399543752059441,0.036662120841868213,8.005543973901416e-4,147,2023-07-05,0.0011100782255921435,batgod,Bar-tailed Godwit
batgod,state,ESP-5824,Huelva,EU,Europe,prebreeding_migration,0.024811900320222572,7.660737598269048e-5,0.0019695880534991573,0.039271652603643514,9.247205393114076e-4,98,2023-06-07,9.343775059480852e-4,batgod,Bar-tailed Godwit
batgod,state,ESP-5827,La Coruña,EU,Europe,breeding,9.45086116662908e-4,5.902150386505794e-5,3.204331820756714e-4,0.030041804781844643,0.002236170656327772,14,2023-06-14,1.435971487690103e-4,batgod,Bar-tailed Godwit
batgod,state,ESP-5827,La Coruña,EU,Europe,nonbreeding,0.03142770323503004,2.163495821929796e-4,0.0027793969731962267,0.028121824070526144,0.0010458787495407312,98,2023-12-27,3.42755871081638e-4,batgod,Bar-tailed Godwit
batgod,state,ESP-5827,La Coruña,EU,Europe,postbreeding_migration,0.032039725690686936,2.464827405300859e-4,0.002796241475304264,0.054971057305931874,0.0010646366181119478,133,2023-09-13,0.0011411931761567543,batgod,Bar-tailed Godwit
batgod,state,ESP-5827,La Coruña,EU,Europe,prebreeding_migration,0.031282805596977714,8.566635752951746e-5,0.002202495937402285,0.07047233203921478,0.0014717837936452905,98,2023-03-15,2.5220127766025814e-4,batgod,Bar-tailed Godwit
batgod,state,ESP-5829,Las Palmas,EU,Europe,nonbreeding,0.06546979846526488,2.932859321165757e-4,0.0037677818637002936,0.1272189349112426,0.003078905914363454,98,2023-03-01,6.354851720854401e-4,batgod,Bar-tailed Godwit
batgod,state,ESP-5829,Las Palmas,EU,Europe,postbreeding_migration,0.024343054732665993,1.2186517345961752e-4,0.001382508372351276,0.31952662721893493,0.004026995786569223,105,2023-09-06,8.009928143364171e-4,batgod,Bar-tailed Godwit
batgod,state,ESP-5829,Las Palmas,EU,Europe,prebreeding_migration,0.04048061293423088,7.213706955914527e-5,0.0018546557507756623,0.121301775147929,0.001648539434269516,77,2023-03-08,6.538584571134133e-4,batgod,Bar-tailed Godwit
batgod,state,ESP-5830,León,EU,Europe,prebreeding_migration,1.084980004587264e-5,4.97140045194766e-8,1.278155114140556e-6,0.001217648905276294,4.255002927455173e-5,14,2023-05-03,3.806370629998862e-7,batgod,Bar-tailed Godwit
batgod,state,ESP-5832,Lugo,EU,Europe,breeding,3.189371641751764e-4,2.1486137691109203e-5,1.16650221021463e-4,0.004847851441627923,3.892624984503616e-4,14,2023-06-14,4.482493728458673e-5,batgod,Bar-tailed Godwit
batgod,state,ESP-5832,Lugo,EU,Europe,nonbreeding,0.00476238082922185,3.5365668931808204e-5,4.543352115025122e-4,0.002872599920074442,1.1524639109986913e-4,98,2023-01-11,7.074483189976007e-5,batgod,Bar-tailed Godwit
batgod,state,ESP-5832,Lugo,EU,Europe,postbreeding_migration,0.00918731405049279,7.624311392160854e-5,8.649455815667022e-4,0.014473431679408883,3.023800700287398e-4,140,2023-09-20,3.056811822169512e-4,batgod,Bar-tailed Godwit
batgod,state,ESP-5832,Lugo,EU,Europe,prebreeding_migration,0.005580563224273991,1.6485304629830193e-5,4.238398540702446e-4,0.008417338136807753,1.8963324879622945e-4,98,2023-06-07,4.92996455561508e-5,batgod,Bar-tailed Godwit
batgod,state,ESP-5834,Málaga,EU,Europe,breeding,1.0300239437522986e-4,5.380947819188767e-6,2.9213661451730417e-5,0.001150767378307837,7.165376898824878e-5,14,2023-06-21,9.59800023645849e-6,batgod,Bar-tailed Godwit
batgod,state,ESP-5834,Málaga,EU,Europe,nonbreeding,3.656494543689379e-5,2.1056244724665553e-7,2.7050508839167755e-6,0.002301534756615674,7.160246312473149e-5,14,2023-11-29,1.1131217619536317e-6,batgod,Bar-tailed Godwit
batgod,state,ESP-5834,Málaga,EU,Europe,postbreeding_migration,2.5127610242445025e-4,1.6170426862037648e-6,1.834465900848124e-5,0.001150767378307837,1.864349901189455e-5,112,2023-09-13,7.562236544894497e-6,batgod,Bar-tailed Godwit
batgod,state,ESP-5834,Málaga,EU,Europe,prebreeding_migration,1.6724104529378258e-4,3.831069683412001e-7,9.849742252333536e-6,0.002301534756615674,4.0208278884622344e-5,70,2023-06-07,5.348959747338283e-6,batgod,Bar-tailed Godwit
batgod,state,ESP-5835,Melilla,EU,Europe,postbreeding_migration,0.00519726833740644,1.5405622366858e-7,1.7477020955885247e-6,0.05400977737155977,4.030380782587063e-6,28,2023-09-27,9.019213445833051e-6,batgod,Bar-tailed Godwit
batgod,state,ESP-5836,Murcia,EU,Europe,nonbreeding,0.001918949817030888,1.671806340320266e-5,2.1477339752436957e-4,0.016372751317493037,7.706167607319992e-4,63,2023-01-04,7.828531357185979e-5,batgod,Bar-tailed Godwit
batgod,state,ESP-5836,Murcia,EU,Europe,postbreeding_migration,0.0025957274907052108,2.527177548496344e-5,2.866975051220949e-4,0.023979186722217515,5.877338334905515e-4,119,2023-10-04,1.0833556795578434e-4,batgod,Bar-tailed Godwit
batgod,state,ESP-5836,Murcia,EU,Europe,prebreeding_migration,2.3829871634749975e-4,8.258577367043922e-7,2.1232936270658265e-5,0.021697256100800172,5.734679109942744e-4,42,2023-05-10,2.7976069424889677e-6,batgod,Bar-tailed Godwit
batgod,state,ESP-5839,Palencia,EU,Europe,prebreeding_migration,4.4732801943956626e-5,1.0507806440408513e-7,2.701574067513604e-6,0.0033666658428212746,6.031241832693351e-5,14,2023-05-03,6.542542177313383e-7,batgod,Bar-tailed Godwit
batgod,state,ESP-5840,Pontevedra,EU,Europe,breeding,1.1790172042302994e-4,4.038507009785279e-6,2.192542661974632e-5,0.013675631089308644,5.583263342139303e-4,7,2023-06-14,1.3085941074330024e-5,batgod,Bar-tailed Godwit
batgod,state,ESP-5840,Pontevedra,EU,Europe,nonbreeding,0.06757458103373164,2.5514589768517584e-4,0.003277804969907741,0.03926413122965509,8.009320183625332e-4,98,2023-12-27,5.591974382164647e-4,batgod,Bar-tailed Godwit
batgod,state,ESP-5840,Pontevedra,EU,Europe,postbreeding_migration,0.054376414193198025,2.294405107988304e-4,0.0026029046538143907,0.054209379082328334,5.758422858381485e-4,133,2023-09-20,6.230333242828219e-4,batgod,Bar-tailed Godwit
batgod,state,ESP-5840,Pontevedra,EU,Europe,prebreeding_migration,0.036318501070784395,5.454994696441545e-5,0.0014024879782385663,0.07400078955253933,8.476636066261614e-4,98,2023-03-15,2.860999024560091e-4,batgod,Bar-tailed Godwit
batgod,state,ESP-5842,Santa Cruz de Tenerife,EU,Europe,nonbreeding,0.005328712659282284,2.019862764069855e-5,2.594874644925332e-4,0.026223776223776224,5.370184734354861e-4,98,2023-02-01,1.0202965997703452e-4,batgod,Bar-tailed Godwit
batgod,state,ESP-5842,Santa Cruz de Tenerife,EU,Europe,postbreeding_migration,0.006968393006404353,2.951797118836381e-5,3.34868782804954e-4,0.20104895104895104,0.0021440023863678733,91,2023-09-13,3.979574543335794e-4,batgod,Bar-tailed Godwit
batgod,state,ESP-5842,Santa Cruz de Tenerife,EU,Europe,prebreeding_migration,2.138654317159753e-4,3.224789282552659e-7,8.290985514766836e-6,0.0034965034965034965,4.0208278884622344e-5,21,2023-03-08,9.865568415649011e-6,batgod,Bar-tailed Godwit
batgod,state,ESP-5844,Sevilla,EU,Europe,breeding,0.0037762383831653106,3.5356677508132853e-4,0.0019195465956708064,0.01435007386628105,0.0016014235784250416,21,2023-06-21,5.614254883651718e-4,batgod,Bar-tailed Godwit
batgod,state,ESP-5844,Sevilla,EU,Europe,nonbreeding,0.013838994958208846,1.4283055565895853e-4,0.0018349137079652115,0.013065920327352829,7.28535996724183e-4,98,2023-01-04,0.0010945761680658803,batgod,Bar-tailed Godwit
batgod,state,ESP-5844,Sevilla,EU,Europe,postbreeding_migration,0.004254112800848262,4.906591289950718e-5,5.566318370941745e-4,0.013707997096816938,3.980287755043044e-4,112,2023-07-05,4.260187156836456e-4,batgod,Bar-tailed Godwit
batgod,state,ESP-5844,Sevilla,EU,Europe,prebreeding_migration,0.004452400894923536,1.8279824603025872e-5,4.699772534476943e-4,0.019486688021993943,6.101499258257751e-4,98,2023-06-07,2.515289325285355e-4,batgod,Bar-tailed Godwit
batgod,state,ESP-5846,Tarragona,EU,Europe,nonbreeding,0.026635717349210317,1.3398582144010724e-4,0.0017212872924786645,0.07904243973518307,0.0021480738937419445,98,2023-01-04,3.1382328549883e-4,batgod,Bar-tailed Godwit
batgod,state,ESP-5846,Tarragona,EU,Europe,postbreeding_migration,0.01476673255688168,8.301052536241037e-5,9.417189755598158e-4,0.07377294375283754,0.001044035944666095,147,2023-09-20,4.194791730332381e-4,batgod,Bar-tailed Godwit
batgod,state,ESP-5846,Tarragona,EU,Europe,prebreeding_migration,0.01882350681850809,3.766657826603335e-5,9.684138324452344e-4,0.07245556975725115,0.0011057276693271145,91,2023-03-15,1.7763036938868188e-4,batgod,Bar-tailed Godwit
batgod,state,ESP-5849,Valencia,EU,Europe,nonbreeding,1.0146732653041157e-4,8.319777928874891e-7,1.0688241390987995e-5,0.007273786086139653,3.222110840612917e-4,49,2023-01-11,3.0960647806312695e-6,batgod,Bar-tailed Godwit
batgod,state,ESP-5849,Valencia,EU,Europe,postbreeding_migration,0.001807485539191982,1.656207151316773e-5,1.878896314706547e-4,0.03824911721098668,8.823295508496209e-4,126,2023-09-13,9.696108433734228e-5,batgod,Bar-tailed Godwit
batgod,state,ESP-5849,Valencia,EU,Europe,prebreeding_migration,5.479918912764759e-4,1.787396227967506e-6,4.595424673297389e-5,0.03744091875697116,9.313522536433116e-4,42,2023-05-17,1.060743598099066e-5,batgod,Bar-tailed Godwit
batgod,state,ESP-5850,Valladolid,EU,Europe,prebreeding_migration,3.378060955716355e-6,8.045108815633007e-9,2.068410516495415e-7,8.75220224984097e-4,1.589653802543884e-5,0,2023-05-03,1.304162184535797e-7,batgod,Bar-tailed Godwit
batgod,state,ESP-5851,Bizkaia,EU,Europe,breeding,5.38986429834396e-5,8.809512699417368e-7,4.782765605675361e-6,0.0036781119816293568,7.165376898824878e-5,7,2023-06-14,2.754191115998876e-6,batgod,Bar-tailed Godwit
batgod,state,ESP-5851,Bizkaia,EU,Europe,nonbreeding,0.005005328952706891,9.01802031599904e-6,1.158525850452192e-4,0.014712447926517429,1.4320492624946297e-4,98,2023-03-01,1.7460774924295118e-5,batgod,Bar-tailed Godwit
batgod,state,ESP-5851,Bizkaia,EU,Europe,postbreeding_migration,0.00668818270497679,1.3466074740299473e-5,1.5276686966962842e-4,0.03408663064636568,1.727772476608549e-4,133,2023-09-27,5.028222124506477e-5,batgod,Bar-tailed Godwit
batgod,state,ESP-5851,Bizkaia,EU,Europe,prebreeding_migration,0.00947035351109919,6.787439376021433e-6,1.7450616650650205e-4,0.04413734377955228,2.4124967330773405e-4,98,2023-05-31,2.7292877331293323e-5,batgod,Bar-tailed Godwit
batgod,state,ESP-5852,Zamora,EU,Europe,prebreeding_migration,1.2679689594120478e-4,3.957221525828895e-7,1.0174080683932293e-5,0.01612697133665291,3.838445004308552e-4,14,2023-05-03,3.3996520064449426e-6,batgod,Bar-tailed Godwit
batgod,state,EST-1654,Harju,EU,Europe,postbreeding_migration,0.022138093901475177,9.953075305351716e-5,0.001129133906731048,0.17627012544919013,0.0019951031893986164,105,2023-07-19,7.592788189296187e-4,batgod,Bar-tailed Godwit
batgod,state,EST-1654,Harju,EU,Europe,prebreeding_migration,0.08185617302755036,1.3100123259133774e-4,0.0033680629233908605,0.07899870966452947,9.64194635468268e-4,49,2023-05-31,0.002707286179967118,batgod,Bar-tailed Godwit
batgod,state,EST-1655,Ida-Viru,EU,Europe,postbreeding_migration,0.0026821980387699957,8.296085992503638e-6,9.411555423734776e-5,0.03044600717371453,2.370731304232775e-4,84,2023-08-09,1.679040699348689e-5,batgod,Bar-tailed Godwit
batgod,state,EST-1655,Ida-Viru,EU,Europe,prebreeding_migration,0.002890482674671647,3.182435832758967e-6,8.18209410885707e-5,0.004568346786879844,3.8359162529213954e-5,21,2023-05-24,5.503959069215457e-5,batgod,Bar-tailed Godwit
batgod,state,EST-1658,Lääne-Viru,EU,Europe,postbreeding_migration,0.007302146478557973,2.226929477568246e-5,2.526356431432938e-4,0.0707357506706726,5.430808322011818e-4,91,2023-07-26,8.969961307373982e-5,batgod,Bar-tailed Godwit
batgod,state,EST-1658,Lääne-Viru,EU,Europe,prebreeding_migration,0.04383270279951144,4.7584011857752455e-5,0.0012233926575656083,0.026934621210147665,2.229946502208313e-4,42,2023-05-31,5.136468212657034e-4,batgod,Bar-tailed Godwit
batgod,state,EST-1660,Hiiu,EU,Europe,postbreeding_migration,0.07572634161773081,1.099159928544478e-4,0.0012469500191285743,0.5051020408163265,0.0018457064021775607,105,2023-07-19,7.772066792861652e-4,batgod,Bar-tailed Godwit
batgod,state,EST-1660,Hiiu,EU,Europe,prebreeding_migration,0.5558537119923501,2.8719792764881355e-4,0.007383905270618202,0.3622448979591837,0.0014273939004040932,49,2023-05-31,0.003257870014338252,batgod,Bar-tailed Godwit
batgod,state,EST-1661,Lääne,EU,Europe,postbreeding_migration,0.06388485151855519,1.6490831287354498e-4,0.0018708144151909631,0.3113966341873001,0.0020236162465012684,105,2023-07-19,0.0011917216948761885,batgod,Bar-tailed Godwit
batgod,state,EST-1661,Lääne,EU,Europe,prebreeding_migration,0.42313406309393486,3.8880292887914216e-4,0.009996186320999564,0.18523179442698276,0.001298039298822273,49,2023-05-31,0.004575004258578812,batgod,Bar-tailed Godwit
batgod,state,EST-2346,Pärnu,EU,Europe,postbreeding_migration,0.02124988152673604,9.398938980376236e-5,0.0010662695061025595,0.144010758591225,0.0016035660007247964,98,2023-07-19,6.383011833286764e-4,batgod,Bar-tailed Godwit
batgod,state,EST-2346,Pärnu,EU,Europe,prebreeding_migration,0.0581147802289429,9.149888409494397e-5,0.002352451140770381,0.05772048809362565,6.930745637292011e-4,49,2023-05-24,0.0011875239336270203,batgod,Bar-tailed Godwit
batgod,state,EST-2352,Saare,EU,Europe,postbreeding_migration,0.08757899430873498,3.359599848600804e-4,0.00381132261710504,0.4768339768339768,0.0046049442559379546,105,2023-07-19,0.0029522490978679435,batgod,Bar-tailed Godwit
batgod,state,EST-2352,Saare,EU,Europe,prebreeding_migration,0.2154984357389244,2.942649945941402e-4,0.00756560070725526,0.26640926640926643,0.0027743712430389417,49,2023-05-24,0.001722355244225013,batgod,Bar-tailed Godwit
batgod,state,FIN-3176,Lapland,EU,Europe,breeding,0.0013641858666540686,8.934643263927933e-4,0.004850700141963554,0.006106090598660203,0.00476658071876035,21,2023-06-14,0.001855004041515948,batgod,Bar-tailed Godwit
batgod,state,FIN-3176,Lapland,EU,Europe,postbreeding_migration,0.00173604296294392,1.4006285578958464e-4,0.001588953310345847,0.003318136226728387,6.739478699006247e-4,91,2023-07-19,8.459995120480183e-4,batgod,Bar-tailed Godwit
batgod,state,FIN-3176,Lapland,EU,Europe,prebreeding_migration,0.002351138620665409,6.752236177812298e-5,0.0017360108657459912,0.01202778808980324,0.0026343648599276904,42,2023-06-07,0.0015210669815813,batgod,Bar-tailed Godwit
batgod,state,FIN-3180,Northern Ostrobothnia,EU,Europe,breeding,0.004733068499293197,0.0012136319227753778,0.006588919519445865,0.025706716348404296,0.007856531280355234,21,2023-06-28,0.0013845505213284663,batgod,Bar-tailed Godwit
batgod,state,FIN-3180,Northern Ostrobothnia,EU,Europe,postbreeding_migration,0.012766304644302132,4.032443049992018e-4,0.0045746345074468954,0.03320919518623244,0.002640772410392588,105,2023-07-19,0.0027593539441562688,batgod,Bar-tailed Godwit
batgod,state,FIN-3180,Northern Ostrobothnia,EU,Europe,prebreeding_migration,0.015679582296561512,1.762967914671666e-4,0.004532619083864992,0.0296924082310005,0.0025461038288059675,56,2023-06-07,6.866149642674903e-4,batgod,Bar-tailed Godwit
batgod,state,FIN-3181,Central Ostrobothnia,EU,Europe,breeding,0.00660706776860359,2.538609802233114e-4,0.0013782346495912162,0.05977676347457812,0.002737534652166284,21,2023-06-28,5.314218728049825e-4,batgod,Bar-tailed Godwit
batgod,state,FIN-3181,Central Ostrobothnia,EU,Europe,postbreeding_migration,0.03633852753145424,1.7199402254714904e-4,0.0019511987667633515,0.06290602461286776,7.495625042997997e-4,105,2023-07-19,0.001247283028731018,batgod,Bar-tailed Godwit
batgod,state,FIN-3181,Central Ostrobothnia,EU,Europe,prebreeding_migration,0.0731559628583451,1.2325445903529938e-4,0.00316889211962147,0.07072917745859188,9.088082991020016e-4,56,2023-05-24,4.5768048861601936e-4,batgod,Bar-tailed Godwit
batgod,state,FIN-3182,Ostrobothnia,EU,Europe,breeding,0.004926263750847946,3.4810665309223225e-4,0.0018899030903564108,0.08308174782760264,0.0069974583935977115,7,2023-06-28,0.001026147584141669,batgod,Bar-tailed Godwit
batgod,state,FIN-3182,Ostrobothnia,EU,Europe,postbreeding_migration,0.11777867817723375,0.001025227334268857,0.011630766468811978,0.24387437936357112,0.005344280721522981,105,2023-07-19,0.00572592016935995,batgod,Bar-tailed Godwit
batgod,state,FIN-3182,Ostrobothnia,EU,Europe,prebreeding_migration,0.2498699334771909,7.74237821272069e-4,0.01990577987802692,0.23111305940039903,0.005461420746286758,56,2023-05-10,0.0034586679415686524,batgod,Bar-tailed Godwit
batgod,state,FIN-3187,Kymenlaakso,EU,Europe,postbreeding_migration,0.011375226526095286,5.969670753829135e-5,6.772336643072328e-4,0.09017254195066672,0.001191335881125043,91,2023-07-26,1.6862648188375803e-4,batgod,Bar-tailed Godwit
batgod,state,FIN-3187,Kymenlaakso,EU,Europe,prebreeding_migration,0.10047642905462888,1.8769875745595156e-4,0.004825765477535868,0.09368483727841236,0.0013347111247093782,42,2023-05-24,0.002261282924733752,batgod,Bar-tailed Godwit
batgod,state,FIN-3191,Finland Proper,EU,Europe,breeding,6.222489075998789e-4,6.007524916841059e-5,3.2615406240807653e-4,0.013699043515830933,0.0015763829177414732,7,2023-06-28,1.7514999719455142e-4,batgod,Bar-tailed Godwit
batgod,state,FIN-3191,Finland Proper,EU,Europe,postbreeding_migration,0.021111584072828253,2.510794081101485e-4,0.002848388706822037,0.12390804650406964,0.003709875793714076,112,2023-07-19,0.0015987012762811378,batgod,Bar-tailed Godwit
batgod,state,FIN-3191,Finland Proper,EU,Europe,prebreeding_migration,0.13456304750323975,5.696695026147578e-4,0.01464629524768417,0.11830389233850244,0.003819591842207346,63,2023-05-31,0.005759129950009945,batgod,Bar-tailed Godwit
batgod,state,FIN-3192,Satakunta,EU,Europe,breeding,0.004549761707698671,2.763043370762933e-4,0.001500081701630133,0.08052350119981597,0.005828566255298821,7,2023-06-28,8.108675813217161e-4,batgod,Bar-tailed Godwit
batgod,state,FIN-3192,Satakunta,EU,Europe,postbreeding_migration,0.03177907985152352,2.3773832918891704e-4,0.002697039861362809,0.09438237650554256,0.0017775359010207378,112,2023-07-19,0.0018557379637592665,batgod,Bar-tailed Godwit
batgod,state,FIN-3192,Satakunta,EU,Europe,prebreeding_migration,0.15546515846994685,4.13997618185786e-4,0.010643945866780129,0.08745293885267927,0.0017760694529452632,63,2023-05-24,0.0023380504541540403,batgod,Bar-tailed Godwit
batgod,state,FIN-3193,Uusimaa,EU,Europe,postbreeding_migration,0.012744896536650396,1.2041883474393233e-4,0.001366100277019978,0.10316229927158126,0.0024538539118273465,105,2023-07-19,8.567847523253813e-4,batgod,Bar-tailed Godwit
batgod,state,FIN-3193,Uusimaa,EU,Europe,prebreeding_migration,0.3541261640781755,0.0011910308262196505,0.030621595591545907,0.1368652704453608,0.00351058113271939,49,2023-05-31,0.012883699275482486,batgod,Bar-tailed Godwit
batgod,state,FJI-2617,Central,OC,Oceania,breeding,3.263551219755211e-4,1.1663158822301397e-5,1.9225942462625875e-5,0.0016821830235544915,7.165376898824878e-5,7,2023-06-28,3.400405697312289e-5,batgod,Bar-tailed Godwit
batgod,state,FJI-2617,Central,OC,Oceania,nonbreeding,0.03016307098046559,1.1882445806278251e-4,1.7458140621215705e-4,0.016821830235544916,3.5801231562365747e-4,70,2023-01-11,5.194861359317163e-4,batgod,Bar-tailed Godwit
batgod,state,FJI-2617,Central,OC,Oceania,postbreeding_migration,0.009243763899736772,4.0694286477508254e-5,1.1520081554744016e-4,0.026914928376871865,2.982959841903128e-4,49,2023-11-22,3.815193199787406e-4,batgod,Bar-tailed Godwit
batgod,state,FJI-2620,Western,OC,Oceania,nonbreeding,0.00974988190572522,6.122063881190027e-5,8.994768743099141e-5,0.0042214827762980115,1.4320492624946297e-4,77,2023-12-27,2.4521443604587584e-4,batgod,Bar-tailed Godwit
batgod,state,FJI-2620,Western,OC,Oceania,postbreeding_migration,0.004066484553288124,2.853460966731421e-5,8.077817771345638e-5,0.006332224164447017,1.1186099407136733e-4,84,2023-11-22,9.787297816341976e-5,batgod,Bar-tailed Godwit
batgod,state,FRA-5270,Aube,EU,Europe,postbreeding_migration,0.00034983466879955235,1.7718950954809991e-6,2.0101393489932457e-5,0.025573897614020097,3.2609314297530543e-4,21,2023-09-20,2.534223420758064e-5,batgod,Bar-tailed Godwit
batgod,state,FRA-5271,Aude,EU,Europe,postbreeding_migration,5.722398169533829e-4,3.0650548569108355e-6,3.4771738972655226e-5,0.02327298432141389,3.138208830390876e-4,70,2023-09-20,2.069092508456031e-5,batgod,Bar-tailed Godwit
batgod,state,FRA-5271,Aude,EU,Europe,prebreeding_migration,6.089642514745178e-4,1.1610712142328485e-6,2.9851329111331147e-5,0.04124683019163588,5.997612537836108e-4,49,2023-05-17,5.901073257358946e-6,batgod,Bar-tailed Godwit
batgod,state,FRA-5273,Bas-Rhin,EU,Europe,postbreeding_migration,1.9795629375848385e-4,7.553236729833728e-7,8.568824645218763e-6,0.05525926958766392,5.308092800265847e-4,21,2023-09-27,1.619999271262597e-5,batgod,Bar-tailed Godwit
batgod,state,FRA-5274,Bouches-du-Rhône,EU,Europe,postbreeding_migration,0.006905005352724016,3.396322919147362e-5,3.8529833730435573e-4,0.19566051919244792,0.002422800989872282,56,2023-09-06,2.2078684517418595e-4,batgod,Bar-tailed Godwit
batgod,state,FRA-5274,Bouches-du-Rhône,EU,Europe,prebreeding_migration,0.004085772252279218,7.1536220582434514e-6,1.8392078261952137e-4,0.20140535422411115,0.0026893270269790835,35,2023-05-24,5.118852488586544e-5,batgod,Bar-tailed Godwit
batgod,state,FRA-5275,Calvados,EU,Europe,nonbreeding,0.01797228557016472,7.88366274556605e-5,0.0010127973509642006,0.03372197041865712,7.991569936804007e-4,98,2023-02-08,1.435380138950178e-4,batgod,Bar-tailed Godwit
batgod,state,FRA-5275,Calvados,EU,Europe,postbreeding_migration,0.010438937305360434,5.1172345509474354e-5,5.805284158820296e-4,0.024657758395903475,3.043001817271515e-4,147,2023-09-20,1.8667409308845915e-4,batgod,Bar-tailed Godwit
batgod,state,FRA-5275,Calvados,EU,Europe,prebreeding_migration,0.028697742431442783,5.007646324872649e-5,0.001287473986819061,0.041275480437618486,5.492863663271939e-4,98,2023-05-03,1.2855077771245483e-4,batgod,Bar-tailed Godwit
batgod,state,FRA-5278,Charente-Maritime,EU,Europe,nonbreeding,0.5570548656724095,0.00321353637746714,0.0412836169603565,0.11825712267706565,0.003685589747786651,84,2023-01-11,0.02014510752590237,batgod,Bar-tailed Godwit
batgod,state,FRA-5278,Charente-Maritime,EU,Europe,postbreeding_migration,0.13640227547729034,8.793487922204448e-4,0.00997583668039989,0.14812412470041475,0.002404002625660478,133,2023-09-27,0.0024181866718816104,batgod,Bar-tailed Godwit
batgod,state,FRA-5278,Charente-Maritime,EU,Europe,prebreeding_migration,0.04973512325670856,1.1413258017796516e-4,0.002934367135670427,0.12400077691232508,0.0021701592817831715,35,2023-05-17,8.125300475142147e-4,batgod,Bar-tailed Godwit
batgod,state,FRA-5282,Côte-d'Or,EU,Europe,postbreeding_migration,1.6690213480824487e-5,1.2106353017955152e-7,1.373414071536141e-6,0.011230499753864072,2.0507848913084008e-4,7,2023-09-20,4.57627955409038e-6,batgod,Bar-tailed Godwit
batgod,state,FRA-5283,Côtes-d'Armor,EU,Europe,nonbreeding,0.050967199169768065,2.92774118158729e-4,0.003761206698863553,0.050283559418284746,0.001560494924659588,98,2023-03-01,5.709519989970088e-4,batgod,Bar-tailed Godwit
batgod,state,FRA-5283,Côtes-d'Armor,EU,Europe,postbreeding_migration,0.013244658654034982,8.502311082641669e-5,9.645508985372465e-4,0.02653318924626042,4.288004772735747e-4,147,2023-09-27,3.661612432359008e-4,batgod,Bar-tailed Godwit
batgod,state,FRA-5283,Côtes-d'Armor,EU,Europe,prebreeding_migration,0.01593154911759754,3.640500612740865e-5,9.359786082779946e-4,0.05265427264833202,9.17608625326066e-4,91,2023-03-08,5.070919038037974e-4,batgod,Bar-tailed Godwit
batgod,state,FRA-5287,Doubs,EU,Europe,postbreeding_migration,5.352505449094935e-6,2.2933469754205387e-8,2.601704247584732e-7,0.002434502295481378,2.625986093055785e-5,21,2023-09-13,5.1816845806015025e-07,batgod,Bar-tailed Godwit
batgod,state,FRA-5290,Eure,EU,Europe,nonbreeding,0.004335886103688084,1.935428009695217e-5,2.486403115485489e-4,0.008325112274458544,2.0076300628642504e-4,84,2023-02-08,5.3093361314827566e-5,batgod,Bar-tailed Godwit
batgod,state,FRA-5290,Eure,EU,Europe,postbreeding_migration,0.004251813193628745,2.12093636863053e-5,2.406111773867591e-4,0.007695061047190996,9.663514843725344e-5,119,2023-09-20,1.0420477839216456e-4,batgod,Bar-tailed Godwit
batgod,state,FRA-5290,Eure,EU,Europe,prebreeding_migration,0.007590412124803466,1.3478007740399396e-5,3.465217636022143e-4,0.009451834162419431,1.2799623804409543e-4,84,2023-05-31,5.267427798825292e-5,batgod,Bar-tailed Godwit
batgod,state,FRA-5292,Finistère,EU,Europe,nonbreeding,0.06655517636384013,4.208764102994655e-4,0.005406909544353103,0.06084126483026471,0.002078573637229004,98,2023-01-18,7.763058587548603e-4,batgod,Bar-tailed Godwit
batgod,state,FRA-5292,Finistère,EU,Europe,postbreeding_migration,0.03715473017446075,2.625676186324009e-4,0.0029787175512281947,0.06287558463329668,0.0011186099407136732,140,2023-09-20,0.001462429910933565,batgod,Bar-tailed Godwit
batgod,state,FRA-5292,Finistère,EU,Europe,prebreeding_migration,0.016512982525985334,4.153932696712737e-5,0.0010679828292687603,0.0817997930413636,0.001569303368148621,77,2023-03-08,4.855798152317201e-4,batgod,Bar-tailed Godwit
batgod,state,FRA-5293,Gard,EU,Europe,postbreeding_migration,0.0016992041717535035,8.292637020454411e-6,9.407642712171088e-5,0.05079591315715182,6.24087446869643e-4,56,2023-09-06,6.242478534850114e-5,batgod,Bar-tailed Godwit
batgod,state,FRA-5293,Gard,EU,Europe,prebreeding_migration,8.971609309534587e-4,1.5585628643931408e-6,4.007090386478928e-5,0.04890611406631217,6.479446306468651e-4,35,2023-05-17,1.1283790985595828e-5,batgod,Bar-tailed Godwit
batgod,state,FRA-5295,Gironde,EU,Europe,nonbreeding,0.1367387275655613,0.0010993288551790078,0.01412284350938282,0.08179321298724807,0.0035526121467585347,98,2023-01-11,0.00653289930622489,batgod,Bar-tailed Godwit
batgod,state,FRA-5295,Gironde,EU,Europe,postbreeding_migration,0.04441424315300763,3.990365405341812e-4,0.004526899215758325,0.09910280108349498,0.0022415370163551846,133,2023-08-16,9.369089929657028e-4,batgod,Bar-tailed Godwit
batgod,state,FRA-5295,Gironde,EU,Europe,prebreeding_migration,0.0201016700729206,6.428792704621477e-5,0.0016528530245319992,0.09003587398546088,0.0021960065636649727,49,2023-05-17,3.4017937109081094e-4,batgod,Bar-tailed Godwit
batgod,state,FRA-5296,Haute-Rhin,EU,Europe,postbreeding_migration,5.3386679464867874e-5,1.4981107416397925e-7,1.699542686584457e-6,0.027568032317586973,1.9475398920672148e-4,28,2023-09-13,2.8684619547302864e-6,batgod,Bar-tailed Godwit
batgod,state,FRA-5300,Haute-Marne,EU,Europe,postbreeding_migration,1.4233526855836844e-4,7.422043792078783e-7,8.419991857564565e-6,0.012140116475713374,1.5936884509057706e-4,21,2023-09-20,1.448852888890459e-5,batgod,Bar-tailed Godwit
batgod,state,FRA-5301,Haute-Saône,EU,Europe,postbreeding_migration,7.72858983886495e-6,3.3723538491725816e-8,3.825791486324102e-7,0.001700819985058332,1.868361082818219e-5,21,2023-09-13,7.802658372423688e-7,batgod,Bar-tailed Godwit
batgod,state,FRA-5302,Haute-Savoie,EU,Europe,postbreeding_migration,6.948732678475147e-5,2.6587076637967025e-7,3.0161903524073307e-6,0.04081105583243234,3.9310846716262784e-4,21,2023-09-20,5.338160722935469e-6,batgod,Bar-tailed Godwit
batgod,state,FRA-5307,Hérault,EU,Europe,postbreeding_migration,9.022120032070956e-4,4.78549466035827e-6,5.4289394139171145e-5,0.056935770980564335,7.602790540841103e-4,56,2023-09-06,3.2895936760186344e-5,batgod,Bar-tailed Godwit
batgod,state,FRA-5307,Hérault,EU,Europe,prebreeding_migration,0.0013376208511817534,2.5255626487007568e-6,6.493262505647828e-5,0.07708224679272088,0.0011099419060926518,42,2023-05-10,1.2542271476429576e-5,batgod,Bar-tailed Godwit
batgod,state,FRA-5308,Ille-et-Vilaine,EU,Europe,nonbreeding,0.014638546096782437,7.44751174215815e-5,9.567659610978164e-4,0.01808914237215777,4.971937533307226e-4,84,2023-01-25,1.5466202845994443e-4,batgod,Bar-tailed Godwit
batgod,state,FRA-5308,Ille-et-Vilaine,EU,Europe,postbreeding_migration,0.006481530826602103,3.685064980952484e-5,4.1805489166382e-4,0.013721034316539194,1.9639209121715784e-4,133,2023-09-06,1.0520381375855397e-4,batgod,Bar-tailed Godwit
batgod,state,FRA-5308,Ille-et-Vilaine,EU,Europe,prebreeding_migration,0.009059355322238278,1.8334612430233833e-5,4.713858573655515e-4,0.018017468419554764,2.7809230858409596e-4,63,2023-03-08,1.1694654865390374e-4,batgod,Bar-tailed Godwit
batgod,state,FRA-5312,Jura,EU,Europe,postbreeding_migration,6.624043370107784e-6,2.6968874035057755e-8,3.059503637329932e-7,0.004818939807772696,4.939246875052851e-5,14,2023-09-20,1.3771401481676976e-6,batgod,Bar-tailed Godwit
batgod,state,FRA-5313,Landes,EU,Europe,breeding,1.2226741354694367e-5,7.940868438128512e-7,4.311170633488717e-6,9.256391752652032e-4,7.165376898824878e-5,0,2023-06-14,2.4826196524739483e-6,batgod,Bar-tailed Godwit
batgod,state,FRA-5313,Landes,EU,Europe,nonbreeding,0.0012923411397343842,9.252071383625934e-6,1.1885938922917776e-4,0.014720184503671425,5.693371111974581e-4,42,2023-02-15,3.1923036189020014e-5,batgod,Bar-tailed Godwit
batgod,state,FRA-5313,Landes,EU,Europe,postbreeding_migration,0.001202570287121169,9.62114105717411e-6,1.0914773832019752e-4,0.03491895011093442,7.03310133457868e-4,105,2023-08-30,3.954359084580127e-5,batgod,Bar-tailed Godwit
batgod,state,FRA-5313,Landes,EU,Europe,prebreeding_migration,0.002801606049595322,7.97866186399576e-6,2.051326897528264e-4,0.036739410146705453,7.979504804407282e-4,98,2023-05-31,4.774989961741164e-5,batgod,Bar-tailed Godwit
batgod,state,FRA-5316,Loire-Atlantique,EU,Europe,nonbreeding,0.06465055967271532,3.4457447852462184e-4,0.004426674888596476,0.04012047368128391,0.0011552375724373286,77,2023-01-25,9.308720275711096e-4,batgod,Bar-tailed Godwit
batgod,state,FRA-5316,Loire-Atlantique,EU,Europe,postbreeding_migration,0.020588166427022905,1.2262606621410755e-4,0.0013911403758489157,0.04267435133714634,6.398845720792701e-4,126,2023-09-20,3.76019668996857e-4,batgod,Bar-tailed Godwit
batgod,state,FRA-5316,Loire-Atlantique,EU,Europe,prebreeding_migration,0.014936098683671,3.166716473869442e-5,8.141679382363279e-4,0.05635117975078162,9.111623947485552e-4,42,2023-05-17,1.3421690977103467e-4,batgod,Bar-tailed Godwit
batgod,state,FRA-5322,Manche,EU,Europe,breeding,5.028063324492437e-4,2.313374596162932e-5,1.2559523811462304e-4,0.006533167352576972,3.582688449412439e-4,21,2023-06-28,2.825736299747237e-5,batgod,Bar-tailed Godwit
batgod,state,FRA-5322,Manche,EU,Europe,nonbreeding,0.03824760524482547,1.9397868079134515e-4,0.002492002770660107,0.06517098125689036,0.0017856586745816413,98,2023-01-25,4.189881015895952e-4,batgod,Bar-tailed Godwit
batgod,state,FRA-5322,Manche,EU,Europe,postbreeding_migration,0.019958146327571338,1.131160583109046e-4,0.0012832533957211464,0.06125108084534417,8.73951640598352e-4,147,2023-09-06,4.021846433683212e-4,batgod,Bar-tailed Godwit
batgod,state,FRA-5322,Manche,EU,Europe,prebreeding_migration,0.04148727905206798,8.370008401643427e-5,0.002151942726675481,0.07431741555049812,0.0011434635029133793,98,2023-03-08,2.26082560886369e-4,batgod,Bar-tailed Godwit
batgod,state,FRA-5323,Marne,EU,Europe,postbreeding_migration,3.477912367215418e-4,2.3182525953354043e-6,2.6299586102327367e-5,0.0210631442609612,3.5345563232325834e-4,21,2023-09-20,3.9344109665187496e-5,batgod,Bar-tailed Godwit
batgod,state,FRA-5325,Meurthe-et-Moselle,EU,Europe,postbreeding_migration,5.9604614002642696e-5,2.562767996655818e-7,2.907350895409537e-6,0.015930562540844368,1.7243686104878307e-4,28,2023-09-13,4.755127943874516e-6,batgod,Bar-tailed Godwit
batgod,state,FRA-5326,Meuse,EU,Europe,postbreeding_migration,7.657314799334149e-5,3.91532653781813e-7,4.441770823734474e-6,0.009734114954791723,1.2530186687173344e-4,28,2023-09-20,6.58529282906116e-6,batgod,Bar-tailed Godwit
batgod,state,FRA-5327,Morbihan,EU,Europe,nonbreeding,0.06154961926475724,3.5659144634838085e-4,0.004581054313126911,0.05490339732891258,0.0017184591149935558,77,2023-01-25,8.336930660161773e-4,batgod,Bar-tailed Godwit
batgod,state,FRA-5327,Morbihan,EU,Europe,postbreeding_migration,0.017429049131776335,1.1284272165124796e-4,0.0012801525079964755,0.055985414262856935,9.125240910573022e-4,126,2023-09-20,5.528986030367926e-4,batgod,Bar-tailed Godwit
batgod,state,FRA-5327,Morbihan,EU,Europe,prebreeding_migration,0.01951933207826802,4.4985410890100675e-5,0.0011565822054904096,0.07543036748351348,0.0013257869201691076,49,2023-03-08,5.007886616894162e-4,batgod,Bar-tailed Godwit
batgod,state,FRA-5328,Moselle,EU,Europe,postbreeding_migration,1.2531647059992263e-4,6.30230564354973e-7,7.149696726285318e-6,0.02802538409494918,3.5482357264190686e-4,21,2023-09-13,8.863343627528692e-6,batgod,Bar-tailed Godwit
batgod,state,FRA-5330,Nord,EU,Europe,breeding,4.267779194713981e-4,1.6200747939302798e-5,8.795535312122084e-5,0.007995135015114271,3.617420223249547e-4,21,2023-06-14,3.966666267066883e-5,batgod,Bar-tailed Godwit
batgod,state,FRA-5330,Nord,EU,Europe,nonbreeding,0.022196405224189267,9.287959170153524e-5,0.001193204319741576,0.025318161394800615,5.723533794798298e-4,98,2023-02-08,1.904376818619505e-4,batgod,Bar-tailed Godwit
batgod,state,FRA-5330,Nord,EU,Europe,postbreeding_migration,0.01817040523708271,8.496823038401443e-5,9.6392830334499e-4,0.023782678009574197,2.799769647000782e-4,147,2023-08-30,5.29446466114185e-4,batgod,Bar-tailed Godwit
batgod,state,FRA-5330,Nord,EU,Europe,prebreeding_migration,0.027884342463881863,4.641509556563264e-5,0.0011933396302302262,0.02536635234666361,3.220161322165375e-4,98,2023-05-03,1.332235764326941e-4,batgod,Bar-tailed Godwit
batgod,state,FRA-5334,Pas-de-Calais,EU,Europe,breeding,0.00193772946572914,9.101123130895768e-5,4.9410835955028e-4,0.02130440091778485,0.0011926450497761402,21,2023-06-21,1.2018725769403218e-4,batgod,Bar-tailed Godwit
batgod,state,FRA-5334,Pas-de-Calais,EU,Europe,nonbreeding,0.02540588619404563,1.315348169251544e-4,0.00168979975984237,0.03926282123017048,0.0010982022107843335,98,2023-02-08,2.9850598431255514e-4,batgod,Bar-tailed Godwit
batgod,state,FRA-5334,Pas-de-Calais,EU,Europe,postbreeding_migration,0.02677833940210693,1.5493314103328697e-4,0.001757650348761687,0.04178379665528475,6.086087161093965e-4,147,2023-09-06,0.0012579349359663663,batgod,Bar-tailed Godwit
batgod,state,FRA-5334,Pas-de-Calais,EU,Europe,prebreeding_migration,0.0624315261840962,1.285794359700698e-4,0.003305798139718702,0.04434372112247224,6.964989508589656e-4,98,2023-05-03,4.2331085226138466e-4,batgod,Bar-tailed Godwit
batgod,state,FRA-5336,Pyrénées-Atlantiques,EU,Europe,breeding,3.558542651544957e-5,1.8983930129380805e-6,1.0306550564295303e-5,0.0020194415700630795,1.284059889766562e-4,7,2023-06-14,6.980120457055151e-6,batgod,Bar-tailed Godwit
batgod,state,FRA-5336,Pyrénées-Atlantiques,EU,Europe,nonbreeding,6.340608284562123e-4,3.7286309887767503e-6,4.790092765294944e-5,0.0037405270594465974,1.18835368276087e-4,98,2023-01-04,8.345764573800094e-6,batgod,Bar-tailed Godwit
batgod,state,FRA-5336,Pyrénées-Atlantiques,EU,Europe,postbreeding_migration,0.001364313541321079,8.965757292774611e-6,1.017126892765456e-4,0.018123535326802748,2.998370467831294e-4,126,2023-09-27,4.291162988295228e-5,batgod,Bar-tailed Godwit
batgod,state,FRA-5336,Pyrénées-Atlantiques,EU,Europe,prebreeding_migration,0.0014651034366231991,3.4272671336720765e-6,8.811559351877633e-5,0.01928795355874438,3.44101517986457e-4,98,2023-06-07,3.193352969029039e-5,batgod,Bar-tailed Godwit
batgod,state,FRA-5337,Pyrénées-Orientales,EU,Europe,postbreeding_migration,3.754583228277241e-4,1.3597390349343455e-6,1.542565891995799e-5,0.02445333040848706,2.229468959063077e-4,70,2023-09-27,7.716814842727633e-6,batgod,Bar-tailed Godwit
batgod,state,FRA-5337,Pyrénées-Orientales,EU,Europe,prebreeding_migration,5.42717221499895e-4,6.996394876022822e-7,1.7987844628030174e-5,0.04694681269718966,4.615593896910503e-4,49,2023-05-10,3.295334885649183e-6,batgod,Bar-tailed Godwit
batgod,state,FRA-5339,Saône-et-Loire,EU,Europe,postbreeding_migration,6.352879776728748e-6,4.543623916589474e-8,5.154547379840212e-7,0.004856769540983194,8.744778649242589e-5,7,2023-09-20,2.1841799732029303e-6,batgod,Bar-tailed Godwit
batgod,state,FRA-5342,Seien-et-Marne,EU,Europe,postbreeding_migration,1.6074142706395971e-4,7.798603497302612e-7,8.847182768948762e-6,0.011233568194122663,1.3720701971978272e-4,21,2023-09-20,1.428817795682006e-5,batgod,Bar-tailed Godwit
batgod,state,FRA-5343,Seine-Maritime,EU,Europe,breeding,7.663001148126055e-5,3.3929808605736365e-6,1.8420805683996156e-5,0.004073218783455242,2.1496130696474635e-4,7,2023-06-14,1.0607757326450078e-5,batgod,Bar-tailed Godwit
batgod,state,FRA-5343,Seine-Maritime,EU,Europe,nonbreeding,0.0081152769135506,3.9608682108589586e-5,5.088442974976898e-4,0.021808926123651907,5.750634491700898e-4,84,2023-02-08,1.249348026245303e-4,batgod,Bar-tailed Godwit
batgod,state,FRA-5343,Seine-Maritime,EU,Europe,postbreeding_migration,0.003381109007531124,1.8441682005719066e-5,2.0921301015991263e-4,0.013690812920863504,1.8799235007870035e-4,133,2023-09-20,1.0177704016827322e-4,batgod,Bar-tailed Godwit
batgod,state,FRA-5343,Seine-Maritime,EU,Europe,prebreeding_migration,0.026918785595441377,5.226412700101534e-5,0.001343719176480104,0.04250230509143603,6.293344258712132e-4,98,2023-05-03,1.7571669406238677e-4,batgod,Bar-tailed Godwit
batgod,state,FRA-5345,Somme,EU,Europe,breeding,0.002048153497719064,8.71967169765711e-5,4.733990098123531e-4,0.02450739444958667,0.0012435830958243185,21,2023-06-14,2.0339383271021551e-4,batgod,Bar-tailed Godwit
batgod,state,FRA-5345,Somme,EU,Europe,nonbreeding,0.03406471757479781,1.5986263034071694e-4,0.0020537211414619217,0.026761741780954744,6.78501750569653e-4,98,2023-02-08,2.970468795910773e-4,batgod,Bar-tailed Godwit
batgod,state,FRA-5345,Somme,EU,Europe,postbreeding_migration,0.02806547263498144,1.471867886014098e-4,0.0016697712871050557,0.028743654623010536,3.794967315210147e-4,147,2023-09-13,6.435912199144977e-4,batgod,Bar-tailed Godwit
batgod,state,FRA-5345,Somme,EU,Europe,prebreeding_migration,0.05498861673080564,1.026540634313234e-4,0.0026392526096072457,0.02817382850542937,4.011159988120775e-4,98,2023-05-03,3.276383922747048e-4,batgod,Bar-tailed Godwit
batgod,state,FRA-5348,Territoire de Belfort,EU,Europe,postbreeding_migration,5.6673830989016847e-5,3.0708116517449824e-8,3.483704735264742e-7,0.017077255904265492,2.3294762129145642e-05,21,2023-09-13,5.873362440917769e-7,batgod,Bar-tailed Godwit
batgod,state,FRA-5351,Var,EU,Europe,postbreeding_migration,8.906099162010357e-5,5.017065074834946e-7,5.691646164101938e-6,0.010516848521771512,1.491479920951564e-4,35,2023-09-06,5.841560709677117e-6,batgod,Bar-tailed Godwit
batgod,state,FRA-5351,Var,EU,Europe,prebreeding_migration,2.5210351919979836e-5,5.05531237876208e-8,1.2997290065340403e-6,0.009202242456550071,1.407289760961782e-4,7,2023-05-10,1.0131841438302654e-6,batgod,Bar-tailed Godwit
batgod,state,FRA-5353,Vendée,EU,Europe,nonbreeding,0.3277486845621788,0.0017908757565488949,0.02300699916620416,0.06564059677101147,0.0019377219351907331,77,2023-01-11,0.01342077232183103,batgod,Bar-tailed Godwit
batgod,state,FRA-5353,Vendée,EU,Europe,postbreeding_migration,0.07053224795101701,4.306917305323759e-4,0.004886013833646892,0.06806614004655843,0.0010463561112224087,133,2023-09-27,0.001398816753859994,batgod,Bar-tailed Godwit
batgod,state,FRA-5353,Vendée,EU,Europe,prebreeding_migration,0.03190422058456868,6.93479819860287e-5,0.001782947857198749,0.07170445495987887,0.0011886461690305294,35,2023-05-17,3.666965314004799e-4,batgod,Bar-tailed Godwit
batgod,state,FRA-5356,Yonne,EU,Europe,postbreeding_migration,2.276122246629764e-6,1.402995808324476e-8,1.5916388549063834e-7,7.695012313656886e-4,1.1940972375373694e-5,7,2023-09-20,8.280247209105397e-7,batgod,Bar-tailed Godwit
batgod,state,FRO-1443,Eysturoyar,EU,Europe,postbreeding_migration,6.299931300829535e-5,1.702889695761825e-7,1.931855668643159e-6,0.0027397260273972603,1.864349901189455e-5,7,2023-09-06,5.816250354167404e-6,batgod,Bar-tailed Godwit
batgod,state,GEO-3033,Kakheti,AS,Asia,prebreeding_migration,1.2035978791563724e-4,3.947022862257524e-7,4.59499428187631e-7,0.0014026488032929108,3.507986725585763e-5,7,2023-05-03,4.118904835933674e-7,batgod,Bar-tailed Godwit
batgod,state,GEO-3037,Kvemo Kartli,AS,Asia,prebreeding_migration,1.8176278402758596e-4,3.417063453113941e-7,3.9780329569427867e-7,0.0014382453834347476,2.062062544310349e-5,7,2023-05-03,5.336832069989482e-7,batgod,Bar-tailed Godwit
batgod,state,GGY-001,Sark,EU,Europe,breeding,0.013249734834748872,3.903033413370247e-5,2.1189927983761815e-4,0.1836734693877551,6.448839208942391e-4,21,2023-06-28,5.570979343493223e-5,batgod,Bar-tailed Godwit
batgod,state,GGY-001,Sark,EU,Europe,nonbreeding,0.1856196379783202,6.0273100604650015e-5,7.743156778379575e-4,0.16326530612244897,2.8640985249892595e-4,98,2023-02-22,1.0472909263486948e-4,batgod,Bar-tailed Godwit
batgod,state,GGY-001,Sark,EU,Europe,postbreeding_migration,0.03809791036444355,1.3824679609265184e-5,1.5683508883049737e-4,0.1836734693877551,1.6779149110705095e-4,147,2023-07-05,6.844706114031627e-5,batgod,Bar-tailed Godwit
batgod,state,GGY-001,Sark,EU,Europe,prebreeding_migration,0.126528513370728,1.6343655733767225e-5,4.2019803799316085e-4,0.2653061224489796,2.6135381275004525e-4,98,2023-03-08,5.301760746927809e-5,batgod,Bar-tailed Godwit
batgod,state,GIN-5628,Boffa,AF,Africa,nonbreeding,0.03361961751014777,1.3812445813912174e-4,0.0017421750194301076,0.01451671070933383,3.222110840612917e-4,7,2023-11-29,9.762877972748876e-5,batgod,Bar-tailed Godwit
batgod,state,GIN-5628,Boffa,AF,Africa,prebreeding_migration,0.3816935300167919,6.238121163432104e-4,0.03413438313793151,0.10973239874747652,0.0013677119706643358,35,2023-03-29,8.616739052700707e-4,batgod,Bar-tailed Godwit
batgod,state,GIN-5629,Boke,AF,Africa,nonbreeding,0.09815759580088296,8.46650237297591e-4,0.010678868272038924,0.08061733892301866,0.003756669726888864,63,2023-11-29,6.615845498210694e-4,batgod,Bar-tailed Godwit
batgod,state,GIN-5629,Boke,AF,Africa,postbreeding_migration,0.06727646615829946,6.484815143418148e-4,0.022747645646029692,0.06760173694310663,0.001640445734963134,28,2023-11-15,4.3196985153404806e-4,batgod,Bar-tailed Godwit
batgod,state,GIN-5629,Boke,AF,Africa,prebreeding_migration,0.4319372460798871,0.0014820469610367462,0.08109614653365006,0.11062580155323608,0.0028947996287157995,49,2023-03-15,0.002947335464082127,batgod,Bar-tailed Godwit
batgod,state,GIN-5630,Conakry,AF,Africa,prebreeding_migration,0.23076198844912468,1.705147139866442e-5,9.330396806003418e-4,0.10702577629648692,6.031241832693351e-5,7,2023-03-29,2.085664495531225e-5,batgod,Bar-tailed Godwit
batgod,state,GIN-5635,Dubréka,AF,Africa,prebreeding_migration,0.3442309271889137,3.94648773575209e-4,0.021594791266797725,0.08040491133145344,7.03014391893715e-4,7,2023-03-29,5.256625197056908e-4,batgod,Bar-tailed Godwit
batgod,state,GMB-2151,Central River,AF,Africa,nonbreeding,2.9292710061628197e-4,6.547321101441961e-7,8.258189332139037e-6,0.0029533545658668864,3.56626910943451e-5,7,2023-02-08,9.339315573210983e-6,batgod,Bar-tailed Godwit
batgod,state,GMB-2153,Banjul,AF,Africa,nonbreeding,1.3004837598674786,2.908758997302023e-4,0.003668841370250297,0.45265937462601213,5.46976616231295e-4,98,2023-01-25,9.737660159259414e-4,batgod,Bar-tailed Godwit
batgod,state,GMB-2153,Banjul,AF,Africa,postbreeding_migration,0.6984433855889016,1.7457752125385936e-4,0.006123887116929866,0.3180373055363565,2.0012657551111564e-4,63,2023-10-18,3.864602627899564e-4,batgod,Bar-tailed Godwit
batgod,state,GMB-2153,Banjul,AF,Africa,prebreeding_migration,1.5152403790255664,1.3481727040611e-4,0.007377067936141829,0.3341478141024906,2.267375172307057e-4,56,2023-04-05,2.504343720653476e-4,batgod,Bar-tailed Godwit
batgod,state,GMB-2154,Lower River,AF,Africa,nonbreeding,0.06877202965099019,8.365783718912671e-5,0.0010551831014869843,0.11196529018201258,7.358217747263674e-4,98,2023-01-25,2.8269003958729936e-4,batgod,Bar-tailed Godwit
batgod,state,GMB-2154,Lower River,AF,Africa,postbreeding_migration,0.1719617941226497,2.3376584944848584e-4,0.008200114559617748,0.19815326766173624,6.781408736138501e-4,63,2023-10-18,7.019794853118512e-4,batgod,Bar-tailed Godwit
batgod,state,GMB-2154,Lower River,AF,Africa,prebreeding_migration,0.09219783361293232,4.461456835840562e-5,0.002441265134134371,0.15009265702364188,5.539061568736704e-4,56,2023-03-08,1.775875891154087e-4,batgod,Bar-tailed Godwit
batgod,state,GMB-5512,West Coast,AF,Africa,nonbreeding,0.2712597640517068,3.825349201449207e-4,0.004824944046223278,0.2164955992765013,0.001649412244525888,98,2023-01-25,0.0010831101652451912,batgod,Bar-tailed Godwit
batgod,state,GMB-5512,West Coast,AF,Africa,postbreeding_migration,0.31152505973726513,4.909451819012059e-4,0.017221534897335015,0.19084384900716467,7.57160180031788e-4,63,2023-10-18,0.0013986570865370006,batgod,Bar-tailed Godwit
batgod,state,GMB-5512,West Coast,AF,Africa,prebreeding_migration,0.44508251571625823,2.4968211192894017e-4,0.01366235866214128,0.19298777442323967,8.256528045121275e-4,56,2023-03-15,5.366777872438328e-4,batgod,Bar-tailed Godwit
batgod,state,GMB-5513,North Bank,AF,Africa,nonbreeding,0.19478608118220575,0.00034573228798236996,0.004360749454862121,0.19016118299345175,0.0018234687508856952,98,2023-01-25,0.0010233327044445052,batgod,Bar-tailed Godwit
batgod,state,GMB-5513,North Bank,AF,Africa,postbreeding_migration,0.2445169816779308,4.85004037227465e-4,0.01701312949057917,0.2354296318435331,0.001175620188824379,70,2023-10-18,0.001520171383085453,batgod,Bar-tailed Godwit
batgod,state,GMB-5513,North Bank,AF,Africa,prebreeding_migration,0.27953009527813344,1.9736574614507367e-4,0.010799658776606895,0.19369707723429191,0.0010430065683844011,56,2023-04-05,4.3879413693862087e-4,batgod,Bar-tailed Godwit
batgod,state,GNB-5500,Biombo,AF,Africa,nonbreeding,0.8126928078275988,8.209645377511281e-4,0.010354892455523047,0.4799056684675734,0.002619077175611916,98,2023-01-18,0.0030406649688939445,batgod,Bar-tailed Godwit
batgod,state,GNB-5500,Biombo,AF,Africa,postbreeding_migration,0.610211091475516,6.888622507811142e-4,0.024164134263101857,0.42033592082691174,0.0011945886355432345,49,2023-10-18,0.001461951709299401,batgod,Bar-tailed Godwit
batgod,state,GNB-5500,Biombo,AF,Africa,prebreeding_migration,1.3780890120884983,5.537789451835501e-4,0.03030223715342975,0.4995857460058216,0.0015310521233829644,56,2023-03-22,0.001205232738802093,batgod,Bar-tailed Godwit
batgod,state,GNB-769,Bissau,AF,Africa,nonbreeding,0.43150080629205606,5.9097228534824955e-5,7.453981478589627e-4,0.29133067719697203,2.155589978546967e-4,98,2023-01-18,1.83392238796842e-4,batgod,Bar-tailed Godwit
batgod,state,GNB-769,Bissau,AF,Africa,postbreeding_migration,0.43050833192574117,6.589028278708166e-5,0.002311320787422137,0.29133067719697203,1.122523943487339e-4,49,2023-10-18,1.4615655614138925e-4,batgod,Bar-tailed Godwit
batgod,state,GNB-769,Bissau,AF,Africa,prebreeding_migration,0.7335140634173403,3.996272881723203e-5,0.002186721067043445,0.29133067719697203,1.210469015113767e-4,49,2023-04-05,1.0199486658344476e-4,batgod,Bar-tailed Godwit
batgod,state,GNB-770,Bolama,AF,Africa,nonbreeding,1.2232986538679038,0.0036412924386479777,0.04592791755000169,0.5112136790212505,0.008220911298148644,98,2023-02-01,0.005495164141221961,batgod,Bar-tailed Godwit
batgod,state,GNB-770,Bolama,AF,Africa,postbreeding_migration,0.2796730254390532,9.303105576007502e-4,0.03263373656308646,0.2596436418380285,0.0021743259327321658,42,2023-11-22,8.744832242378314e-4,batgod,Bar-tailed Godwit
batgod,state,GNB-770,Bolama,AF,Africa,prebreeding_migration,2.307190343537887,0.0027319180974905237,0.1494878611653716,0.470535250991744,0.004249102252775651,49,2023-03-15,0.006884870110152603,batgod,Bar-tailed Godwit
batgod,state,GNB-771,Cacheu,AF,Africa,nonbreeding,0.9400822706210727,0.0035729740651120087,0.045066212350604075,0.31865452802115685,0.006543024257544243,98,2023-01-18,0.009608769764435348,batgod,Bar-tailed Godwit
batgod,state,GNB-771,Cacheu,AF,Africa,postbreeding_migration,0.475327012612891,0.002018881390817408,0.07081897858922005,0.3110972245200236,0.003326473210618044,56,2023-10-18,0.004207526594628546,batgod,Bar-tailed Godwit
batgod,state,GNB-771,Cacheu,AF,Africa,prebreeding_migration,0.8538841553437972,0.0012909937649277484,0.07064190426285247,0.30158134203972176,0.003477366188440475,56,2023-03-15,0.00278392465873826,batgod,Bar-tailed Godwit
batgod,state,GNB-772,Oio,AF,Africa,nonbreeding,0.05305701617545767,2.167318480227338e-4,0.0027336564184731013,0.043260999969001034,9.547087440560988e-4,98,2023-01-18,9.471273706381364e-4,batgod,Bar-tailed Godwit
batgod,state,GNB-772,Oio,AF,Africa,postbreeding_migration,0.07127248775039764,3.2535399012370195e-4,0.011412873170899252,0.06793097371786355,7.806774656685103e-4,49,2023-10-18,8.465998534617617e-4,batgod,Bar-tailed Godwit
batgod,state,GNB-772,Oio,AF,Africa,prebreeding_migration,0.1016077441919053,1.6510792127520527e-4,0.00903454244677502,0.06086221287407362,7.542400789958748e-4,49,2023-03-15,4.815293139430938e-4,batgod,Bar-tailed Godwit
batgod,state,GNB-773,Quinara,AF,Africa,nonbreeding,0.4465707252874751,0.001092711165731285,0.01378245476606292,0.23827244508733825,0.003149802963838324,98,2023-01-18,0.004474541661744042,batgod,Bar-tailed Godwit
batgod,state,GNB-773,Quinara,AF,Africa,postbreeding_migration,0.25668441845740536,7.01889822573153e-4,0.02462111966700237,0.22829628732335008,0.0015715849893946235,49,2023-10-18,0.001246832061669321,batgod,Bar-tailed Godwit
batgod,state,GNB-773,Quinara,AF,Africa,prebreeding_migration,1.381824880656359,0.0013450218131093577,0.07359826571930585,0.31856922955479217,0.002364835369673885,49,2023-03-22,0.0028231688932566735,batgod,Bar-tailed Godwit
batgod,state,GNB-776,Bafatá,AF,Africa,nonbreeding,0.01543675012072112,6.835479305916938e-5,8.621645618044963e-4,0.010926806295780606,2.613971075125925e-4,91,2023-01-18,2.8387125536256843e-4,batgod,Bar-tailed Godwit
batgod,state,GNB-776,Bafatá,AF,Africa,postbreeding_migration,0.017938156154039393,8.876570496379962e-5,0.003113752292670915,0.010926806295780606,1.3612259978078477e-4,42,2023-10-18,1.8396412616693817e-4,batgod,Bar-tailed Godwit
batgod,state,GNB-776,Bafatá,AF,Africa,prebreeding_migration,0.020683225343490767,3.643280007297187e-5,0.0019935668511354603,0.01202572421924168,1.6154975165807647e-4,49,2023-03-15,1.1607139898423157e-4,batgod,Bar-tailed Godwit
batgod,state,GNB-778,Tombali,AF,Africa,nonbreeding,0.2799745077265781,7.489449168404723e-4,0.009446503122093093,0.21903687508537809,0.003165505390656575,98,2023-01-18,0.002446360668689308,batgod,Bar-tailed Godwit
batgod,state,GNB-778,Tombali,AF,Africa,postbreeding_migration,0.21703532101630665,6.48807876333597e-4,0.02275909387821088,0.2255389259109601,0.0016973710387432391,42,2023-10-25,0.0012802035694943344,batgod,Bar-tailed Godwit
batgod,state,GNB-778,Tombali,AF,Africa,prebreeding_migration,0.7881693968809262,8.387106237212586e-4,0.045893417299711206,0.2774110793227796,0.00225131956613024,49,2023-03-15,0.002317346127149329,batgod,Bar-tailed Godwit
batgod,state,GRC-2883,Ionioi Nisoi,EU,Europe,postbreeding_migration,0.001953894238266099,7.923667505571106e-6,8.989062547726e-5,0.2686479336440094,0.002742699833089913,49,2023-10-04,1.2035784453954768e-4,batgod,Bar-tailed Godwit
batgod,state,GRC-2884,Attiki,EU,Europe,postbreeding_migration,5.509376819860208e-4,2.8734218546229052e-6,3.259774436401779e-5,0.09379958112382666,0.0012315935241959378,56,2023-10-11,2.2698278816574187e-5,batgod,Bar-tailed Godwit
batgod,state,GRC-2885,Peloponnisos,EU,Europe,postbreeding_migration,2.8474387538207055e-4,4.359204412240124e-6,4.945331324465428e-5,0.033864971346506303,0.0013051882037606447,56,2023-10-04,3.448991332085478e-5,batgod,Bar-tailed Godwit
batgod,state,GRC-2886,Dytiki Ellada,EU,Europe,postbreeding_migration,0.003795901260433544,3.9732638716983734e-5,4.50749825585247e-4,0.12009305597837716,0.0031646084416939737,56,2023-10-04,2.523792006625074e-4,batgod,Bar-tailed Godwit
batgod,state,GRC-2900,Thessalia,EU,Europe,postbreeding_migration,3.0951916203430244e-4,4.055609373792842e-6,4.600915712898799e-5,0.03313813941130642,0.001093116078847066,56,2023-10-04,3.542926595650732e-5,batgod,Bar-tailed Godwit
batgod,state,GRC-2949,Ipeiros,EU,Europe,postbreeding_migration,0.0018972113036000277,1.4625248645710371e-5,1.6591720281031638e-4,0.05584914483258702,0.0010838611929624411,49,2023-10-04,9.944804496619352e-5,batgod,Bar-tailed Godwit
batgod,state,GRC-2988,Voreio Aigaio,EU,Europe,postbreeding_migration,2.4905545217735646e-4,1.425717193115252e-6,1.6174152960444842e-5,0.0258732212160414,3.7286998023789103e-4,49,2023-10-04,1.0396031722992324e-5,batgod,Bar-tailed Godwit
batgod,state,GRC-2989,Stereá Elláda,EU,Europe,postbreeding_migration,7.218869810663044e-4,1.1130587236106511e-05,1.262717608833722e-4,0.060488360185115,0.00234795767487392,56,2023-10-04,8.976418350507508e-5,batgod,Bar-tailed Godwit
batgod,state,GRC-2991,Kentriki Makedonia,EU,Europe,postbreeding_migration,8.011587302135837e-4,1.3932731666226146e-5,1.5806089329257206e-4,0.05962632171775526,0.0026105096745303808,42,2023-10-04,1.3315910037125053e-4,batgod,Bar-tailed Godwit
batgod,state,GRC-2992,Ayion Oros,EU,Europe,postbreeding_migration,3.9096874172110847e-4,2.2835779384632867e-7,2.5906216921673006e-6,0.07607383106489743,1.1186099407136733e-4,21,2023-10-11,3.3680566003070898e-6,batgod,Bar-tailed Godwit
batgod,state,GRC-3001,Anatoliki Makedonia kai Thraki,EU,Europe,postbreeding_migration,0.0014345911835724064,1.816986377217974e-5,2.0612934833137247e-4,0.06746620455707765,0.0021511930049860546,49,2023-10-04,1.2997659839466977e-4,batgod,Bar-tailed Godwit
batgod,state,GRC-3013,Notio Aigaio,EU,Europe,postbreeding_migration,4.982925736794849e-5,5.634836138556741e-7,6.392481065120438e-6,0.007203667321545514,2.0507848913084008e-4,28,2023-09-27,4.709028656923167e-6,batgod,Bar-tailed Godwit
batgod,state,HKG-5156,Southern,AS,Asia,prebreeding_migration,0.04069117902285047,2.155234732718314e-6,2.5090534356007306e-6,0.19908127245015872,8.041655776924469e-5,42,2023-04-12,4.926968442215795e-6,batgod,Bar-tailed Godwit
batgod,state,HKG-5162,Sai Kung,AS,Asia,prebreeding_migration,0.025303131431455017,2.2237100386113246e-6,2.588770136012279e-6,0.11998330656063974,8.041655776924469e-5,35,2023-04-05,5.7461829942778786e-6,batgod,Bar-tailed Godwit
batgod,state,HKG-5166,Tuen Mun,AS,Asia,prebreeding_migration,0.1208351696387354,6.387372152077704e-6,7.435968713448534e-6,0.49869596675618033,2.010413944231117e-4,56,2023-04-12,1.18808939406428e-5,batgod,Bar-tailed Godwit
batgod,state,HKG-5167,Yuen Long,AS,Asia,prebreeding_migration,0.04534890090579662,2.614956141953971e-6,3.0442459896883835e-6,0.09143175845968012,4.0208278884622344e-5,56,2023-03-15,1.0276792889499242e-5,batgod,Bar-tailed Godwit
batgod,state,HKG-5169,Tai Po,AS,Asia,prebreeding_migration,0.006738425999417125,4.751617914352446e-7,5.531677395357835e-7,0.03738364746653847,2.0104139442311172e-5,35,2023-04-12,1.245994279815737e-6,batgod,Bar-tailed Godwit
batgod,state,HKG-5170,Islands,AS,Asia,prebreeding_migration,0.08203483695435634,1.6847669525696382e-5,1.9613503097177067e-5,0.37223842533024337,5.83020043827024e-4,56,2023-04-12,3.5075367499997195e-5,batgod,Bar-tailed Godwit
batgod,state,HRV-1583,Karlovacka,EU,Europe,postbreeding_migration,2.2188509855372706e-5,6.014452499466189e-8,6.823139621900606e-7,0.005935944598387687,4.0506748738573056e-5,21,2023-09-13,1.85724981306038e-6,batgod,Bar-tailed Godwit
batgod,state,HRV-1586,Primorsko-Goranska,EU,Europe,postbreeding_migration,5.79249034000639e-5,2.489006037826051e-7,2.823671101791572e-6,0.024128217731651597,2.6100898616652373e-4,28,2023-10-04,3.3254203863282443e-6,batgod,Bar-tailed Godwit
batgod,state,HRV-1588,Zagrebacka,EU,Europe,postbreeding_migration,5.004208604682386e-5,1.1032625370476325e-7,1.2516042533474837e-6,0.00950147902458574,5.273564528114011e-5,21,2023-09-13,2.7467679832324027e-6,batgod,Bar-tailed Godwit
batgod,state,HRV-1592,Istarska,EU,Europe,postbreeding_migration,7.134928123388884e-4,2.0270815669211965e-6,2.2996375077053063e-5,0.09688599212992027,6.929664319919276e-4,35,2023-10-11,1.995990209955611e-5,batgod,Bar-tailed Godwit
batgod,state,HRV-1607,Bjelovarsko-bilogorska,EU,Europe,postbreeding_migration,3.2405295236308795e-5,7.126415734837042e-8,8.084614446089348e-7,0.010097887818424803,5.590559807544326e-5,21,2023-09-20,1.7649546106429555e-6,batgod,Bar-tailed Godwit
batgod,state,HRV-1608,Koprivničko-Križevačka,EU,Europe,postbreeding_migration,1.0620023191265846e-4,1.462966724630551e-7,1.6596732994790158e-6,0.018312921073719297,6.350913406268378e-5,21,2023-09-13,2.7263147072767457e-6,batgod,Bar-tailed Godwit
batgod,state,HRV-1609,Medimurska,EU,Europe,postbreeding_migration,1.0050551641672826e-4,6.701128960206729e-8,7.602144754474367e-7,0.02191917378233015,3.679186820672355e-5,21,2023-09-20,3.3646924465287367e-6,batgod,Bar-tailed Godwit
batgod,state,HRV-1610,Varaždinska,EU,Europe,postbreeding_migration,1.6233158959599886e-4,1.5896100740443638e-7,1.8033447733683317e-6,0.026521468646683866,6.538147580779879e-5,21,2023-09-13,3.820636274285541e-6,batgod,Bar-tailed Godwit
batgod,state,HUN-3138,Vas,EU,Europe,postbreeding_migration,6.0820632844229566e-5,1.6531270985614779e-7,1.8754021263337792e-6,0.058433507217402224,3.998405614528186e-4,35,2023-10-11,3.512261414149884e-6,batgod,Bar-tailed Godwit
batgod,state,HUN-3156,Gyor-Moson-Sopron,EU,Europe,postbreeding_migration,0.0014915273551881093,4.664947999023797e-6,5.292184372404677e-5,0.47252644114429865,0.003720585455043046,42,2023-09-20,4.654081954375794e-5,batgod,Bar-tailed Godwit
batgod,state,HUN-3157,Somogy,EU,Europe,postbreeding_migration,3.918962646433035e-4,1.87755632206611e-6,2.130007500196613e-5,0.06576103158258206,7.931586254496227e-4,21,2023-09-13,3.438066097318696e-5,batgod,Bar-tailed Godwit
batgod,state,HUN-3158,Veszprém,EU,Europe,postbreeding_migration,2.9985845098309615e-4,1.2222325973462172e-6,1.3865707082850237e-5,0.07002125833503053,7.185170279095298e-4,28,2023-09-13,2.663652168890166e-5,batgod,Bar-tailed Godwit
batgod,state,HUN-3159,Zala,EU,Europe,postbreeding_migration,1.3731706458725828e-4,3.48196521988166e-7,3.9501409074164335e-6,0.02161569920225196,1.3798719632121884e-4,28,2023-09-13,5.162854176613517e-6,batgod,Bar-tailed Godwit
batgod,state,HUN-3162,Fejér,EU,Europe,postbreeding_migration,1.1233961033138975e-4,3.651371059079146e-7,4.142324600564276e-6,0.028522502654160932,2.333889389854753e-4,21,2023-09-13,7.95623273179855e-6,batgod,Bar-tailed Godwit
batgod,state,HUN-3163,Komárom-Esztergom,EU,Europe,postbreeding_migration,2.594840108119114e-4,4.870812099456069e-7,5.52572840663074e-6,0.06346172330560546,2.998970679917274e-4,28,2023-09-13,7.786302198266226e-6,batgod,Bar-tailed Godwit
batgod,state,HUN-3164,Pest,EU,Europe,postbreeding_migration,1.831408410909473e-6,9.481656610176998e-9,1.075653468106971e-7,4.079179831863161e-4,5.3166914201341955e-6,21,2023-09-13,4.844352216445708e-7,batgod,Bar-tailed Godwit
batgod,state,HUN-3166,Nógrád,EU,Europe,postbreeding_migration,1.2192447205201149e-5,2.3754299892016377e-8,2.694823922844373e-7,0.006572991391317695,3.223918091375612e-5,14,2023-09-20,9.175388736206136e-7,batgod,Bar-tailed Godwit
batgod,state,HUN-4903,Szombathely,EU,Europe,postbreeding_migration,2.948108399582909e-4,3.5392547809120754e-8,4.015133468887758e-7,0.04505719304394085,1.3617647765862371e-5,28,2023-09-20,5.496986472619085e-7,batgod,Bar-tailed Godwit
batgod,state,HUN-4904,Sopron,EU,Europe,postbreeding_migration,0.002175041339621878,3.450759782632235e-7,3.914739670922475e-6,0.11454390922033908,4.574975762258365e-5,42,2023-09-13,5.4954056327836825e-6,batgod,Bar-tailed Godwit
batgod,state,HUN-4905,Gyôr,EU,Europe,postbreeding_migration,5.293498640282686e-4,1.0391032135921387e-7,1.1788182396542383e-6,0.13437687524335762,6.640641032331917e-5,42,2023-09-20,3.906046111619132e-6,batgod,Bar-tailed Godwit
batgod,state,HUN-4908,Székesfehérvár,EU,Europe,postbreeding_migration,4.489884198977047e-4,1.0910899755264897e-7,1.2377950019114962e-6,0.10558482811835455,6.459464674124908e-5,21,2023-09-13,3.485326151158138e-6,batgod,Bar-tailed Godwit
batgod,state,HUN-4911,Nagykanizsa,EU,Europe,postbreeding_migration,9.160409000734912e-5,1.2016893473956912e-8,1.3632652681452136e-7,0.03577324080812776,1.1814224439524465e-5,14,2023-09-20,3.647174952787324e-7,batgod,Bar-tailed Godwit
batgod,state,IDN-1136,Aceh,AS,Asia,nonbreeding,0.02197311100183211,9.980601588190409e-4,0.0061764702643746245,0.02369180184016586,0.005813767985551874,42,2023-11-29,0.0016974532097130198,batgod,Bar-tailed Godwit
batgod,state,IDN-1136,Aceh,AS,Asia,postbreeding_migration,0.09603551521716969,0.004874738776712072,0.00928704940423832,0.021684246422845666,0.002770980030553237,77,2023-11-08,0.008567965500122402,batgod,Bar-tailed Godwit
batgod,state,IDN-1136,Aceh,AS,Asia,prebreeding_migration,0.01093430890589854,1.9756849754086107e-4,2.30002750974671e-4,0.014500460146999962,0.001998153784050078,42,2023-03-15,0.0014684895225292689,batgod,Bar-tailed Godwit
batgod,state,IDN-1185,Kalimantan Timur,AS,Asia,nonbreeding,3.2637337647536323e-4,4.8681347757344206e-5,3.012632998081964e-4,3.109952122320932e-4,2.5060862093656024e-4,0,2023-01-18,6.610648914030281e-5,batgod,Bar-tailed Godwit
batgod,state,IDN-1185,Kalimantan Timur,AS,Asia,postbreeding_migration,0.003735823202748981,6.227138018104577e-4,0.001186355640171439,0.006886322556567777,0.0028897423468436556,49,2023-11-01,8.475383863685691e-4,batgod,Bar-tailed Godwit
batgod,state,IDN-1223,Jawa Barat,AS,Asia,postbreeding_migration,0.06395886696866525,0.0020584238256138717,0.003921581163417979,0.035151830569174335,0.002848075968275603,21,2023-11-15,0.001497426608749933,batgod,Bar-tailed Godwit
batgod,state,IDN-1224,Jawa Tengah,AS,Asia,nonbreeding,0.013759017601561369,3.715741417865236e-4,0.002299477258435576,0.005695677232682222,8.309939505309483e-4,7,2023-11-29,2.6803327011726226e-4,batgod,Bar-tailed Godwit
batgod,state,IDN-1224,Jawa Tengah,AS,Asia,postbreeding_migration,0.041720545967373616,0.0012591061575431245,0.0023987708112988685,0.042230943355813406,0.0032085789656569087,84,2023-11-22,0.001559555730362368,batgod,Bar-tailed Godwit
batgod,state,IDN-1226,Banten,AS,Asia,postbreeding_migration,0.027518058634004475,2.623953771473068e-4,4.998993674599354e-4,0.01696807845541321,4.07324596389952e-4,7,2023-11-22,1.7827289577288443e-4,batgod,Bar-tailed Godwit
batgod,state,IDN-1227,Jakarta Raya,AS,Asia,postbreeding_migration,0.06769311975879592,4.882311354335641e-5,9.301476208571604e-5,0.07697133357422438,1.3975892051892565e-4,7,2023-11-22,4.024243994473366e-5,batgod,Bar-tailed Godwit
batgod,state,IDN-1228,Kalimantan Barat,AS,Asia,nonbreeding,0.011109049882011396,0.0012551548403064378,0.007767494253564522,0.007858917213063045,0.004797086359735207,28,2023-01-18,0.002778054441942441,batgod,Bar-tailed Godwit
batgod,state,IDN-1228,Kalimantan Barat,AS,Asia,postbreeding_migration,0.009019661403697738,0.0011388458156460115,0.00216965828081731,0.006334304490412034,0.0020134609753656215,77,2023-10-25,0.002835804183296079,batgod,Bar-tailed Godwit
batgod,state,IDN-1229,Lampung,AS,Asia,postbreeding_migration,0.05940435217327062,0.001754764321244739,0.0033430679449015263,0.015922402649962454,0.001184073654615141,21,2023-11-15,0.0013753793638178323,batgod,Bar-tailed Godwit
batgod,state,IDN-1230,Sumatera Selatan,AS,Asia,nonbreeding,0.08822541109893219,0.005624517786108821,0.034807187272612096,0.02034395403849504,0.007006827155843654,14,2023-11-29,0.005126975188669278,batgod,Bar-tailed Godwit
batgod,state,IDN-1230,Sumatera Selatan,AS,Asia,postbreeding_migration,0.05899394005133539,0.0042029411969414536,0.008007182400331787,0.021018430451260717,0.0037697780198884742,56,2023-11-15,0.007014024997622233,batgod,Bar-tailed Godwit
batgod,state,IDN-1230,Sumatera Selatan,AS,Asia,prebreeding_migration,0.009471957929692984,2.402108126643057e-4,2.796455326347007e-4,0.0010098134438740773,1.9530560537634817e-4,7,2023-03-22,4.674065181433438e-4,batgod,Bar-tailed Godwit
batgod,state,IDN-1231,Bangka-Belitung,AS,Asia,postbreeding_migration,1.6724557969502945e-4,2.9873753362599437e-6,5.691361857047433e-6,4.1459369817578774e-4,1.864349901189455e-5,0,2023-11-22,1.5062480191373154e-5,batgod,Bar-tailed Godwit
batgod,state,IDN-1232,Bali,AS,Asia,nonbreeding,0.03608228417743894,1.8578839089861636e-4,0.001149746798037823,0.011583011583011582,3.222110840612917e-4,7,2023-11-29,1.3131847998054292e-4,batgod,Bar-tailed Godwit
batgod,state,IDN-1232,Bali,AS,Asia,postbreeding_migration,0.01700771487817801,9.78644196261458e-5,1.8644521103921473e-4,0.01287001287001287,1.8643499011894552e-4,91,2023-09-13,2.004399889566611e-4,batgod,Bar-tailed Godwit
batgod,state,IDN-1233,Jawa Timur,AS,Asia,nonbreeding,0.08961727982069713,0.0035992604915185637,0.022273933292665856,0.02917000179895276,0.006329252361942201,7,2023-11-29,0.002545466607141571,batgod,Bar-tailed Godwit
batgod,state,IDN-1233,Jawa Timur,AS,Asia,postbreeding_migration,0.033158233598371056,0.001488220272244503,0.002835264785623209,0.0362649702031853,0.004097629981986084,91,2023-11-22,0.002330908467681603,batgod,Bar-tailed Godwit
batgod,state,IDN-1234,Kalimantan Selatan,AS,Asia,postbreeding_migration,0.013962679061604548,4.8089363348821526e-4,9.161686680985654e-4,0.020727393055413403,0.0017971922596012367,77,2023-09-13,0.001001997702647999,batgod,Bar-tailed Godwit
batgod,state,IDN-1235,Nusa Tenggara Timur,AS,Asia,nonbreeding,0.0161223347366262,7.055803429136885e-4,0.004366466258196566,0.0048288881719486705,0.0011417213490030446,7,2023-11-29,7.951320066788912e-4,batgod,Bar-tailed Godwit
batgod,state,IDN-1235,Nusa Tenggara Timur,AS,Asia,postbreeding_migration,0.008897738920280628,4.351635441870052e-4,8.290465436004361e-4,0.007554459160093836,9.301346194927672e-4,91,2023-11-22,0.0010480320971602436,batgod,Bar-tailed Godwit
batgod,state,IDN-1236,Sulawesi Selatan,AS,Asia,postbreeding_migration,0.021092049895354948,9.064594170084548e-4,0.0017269301544753958,0.013268413257573629,0.0014355494239158806,28,2023-11-08,9.87742239806535e-4,batgod,Bar-tailed Godwit
batgod,state,IDN-1237,Sulawesi Barat,AS,Asia,postbreeding_migration,0.0020075513853650717,3.0114012475047383e-5,5.7371345301962394e-5,0.0029621505953168503,1.1186099407136733e-4,14,2023-10-18,3.19141060304506e-5,batgod,Bar-tailed Godwit
batgod,state,IDN-1796,Kepulauan Riau,AS,Asia,nonbreeding,0.0011835803437714623,1.7082803738863882e-5,1.0571650255039464e-4,0.0032139577594123047,2.5060862093656024e-4,14,2023-02-01,4.238479162954909e-5,batgod,Bar-tailed Godwit
batgod,state,IDN-1796,Kepulauan Riau,AS,Asia,postbreeding_migration,8.2668211205056e-4,1.333380978257948e-5,2.5402745843348387e-5,0.002295684113865932,9.321749505947276e-5,14,2023-10-25,1.1192706319725994e-4,batgod,Bar-tailed Godwit
batgod,state,IDN-1796,Kepulauan Riau,AS,Asia,prebreeding_migration,2.2750108394193693e-5,1.306189131794791e-7,1.520622454214315e-7,9.182736455463728e-4,4.0208278884622344e-5,0,2023-05-24,5.900240728795612e-6,batgod,Bar-tailed Godwit
batgod,state,IDN-1930,Jambi,AS,Asia,nonbreeding,0.012965446439486576,4.931396750191822e-4,0.003051782512332098,0.01294532315864166,0.002660050001588823,21,2023-11-29,0.0027331779607345703,batgod,Bar-tailed Godwit
batgod,state,IDN-1930,Jambi,AS,Asia,postbreeding_migration,0.061468691814185634,0.0026127072311242566,0.004977567464779631,0.01294532315864166,0.001385221608642735,56,2023-11-15,0.006361601663880926,batgod,Bar-tailed Godwit
batgod,state,IDN-1930,Jambi,AS,Asia,prebreeding_migration,0.04582796765662665,6.933847015716886e-4,8.072156787660744e-4,0.008938050449168745,0.001031352740081201,35,2023-03-15,0.0031115589169546077,batgod,Bar-tailed Godwit
batgod,state,IDN-1931,Kalimantan Tengah,AS,Asia,postbreeding_migration,0.005052308499259653,6.399605253834776e-4,0.001219213026222371,0.006173672943256242,0.001968686341455152,84,2023-11-01,0.0011202334846198302,batgod,Bar-tailed Godwit
batgod,state,IDN-381,Sumatera Utara,AS,Asia,nonbreeding,0.029116348030671195,0.0016784549280514946,0.01038707623142659,0.03006809357930918,0.009364252368929267,49,2023-11-29,0.005925108592398751,batgod,Bar-tailed Godwit
batgod,state,IDN-381,Sumatera Utara,AS,Asia,postbreeding_migration,0.1245589321727012,0.008024204080471976,0.01528721499519964,0.02705169348622748,0.004387237362738222,84,2023-11-15,0.022504534368746953,batgod,Bar-tailed Godwit
batgod,state,IDN-381,Sumatera Utara,AS,Asia,prebreeding_migration,0.0339664020341886,7.789032494248531e-4,9.067735612747412e-4,0.02546986303847715,0.0044543193174430016,63,2023-03-15,0.007090172540019273,batgod,Bar-tailed Godwit
batgod,state,IDN-492,Riau,AS,Asia,nonbreeding,0.016383466615482754,0.0011394909291784635,0.0070517110400671375,0.030873565937529036,0.011600756218574707,42,2023-11-29,0.007049524725710435,batgod,Bar-tailed Godwit
batgod,state,IDN-492,Riau,AS,Asia,postbreeding_migration,0.07830847220824148,0.006086507064217635,0.011595635047086626,0.027443511909278386,0.005369930323599477,56,2023-11-15,0.018306901256829395,batgod,Bar-tailed Godwit
batgod,state,IDN-492,Riau,AS,Asia,prebreeding_migration,0.02014241273385013,5.57285509752617e-4,6.487734730832488e-4,0.013532737239150732,0.002855437620820425,63,2023-03-15,0.00563545209679416,batgod,Bar-tailed Godwit
batgod,state,IDN-513,Sulawesi Utara,AS,Asia,nonbreeding,4.471622164620006e-4,6.615710793128818e-6,4.094116034028675e-5,8.958228090352194e-4,7.160246312473149e-5,0,2023-01-25,1.1371002528444434e-5,batgod,Bar-tailed Godwit
batgod,state,IDN-539,Sumatera Barat,AS,Asia,nonbreeding,0.009831964500558128,3.3645267075834757e-4,0.0020821289157231452,0.0030984167824526705,5.728197049978519e-4,7,2023-11-29,2.793335604605383e-4,batgod,Bar-tailed Godwit
batgod,state,IDN-539,Sumatera Barat,AS,Asia,postbreeding_migration,0.0944132325388567,0.003610529129292451,0.006878555741154348,0.014136526569940308,0.0013609754278683024,28,2023-11-08,0.0033720131284609807,batgod,Bar-tailed Godwit
batgod,state,IDN-540,Yogyakarta,AS,Asia,postbreeding_migration,0.018656663600470188,5.143243259666619e-5,9.798587460466276e-5,0.021490412005729227,1.491479920951564e-4,35,2023-11-08,3.899705848002115e-5,batgod,Bar-tailed Godwit
batgod,state,IDN-555,Nusa Tenggara Barat,AS,Asia,nonbreeding,0.03076826237910485,5.792655967987612e-4,0.003584770619474718,0.006335797254487857,6.444221681225834e-4,7,2023-11-29,4.094350422473134e-4,batgod,Bar-tailed Godwit
batgod,state,IDN-555,Nusa Tenggara Barat,AS,Asia,postbreeding_migration,0.014106407968752907,2.967874368160836e-4,5.654209824402712e-4,0.006687785990848293,3.542264812259965e-4,84,2023-10-18,0.001102644841915424,batgod,Bar-tailed Godwit
batgod,state,IMN-001,Isle of Man,EU,Europe,breeding,0.017191839760000056,1.1368784702334212e-4,6.172217954376569e-4,0.02727272727272727,2.1496130696474635e-4,21,2023-06-14,1.3949051133846783e-4,batgod,Bar-tailed Godwit
batgod,state,IMN-001,Isle of Man,EU,Europe,nonbreeding,0.055344014818018136,4.034287810667721e-5,5.182763570105081e-4,0.02727272727272727,1.0740369468709724e-4,98,2023-12-27,9.725400475419763e-5,batgod,Bar-tailed Godwit
batgod,state,IMN-001,Isle of Man,EU,Europe,postbreeding_migration,0.02726602012460882,2.221121293178463e-5,2.519767294176512e-4,0.02727272727272727,5.5930497035683656e-5,147,2023-09-13,5.705804053414922e-5,batgod,Bar-tailed Godwit
batgod,state,IMN-001,Isle of Man,EU,Europe,prebreeding_migration,0.02753812303258614,7.985309276075494e-6,2.053035957948489e-4,0.06363636363636363,1.407289760961782e-4,98,2023-06-07,1.1624984808298693e-4,batgod,Bar-tailed Godwit
batgod,state,IND-2441,Andhra Pradesh,AS,Asia,postbreeding_migration,1.7294489437447451e-6,2.3374351724490158e-7,4.45313624382144e-7,3.341179775180181e-4,1.136845004548837e-4,0,2023-10-18,8.890393282126872e-6,batgod,Bar-tailed Godwit
batgod,state,IND-2442,Kerala,AS,Asia,nonbreeding,2.929526903943338e-4,8.668150947813631e-6,5.364263476826024e-5,0.029467794215771823,0.004710543707377241,77,2023-01-11,1.929253084165145e-5,batgod,Bar-tailed Godwit
batgod,state,IND-2442,Kerala,AS,Asia,postbreeding_migration,0.001429413513986866,4.726516365952711e-5,9.0046652777055e-5,0.06192203618978735,0.0051546371061299045,84,2023-10-04,2.0695286233224635e-4,batgod,Bar-tailed Godwit
batgod,state,IND-2444,Odisha,AS,Asia,prebreeding_migration,2.4862306823820017e-5,1.146244819417876e-6,1.334420542941319e-6,8.004916236509587e-4,2.814579521923564e-4,0,2023-03-29,5.170108185789965e-6,batgod,Bar-tailed Godwit
batgod,state,IND-2445,Dadra and Nagar Haveli and Daman and Diu,AS,Asia,nonbreeding,0.0495224189104588,2.260225201445422e-5,1.3987346979200415e-4,0.082337815983884,2.030222522063619e-4,98,2023-01-25,1.7849627779703572e-4,batgod,Bar-tailed Godwit
batgod,state,IND-2445,Dadra and Nagar Haveli and Daman and Diu,AS,Asia,postbreeding_migration,0.01749605868550712,8.923688414488106e-6,1.700085665498526e-5,0.12273809042552268,1.5759887672501445e-4,98,2023-09-27,5.819592777913857e-5,batgod,Bar-tailed Godwit
batgod,state,IND-2445,Dadra and Nagar Haveli and Daman and Diu,AS,Asia,prebreeding_migration,0.011667902683983263,2.1183799144185818e-6,2.4661482675141188e-6,0.05706302682818597,7.901082996566188e-5,28,2023-03-15,7.058326597835254e-5,batgod,Bar-tailed Godwit
batgod,state,IND-2446,Karnataka,AS,Asia,nonbreeding,0.001030565130829566,1.4628986885184878e-4,9.053111848606832e-4,0.0058190561133512906,0.004462577653614216,98,2023-12-27,2.910428161196944e-4,batgod,Bar-tailed Godwit
batgod,state,IND-2446,Karnataka,AS,Asia,postbreeding_migration,4.401499872993504e-4,6.982224486571384e-5,1.3302100220846563e-4,0.00535221969825885,0.0021374532797783716,91,2023-10-18,1.4497066302618744e-4,batgod,Bar-tailed Godwit
batgod,state,IND-2446,Karnataka,AS,Asia,prebreeding_migration,3.573257997439327e-6,2.0177361235325145e-7,2.348982074216893e-7,4.201527735831965e-4,1.8093725498080057e-4,0,2023-03-08,7.893625351473723e-6,batgod,Bar-tailed Godwit
batgod,state,IND-2447,Maharashtra,AS,Asia,nonbreeding,8.628789901079917e-4,1.96193670137475e-4,0.0012141396076730355,0.01055603179775908,0.012966722638894089,98,2023-12-27,3.8182157658978727e-4,batgod,Bar-tailed Godwit
batgod,state,IND-2447,Maharashtra,AS,Asia,postbreeding_migration,6.20280693905789e-4,1.5760778604788204e-4,3.0026456033128225e-4,0.009506801226962664,0.006081257629844321,84,2023-09-13,4.550991969726822e-4,batgod,Bar-tailed Godwit
batgod,state,IND-2447,Maharashtra,AS,Asia,prebreeding_migration,4.6059953541534713e-05,4.166004941020974e-6,4.849926020269112e-6,0.003958103979448831,0.0027302615417560596,21,2023-03-15,8.05700988859901e-5,batgod,Bar-tailed Godwit
batgod,state,IND-2474,Andaman and Nicobar,AS,Asia,nonbreeding,0.05582345088155661,5.848602182265898e-4,0.003619392793883829,0.14294750158127767,0.00809107833309466,63,2023-01-04,0.0024392070708445747,batgod,Bar-tailed Godwit
batgod,state,IND-3257,West Bengal,AS,Asia,prebreeding_migration,3.072463084856415e-4,7.95913462286381e-6,9.2657629198087e-6,0.006614528620584666,0.0013067690637502262,21,2023-03-15,5.214348031638639e-5,batgod,Bar-tailed Godwit
batgod,state,IND-3262,Puducherry,AS,Asia,nonbreeding,0.001942734399010483,9.632690961114129e-7,5.9611666452682145e-6,0.12021007899961451,3.220101153955132e-4,35,2023-12-27,7.243777376255535e-6,batgod,Bar-tailed Godwit
batgod,state,IND-3262,Puducherry,AS,Asia,postbreeding_migration,0.0025853309864282943,1.432533069473287e-6,2.7291729872706944e-6,0.15309988993328824,2.1356642009684871e-4,84,2023-10-04,1.4319893292630956e-5,batgod,Bar-tailed Godwit
batgod,state,IND-3263,Tamil Nadu,AS,Asia,nonbreeding,0.003441111056850245,3.3866538858112684e-4,0.0020958222644808185,0.01919005709027866,0.010203350995274238,98,2023-12-27,0.0015867852738690503,batgod,Bar-tailed Godwit
batgod,state,IND-3263,Tamil Nadu,AS,Asia,postbreeding_migration,7.518520613933387e-4,8.269111111179514e-5,1.5753796651737204e-4,0.024881880772516525,0.0068893654387288655,77,2023-10-04,7.696547582065716e-4,batgod,Bar-tailed Godwit
batgod,state,IND-3263,Tamil Nadu,AS,Asia,prebreeding_migration,5.395297748842893e-5,2.1122665931925335e-6,2.4590313398809964e-6,0.0035013437498052293,0.001045415251000181,7,2023-03-08,6.412186744055819e-5,batgod,Bar-tailed Godwit
batgod,state,IND-3264,Gujarat,AS,Asia,nonbreeding,0.09881132492857528,0.01396443305028468,0.08641854374388648,0.04156695683562504,0.031736516153253166,98,2023-01-04,0.04239011862329707,batgod,Bar-tailed Godwit
batgod,state,IND-3264,Gujarat,AS,Asia,postbreeding_migration,0.03128965137149744,0.004941645845107242,0.009414516593382305,0.05711443440409401,0.02270839072152039,105,2023-09-27,0.009494957504141944,batgod,Bar-tailed Godwit
batgod,state,IND-3264,Gujarat,AS,Asia,prebreeding_migration,0.03711883375591308,0.002086758044845812,0.0024293351263340824,0.039231405890463415,0.0168202487136617,63,2023-03-15,0.009500366729816651,batgod,Bar-tailed Godwit
batgod,state,IND-3265,Goa,AS,Asia,nonbreeding,0.0089975903939976,2.5698402326143877e-5,1.5903391835335448e-4,0.1403886047921289,0.00216623814099022,84,2023-01-18,6.33886269054846e-5,batgod,Bar-tailed Godwit
batgod,state,IND-3265,Goa,AS,Asia,postbreeding_migration,0.006380993194421726,2.036678573641303e-5,3.8801534605959074e-5,0.1473491760060347,0.001183999473398315,91,2023-10-11,6.385201687606162e-5,batgod,Bar-tailed Godwit
batgod,state,IRL-1444,Waterford,EU,Europe,breeding,0.0061584907477402135,8.815001436432488e-5,4.785745491568056e-4,0.019733721109209183,3.366643395895555e-4,21,2023-06-14,1.1812992639649027e-4,batgod,Bar-tailed Godwit
batgod,state,IRL-1444,Waterford,EU,Europe,nonbreeding,0.120104429963808,1.8950106281534753e-4,0.0024344797668092557,0.02393373675494605,2.0401287137733912e-4,98,2023-01-04,3.705104972452089e-4,batgod,Bar-tailed Godwit
batgod,state,IRL-1444,Waterford,EU,Europe,postbreeding_migration,0.03949379183464036,6.963631225415836e-5,7.8999423689282e-4,0.02393373675494605,1.0623974651015766e-4,147,2023-09-13,2.7029607707054336e-4,batgod,Bar-tailed Godwit
batgod,state,IRL-1444,Waterford,EU,Europe,prebreeding_migration,0.03316605308463532,2.0816494856835236e-5,5.351954568319023e-4,0.032333768046419784,1.5477146666355394e-4,98,2023-03-08,2.297151239956087e-4,batgod,Bar-tailed Godwit
batgod,state,IRL-5568,Galway,EU,Europe,breeding,0.014994856317440556,7.366793910450032e-4,0.003999500283520716,0.05400247053865112,0.003162203953653414,21,2023-06-14,0.001079372713899904,batgod,Bar-tailed Godwit
batgod,state,IRL-5568,Galway,EU,Europe,nonbreeding,0.6314364267593996,0.003419561143586761,0.04393037322192194,0.0907124418638782,0.002654006815737758,98,2023-03-01,0.006366956229919325,batgod,Bar-tailed Godwit
batgod,state,IRL-5568,Galway,EU,Europe,postbreeding_migration,0.1923099190547024,0.001163849257926756,0.013203373019214096,0.0907124418638782,0.001382074618315132,147,2023-09-13,0.0033902274543342434,batgod,Bar-tailed Godwit
batgod,state,IRL-5568,Galway,EU,Europe,prebreeding_migration,0.14921734877376433,3.2145578738148044e-4,0.008264680397064987,0.09315977328556002,0.0015305626822377323,98,2023-03-08,0.004501181107079287,batgod,Bar-tailed Godwit
batgod,state,IRL-5569,Cork,EU,Europe,breeding,0.0014328005226088775,8.401544670479708e-5,4.5612760041963536e-4,0.004587868832604971,3.2064497585355175e-4,21,2023-06-14,1.155976521057664e-4,batgod,Bar-tailed Godwit
batgod,state,IRL-5569,Cork,EU,Europe,nonbreeding,0.037571972484858426,2.4285214000905676e-4,0.00311986968513453,0.01689075027104701,5.898224718248664e-4,98,2023-01-04,6.66408806994527e-4,batgod,Bar-tailed Godwit
batgod,state,IRL-5569,Cork,EU,Europe,postbreeding_migration,0.01852754933815659,1.3382899765468654e-4,0.0015182328508504806,0.020991710750527692,3.817241747084561e-4,147,2023-09-20,5.63282429681239e-4,batgod,Bar-tailed Godwit
batgod,state,IRL-5569,Cork,EU,Europe,prebreeding_migration,0.01065951094178958,2.740794077871083e-5,7.046625998645172e-4,0.022016950870397865,4.317348119863326e-4,98,2023-03-08,2.2780133398129967e-4,batgod,Bar-tailed Godwit
batgod,state,IRL-5570,Limerick,EU,Europe,breeding,0.00535700963192547,1.0008061392539996e-4,5.43346873328118e-4,0.02211235605094817,4.923824774361754e-4,21,2023-06-14,1.801619131096069e-4,batgod,Bar-tailed Godwit
batgod,state,IRL-5570,Limerick,EU,Europe,nonbreeding,0.16809259217857406,3.461629933996645e-4,0.0044470822006458825,0.035631690972144844,3.964267307981973e-4,98,2023-01-18,7.710246600339146e-4,batgod,Bar-tailed Godwit
batgod,state,IRL-5570,Limerick,EU,Europe,postbreeding_migration,0.0477690217138069,1.099341740776888e-4,0.0012471562773452302,0.03241379893725632,1.877958060452524e-4,147,2023-09-06,4.245585430169419e-4,batgod,Bar-tailed Godwit
batgod,state,IRL-5570,Limerick,EU,Europe,prebreeding_migration,0.046485412708952366,3.808114013712903e-5,9.790722853457853e-4,0.038488293053358755,2.4045990420187217e-4,98,2023-03-08,6.535738440170834e-4,batgod,Bar-tailed Godwit
batgod,state,IRL-5574,Fingal,EU,Europe,breeding,0.22523695007479047,9.280240550888748e-4,0.0050383280930079094,0.21948702795539915,0.00107787522652123,21,2023-06-21,0.0012973077372732118,batgod,Bar-tailed Godwit
batgod,state,IRL-5574,Fingal,EU,Europe,nonbreeding,1.3161180301451656,5.977491456340132e-4,0.00767915587941319,0.20489621780403167,5.02750489092449e-4,98,2023-01-04,0.0016592826884971358,batgod,Bar-tailed Godwit
batgod,state,IRL-5574,Fingal,EU,Europe,postbreeding_migration,0.6171060389372154,3.132118821048023e-4,0.0035532551018218443,0.21948702795539915,2.804509239966122e-4,147,2023-07-19,0.001367387359714692,batgod,Bar-tailed Godwit
batgod,state,IRL-5574,Fingal,EU,Europe,prebreeding_migration,0.4017696785664316,7.258760564984903e-5,0.001866239106693255,0.2340778381067666,3.2252722424821144e-4,98,2023-03-08,6.478947702894568e-4,batgod,Bar-tailed Godwit
batgod,state,IRL-5575,Dublin,EU,Europe,breeding,0.6104358945886209,5.594720523451331e-4,0.0030374253157837866,0.30816644687299527,3.366384525956041e-4,21,2023-06-21,0.0010424439455568163,batgod,Bar-tailed Godwit
batgod,state,IRL-5575,Dublin,EU,Europe,nonbreeding,4.398188886119686,4.443413603856355e-4,0.005708358757171679,0.30816644687299527,1.6819870558586037e-4,98,2023-01-04,0.0012683143837500623,batgod,Bar-tailed Godwit
batgod,state,IRL-5575,Dublin,EU,Europe,postbreeding_migration,1.8143734907807232,2.0484429021247537e-4,0.0023238710306431013,0.30816644687299527,8.758951199567939e-5,147,2023-07-19,0.001169144295385601,batgod,Bar-tailed Godwit
batgod,state,IRL-5575,Dublin,EU,Europe,prebreeding_migration,1.3059804090524318,5.24856661908716e-5,0.001349414984959713,0.30816644687299527,9.445178513548684e-5,98,2023-03-08,6.571927504448714e-4,batgod,Bar-tailed Godwit
batgod,state,IRL-5576,Dún Laoghaire–Rathdown,EU,Europe,breeding,0.1012930320842554,1.2677174651976584e-4,6.882554912103494e-4,0.09615718429756788,1.4343815050655377e-4,21,2023-06-21,2.6109730681651914e-4,batgod,Bar-tailed Godwit
batgod,state,IRL-5576,Dún Laoghaire–Rathdown,EU,Europe,nonbreeding,0.5719667038779127,7.890748102681969e-5,0.001013707591692303,0.09615718429756788,7.166772262886525e-5,98,2023-01-04,3.741677983292707e-4,batgod,Bar-tailed Godwit
batgod,state,IRL-5576,Dún Laoghaire–Rathdown,EU,Europe,postbreeding_migration,0.17344373362987137,2.6739935363521913e-5,3.033531522313974e-4,0.09615718429756788,3.7320981924558416e-5,147,2023-07-19,2.563558486922035e-4,batgod,Bar-tailed Godwit
batgod,state,IRL-5576,Dún Laoghaire–Rathdown,EU,Europe,prebreeding_migration,0.23056822895217757,1.2653424664960188e-5,3.253215990792888e-4,0.14419199683444303,6.034906472466304e-5,98,2023-03-08,2.1348295856427692e-4,batgod,Bar-tailed Godwit
batgod,state,IRL-712,Louth,EU,Europe,breeding,0.11146111887606085,7.360936257457469e-4,0.0039963201097450805,0.1560422048618537,0.0012282641435258776,21,2023-06-21,9.626418779330404e-4,batgod,Bar-tailed Godwit
batgod,state,IRL-712,Louth,EU,Europe,nonbreeding,1.4297272997700303,0.0010408002744894088,0.013370939307094876,0.17424840612324008,6.85294801197449e-4,98,2023-01-04,0.0032708749839805294,batgod,Bar-tailed Godwit
batgod,state,IRL-712,Louth,EU,Europe,postbreeding_migration,0.49827054186957054,4.053532952797663e-4,0.004598560101915885,0.16514530549254688,3.3822391563904594e-4,147,2023-09-13,0.0013962513022214517,batgod,Bar-tailed Godwit
batgod,state,IRL-712,Louth,EU,Europe,prebreeding_migration,0.29850595475998787,8.644271039393996e-5,0.0022224560953825285,0.17424840612324008,3.848264889537232e-4,98,2023-03-08,0.0010474327935001318,batgod,Bar-tailed Godwit
batgod,state,IRL-714,Mayo,EU,Europe,breeding,0.018344715937456024,8.361526734631799e-4,0.004539549898143273,0.05351872218565792,0.0029075042888055346,21,2023-06-14,0.001206418303243547,batgod,Bar-tailed Godwit
batgod,state,IRL-714,Mayo,EU,Europe,nonbreeding,0.5745619218670769,0.0028867951138205773,0.0370860415826166,0.06802704118584797,0.0018465247692456695,98,2023-03-01,0.0053334856494506215,batgod,Bar-tailed Godwit
batgod,state,IRL-714,Mayo,EU,Europe,postbreeding_migration,0.21129295981992405,0.0011863653544158517,0.013458808522443891,0.06802704118584797,9.615781694800336e-4,147,2023-09-06,0.0032401135416924368,batgod,Bar-tailed Godwit
batgod,state,IRL-714,Mayo,EU,Europe,prebreeding_migration,0.11426313535912806,2.2837388827634197e-4,0.005871529683797912,0.07330279354955344,0.0011173303683997113,98,2023-03-08,0.004428303112545331,batgod,Bar-tailed Godwit
batgod,state,IRL-715,Meath,EU,Europe,breeding,0.01222743498371662,1.9392204068032775e-4,0.0010528206246976526,0.011820963000843293,2.2345223625721495e-4,21,2023-06-21,3.54075779699642e-4,batgod,Bar-tailed Godwit
batgod,state,IRL-715,Meath,EU,Europe,nonbreeding,0.0781640910822235,1.366481077623071e-4,0.0017554891174634878,0.011820963000843293,1.1164611947607376e-4,98,2023-01-04,5.602654488923602e-4,batgod,Bar-tailed Godwit
batgod,state,IRL-715,Meath,EU,Europe,postbreeding_migration,0.034056273779532256,6.653463459369886e-5,7.548070278470698e-4,0.011820963000843293,5.813974065412007e-5,147,2023-09-13,3.6453279911591665e-4,batgod,Bar-tailed Godwit
batgod,state,IRL-715,Meath,EU,Europe,prebreeding_migration,0.023224461082739276,1.615113969380889e-5,4.152484194016746e-4,0.011820963000843293,6.269474697343625e-5,98,2023-03-08,2.3298585002801407e-4,batgod,Bar-tailed Godwit
batgod,state,IRL-718,Wexford,EU,Europe,breeding,0.032681389139271,6.250930493213394e-4,0.003393687753964599,0.08171996813946951,0.0018629979936944684,21,2023-06-21,6.833687298867672e-4,batgod,Bar-tailed Godwit
batgod,state,IRL-718,Wexford,EU,Europe,nonbreeding,0.39546539283847726,8.337909475078191e-4,0.01071153460196904,0.10057842232550092,0.0011456394099957038,98,2023-01-18,0.0014200075264509603,batgod,Bar-tailed Godwit
batgod,state,IRL-718,Wexford,EU,Europe,postbreeding_migration,0.2052068806481429,4.834982622726885e-4,0.005485081394733221,0.11850046537303296,7.028985368464398e-4,147,2023-09-13,0.0017627817060081991,batgod,Bar-tailed Godwit
batgod,state,IRL-718,Wexford,EU,Europe,prebreeding_migration,0.18021078465706072,1.5114391147653028e-4,0.003885934462375684,0.12544085424885282,8.023607027503477e-4,98,2023-03-15,0.0014714445283344015,batgod,Bar-tailed Godwit
batgod,state,IRL-719,Wicklow,EU,Europe,breeding,0.012927654791148043,1.8716877913686089e-4,0.001016156545606922,0.029065873651809657,5.015763829177415e-4,21,2023-06-21,2.3289170483636185e-4,batgod,Bar-tailed Godwit
batgod,state,IRL-719,Wicklow,EU,Europe,nonbreeding,0.0509604673556696,8.133015365941971e-5,0.0010448311506742083,0.03321814131635389,2.8640985249892595e-4,98,2023-01-04,1.928820799589755e-4,batgod,Bar-tailed Godwit
batgod,state,IRL-719,Wicklow,EU,Europe,postbreeding_migration,0.02816045141409876,5.022409391482851e-5,5.69770906320631e-4,0.033590916479505205,1.5082173616642964e-4,147,2023-07-19,2.1651797345281876e-4,batgod,Bar-tailed Godwit
batgod,state,IRL-719,Wicklow,EU,Europe,prebreeding_migration,0.020535933222009355,1.3037485016974404e-5,3.351958529803857e-4,0.033590916479505205,1.626379904805885e-4,98,2023-06-07,1.1522914988487168e-4,batgod,Bar-tailed Godwit
batgod,state,IRL-722,Kilkenny,EU,Europe,breeding,8.419288409935603e-4,1.1556342028427838e-5,6.274044554659732e-5,0.003620301800781221,5.9228374439380546e-5,21,2023-06-14,1.5951982031561715e-5,batgod,Bar-tailed Godwit
batgod,state,IRL-722,Kilkenny,EU,Europe,nonbreeding,7.491555129657891e-4,1.1334999609577104e-6,1.456183242264718e-5,0.003620301800781221,2.9592982732206603e-5,7,2023-01-18,2.6069953537268967e-5,batgod,Bar-tailed Godwit
batgod,state,IRL-722,Kilkenny,EU,Europe,postbreeding_migration,0.003996668523505459,6.757747607090406e-6,7.666376192485508e-5,0.008911762538193825,3.793473264871373e-5,91,2023-09-06,1.0112846615923208e-4,batgod,Bar-tailed Godwit
batgod,state,IRL-722,Kilkenny,EU,Europe,prebreeding_migration,0.0034206523982276867,2.0588260849833335e-6,5.293275235183431e-5,0.003620301800781221,1.661790461944864e-5,98,2023-03-08,1.8513561838134692e-5,batgod,Bar-tailed Godwit
batgod,state,IRL-725,Kerry,EU,Europe,breeding,0.002103190621102743,8.520447518851436e-5,4.625829456017444e-4,0.015631321824708,7.547784829155175e-4,21,2023-06-14,1.6455838058525833e-4,batgod,Bar-tailed Godwit
batgod,state,IRL-725,Kerry,EU,Europe,nonbreeding,0.21531299007822793,9.615204624864084e-4,0.01235244845870416,0.051245790918172024,0.001236348578962085,98,2023-01-18,0.001668941647945254,batgod,Bar-tailed Godwit
batgod,state,IRL-725,Kerry,EU,Europe,postbreeding_migration,0.05622993022322629,2.8061452768182054e-4,0.0031834520307154977,0.04382610985703369,5.506112925084635e-4,147,2023-09-13,9.555320147579362e-4,batgod,Bar-tailed Godwit
batgod,state,IRL-725,Kerry,EU,Europe,prebreeding_migration,0.04156929546924012,7.384517963007334e-5,0.0018985715375599752,0.046793982281489024,6.339576708865718e-4,98,2023-03-08,0.0012138585528100796,batgod,Bar-tailed Godwit
batgod,state,IRL-728,Sligo,EU,Europe,breeding,0.04626951196817471,6.964282331555658e-4,0.003780973039039938,0.09754707522427356,0.001749990695430636,21,2023-06-21,7.481142298855737e-4,batgod,Bar-tailed Godwit
batgod,state,IRL-728,Sligo,EU,Europe,nonbreeding,0.7114039932804795,0.001180326828339281,0.015163407207980052,0.10952933709317926,9.817725241812244e-4,98,2023-12-27,0.0021652753144932252,batgod,Bar-tailed Godwit
batgod,state,IRL-728,Sligo,EU,Europe,postbreeding_migration,0.3040757424521337,5.637960947249533e-4,0.006396026027193802,0.10553524980354403,4.926147534477415e-4,147,2023-09-06,0.0014982460004245644,batgod,Bar-tailed Godwit
batgod,state,IRL-728,Sligo,EU,Europe,prebreeding_migration,0.1723666761462719,1.1376285304755528e-4,0.002924861391219992,0.10952933709317926,5.513132053121159e-4,98,2023-03-08,0.0014821504737933362,batgod,Bar-tailed Godwit
batgod,state,IRL-729,Donegal,EU,Europe,breeding,0.019288691899563653,8.247656598268443e-4,0.0044777287520374005,0.04520896484952776,0.0023040526244513205,21,2023-06-28,9.23692634933174e-4,batgod,Bar-tailed Godwit
batgod,state,IRL-729,Donegal,EU,Europe,nonbreeding,0.2791300168125913,0.0013156454420228262,0.016901816598360465,0.050832782099443814,0.0012944063592597247,98,2023-03-01,0.0021949075059451493,batgod,Bar-tailed Godwit
batgod,state,IRL-729,Donegal,EU,Europe,postbreeding_migration,0.117516205196763,6.1899107934705e-4,0.007022189566665844,0.08782600412727971,0.0011646068486240574,147,2023-07-19,0.0017018412738174136,batgod,Bar-tailed Godwit
batgod,state,IRL-729,Donegal,EU,Europe,prebreeding_migration,0.06502934394082903,1.2192784124899297e-4,0.0031347845613093435,0.06629827953671295,9.480179012654076e-4,98,2023-03-08,0.0014917944794125308,batgod,Bar-tailed Godwit
batgod,state,IRL-730,Leitrim,EU,Europe,breeding,0.004621230784085136,5.048902047920001e-5,2.741095436846663e-4,0.008851968401559803,1.1527076604884012e-4,21,2023-06-21,7.320309033735242e-5,batgod,Bar-tailed Godwit
batgod,state,IRL-730,Leitrim,EU,Europe,nonbreeding,0.06222033131137402,7.49335204029787e-5,9.62654966503258e-4,0.008851968401559803,5.75941146705432e-5,98,2023-01-18,1.4841558834546438e-4,batgod,Bar-tailed Godwit
batgod,state,IRL-730,Leitrim,EU,Europe,postbreeding_migration,0.01893498649075883,2.54837375785915e-5,2.8910212459411336e-4,0.008851968401559803,2.9992147562877302e-5,147,2023-09-06,8.489685745167586e-5,batgod,Bar-tailed Godwit
batgod,state,IRL-730,Leitrim,EU,Europe,prebreeding_migration,0.015888728632900005,7.611918909539452e-6,1.957036689498512e-4,0.008851968401559803,3.2341907299362953e-5,98,2023-03-08,1.1172017916381522e-4,batgod,Bar-tailed Godwit
batgod,state,IRL-76,Clare,EU,Europe,breeding,0.009089707613275093,2.4154522224759147e-4,0.0013113712649025367,0.04176865189970225,0.0013229366050547951,21,2023-06-14,4.542921405562484e-4,batgod,Bar-tailed Godwit
batgod,state,IRL-76,Clare,EU,Europe,nonbreeding,0.282797153039859,8.283771306600965e-4,0.010641984450739366,0.06846086383579747,0.0010834026088568215,98,2023-03-01,0.0017634752500520089,batgod,Bar-tailed Godwit
batgod,state,IRL-76,Clare,EU,Europe,postbreeding_migration,0.11146947313839918,3.6489114445936634e-4,0.004139534272923982,0.07072316523613395,5.828256398558622e-4,147,2023-09-13,0.0013228119264274815,batgod,Bar-tailed Godwit
batgod,state,IRL-76,Clare,EU,Europe,prebreeding_migration,0.06846350712054348,7.977620971614555e-5,0.002051059282409915,0.07550176871776941,6.709530773474329e-4,98,2023-03-08,0.0013325820050243682,batgod,Bar-tailed Godwit
batgod,state,IRN-3210,Bushehr,AS,Asia,breeding,0.03767494591824452,0.006456677319381378,0.06670051317471479,0.040340418346937766,0.00824018343364861,21,2023-06-14,0.00736311064878655,batgod,Bar-tailed Godwit
batgod,state,IRN-3210,Bushehr,AS,Asia,nonbreeding,0.1677634507603353,0.003169263326761141,0.01961290662165618,0.05577501319272265,0.005692395818416154,98,2023-01-18,0.006362482337020527,batgod,Bar-tailed Godwit
batgod,state,IRN-3210,Bushehr,AS,Asia,postbreeding_migration,0.10309084115177906,0.0021763832024931447,0.004146310038328045,0.05998444815066398,0.0031880383310339683,147,2023-07-19,0.0070159220230152875,batgod,Bar-tailed Godwit
batgod,state,IRN-3210,Bushehr,AS,Asia,prebreeding_migration,0.17506363223239366,0.0013155825304333108,0.0015315579401584466,0.04805771576983021,0.0027542671035966308,98,2023-06-07,0.005568802455876453,batgod,Bar-tailed Godwit
batgod,state,IRN-3214,Mazandaran,AS,Asia,prebreeding_migration,0.0243590989375114,1.8417247789411295e-4,2.144075452145747e-4,0.05927207478651618,0.003417703705192899,7,2023-04-26,1.1273949232505145e-4,batgod,Bar-tailed Godwit
batgod,state,IRN-3219,Khuzestan,AS,Asia,breeding,0.020265740142976357,0.008864597852530739,0.09157546468621194,0.021546743556376455,0.01123358170705637,21,2023-06-14,0.010958820151754664,batgod,Bar-tailed Godwit
batgod,state,IRN-3219,Khuzestan,AS,Asia,nonbreeding,0.0305173196718452,0.0014714566950562967,0.009106072857455884,0.02435072187119976,0.006343184934259863,98,2023-03-01,0.002540118820512303,batgod,Bar-tailed Godwit
batgod,state,IRN-3219,Khuzestan,AS,Asia,postbreeding_migration,0.03161814050943201,0.0017036945378416449,0.003245772967005667,0.023999895177650884,0.003255624704535938,147,2023-07-19,0.006828373275443279,batgod,Bar-tailed Godwit
batgod,state,IRN-3219,Khuzestan,AS,Asia,prebreeding_migration,0.06635476447883948,0.0012727244832855858,0.0014816640103666274,0.023936169346888553,0.003501367554962873,98,2023-06-07,0.007924056037998646,batgod,Bar-tailed Godwit
batgod,state,IRN-3228,Hormozgan,AS,Asia,breeding,0.02840699851521258,0.0137625709607407,0.14217383032745146,0.03080557765277929,0.017788675649661155,21,2023-06-14,0.014509921822836266,batgod,Bar-tailed Godwit
batgod,state,IRN-3228,Hormozgan,AS,Asia,nonbreeding,0.27270323155228493,0.01456360987425732,0.09012653449341046,0.04181971736605752,0.012065748826249004,98,2023-03-01,0.02183035282240431,batgod,Bar-tailed Godwit
batgod,state,IRN-3228,Hormozgan,AS,Asia,postbreeding_migration,0.2522175425462232,0.015052490081434796,0.028677068751031685,0.044177362194426355,0.0066374677693945925,147,2023-11-01,0.0473871101906723,batgod,Bar-tailed Godwit
batgod,state,IRN-3228,Hormozgan,AS,Asia,prebreeding_migration,0.19821686991489315,0.004210954553922397,0.004902254882163885,0.03871755311820378,0.006272903564761206,98,2023-03-15,0.028038386849459022,batgod,Bar-tailed Godwit
batgod,state,IRN-3240,Gilan,AS,Asia,prebreeding_migration,0.012156850793654026,5.4267596355699395e-5,6.317655196022548e-5,0.03306992786864621,0.0011258318087694257,7,2023-04-26,3.321941113459888e-5,batgod,Bar-tailed Godwit
batgod,state,IRN-3247,Sistan and Baluchestan,AS,Asia,breeding,2.6409128223215116e-4,3.094745187936567e-4,0.0031970173197400182,2.94533075554397e-4,4.113816733540364e-4,0,2023-06-28,3.810072458361483e-4,batgod,Bar-tailed Godwit
batgod,state,IRN-3247,Sistan and Baluchestan,AS,Asia,nonbreeding,0.02777571601212412,0.003587902426906764,0.022203644194643313,0.00515736373082765,0.003599130195598432,98,2023-03-01,0.010553947123578593,batgod,Bar-tailed Godwit
batgod,state,IRN-3247,Sistan and Baluchestan,AS,Asia,postbreeding_migration,0.03882451543840484,0.005604485015944117,0.010677316593258076,0.005413870113125953,0.001967465316071729,126,2023-10-25,0.026593772867474916,batgod,Bar-tailed Godwit
batgod,state,IRN-3247,Sistan and Baluchestan,AS,Asia,prebreeding_migration,0.04210352490999379,0.002163490564878271,0.0025186646040410974,0.005054761177908329,0.00198087904592701,70,2023-03-15,0.014770645840914318,batgod,Bar-tailed Godwit
batgod,state,IRQ-3222,Al-Basrah,AS,Asia,breeding,0.006785896954677283,7.85483955271388e-4,0.008114418657695294,0.012623493675433068,0.0017416049946088906,21,2023-06-14,0.0013708440125541415,batgod,Bar-tailed Godwit
batgod,state,IRQ-3222,Al-Basrah,AS,Asia,nonbreeding,0.039021937762513545,4.97901482450391e-4,0.0030812508382077044,0.03734418555383611,0.0025742576640839423,98,2023-03-01,0.0011998626154369903,batgod,Bar-tailed Godwit
batgod,state,IRQ-3222,Al-Basrah,AS,Asia,postbreeding_migration,0.1125945250533398,0.0016054846894242346,0.0030586696664980603,0.04594006095613216,0.0016491116003728807,147,2023-10-04,0.009057357402104824,batgod,Bar-tailed Godwit
batgod,state,IRQ-3222,Al-Basrah,AS,Asia,prebreeding_migration,0.09041964777356366,4.589428271787153e-4,5.342861544481099e-4,0.04722051063775196,0.0018278780705158909,98,2023-04-05,0.0019086496819512096,batgod,Bar-tailed Godwit
batgod,state,ISR-3053,HaDarom,AS,Asia,postbreeding_migration,1.819848651853737e-5,2.189057540286785e-7,4.170456399117234e-7,0.005062346724210276,1.533004316216728e-4,21,2023-09-06,2.573616190423299e-6,batgod,Bar-tailed Godwit
batgod,state,ISR-3054,Haifa,AS,Asia,postbreeding_migration,0.0021053806738609224,1.75371053427163e-6,3.3410603354420083e-6,0.1695232171713549,3.5548890355785917e-4,35,2023-09-13,1.0635828271597312e-5,batgod,Bar-tailed Godwit
batgod,state,ISR-3055,HaMerkaz,AS,Asia,postbreeding_migration,1.2618690808081608e-4,1.4351221126751618e-07,2.734105471497416e-7,0.04486781157572779,1.2846328666759542e-4,28,2023-09-20,1.256882239070282e-6,batgod,Bar-tailed Godwit
batgod,state,ISR-3056,HaZafon,AS,Asia,postbreeding_migration,2.2473865742742336e-4,8.624878754523649e-7,1.643158305866236e-6,0.029063028474835165,2.8079260664721047e-4,35,2023-09-20,5.72241415167275e-6,batgod,Bar-tailed Godwit
batgod,state,ISR-3057,Tel Aviv,AS,Asia,postbreeding_migration,1.497054109700448e-4,3.0479389493749375e-8,5.80674388936989e-8,0.1091215002584502,5.5930497035683656e-5,14,2023-09-06,5.507183113341402e-7,batgod,Bar-tailed Godwit
batgod,state,ITA-5361,Piacenza,EU,Europe,postbreeding_migration,9.276917196298492e-6,1.988577942556073e-8,2.255956789466071e-7,0.01018111417938648,5.494191975295829e-5,7,2023-09-20,1.2058956535057468e-6,batgod,Bar-tailed Godwit
batgod,state,ITA-5363,Ferrara,EU,Europe,postbreeding_migration,0.0016118213781493574,3.663011432500309e-6,4.1555301073183336e-5,0.12299616213149989,7.036918275573863e-4,42,2023-10-11,3.256057496634773e-5,batgod,Bar-tailed Godwit
batgod,state,ITA-5364,Ravenna,EU,Europe,postbreeding_migration,0.002647659490858586,4.384570825112434e-6,4.974108437053799e-5,0.14228399826993615,5.931856061029207e-4,42,2023-10-11,3.125998749241586e-5,batgod,Bar-tailed Godwit
batgod,state,ITA-5365,Forlì-Cesena,EU,Europe,postbreeding_migration,2.000589186950612e-4,3.915144217112753e-7,4.441563988676942e-6,0.01547637242832082,7.624802585841605e-5,42,2023-09-20,3.6953708893508825e-6,batgod,Bar-tailed Godwit
batgod,state,ITA-5366,Rimini,EU,Europe,postbreeding_migration,0.0010877002262139174,8.312058180833907e-7,9.429675189591168e-6,0.09401231756388462,1.8086465281713453e-4,42,2023-10-04,6.507266806824183e-6,batgod,Bar-tailed Godwit
batgod,state,ITA-5367,Genova,EU,Europe,postbreeding_migration,3.837633184704597e-5,6.738769447448407e-8,7.644846280491762e-7,0.016869441072686637,7.45739960475782e-5,14,2023-09-27,1.6455015011772226e-6,batgod,Bar-tailed Godwit
batgod,state,ITA-5368,Savona,EU,Europe,postbreeding_migration,3.6679460026420554e-5,5.4714203403446224e-8,6.207092817773804e-7,0.024822795924800346,9.321749505947276e-5,14,2023-09-20,1.1250464358379428e-6,batgod,Bar-tailed Godwit
batgod,state,ITA-5370,La Spezia,EU,Europe,postbreeding_migration,1.2601135117019624e-5,1.0834981558243616e-8,1.2291824065311996e-7,0.008612700225755242,1.864349901189455e-5,7,2023-09-27,3.933041532684605e-7,batgod,Bar-tailed Godwit
batgod,state,ITA-5379,Grosseto,EU,Europe,postbreeding_migration,0.001159237662648814,4.8434959390393075e-6,5.4947393886820005e-5,0.04471574594503398,4.70344989549787e-4,35,2023-10-04,4.074790250403494e-5,batgod,Bar-tailed Godwit
batgod,state,ITA-5380,Livorno,EU,Europe,postbreeding_migration,0.0011507358995418969,1.9943337208849187e-6,2.2624864742834185e-5,0.09028003501218398,3.938977262741953e-4,21,2023-09-27,2.7014436108475137e-5,batgod,Bar-tailed Godwit
batgod,state,ITA-5381,Pisa,EU,Europe,postbreeding_migration,4.221792566481775e-4,8.743249406454846e-7,9.9188432288119e-6,0.04601159729921574,2.3989040126085672e-4,21,2023-09-27,1.423748491748553e-5,batgod,Bar-tailed Godwit
batgod,state,ITA-5382,Massa-Carrara,EU,Europe,postbreeding_migration,2.9580998744367214e-4,2.971217055627214e-7,3.3707189173605113e-6,0.0362957928062712,9.177986573524516e-5,21,2023-09-27,4.864420520305427e-6,batgod,Bar-tailed Godwit
batgod,state,ITA-5383,Lucca,EU,Europe,postbreeding_migration,3.157216094951584e-4,4.7375256508326075e-7,5.374520620261843e-6,0.03495147537925378,1.3203296127685228e-4,21,2023-09-20,7.234994153910608e-6,batgod,Bar-tailed Godwit
batgod,state,ITA-5389,Matera,EU,Europe,postbreeding_migration,6.75155314597548e-4,1.9739780318193224e-6,2.2393938139611555e-5,0.03796224376258651,2.794216691444928e-4,35,2023-10-04,1.7041477086692108e-5,batgod,Bar-tailed Godwit
batgod,state,ITA-5391,Cosenza,EU,Europe,postbreeding_migration,2.253585759411928e-4,1.3550056864141108e-6,1.5371961101518916e-5,0.021036272213694304,3.18423707547696e-4,35,2023-10-04,1.2305450473798083e-5,batgod,Bar-tailed Godwit
batgod,state,ITA-5392,Crotene,EU,Europe,postbreeding_migration,0.001436791740736792,2.411322277641462e-6,2.7355421919463717e-5,0.0750145183641947,3.169394832022074e-4,35,2023-10-04,1.3612765967828064e-5,batgod,Bar-tailed Godwit
batgod,state,ITA-5393,Catanzaro,EU,Europe,postbreeding_migration,9.670112277491994e-4,2.133542746120714e-6,2.4204131710021667e-5,0.050080442641138784,2.7816826083292966e-4,35,2023-10-04,1.021778934662502e-5,batgod,Bar-tailed Godwit
batgod,state,ITA-5394,Vibo Valentia,EU,Europe,postbreeding_migration,1.640547482575252e-5,1.817279010597724e-8,2.0616254633914195e-7,0.002117055558866018,5.903840907694093e-6,7,2023-10-04,5.585911160536089e-7,batgod,Bar-tailed Godwit
batgod,state,ITA-5395,Reggio Calabria,EU,Europe,postbreeding_migration,2.9778911113320097e-4,9.274430168336588e-7,1.052144512867034e-5,0.011136126548258478,8.731365415177868e-5,35,2023-10-04,3.410134053553842e-6,batgod,Bar-tailed Godwit
batgod,state,ITA-5396,Caserta,EU,Europe,postbreeding_migration,0.001508280969896694,3.450279563487872e-6,3.914194882802294e-5,0.0448225500976291,2.5812982090971483e-4,49,2023-09-20,1.7961220029056877e-5,batgod,Bar-tailed Godwit
batgod,state,ITA-5397,Napoli,EU,Europe,postbreeding_migration,9.79773376112802e-4,1.4070601131331465e-6,1.5962496352189687e-5,0.03689317417236845,1.333836583400707e-4,49,2023-10-04,8.275300292053245e-6,batgod,Bar-tailed Godwit
batgod,state,ITA-5400,Salerno,EU,Europe,postbreeding_migration,3.660543978847783e-4,1.626015943498891e-6,1.8446456782082945e-5,0.021673149219708757,2.423654871546292e-4,49,2023-10-04,9.502572981136938e-6,batgod,Bar-tailed Godwit
batgod,state,ITA-5401,Campobasso,EU,Europe,postbreeding_migration,1.67859953099015e-4,4.248745822725839e-7,4.820020769803791e-6,0.013645169948563456,8.694851856078683e-5,21,2023-09-20,6.150613539241751e-6,batgod,Bar-tailed Godwit
batgod,state,ITA-5403,Bari,EU,Europe,postbreeding_migration,8.56252507756878e-5,2.904769309335873e-7,3.295336785645832e-6,0.012522329243241663,1.0694598720276032e-4,21,2023-09-20,4.036833104573866e-6,batgod,Bar-tailed Godwit
batgod,state,ITA-5404,Foggia,EU,Europe,postbreeding_migration,3.735331658377374e-4,2.288884203228486e-6,2.596641423035064e-5,0.031836239759774086,4.911181726860931e-4,21,2023-09-13,2.993541326613807e-5,batgod,Bar-tailed Godwit
batgod,state,ITA-5405,Barletta-Andria Trani,EU,Europe,postbreeding_migration,0.0010304926750955123,1.49545433423277e-6,1.6965291057751693e-5,0.06629037639411713,2.421855995099117e-4,21,2023-09-20,1.719285273817292e-5,batgod,Bar-tailed Godwit
batgod,state,ITA-5406,Brindisi,EU,Europe,postbreeding_migration,7.211068709795434e-4,1.2403017115953383e-6,1.4070693470849423e-5,0.08295505341683762,3.5920315386117217e-4,28,2023-09-20,1.1242776252909169e-5,batgod,Bar-tailed Godwit
batgod,state,ITA-5407,Lecce,EU,Europe,postbreeding_migration,0.0010116222005875286,2.8175258205495387e-6,3.196362771777785e-5,0.13028798468578473,9.135314515828332e-4,35,2023-10-04,3.0016135256719123e-5,batgod,Bar-tailed Godwit
batgod,state,ITA-5408,Taranto,EU,Europe,postbreeding_migration,7.927482064905455e-4,1.8072982327168224e-6,2.0503026969346864e-5,0.08774576052719162,5.036052893550784e-4,35,2023-09-27,1.7489099500561715e-5,batgod,Bar-tailed Godwit
batgod,state,ITA-5411,Messina,EU,Europe,postbreeding_migration,2.3608621601754808e-4,8.639292358331402e-7,9.80090839532708e-6,0.012142316536165314,1.1186099407136733e-4,21,2023-09-27,3.6043158511374658e-6,batgod,Bar-tailed Godwit
batgod,state,ITA-5418,Pescara,EU,Europe,postbreeding_migration,3.71412366496347e-4,3.8632315007329225e-7,4.3826712279405084e-6,0.02000462395738687,5.238348045310617e-5,35,2023-09-20,3.2649069525327317e-6,batgod,Bar-tailed Godwit
batgod,state,ITA-5419,Teramo,EU,Europe,postbreeding_migration,4.05798165379152e-4,7.132325677257968e-7,8.091319023488363e-6,0.026082263844393633,1.154080106539448e-4,42,2023-09-27,5.836842543149092e-6,batgod,Bar-tailed Godwit
batgod,state,ITA-5421,Chieti,EU,Europe,postbreeding_migration,1.1445373122824292e-4,2.620055335849388e-7,2.9723409363018044e-6,0.012940090760564618,7.45739960475782e-5,35,2023-09-20,2.0873570352155604e-6,batgod,Bar-tailed Godwit
batgod,state,ITA-5422,Roma,EU,Europe,postbreeding_migration,0.001066335288155952,5.065329665312004e-6,5.746400281729111e-5,0.05309286767549389,6.349210151993941e-4,42,2023-10-04,3.4407215217259823e-5,batgod,Bar-tailed Godwit
batgod,state,ITA-5423,Viterbo,EU,Europe,postbreeding_migration,7.556531069892135e-4,2.3120183362695365e-6,2.6228861094441296e-5,0.029540223246760137,2.2753706897107412e-4,35,2023-09-20,1.8719715857669615e-5,batgod,Bar-tailed Godwit
batgod,state,ITA-5426,Latina,EU,Europe,postbreeding_migration,0.001562722437638491,3.480122443986876e-6,3.948050356826318e-5,0.06820784051594597,3.823988353740437e-4,49,2023-10-04,2.3262316480534696e-5,batgod,Bar-tailed Godwit
batgod,state,ITA-5427,Ancona,EU,Europe,postbreeding_migration,3.371671407033848e-4,6.001628623760485e-7,6.8085914823248606e-6,0.035306034416428884,1.5821308535512668e-4,35,2023-10-11,5.003041703320326e-6,batgod,Bar-tailed Godwit
batgod,state,ITA-5428,Pesaro e Urbino,EU,Europe,postbreeding_migration,1.9131504777601584e-4,4.259619291042754e-7,4.832356255453933e-6,0.01715529249974983,9.61588733903125e-5,42,2023-10-04,4.191452134050468e-6,batgod,Bar-tailed Godwit
batgod,state,ITA-5429,Macerata,EU,Europe,postbreeding_migration,2.0717136948374216e-4,4.830284490048696e-7,5.479751563758858e-6,0.017323697187116543,1.0168412167814988e-4,35,2023-10-04,4.3591802814515665e-6,batgod,Bar-tailed Godwit
batgod,state,ITA-5430,Fermo,EU,Europe,postbreeding_migration,4.733334672660512e-4,3.731590944892612e-7,4.233330636675923e-6,0.03774755526562972,7.491783736044239e-5,35,2023-09-27,3.716335508417673e-6,batgod,Bar-tailed Godwit
batgod,state,ITA-5431,Ascoli Piceno,EU,Europe,postbreeding_migration,2.189277116630682e-4,2.264018079118313e-7,2.568431866691526e-6,0.014322165312955258,3.72869980237891e-5,42,2023-10-04,1.5397696844712212e-6,batgod,Bar-tailed Godwit
batgod,state,ITA-5436,Vercelli,EU,Europe,postbreeding_migration,3.4595180004874384e-6,5.926094469750111e-9,6.722901208924137e-8,0.004323195384955003,1.864349901189455e-5,7,2023-09-20,2.240101880216411e-7,batgod,Bar-tailed Godwit
batgod,state,ITA-5437,Verbano-Cusio-Ossola,EU,Europe,postbreeding_migration,2.5026008144701785e-5,4.6752361148382874e-8,5.303855800627742e-7,0.01739917827678733,8.182957396602303e-5,21,2023-09-20,1.7776983364647564e-6,batgod,Bar-tailed Godwit
batgod,state,ITA-5438,Novara,EU,Europe,postbreeding_migration,4.7317520884996534e-5,5.1611960845502894e-8,5.855156642108137e-7,0.01573955711414795,4.3220567901890745e-5,21,2023-09-27,1.483396336709623e-6,batgod,Bar-tailed Godwit
batgod,state,ITA-5443,Bergamo,EU,Europe,postbreeding_migration,6.866889131155946e-7,1.545389061930657e-9,1.7531779227862785e-8,8.692721808403063e-4,4.924965178594479e-6,7,2023-09-20,2.2113694370601494e-7,batgod,Bar-tailed Godwit
batgod,state,ITA-5445,Brescia,EU,Europe,postbreeding_migration,5.6481547133802894e-5,2.241547857079858e-7,2.542940358974557e-6,0.019447303984599547,1.942989342757648e-4,28,2023-09-20,3.137361636353094e-6,batgod,Bar-tailed Godwit
batgod,state,ITA-5446,Mantova,EU,Europe,postbreeding_migration,2.3930875002313895e-4,4.554473954921214e-7,5.1668562851723265e-6,0.04826439994101652,2.3124701751891147e-4,35,2023-10-04,6.775820487069253e-6,batgod,Bar-tailed Godwit
batgod,state,ITA-5448,Lodi,EU,Europe,postbreeding_migration,1.3467618659098316e-5,8.83362308811113e-9,1.002136831287246e-7,0.017855288975109095,2.948387234017409e-5,7,2023-09-20,6.924541271351981e-7,batgod,Bar-tailed Godwit
batgod,state,ITA-5449,Pavia,EU,Europe,postbreeding_migration,1.273100477888054e-6,3.182054779095026e-9,3.609905314611506e-8,0.0013971995966037109,8.791702966340377e-6,7,2023-09-20,7.594386666062819e-7,batgod,Bar-tailed Godwit
batgod,state,ITA-5451,Varese,EU,Europe,postbreeding_migration,1.7999770479262662e-4,1.6638395491888088e-7,1.887554944288445e-6,0.08245875848476861,1.9188934133429364e-4,21,2023-09-27,3.109592347950065e-6,batgod,Bar-tailed Godwit
batgod,state,ITA-5452,Como,EU,Europe,postbreeding_migration,3.88465775412492e-5,4.156041853080699e-8,4.714852073492803e-7,0.02254839566188508,6.073127253669854e-5,21,2023-09-20,1.4867582711049644e-6,batgod,Bar-tailed Godwit
batgod,state,ITA-5453,Lecco,EU,Europe,postbreeding_migration,1.1186013580047573e-4,7.652962478095331e-8,8.681959249631686e-7,0.062159040122174394,1.0706021857035245e-4,21,2023-09-20,1.6751439441052716e-6,batgod,Bar-tailed Godwit
batgod,state,ITA-5455,Udine,EU,Europe,postbreeding_migration,6.514030130257625e-4,2.58494818163488e-6,2.9325133684634273e-5,0.04282866168954528,4.278644136742696e-4,35,2023-10-11,2.651003949037958e-5,batgod,Bar-tailed Godwit
batgod,state,ITA-5457,Gorizia,EU,Europe,postbreeding_migration,0.004385781679012963,1.7317697721755951e-6,1.964618882531672e-5,0.3160581576669147,3.141808675520914e-4,35,2023-10-11,1.3756093752259564e-5,batgod,Bar-tailed Godwit
batgod,state,ITA-5458,Trieste,EU,Europe,postbreeding_migration,4.110352162884421e-4,8.849005248889566e-8,1.0038818717657784e-6,0.1247307723420169,6.76018554794236e-5,35,2023-10-04,9.0945970336192e-7,batgod,Bar-tailed Godwit
batgod,state,ITA-5461,Venezia,EU,Europe,postbreeding_migration,0.005328878908789452,1.2130527212098264e-5,1.3761565306693704e-4,0.34583267191665884,0.0019818894662866,42,2023-10-11,1.0718717444186078e-4,batgod,Bar-tailed Godwit
batgod,state,ITA-5462,Rovigo,EU,Europe,postbreeding_migration,0.0067830986416887,1.1286222994605511e-5,1.280373821273563e-4,0.3087890059316257,0.0012934567396258234,42,2023-10-04,8.160021932725933e-5,batgod,Bar-tailed Godwit
batgod,state,ITA-5463,Padova,EU,Europe,postbreeding_migration,3.72835846735288e-4,6.373365989023741e-7,7.230311654874861e-6,0.015777922995485902,6.790013124277351e-5,42,2023-10-11,6.52776934364577e-6,batgod,Bar-tailed Godwit
batgod,state,ITA-5464,Verona,EU,Europe,postbreeding_migration,2.106056104240847e-5,5.291028240157033e-8,6.002445680502865e-7,0.006821131095046656,4.314158770026989e-5,28,2023-09-20,1.0074163066699742e-6,batgod,Bar-tailed Godwit
batgod,state,JEY-001,Jersey,EU,Europe,nonbreeding,0.0664535198058631,1.62938324044304e-5,2.09323392296849e-4,0.13513513513513514,1.7900615781182874e-4,98,2023-01-25,2.7457454523140017e-5,batgod,Bar-tailed Godwit
batgod,state,JEY-001,Jersey,EU,Europe,postbreeding_migration,0.012739730042380257,3.4907583767596084e-6,3.960116368541256e-5,0.05405405405405406,3.72869980237891e-5,91,2023-09-13,1.285757796370129e-5,batgod,Bar-tailed Godwit
batgod,state,JEY-001,Jersey,EU,Europe,prebreeding_migration,0.04870839708962956,4.750838663572108e-6,1.221448320849391e-4,0.16216216216216217,1.2062483665386704e-4,42,2023-05-03,1.5373982864266713e-5,batgod,Bar-tailed Godwit
batgod,state,JOR-849,Aqaba,AS,Asia,prebreeding_migration,1.266133194096693e-4,2.42820446014129e-7,2.826835820047451e-7,0.006872723419838697,1.0052069721155586e-4,21,2023-05-10,1.0790438107130548e-6,batgod,Bar-tailed Godwit
batgod,state,JOR-857,Balqa,AS,Asia,postbreeding_migration,3.675089479995502e-5,3.379434505740898e-8,6.43828862443621e-8,0.008053445480709213,1.864349901189455e-5,14,2023-09-20,3.707604232491103e-7,batgod,Bar-tailed Godwit
batgod,state,JPN-1821,Hiroshima,AS,Asia,postbreeding_migration,0.006409484245908642,5.133510222952607e-5,9.78004468372342e-5,0.02512368181329295,5.065755397998067e-4,98,2023-09-06,3.151373432551657e-4,batgod,Bar-tailed Godwit
batgod,state,JPN-1821,Hiroshima,AS,Asia,prebreeding_migration,0.005935081948424258,1.69209579958276e-5,1.9698823125191247e-5,0.0075557719855083244,1.642849722318013e-4,49,2023-05-17,8.437026457729434e-5,batgod,Bar-tailed Godwit
batgod,state,JPN-1822,Okayama,AS,Asia,postbreeding_migration,0.006046558572479298,3.730442059279304e-5,7.107006404052432e-5,0.027607917007148937,4.288004772735747e-4,91,2023-08-30,9.384848012389617e-5,batgod,Bar-tailed Godwit
batgod,state,JPN-1822,Okayama,AS,Asia,prebreeding_migration,0.006353413333689572,1.395294960439399e-5,1.6243565311103484e-5,0.026407572789446807,4.4229106773084576e-4,56,2023-05-17,3.9106521009284016e-5,batgod,Bar-tailed Godwit
batgod,state,JPN-1824,Shimane,AS,Asia,postbreeding_migration,0.003944427380753371,2.61431066543669e-5,4.980622228195295e-5,0.04821242576930885,8.044550782630889e-4,98,2023-09-06,5.021510670676282e-4,batgod,Bar-tailed Godwit
batgod,state,JPN-1824,Shimane,AS,Asia,prebreeding_migration,8.88917978923444e-4,2.0972094246536264e-6,2.4415022791808125e-6,0.004859644079715426,8.743903196101595e-5,56,2023-04-12,8.289642949256738e-6,batgod,Bar-tailed Godwit
batgod,state,JPN-1825,Tottori,AS,Asia,postbreeding_migration,0.006483459144468663,2.1288414716753675e-5,4.055736486986799e-5,0.04702628319755576,3.887288584981625e-4,98,2023-09-06,1.2756198273336254e-4,batgod,Bar-tailed Godwit
batgod,state,JPN-1825,Tottori,AS,Asia,prebreeding_migration,0.002699214968889199,3.1548658568203212e-6,3.672791133488588e-6,0.021766063475223137,1.9401892023134044e-4,56,2023-04-12,1.465493524003672e-5,batgod,Bar-tailed Godwit
batgod,state,JPN-1826,Yamaguchi,AS,Asia,postbreeding_migration,0.03226545174921523,2.2023257961047775e-4,4.195734255620734e-4,0.1331716163693522,0.0022883638122289823,98,2023-09-06,0.001521498732971001,batgod,Bar-tailed Godwit
batgod,state,JPN-1826,Yamaguchi,AS,Asia,prebreeding_migration,0.07041238957029117,1.710802119294695e-4,1.991659595071303e-4,0.06057151505415852,0.0011223799520761136,56,2023-04-05,0.001342238596082424,batgod,Bar-tailed Godwit
batgod,state,JPN-1827,Saga,AS,Asia,postbreeding_migration,0.0904360537363442,2.2004290132593508e-4,4.192120622808501e-4,0.12393401747455796,7.591469858933072e-4,91,2023-08-30,7.446326729886353e-4,batgod,Bar-tailed Godwit
batgod,state,JPN-1827,Saga,AS,Asia,prebreeding_migration,0.31265965096675546,2.7079739288613755e-4,3.152534239812136e-4,0.12809088560439866,8.460804031257859e-4,49,2023-05-17,0.0011072888202950705,batgod,Bar-tailed Godwit
batgod,state,JPN-1829,Fukuoka,AS,Asia,postbreeding_migration,0.08926486467793114,4.490575215008256e-4,8.555164858158522e-4,0.15348172424127432,0.0019437825460738008,98,2023-08-30,0.0017032909723747151,batgod,Bar-tailed Godwit
batgod,state,JPN-1829,Fukuoka,AS,Asia,prebreeding_migration,0.20317899734183045,3.638372140896013e-4,4.23567325708195e-4,0.11895986944239328,0.0016246116054742005,49,2023-04-05,0.0019776629716475457,batgod,Bar-tailed Godwit
batgod,state,JPN-1830,Kumamoto,AS,Asia,postbreeding_migration,0.03083922958314681,2.2286723911345955e-4,4.2459281513109576e-4,0.08685995375788287,0.0015802721680780792,84,2023-09-06,0.001225914824383943,batgod,Bar-tailed Godwit
batgod,state,JPN-1830,Kumamoto,AS,Asia,prebreeding_migration,0.07009647012943146,1.803207654677712e-4,2.0992350820944075e-4,0.038018871737929706,7.458810710111351e-4,49,2023-05-10,8.747112943041083e-4,batgod,Bar-tailed Godwit
batgod,state,JPN-1831,Miyazaki,AS,Asia,postbreeding_migration,0.0036307971231234913,2.5552268204496317e-5,4.868059358158336e-5,0.030516053157770815,5.40661471344942e-4,63,2023-09-06,3.139167936584557e-4,batgod,Bar-tailed Godwit
batgod,state,JPN-1831,Miyazaki,AS,Asia,prebreeding_migration,0.0011251187238180069,2.818595196770692e-6,3.281315883910972e-6,0.007365943865668818,1.407289760961782e-4,21,2023-04-26,9.51186381614519e-6,batgod,Bar-tailed Godwit
batgod,state,JPN-1832,Ehime,AS,Asia,postbreeding_migration,0.008952106517400991,5.5726952714659627e-5,1.061675274747271e-4,0.03806867519279007,5.965919683806256e-4,91,2023-09-06,2.0604726066231872e-4,batgod,Bar-tailed Godwit
batgod,state,JPN-1832,Ehime,AS,Asia,prebreeding_migration,0.005188503268754165,1.1497119086931488e-5,1.3384568143161244e-5,0.04044796739233945,6.835407410385798e-4,49,2023-04-05,7.02333320685784e-5,batgod,Bar-tailed Godwit
batgod,state,JPN-1833,Kagawa,AS,Asia,postbreeding_migration,0.009491898741998349,2.4898654483571808e-5,4.743536933561706e-5,0.047993671975337736,3.169394832022074e-4,91,2023-08-30,9.388161103639736e-5,batgod,Bar-tailed Godwit
batgod,state,JPN-1833,Kagawa,AS,Asia,prebreeding_migration,0.005976812802677473,5.580836719670807e-6,6.497026672986005e-6,0.08187155807557614,5.83020043827024e-4,56,2023-04-05,2.3268063887414725e-5,batgod,Bar-tailed Godwit
batgod,state,JPN-1834,Kōchi,AS,Asia,postbreeding_migration,6.890872891828433e-4,4.577719544846326e-6,8.721186820273024e-6,0.010032875106396328,1.6779149110705095e-4,77,2023-09-06,2.9148557359252656e-5,batgod,Bar-tailed Godwit
batgod,state,JPN-1834,Kōchi,AS,Asia,prebreeding_migration,8.532152438586892e-4,2.0176249037027364e-6,2.34885259574674e-6,0.010032875106396328,1.8093725498080057e-4,49,2023-04-12,9.088101179926726e-6,batgod,Bar-tailed Godwit
batgod,state,JPN-1835,Ōita,AS,Asia,postbreeding_migration,0.01964016396490632,1.2273801820446482e-4,2.3383284542110216e-4,0.06280579417458143,9.881054476304112e-4,91,2023-09-06,6.591872435589583e-4,batgod,Bar-tailed Godwit
batgod,state,JPN-1835,Ōita,AS,Asia,prebreeding_migration,0.016946899503044222,3.769911301847172e-5,4.3888068247116235e-5,0.016590209781964904,2.814579521923564e-4,49,2023-05-17,1.7668551410886178e-4,batgod,Bar-tailed Godwit
batgod,state,JPN-1836,Tokushima,AS,Asia,postbreeding_migration,0.005654982884930674,2.2341165644403997e-5,4.256300051995725e-5,0.04123879689093704,4.1015697826168017e-4,91,2023-09-13,1.0336683013011992e-4,batgod,Bar-tailed Godwit
batgod,state,JPN-1836,Tokushima,AS,Asia,prebreeding_migration,0.00792528150837655,1.1145411607296657e-5,1.2975121855614063e-5,0.050611250729786374,5.428117649424017e-4,49,2023-05-17,3.138500099982566e-5,batgod,Bar-tailed Godwit
batgod,state,JPN-1840,Aichi,AS,Asia,postbreeding_migration,0.026962684794370136,1.27503362336666e-4,2.4291148294633167e-4,0.1318023516600347,0.001569102255119306,91,2023-10-11,4.334556249104041e-4,batgod,Bar-tailed Godwit
batgod,state,JPN-1840,Aichi,AS,Asia,prebreeding_migration,0.04972730029647275,8.370670860389262e-5,9.744859880785704e-5,0.11927413303095676,0.0015312017603202456,56,2023-05-24,4.382973830908921e-4,batgod,Bar-tailed Godwit
batgod,state,JPN-1842,Ishikawa,AS,Asia,postbreeding_migration,0.0034737662974298387,1.480418202195188e-5,2.820400766580903e-5,0.039967028168432776,4.288004772735747e-4,91,2023-09-13,6.778713658361586e-5,batgod,Bar-tailed Godwit
batgod,state,JPN-1842,Ishikawa,AS,Asia,prebreeding_migration,0.002348110200258667,3.562125159048134e-6,4.14690902697031e-6,0.02606545315332573,3.015620916346676e-4,56,2023-05-24,1.9042638291942377e-5,batgod,Bar-tailed Godwit
batgod,state,JPN-1843,Mie,AS,Asia,postbreeding_migration,0.017384552051522038,9.616255874263952e-5,1.832029314365067e-4,0.08415317786259821,0.0011718785672837435,91,2023-10-11,3.4864644910770364e-4,batgod,Bar-tailed Godwit
batgod,state,JPN-1843,Mie,AS,Asia,prebreeding_migration,0.025257056145688017,4.973156388078609e-5,5.789585204740294e-5,0.061420078329984903,9.223176516372768e-4,56,2023-05-24,2.399468731123164e-4,batgod,Bar-tailed Godwit
batgod,state,JPN-1845,Shizuoka,AS,Asia,postbreeding_migration,0.004208979043221531,3.016725626595043e-5,5.747278206385572e-5,0.05062847783265929,9.135314515828332e-4,91,2023-09-13,1.343297526181873e-4,batgod,Bar-tailed Godwit
batgod,state,JPN-1845,Shizuoka,AS,Asia,prebreeding_migration,0.0107888087272092,2.7525766634370696e-5,3.204459277361612e-5,0.05372818055710781,0.001045415251000181,56,2023-05-24,1.3069241651592924e-4,batgod,Bar-tailed Godwit
batgod,state,JPN-1846,Toyama,AS,Asia,postbreeding_migration,0.003937982926674636,1.4973820733676786e-5,2.852719279814614e-5,0.03895193480123595,3.7286998023789103e-4,91,2023-09-13,6.290937852021661e-5,batgod,Bar-tailed Godwit
batgod,state,JPN-1846,Toyama,AS,Asia,prebreeding_migration,0.003937872380786074,5.330001345220575e-6,6.205012374737961e-6,0.03505674132111236,3.618745099616011e-4,56,2023-05-24,2.830260216279155e-5,batgod,Bar-tailed Godwit
batgod,state,JPN-1847,Hokkaidō,AS,Asia,postbreeding_migration,0.008310916206102283,5.938668036828401e-4,0.0011313981318727376,0.03420043527826718,0.006152354673925203,42,2023-09-13,0.0012747885569444823,batgod,Bar-tailed Godwit
batgod,state,JPN-1848,Fukui,AS,Asia,postbreeding_migration,3.7189860417513246e-4,1.478174809418439e-6,2.816126794065635e-6,0.00745275049879377,7.45739960475782e-5,91,2023-09-06,6.694424561650475e-6,batgod,Bar-tailed Godwit
batgod,state,JPN-1848,Fukui,AS,Asia,prebreeding_migration,1.736010034402918e-4,2.456180959847877e-7,2.859405141448632e-7,0.003726375249396885,4.0208278884622344e-5,49,2023-05-24,9.695311076795263e-7,batgod,Bar-tailed Godwit
batgod,state,JPN-1849,Hyōgo,AS,Asia,postbreeding_migration,0.011131951474293458,8.7004147335118e-5,1.6575489512073106e-4,0.041185363844840624,8.103658711041046e-4,91,2023-09-13,3.438880253700587e-4,batgod,Bar-tailed Godwit
batgod,state,JPN-1849,Hyōgo,AS,Asia,prebreeding_migration,0.015187316524887202,4.225290524470916e-5,4.918944347868657e-5,0.038342798588114145,8.13542240692426e-4,56,2023-05-24,1.7719826404638916e-4,batgod,Bar-tailed Godwit
batgod,state,JPN-1850,Kyōto,AS,Asia,postbreeding_migration,3.296265627208338e-5,1.357276476186717e-7,2.5857988021377525e-7,0.00179850528816079,1.864349901189455e-5,28,2023-10-11,1.369666572216224e-6,batgod,Bar-tailed Godwit
batgod,state,JPN-1852,Ōsaka,AS,Asia,postbreeding_migration,0.04243626517180221,7.563939942699553e-5,1.4410348360435114e-4,0.1393243553400488,6.251835528117759e-4,91,2023-09-13,3.015391567793897e-4,batgod,Bar-tailed Godwit
batgod,state,JPN-1852,Ōsaka,AS,Asia,prebreeding_migration,0.06096407270745309,3.868047249377843e-5,4.503053469204592e-5,0.13516958596162745,6.540599385962896e-4,56,2023-05-24,1.6013172540728284e-4,batgod,Bar-tailed Godwit
batgod,state,JPN-1854,Wakayama,AS,Asia,postbreeding_migration,0.0029151401598621284,1.255466849820941e-5,2.3918374283708217e-5,0.03951375205946202,4.2841400961902455e-4,91,2023-09-06,4.6460590692216866e-5,batgod,Bar-tailed Godwit
batgod,state,JPN-1854,Wakayama,AS,Asia,prebreeding_migration,0.003491450699828545,5.352523764056331e-6,6.23123223445905e-6,0.02572342806665926,3.0074769163910853e-4,49,2023-05-17,1.594748183247883e-5,batgod,Bar-tailed Godwit
batgod,state,JPN-1855,Chiba,AS,Asia,postbreeding_migration,0.0156295475127407,7.807292623235664e-5,1.4873968765612402e-4,0.11428033470161623,0.0014371269727650345,84,2023-09-13,3.923287496970323e-4,batgod,Bar-tailed Godwit
batgod,state,JPN-1855,Chiba,AS,Asia,prebreeding_migration,0.0547749904442047,9.739647599924352e-5,1.133857760417066e-4,0.10982050123492385,0.0014892414733541173,56,2023-05-24,4.235199568837999e-4,batgod,Bar-tailed Godwit
batgod,state,JPN-1856,Ibaraki,AS,Asia,postbreeding_migration,0.004304592335312369,2.418834251270329e-5,4.6082127107050475e-5,0.08298044764318682,0.0011738684750207547,77,2023-09-13,1.2751557905455702e-4,batgod,Bar-tailed Godwit
batgod,state,JPN-1856,Ibaraki,AS,Asia,prebreeding_migration,0.01418839596286545,2.838012228491183e-5,3.303920554023179e-5,0.08035552094764672,0.0012257938863759678,56,2023-05-24,7.930165642912994e-5,batgod,Bar-tailed Godwit
batgod,state,JPN-1857,Kanagawa,AS,Asia,postbreeding_migration,0.00748104327559572,1.731824535513491e-5,3.2993644905899835e-5,0.08801228316702531,5.129258574221069e-4,84,2023-09-13,9.078989586309344e-5,batgod,Bar-tailed Godwit
batgod,state,JPN-1857,Kanagawa,AS,Asia,prebreeding_migration,0.026140380857515085,2.154073474178072e-5,2.5077015365774907e-5,0.09441031083716749,5.933197390564518e-4,56,2023-05-24,9.927157709556584e-5,batgod,Bar-tailed Godwit
batgod,state,JPN-1860,Tokyo,AS,Asia,postbreeding_migration,0.0038919390388294423,1.3057594099157768e-5,2.487651688715946e-5,0.03187139700735889,2.6919551495691247e-4,84,2023-09-13,6.91059923726504e-5,batgod,Bar-tailed Godwit
batgod,state,JPN-1860,Tokyo,AS,Asia,prebreeding_migration,0.011635826186967476,1.389636590935087e-5,1.6177692433179016e-5,0.03407869365830606,3.103900008294741e-4,56,2023-05-24,7.991654992331955e-5,batgod,Bar-tailed Godwit
batgod,state,JPN-1862,Akita,AS,Asia,postbreeding_migration,0.0016593402660528382,1.706029106258832e-5,3.250220641685503e-5,0.01872751713862563,4.847309743092584e-4,56,2023-09-20,8.186486984343025e-5,batgod,Bar-tailed Godwit
batgod,state,JPN-1863,Aomori,AS,Asia,postbreeding_migration,0.004713761058386325,4.556084276908076e-5,8.6799686521988e-5,0.03984162087353252,9.694619486185168e-4,56,2023-09-13,1.5834857651367504e-4,batgod,Bar-tailed Godwit
batgod,state,JPN-1864,Fukushima,AS,Asia,postbreeding_migration,9.687934784145608e-4,1.1501417608019052e-5,2.1911786136055027e-5,0.011851989946742318,3.542264812259965e-4,70,2023-09-13,6.727942845930085e-5,batgod,Bar-tailed Godwit
batgod,state,JPN-1864,Fukushima,AS,Asia,prebreeding_migration,0.00208677821417146,8.818675066017495e-6,1.026641165156538e-5,0.010604412057611548,3.417703705192899e-4,56,2023-05-10,2.4542043722570865e-5,batgod,Bar-tailed Godwit
batgod,state,JPN-1865,Iwate,AS,Asia,postbreeding_migration,2.1303312817373284e-4,2.873373415437284e-6,5.474172481502636e-6,0.0038433590166227103,1.305044930832619e-4,42,2023-09-20,1.658168053231244e-5,batgod,Bar-tailed Godwit
batgod,state,JPN-1866,Miyagi,AS,Asia,postbreeding_migration,0.0033823075086781757,2.3230492533512825e-5,4.425729084688261e-5,0.03558168014004664,6.152354673925202e-4,56,2023-09-13,1.521658583803696e-4,batgod,Bar-tailed Godwit
batgod,state,JPN-1866,Miyagi,AS,Asia,prebreeding_migration,0.008529604528291195,2.085360315148534e-5,2.427707935362372e-5,0.03234698194549694,6.031241832693352e-4,42,2023-05-10,6.730976136306632e-5,batgod,Bar-tailed Godwit
batgod,state,JPN-1867,Niigata,AS,Asia,postbreeding_migration,0.0027005564910996768,3.079007116233053e-5,5.8659330303119297e-5,0.03052799424871375,8.762444535590439e-4,84,2023-09-13,1.672782785690089e-4,batgod,Bar-tailed Godwit
batgod,state,JPN-1867,Niigata,AS,Asia,prebreeding_migration,0.004328574551887035,1.7567469524974394e-5,2.0451470597290636e-5,0.028579398871136277,8.845821354616915e-4,56,2023-05-24,6.498529624863511e-5,batgod,Bar-tailed Godwit
batgod,state,JPN-1868,Yamagata,AS,Asia,postbreeding_migration,0.001036439926018932,8.091895706484454e-6,1.5416176874764214e-5,0.00853678230927057,1.6779149110705095e-4,56,2023-09-13,4.069522562005903e-5,batgod,Bar-tailed Godwit
batgod,state,JPN-1868,Yamagata,AS,Asia,prebreeding_migration,2.0546087646990623e-4,5.710079556901317e-7,6.647486936017772e-7,0.006639719573877111,1.407289760961782e-4,7,2023-05-10,1.0575714527361049e-5,batgod,Bar-tailed Godwit
batgod,state,JPN-3500,Nagasaki,AS,Asia,postbreeding_migration,0.15019508027838227,0.0010299427887902164,0.001962183001216169,0.23759204092497443,0.004101652530800239,98,2023-09-06,0.004569015482258937,batgod,Bar-tailed Godwit
batgod,state,JPN-3500,Nagasaki,AS,Asia,prebreeding_migration,0.22364308413637776,5.459083627959202e-4,6.355285725507529e-4,0.19115453342790567,0.003558521912447744,56,2023-04-05,0.006060337896635021,batgod,Bar-tailed Godwit
batgod,state,JPN-3501,Kagoshima,AS,Asia,postbreeding_migration,0.008167741419138409,7.645142720577786e-5,1.4565050846959983e-4,0.07542951499467553,0.001777438230392499,35,2023-09-06,0.0013137447645560814,batgod,Bar-tailed Godwit
batgod,state,JPN-3501,Kagoshima,AS,Asia,prebreeding_migration,0.0015138445974598532,5.043961851579514e-6,5.872014598049198e-6,0.01028531446827548,2.6135381275004525e-4,14,2023-04-26,2.3010598941573727e-5,batgod,Bar-tailed Godwit
batgod,state,KEN-1193,Coast,AF,Africa,postbreeding_migration,0.009888033424542688,6.925400030395486e-4,0.024293143653961152,0.050175067673798736,0.008846927946725057,63,2023-09-20,0.0013206245944500307,batgod,Bar-tailed Godwit
batgod,state,KEN-893,North-Eastern,AF,Africa,postbreeding_migration,3.822354414410805e-6,3.9812094062043204e-7,1.3965415946651072e-5,6.838464112578644e-5,1.793131852095917e-5,0,2023-10-11,4.334835092103986e-6,batgod,Bar-tailed Godwit
batgod,state,KHM-1779,Kaôh Kong,AS,Asia,nonbreeding,0.006287357498407258,6.66890010105473e-5,4.1270321038551456e-4,0.03252298001391647,0.0018636777649139876,28,2023-11-29,2.869332429483198e-4,batgod,Bar-tailed Godwit
batgod,state,KHM-1779,Kaôh Kong,AS,Asia,postbreeding_migration,0.03436575941538853,4.0734867667937055e-4,7.760553864229889e-4,0.061886987968165615,0.0018467550492109604,91,2023-11-15,5.355177882668053e-4,batgod,Bar-tailed Godwit
batgod,state,KHM-1779,Kaôh Kong,AS,Asia,prebreeding_migration,0.03853921158646139,1.6261105631552275e-4,1.893064469133401e-4,0.06498065589896986,0.0020909907106759383,28,2023-03-15,6.121329129510699e-4,batgod,Bar-tailed Godwit
batgod,state,KHM-1780,Pouthisat,AS,Asia,postbreeding_migration,7.296268385623383e-5,7.201160936088365e-7,1.3719204339895202e-6,8.717728772555273e-4,2.16608080510891e-5,7,2023-09-20,6.695698965676776e-6,batgod,Bar-tailed Godwit
batgod,state,KHM-1780,Pouthisat,AS,Asia,prebreeding_migration,1.5859645359507494e-5,5.5718840303816953e-8,6.486604246380815e-8,1.214362906713207e-4,3.2537026244811533e-6,0,2023-03-15,5.507635240735987e-6,batgod,Bar-tailed Godwit
batgod,state,KHM-1781,Siemréab,AS,Asia,postbreeding_migration,5.398511740996015e-5,5.973087676520135e-7,1.1379555477453646e-6,6.693187635665412e-4,1.864349901189455e-5,0,2023-09-20,3.225522407786871e-6,batgod,Bar-tailed Godwit
batgod,state,KHM-1797,Kâmpôt,AS,Asia,postbreeding_migration,0.0224167353059328,9.109503563969587e-5,1.735486013134269e-4,0.035697255557545486,3.6519662833909433e-4,56,2023-09-20,1.2962371234947638e-4,batgod,Bar-tailed Godwit
batgod,state,KHM-1797,Kâmpôt,AS,Asia,prebreeding_migration,0.0222656170998545,3.220801526229907e-5,3.7495512725812314e-5,0.035662753334096166,3.9342763701637337e-4,7,2023-03-15,1.0563752917940877e-4,batgod,Bar-tailed Godwit
batgod,state,KHM-1798,Kep,AS,Asia,postbreeding_migration,0.1215992580018858,2.668202363630255e-5,5.083293342797976e-5,0.2469463339747124,1.3641433413640088e-4,35,2023-09-20,5.9677386186826026e-5,batgod,Bar-tailed Godwit
batgod,state,KHM-1798,Kep,AS,Asia,prebreeding_migration,0.16629798287766248,1.2989179003923518e-5,1.5121575256130913e-5,0.27334822400183534,1.6282899582726828e-4,7,2023-03-15,4.6085364987793776e-5,batgod,Bar-tailed Godwit
batgod,state,KHM-1800,Krong Preah Sihanouk,AS,Asia,nonbreeding,0.004012926582197425,5.58187564317418e-6,3.454329744040332e-5,0.02359069902036494,1.772777319975056e-4,7,2023-11-29,3.463105956043499e-5,batgod,Bar-tailed Godwit
batgod,state,KHM-1800,Krong Preah Sihanouk,AS,Asia,postbreeding_migration,0.09041293473464586,1.405412514538478e-4,2.677504591262855e-4,0.14903642858181596,5.832238419754419e-4,84,2023-11-15,1.961682351381404e-4,batgod,Bar-tailed Godwit
batgod,state,KHM-1800,Krong Preah Sihanouk,AS,Asia,prebreeding_migration,0.06895720296893314,3.81557301099238e-5,4.441964685647582e-5,0.13020987037501944,5.494710364834729e-4,28,2023-03-15,1.2896781208510854e-4,batgod,Bar-tailed Godwit
batgod,state,KOR-2495,Incheon,AS,Asia,postbreeding_migration,2.0452392388269978,0.0013316781067390165,0.0025370303793323186,0.5840732928445382,9.573970311467812e-4,105,2023-08-23,0.003477513379709566,batgod,Bar-tailed Godwit
batgod,state,KOR-2495,Incheon,AS,Asia,prebreeding_migration,23.076782602789535,0.005348565061775371,0.006226623643381809,0.5613258442860694,9.92196818653647e-4,77,2023-05-17,0.007865713132974204,batgod,Bar-tailed Godwit
batgod,state,KOR-2496,Gangwon,AS,Asia,postbreeding_migration,0.031902416190179805,5.232923356793555e-4,9.969440408848563e-4,0.047436819100760565,0.0019588714727120744,105,2023-09-06,0.001749615833747829,batgod,Bar-tailed Godwit
batgod,state,KOR-2496,Gangwon,AS,Asia,prebreeding_migration,0.18898654713331475,0.0011034650151717869,0.0012846177009638246,0.04066464209206683,0.0018107787952258748,28,2023-03-22,0.004214127396699808,batgod,Bar-tailed Godwit
batgod,state,KOR-2498,Gyeonggi,AS,Asia,postbreeding_migration,0.5252299936680818,0.00546982196889817,0.010420764923901857,0.153861458482076,0.004033881180797882,112,2023-08-23,0.014756159893341673,batgod,Bar-tailed Godwit
batgod,state,KOR-2498,Gyeonggi,AS,Asia,prebreeding_migration,7.011919317860663,0.02599366175609073,0.030260966632949516,0.15315035277007982,0.004329814816260968,77,2023-04-05,0.03381386960353601,batgod,Bar-tailed Godwit
batgod,state,KOR-2499,North Jeolla,AS,Asia,postbreeding_migration,0.4597038358393123,0.003585142360280063,0.006830190446349555,0.12361790120642108,0.0024270528216821527,112,2023-08-23,0.010100569734803026,batgod,Bar-tailed Godwit
batgod,state,KOR-2499,North Jeolla,AS,Asia,prebreeding_migration,3.848335391062718,0.010683365171166751,0.012437222581637245,0.12034988521230884,0.002548012807608705,77,2023-05-17,0.02121190893464397,batgod,Bar-tailed Godwit
batgod,state,KOR-2502,South Chungcheong,AS,Asia,postbreeding_migration,0.5907198430093958,0.0046964618461428544,0.008947407274132423,0.21593002385706825,0.004321871560928117,112,2023-08-23,0.012071331142609242,batgod,Bar-tailed Godwit
batgod,state,KOR-2502,South Chungcheong,AS,Asia,prebreeding_migration,8.136978679078169,0.023028163149702612,0.026808630628117804,0.22193013458417576,0.00478997408518496,77,2023-05-17,0.03468223707056801,batgod,Bar-tailed Godwit
batgod,state,KOR-2505,South Gyeongsang,AS,Asia,postbreeding_migration,0.1201134014490005,0.0012276269241406012,0.002338798531919835,0.10412902123270326,0.002679268941851415,105,2023-08-23,0.003857832173230827,batgod,Bar-tailed Godwit
batgod,state,KOR-2505,South Gyeongsang,AS,Asia,prebreeding_migration,0.6065260203022299,0.0022066388332517453,0.002568896399844676,0.1101352871556949,0.003055829195231298,70,2023-04-05,0.005705621108477353,batgod,Bar-tailed Godwit
batgod,state,KOR-2506,South Jeolla,AS,Asia,postbreeding_migration,0.7338254600048341,0.01169912702219136,0.022288449826399413,0.25594679675242044,0.010272590215249455,112,2023-08-23,0.03301677245048006,batgod,Bar-tailed Godwit
batgod,state,KOR-2506,South Jeolla,AS,Asia,prebreeding_migration,4.605856305390607,0.026138336589574363,0.030429392318786178,0.2712757005466978,0.011740841437959636,77,2023-03-22,0.054132658171815805,batgod,Bar-tailed Godwit
batgod,state,KOR-2507,Busan,AS,Asia,postbreeding_migration,0.29462891420896875,1.114181610959701e-4,2.1226695706668745e-4,0.3385762181098379,3.223343990636082e-4,98,2023-08-30,3.300805531024669e-4,batgod,Bar-tailed Godwit
batgod,state,KOR-2507,Busan,AS,Asia,prebreeding_migration,2.754329203648424,3.7076894287181914e-4,4.316370165180402e-4,0.21541200525699203,2.2114553386542288e-4,63,2023-04-05,8.926295068625805e-4,batgod,Bar-tailed Godwit
batgod,state,KOR-2508,Ulsan,AS,Asia,postbreeding_migration,0.08748059450827603,8.550643395146344e-5,1.629015446491453e-4,0.1206443420923914,2.9686815455785115e-4,98,2023-09-06,3.1244850793546095e-4,batgod,Bar-tailed Godwit
batgod,state,KOR-2508,Ulsan,AS,Asia,prebreeding_migration,0.3450133649587992,1.2004107289480515e-4,1.3974787144416053e-4,0.0979147299256018,2.5981411861792123e-4,56,2023-04-05,5.824871812157804e-4,batgod,Bar-tailed Godwit
batgod,state,KOR-2509,North Gyeongsang,AS,Asia,postbreeding_migration,0.016610423668204755,2.6253465565257805e-4,5.001647122135008e-4,0.027647303424522075,0.0011000901948710945,105,2023-09-06,9.116679841526984e-4,batgod,Bar-tailed Godwit
batgod,state,KOR-2509,North Gyeongsang,AS,Asia,prebreeding_migration,0.10306906305372018,5.798840177339162e-4,6.750819132866112e-4,0.01874493609762897,8.042990264067018e-4,70,2023-04-05,0.0018607558280296557,batgod,Bar-tailed Godwit
batgod,state,KOR-2510,Jeju,AS,Asia,postbreeding_migration,0.3893789231777191,8.073991922449512e-4,0.0015382067697950544,0.11428571428571428,5.965919683806256e-4,98,2023-08-09,0.003003025448342968,batgod,Bar-tailed Godwit
batgod,state,KOR-2510,Jeju,AS,Asia,prebreeding_migration,0.5485171296766826,4.0486752828332745e-4,4.7133346887057e-4,0.2642857142857143,0.0014877063187310267,35,2023-03-29,0.003001789736196469,batgod,Bar-tailed Godwit
batgod,state,KWT-1663,Al Asimah,AS,Asia,breeding,0.11898645853034492,2.347662633765835e-4,0.002425245907260033,0.12928757138734565,3.0404296807874697e-4,21,2023-06-14,3.247600584726756e-4,batgod,Bar-tailed Godwit
batgod,state,KWT-1663,Al Asimah,AS,Asia,nonbreeding,0.3446007311748917,7.494779725698348e-5,4.638125638497385e-4,0.4339794322706807,5.099249485359799e-4,98,2023-01-11,1.4344014698046675e-4,batgod,Bar-tailed Godwit
batgod,state,KWT-1663,Al Asimah,AS,Asia,postbreeding_migration,0.20598958572479917,5.0065925690540906e-5,9.538249056097903e-5,0.22069512965234617,1.3503903319488035e-4,147,2023-07-19,1.748379258241267e-4,batgod,Bar-tailed Godwit
batgod,state,KWT-1663,Al Asimah,AS,Asia,prebreeding_migration,0.2149291428563611,1.859512806552123e-5,2.164783689217276e-5,0.12187674435333404,8.041655776924469e-5,98,2023-06-07,1.890556199850897e-4,batgod,Bar-tailed Godwit
batgod,state,KWT-1664,Al Farwaniyah,AS,Asia,breeding,0.0014071670870303336,2.0493007889226263e-6,2.1170240900869957e-5,0.008942200557458452,1.55218857194082e-5,7,2023-06-14,2.9576205594085287e-5,batgod,Bar-tailed Godwit
batgod,state,KWT-1664,Al Farwaniyah,AS,Asia,nonbreeding,0.01140799886996546,1.8313613219239225e-6,1.1333333615453717e-5,0.008942200557458452,7.755385833454849e-6,91,2023-01-04,2.1533291778231864e-5,batgod,Bar-tailed Godwit
batgod,state,KWT-1664,Al Farwaniyah,AS,Asia,postbreeding_migration,0.010004246559464289,1.7947471087352567e-6,3.4192406671235877e-6,0.008942200557458452,4.038618835528186e-6,133,2023-07-19,2.5322542731487684e-5,batgod,Bar-tailed Godwit
batgod,state,KWT-1665,Al Ahmadi,AS,Asia,breeding,0.008718195044626061,2.9557254881482184e-4,0.003053403431998667,0.012412507575602744,5.015763829177415e-4,21,2023-06-14,3.531862023838996e-4,batgod,Bar-tailed Godwit
batgod,state,KWT-1665,Al Ahmadi,AS,Asia,nonbreeding,0.013920263076344528,5.202229271184227e-5,3.219386538778213e-4,0.02896527918838441,5.848092037994969e-4,98,2023-12-20,1.415591264527641e-4,batgod,Bar-tailed Godwit
batgod,state,KWT-1665,Al Ahmadi,AS,Asia,postbreeding_migration,0.03429744740428737,1.4323796810627648e-4,2.7288807612024254e-4,0.05106790728537144,5.369254610728233e-4,147,2023-10-11,6.87093178702059e-4,batgod,Bar-tailed Godwit
batgod,state,KWT-1665,Al Ahmadi,AS,Asia,prebreeding_migration,0.017909407254850053,2.662468302013684e-5,3.099558084756692e-5,0.020099202348668164,2.278782228046792e-4,98,2023-06-07,2.4214221665653935e-4,batgod,Bar-tailed Godwit
batgod,state,KWT-1666,Mubarak Al-Kabeer,AS,Asia,postbreeding_migration,0.07143491391626913,5.7937293229039395e-6,1.1037853087357587e-5,0.2441301592437004,4.984696201119321e-5,91,2023-08-16,2.4613011870371893e-5,batgod,Bar-tailed Godwit
batgod,state,KWT-1667,Al Jahrah,AS,Asia,breeding,0.03839701055761021,0.0033802665619671844,0.0349197432669815,0.03377426791473134,0.003543884156775049,21,2023-06-14,0.0042364619170757525,batgod,Bar-tailed Godwit
batgod,state,KWT-1667,Al Jahrah,AS,Asia,nonbreeding,0.05585292484683983,5.420058655477882e-4,0.0033541897069949227,0.03309118064739446,0.0017348613147448726,98,2023-01-04,0.001247392506583353,batgod,Bar-tailed Godwit
batgod,state,KWT-1667,Al Jahrah,AS,Asia,postbreeding_migration,0.05435664570627239,5.89474499420506e-4,0.00112303018672712,0.03582390976788311,9.78036223902713e-4,147,2023-07-05,0.002221064005332646,batgod,Bar-tailed Godwit
batgod,state,KWT-1667,Al Jahrah,AS,Asia,prebreeding_migration,0.14404535416026304,5.560559724523557e-4,6.473420861718432e-4,0.04091690036559035,0.0012045996932723677,98,2023-06-07,0.00332584784548526,batgod,Bar-tailed Godwit
batgod,state,KWT-3506,Hawalli,AS,Asia,nonbreeding,0.007727318681865526,6.493622940676517e-7,4.018562272699773e-6,0.07885791461177993,3.580123156236574e-5,14,2023-12-27,8.340591980878817e-6,batgod,Bar-tailed Godwit
batgod,state,KWT-3506,Hawalli,AS,Asia,postbreeding_migration,0.0765724763970117,7.190933029788712e-6,1.3699718768368668e-5,0.2256591343083553,5.335007739190635e-5,98,2023-09-06,2.7400806378703975e-5,batgod,Bar-tailed Godwit
batgod,state,LBN-3060,South Lebanon,AS,Asia,postbreeding_migration,3.829901456497866e-5,3.5039785052612296e-8,6.675562113237777e-8,0.008094387768915395,1.864349901189455e-5,21,2023-09-13,3.0019592530212833e-7,batgod,Bar-tailed Godwit
batgod,state,LKA-2454,Trikuṇāmalaya,AS,Asia,nonbreeding,8.436056525840658e-4,1.9602097940236725e-6,1.2130709153894084e-5,0.04563104775098925,5.728197049978519e-4,21,2023-02-08,1.434909422182036e-5,batgod,Bar-tailed Godwit
batgod,state,LKA-2457,Mannārama,AS,Asia,nonbreeding,0.2052170919034004,3.753203200862945e-4,0.002322660388900336,0.3525211599718973,0.003483117892730005,91,2023-12-27,0.0011610099356628423,batgod,Bar-tailed Godwit
batgod,state,LKA-2457,Mannārama,AS,Asia,postbreeding_migration,0.014447829008671928,2.952877629393139e-5,5.6256389695902634e-5,0.29454693312127156,0.0015155384052301444,35,2023-10-11,3.695119365539436e-4,batgod,Bar-tailed Godwit
batgod,state,LKA-2457,Mannārama,AS,Asia,prebreeding_migration,0.016691569111595535,1.2143584588321797e-5,1.4137162031259416e-5,0.28730015476494336,0.0015940662427320418,14,2023-03-08,3.739932249781382e-4,batgod,Bar-tailed Godwit
batgod,state,LKA-2458,Mulativ,AS,Asia,nonbreeding,0.024278563643353488,5.023899541283813e-5,3.109027632628993e-4,0.13252716944709256,0.0014815534151671737,84,2023-12-27,1.9227948795580896e-4,batgod,Bar-tailed Godwit
batgod,state,LKA-2459,Yāpanaya,AS,Asia,nonbreeding,0.23097242911442584,3.4215377949438537e-4,0.002117410084168712,0.748998910221219,0.005994277168571024,91,2023-12-27,0.0010943556112241193,batgod,Bar-tailed Godwit
batgod,state,LKA-2459,Yāpanaya,AS,Asia,postbreeding_migration,0.020775311819389127,3.4392445544013e-5,6.552235012585791e-5,0.4986325503546979,0.0020780965314687555,35,2023-10-04,3.825851935159566e-4,batgod,Bar-tailed Godwit
batgod,state,LKA-2459,Yāpanaya,AS,Asia,prebreeding_migration,0.010824120554785804,6.378447845145707e-6,7.4255793286506e-6,0.37239335720225625,0.001673574620232557,7,2023-03-08,1.6141520525391002e-4,batgod,Bar-tailed Godwit
batgod,state,LKA-2460,Kilinŏchchi,AS,Asia,nonbreeding,0.179135929964116,2.5121548134022484e-4,0.0015546407065125454,0.5035850605863792,0.00381532000273467,91,2023-12-27,0.0010120606405969405,batgod,Bar-tailed Godwit
batgod,state,LKA-2460,Kilinŏchchi,AS,Asia,postbreeding_migration,0.010557357515800342,1.6545246173529578e-5,3.15209748987807e-5,0.4438083794846018,0.0017509876659539704,28,2023-10-11,2.5931787914450704e-4,batgod,Bar-tailed Godwit
batgod,state,LKA-2460,Kilinŏchchi,AS,Asia,prebreeding_migration,0.00802285003063782,4.4756236426603e-6,5.21037393588644e-6,0.3597889485151983,0.0015307119478171437,7,2023-03-08,1.7526125247279784e-4,batgod,Bar-tailed Godwit
batgod,state,LKA-2462,Puttalama,AS,Asia,nonbreeding,0.06649504483573121,1.993480323865064e-4,0.0012336602993488375,0.28586684915593485,0.0046299990275993595,84,2023-12-27,7.219637701111338e-4,batgod,Bar-tailed Godwit
batgod,state,LKA-2462,Puttalama,AS,Asia,postbreeding_migration,1.3246339061749834e-4,4.437852311533324e-7,8.45472045862562e-7,0.011770944383184209,9.927910882033868e-5,7,2023-10-18,1.2429801499893938e-5,batgod,Bar-tailed Godwit
batgod,state,LKA-2462,Puttalama,AS,Asia,prebreeding_migration,0.0046120163298020165,5.500152040858561e-6,6.40309622193074e-6,0.14881889676955956,0.001353513858565476,7,2023-03-08,1.353125216611968e-4,batgod,Bar-tailed Godwit
batgod,state,LKA-2464,Gālla,AS,Asia,nonbreeding,8.810685923510265e-5,1.2101646050107772e-7,7.489073310662974e-7,0.00482468324148688,3.580123156236574e-5,14,2023-01-11,1.2823566493751826e-6,batgod,Bar-tailed Godwit
batgod,state,LKA-2465,Hambantŏṭa,AS,Asia,nonbreeding,2.369985432185333e-4,5.22886516435885e-7,3.235870094474172e-6,0.01802158630059165,2.1480738937419447e-4,21,2023-02-01,4.113081579991432e-6,batgod,Bar-tailed Godwit
batgod,state,LKA-2470,Kŏḷamba,AS,Asia,nonbreeding,0.003531632550296724,2.038092593975943e-6,1.2612684908322184e-05,0.07960048259610442,2.481752884555433e-4,49,2023-01-04,1.4772403527388487e-5,batgod,Bar-tailed Godwit
batgod,state,LKA-2471,Gampaha,AS,Asia,nonbreeding,0.006425113905479105,7.364524222682141e-6,4.557517347099128e-5,0.07555230618124426,4.678493427917716e-4,70,2023-01-04,3.232744907264841e-5,batgod,Bar-tailed Godwit
batgod,state,LKA-2472,Kaḷutara,AS,Asia,nonbreeding,0.001113873721714411,1.456732553273974e-6,9.01495287527509e-6,0.03546971548125297,2.5060862093656024e-4,28,2023-01-11,8.520522769262696e-6,batgod,Bar-tailed Godwit
batgod,state,LTU-935,Klaipedos,EU,Europe,postbreeding_migration,0.01128200936384054,5.412999726508395e-5,6.140817125175502e-4,0.1129682609539064,0.001364512684083097,98,2023-07-26,3.108727855506963e-4,batgod,Bar-tailed Godwit
batgod,state,LVA-1084,Jelgava,EU,Europe,postbreeding_migration,2.2780618656340792e-5,2.6163919549828137e-8,2.968184987087298e-7,3.49710810089544e-4,1.0111508068650184e-6,56,2023-09-20,2.0639173961604812e-6,batgod,Bar-tailed Godwit
batgod,state,LVA-1086,Limbaži,EU,Europe,postbreeding_migration,0.001782066585008408,1.7429291061099535e-6,1.977278670522067e-5,0.011529738041432968,2.8388655211637157e-5,77,2023-08-02,9.150651987210782e-6,batgod,Bar-tailed Godwit
batgod,state,LVA-1091,Talsi,EU,Europe,postbreeding_migration,0.002833176080293208,4.080128829022625e-6,4.628731988195776e-5,0.00868446584024834,3.148567478552499e-5,91,2023-07-19,5.178293039919491e-5,batgod,Bar-tailed Godwit
batgod,state,LVA-1094,Riga,EU,Europe,postbreeding_migration,0.012587033586403677,3.74290993330581e-6,4.246171545857395e-5,0.16469572831973628,1.232928538600568e-4,84,2023-07-26,1.7313045844545362e-5,batgod,Bar-tailed Godwit
batgod,state,LVA-4848,Liepāja,EU,Europe,postbreeding_migration,0.06628068167608525,6.786732667309685e-6,7.699258506019931e-5,0.5015874910500467,1.2929747919096767e-4,84,2023-07-19,5.816517278253988e-5,batgod,Bar-tailed Godwit
batgod,state,LVA-4852,Ventspils,EU,Europe,postbreeding_migration,0.016917129824538815,3.914189367976873e-5,4.440480753091901e-4,0.14049872667305843,8.183839879624113e-4,98,2023-07-19,2.1260238494540015e-4,batgod,Bar-tailed Godwit
batgod,state,LVA-5716,Grobinas,EU,Europe,postbreeding_migration,0.004851525788630646,2.008409193026338e-6,2.2784544965886244e-5,0.03859131140424214,4.021915833172265e-5,98,2023-07-19,5.317976279989372e-5,batgod,Bar-tailed Godwit
batgod,state,LVA-5717,Nicas,EU,Europe,postbreeding_migration,0.0255360582096782,8.212004311726274e-6,9.316168346084906e-5,0.1551046364554598,1.2557109279548768e-4,77,2023-07-19,7.749256445759928e-5,batgod,Bar-tailed Godwit
batgod,state,LVA-5718,Rucavas,EU,Europe,postbreeding_migration,0.02245290878661637,8.974817052078437e-6,1.0181546837851092e-4,0.1461585568015114,1.4707769770195436e-4,98,2023-07-19,6.156241338831229e-5,batgod,Bar-tailed Godwit
batgod,state,LVA-5719,Pavilostas,EU,Europe,postbreeding_migration,0.029943765660645872,1.5730701626254248e-5,1.784580949902222e-4,0.24205336553007104,3.201270615977709e-4,98,2023-07-19,1.4489112726698763e-4,batgod,Bar-tailed Godwit
batgod,state,LVA-5721,Dundagas,EU,Europe,postbreeding_migration,0.026726110762106504,1.7995893760792e-5,2.041557328147023e-4,0.1642128919904869,2.783649116554628e-4,98,2023-07-19,1.4605279276968869e-4,batgod,Bar-tailed Godwit
batgod,state,LVA-5721,Dundagas,EU,Europe,prebreeding_migration,0.0010751098494058886,2.5768988874726754e-7,6.625248807619059e-6,0.010998163782058371,2.0104139442311172e-5,7,2023-05-03,3.3030420917622783e-6,batgod,Bar-tailed Godwit
batgod,state,LVA-5722,Rojas,EU,Europe,postbreeding_migration,0.06246643408873114,1.591454892457962e-5,1.805437641108854e-4,0.4178987566849458,2.680330093382052e-4,91,2023-07-19,1.5593226092545942e-4,batgod,Bar-tailed Godwit
batgod,state,LVA-5723,Mersraga,EU,Europe,postbreeding_migration,0.04756844743299834,6.60565488443346e-6,7.49383349100845e-5,0.42680453601917057,1.4920916984447662e-4,91,2023-07-19,9.050500120203576e-5,batgod,Bar-tailed Godwit
batgod,state,LVA-5754,Ādaži,EU,Europe,postbreeding_migration,2.277748011328639e-5,2.9931253526023e-9,3.3955729450799676e-8,3.2462261903955464e-4,1.0739092700928741e-7,49,2023-09-13,1.5043005808617217e-6,batgod,Bar-tailed Godwit
batgod,state,LVA-5756,Babites,EU,Europe,postbreeding_migration,0.0035880040927432407,6.556853658017185e-7,7.4384705828155956e-6,0.12179777078835786,5.603398186749461e-5,63,2023-08-30,4.940655573276517e-6,batgod,Bar-tailed Godwit
batgod,state,LVA-5758,Carnikavas,EU,Europe,postbreeding_migration,0.03794066186844513,4.205996216608019e-6,4.771523166514209e-5,0.40691516331090766,1.1356315071728652e-4,84,2023-08-09,1.1248885043913407e-5,batgod,Bar-tailed Godwit
batgod,state,LVA-5759,Engures,EU,Europe,postbreeding_migration,0.03263855841135828,1.5320738571148558e-5,1.738072391308479e-4,0.34873555203204126,4.1211131813941845e-4,91,2023-07-19,6.337131369899885e-5,batgod,Bar-tailed Godwit
batgod,state,LVA-5764,Jurmala,EU,Europe,postbreeding_migration,0.021703701715564908,3.16783698184963e-6,3.593775830551266e-5,0.5834877519443443,2.144027449159491e-4,63,2023-09-13,1.53643624085405e-5,batgod,Bar-tailed Godwit
batgod,state,LVA-5774,Salacgrivas,EU,Europe,postbreeding_migration,0.033528435647556934,1.993862375871271e-5,2.2619517534857244e-4,0.2106245346576674,3.1532647127379944e-4,91,2023-07-26,6.783412638037774e-5,batgod,Bar-tailed Godwit
batgod,state,LVA-5776,Saulkrastu,EU,Europe,postbreeding_migration,0.016963245780557804,1.3490725303371384e-6,1.530465197851012e-5,0.4365075723257836,8.739522630738333e-5,70,2023-08-09,3.707342580859751e-6,batgod,Bar-tailed Godwit
batgod,state,MAC-001,Macau,AS,Asia,prebreeding_migration,0.06607922987538034,2.6879706270972875e-6,3.1292470533852356e-6,0.19441350459418197,6.031241832693351e-5,35,2023-04-12,4.730176682740921e-6,batgod,Bar-tailed Godwit
batgod,state,MAR-1445,Tanger - Tétouan,AF,Africa,breeding,8.423170344442444e-4,6.990322664361034e-5,1,0.0057951856106456204,5.732301519059903e-4,21,2023-06-14,1.2730756969363843e-4,batgod,Bar-tailed Godwit
batgod,state,MAR-1445,Tanger - Tétouan,AF,Africa,nonbreeding,0.013796197738472732,1.262076206030701e-4,0.0015918669788005102,0.015212362227944752,7.518258628096806e-4,98,2023-01-04,5.636405070899201e-4,batgod,Bar-tailed Godwit
batgod,state,MAR-1445,Tanger - Tétouan,AF,Africa,postbreeding_migration,0.007635844077669735,7.806161423563089e-5,0.002738270713840606,0.015212362227944752,3.915134792497856e-4,147,2023-09-20,3.0559672935813226e-4,batgod,Bar-tailed Godwit
batgod,state,MAR-1445,Tanger - Tétouan,AF,Africa,prebreeding_migration,0.005278188655015167,1.920756297727896e-5,0.0010510188831466493,0.015936760429275457,4.4229106773084576e-4,98,2023-06-07,1.4596930246455703e-4,batgod,Bar-tailed Godwit
batgod,state,MAR-1447,Taza - Al Hoceima - Taounate,AF,Africa,nonbreeding,2.9827005507392403e-6,4.9221846527336865e-8,6.208391517726472e-7,2.797224279165825e-4,2.4938479523021e-5,0,2023-11-29,6.99231883323064e-7,batgod,Bar-tailed Godwit
batgod,state,MAR-1447,Taza - Al Hoceima - Taounate,AF,Africa,postbreeding_migration,5.442568171353621e-5,1.0037057974494543e-6,3.5208318677240066e-5,2.797224279165825e-4,1.2986718558429149e-5,0,2023-09-27,8.728116632613147e-6,batgod,Bar-tailed Godwit
batgod,state,MAR-1447,Taza - Al Hoceima - Taounate,AF,Africa,prebreeding_migration,2.4026317166389323e-5,1.5772358565172295e-7,8.630478891760091e-6,6.812869020371604e-4,3.41083132634451e-5,0,2023-05-10,2.0151621349610286e-6,batgod,Bar-tailed Godwit
batgod,state,MAR-1448,Gharb - Chrarda - Béni Hssen,AF,Africa,nonbreeding,0.0025087129942693693,1.7079969043664214e-5,2.1543103807538703e-4,0.01458247252996077,5.363665696883042e-4,42,2023-11-29,4.619772112942212e-5,batgod,Bar-tailed Godwit
batgod,state,MAR-1448,Gharb - Chrarda - Béni Hssen,AF,Africa,postbreeding_migration,0.006471031561727597,4.923386443807423e-5,0.0017270415227775436,0.017502511764137973,3.3524350319798853e-4,91,2023-09-27,1.820595460656856e-4,batgod,Bar-tailed Godwit
batgod,state,MAR-1448,Gharb - Chrarda - Béni Hssen,AF,Africa,prebreeding_migration,1.628439012300319e-4,4.410306642141834e-7,2.4132762531307972e-5,0.001946692822784802,4.0208278884622344e-5,14,2023-04-05,1.4148421497867796e-6,batgod,Bar-tailed Godwit
batgod,state,MAR-1449,Chaouia - Ouardigha,AF,Africa,nonbreeding,4.161126982666319e-4,5.09244826634721e-6,6.423146397746787e-5,0.006813257725100564,4.504689991841763e-4,7,2023-11-29,5.349562750159915e-5,batgod,Bar-tailed Godwit
batgod,state,MAR-1449,Chaouia - Ouardigha,AF,Africa,postbreeding_migration,0.003088395293613212,4.223795140203704e-5,0.001481636608073482,0.006813257725100564,2.3458182790582076e-4,84,2023-09-27,1.8011639905343352e-4,batgod,Bar-tailed Godwit
batgod,state,MAR-1450,Grand Casablanca,AF,Africa,nonbreeding,0.007860331521038098,5.425176018323448e-6,6.842818616247209e-5,0.17791324236616005,6.6340032369828e-4,7,2023-11-29,4.803247198194543e-5,batgod,Bar-tailed Godwit
batgod,state,MAR-1450,Grand Casablanca,AF,Africa,postbreeding_migration,0.041434791179240926,3.195894482005361e-5,0.001121066269291369,0.17791324236616005,3.4546586079906705e-4,84,2023-09-20,1.0296922220622896e-4,batgod,Bar-tailed Godwit
batgod,state,MAR-1451,Rabat - Salé - Zemmour - Zaer,AF,Africa,nonbreeding,7.791421874641131e-4,5.566175005464451e-6,7.020661784988971e-5,0.01357807645612072,5.240501154448698e-4,14,2023-11-29,3.780172183229539e-5,batgod,Bar-tailed Godwit
batgod,state,MAR-1451,Rabat - Salé - Zemmour - Zaer,AF,Africa,postbreeding_migration,0.003196204700070373,2.551696570179826e-5,8.950924288652032e-4,0.0126504707843532,2.542557109624912e-4,84,2023-09-27,9.860321298982332e-5,batgod,Bar-tailed Godwit
batgod,state,MAR-1454,Oriental,AF,Africa,nonbreeding,2.444221365688601e-6,1.0576441597214129e-7,1.33401517684644e-6,3.5275836600344185e-4,8.246521516407623e-5,0,2023-11-29,1.5336580054657422e-6,batgod,Bar-tailed Godwit
batgod,state,MAR-1454,Oriental,AF,Africa,postbreeding_migration,7.439462530929476e-5,3.597451170699667e-6,1.2619256316508695e-4,0.0016979614138340972,2.067048888017184e-4,14,2023-10-11,5.308335315964405e-5,batgod,Bar-tailed Godwit
batgod,state,MAR-1454,Oriental,AF,Africa,prebreeding_migration,2.354799580952408e-6,4.053350669086368e-8,2.217953468779094e-6,4.6467188038928254e-5,6.0999656211772465e-6,0,2023-05-10,1.375670494970172e-6,batgod,Bar-tailed Godwit
batgod,state,MAR-1455,Souss - Massa - Draâ,AF,Africa,nonbreeding,8.020540989130778e-4,4.289061603690076e-5,5.409828268951064e-4,0.0048329190127821674,0.001396248030932264,49,2023-03-01,5.365451581852708e-5,batgod,Bar-tailed Godwit
batgod,state,MAR-1455,Souss - Massa - Draâ,AF,Africa,postbreeding_migration,0.0022060490111526407,1.318341992849803e-4,0.004624522955610518,0.009789759025892084,0.0014728364219396696,77,2023-09-06,4.16937243879354e-4,batgod,Bar-tailed Godwit
batgod,state,MAR-1455,Souss - Massa - Draâ,AF,Africa,prebreeding_migration,5.161115000932891e-4,1.097901417809984e-5,6.007608166203923e-4,0.002106657005571714,3.417703705192899e-4,49,2023-03-08,6.369199135108672e-5,batgod,Bar-tailed Godwit
batgod,state,MAR-1456,Marrakech - Tensift - Al Haouz,AF,Africa,nonbreeding,0.002078543093779145,4.953765403969023e-5,6.248224575997459e-4,0.006741408880796243,8.680035598309862e-4,49,2023-11-29,4.8365748176970575e-5,batgod,Bar-tailed Godwit
batgod,state,MAR-1456,Marrakech - Tensift - Al Haouz,AF,Africa,postbreeding_migration,0.0021819456520823046,5.811317977049331e-5,0.0020385130362966814,0.006741408880796243,4.520130398821564e-4,84,2023-10-11,1.1668186263817052e-4,batgod,Bar-tailed Godwit
batgod,state,MAR-1456,Marrakech - Tensift - Al Haouz,AF,Africa,prebreeding_migration,0.001061539208628768,1.0064069582881156e-5,5.506959516635349e-4,0.004795039924527458,3.4669740120220956e-4,63,2023-03-08,4.9716205932822786e-5,batgod,Bar-tailed Godwit
batgod,state,MAR-1457,Doukkala - Abda,AF,Africa,nonbreeding,0.0030608026993624088,3.277363741821141e-5,4.1337655311094937e-4,0.035290882311345924,0.0020414853140093194,21,2023-11-29,1.2970619297738667e-4,batgod,Bar-tailed Godwit
batgod,state,MAR-1457,Doukkala - Abda,AF,Africa,postbreeding_migration,0.01685411509608414,2.016738420119802e-4,0.007074380676553523,0.043336466344196835,0.001305469402119921,84,2023-09-27,5.387055551141137e-4,batgod,Bar-tailed Godwit
batgod,state,MAR-1457,Doukkala - Abda,AF,Africa,prebreeding_migration,5.564328372832291e-4,2.370081327866918e-6,1.2968851036063625e-4,0.004180562556751202,1.3580194541325857e-4,56,2023-03-08,1.2023429680189566e-5,batgod,Bar-tailed Godwit
batgod,state,MAR-3456,Laâyoune - Boujdour - Sakia El Hamra,AF,Africa,nonbreeding,0.03136657348491684,0.001737986734033955,0.02192136796717882,0.021098233182091756,0.006315676859017293,98,2023-02-22,0.0056367982283760665,batgod,Bar-tailed Godwit
batgod,state,MAR-3456,Laâyoune - Boujdour - Sakia El Hamra,AF,Africa,postbreeding_migration,0.013167726413494264,8.153507608621634e-4,0.028601139392752058,0.04465905199348958,0.006961659383759108,98,2023-09-06,0.002617498525454542,batgod,Bar-tailed Godwit
batgod,state,MAR-3456,Laâyoune - Boujdour - Sakia El Hamra,AF,Africa,prebreeding_migration,0.02835321364812935,6.249465247570416e-4,0.03419645684637372,0.01998501935067004,0.0033594324094963885,70,2023-03-08,0.004404934829643084,batgod,Bar-tailed Godwit
batgod,state,MAR-3457,Guelmim - Es-Semara,AF,Africa,nonbreeding,0.0012077099873810844,9.067044284191997e-5,0.001143633666680191,0.004139607364131072,0.001679023074582562,98,2023-02-22,2.062878885673536e-4,batgod,Bar-tailed Godwit
batgod,state,MAR-3457,Guelmim - Es-Semara,AF,Africa,postbreeding_migration,0.002186910160895434,1.8347982999286535e-4,0.006436165200649799,0.007140699783990056,0.0015082305924762316,91,2023-09-06,5.71851946443385e-4,batgod,Bar-tailed Godwit
batgod,state,MAR-3457,Guelmim - Es-Semara,AF,Africa,prebreeding_migration,7.739193315056843e-4,2.311319387927891e-5,0.001264731150208264,0.002197724033634081,5.00562363427356e-4,63,2023-03-08,1.1770070204951424e-4,batgod,Bar-tailed Godwit
batgod,state,MAR-3469,Oued el Dahab,AF,Africa,nonbreeding,0.07575427543734972,0.0042929936175607995,0.054147877500117805,0.019534117954503383,0.005980552878506796,98,2023-02-15,0.010303770645585372,batgod,Bar-tailed Godwit
batgod,state,MAR-3469,Oued el Dahab,AF,Africa,postbreeding_migration,0.007419970226237205,4.699044570201648e-4,0.016483461501032713,0.02923985520662835,0.004661784611701626,84,2023-09-20,0.0012269856471703042,batgod,Bar-tailed Godwit
batgod,state,MAR-3469,Oued el Dahab,AF,Africa,prebreeding_migration,0.0468379311528084,0.0010558737336409066,0.05777636827680259,0.01828382705031016,0.003143418136904424,63,2023-03-08,0.007497787056700222,batgod,Bar-tailed Godwit
batgod,state,MMR-3275,Ayeyarwady,AS,Asia,nonbreeding,2.1927014187534928e-5,5.893338319948122e-7,3.6470776405031113e-6,2.465594519947189e-4,3.580123156236574e-5,0,2023-01-18,1.1203943059303832e-5,batgod,Bar-tailed Godwit
batgod,state,MMR-3279,Tanintharyi,AS,Asia,nonbreeding,0.012919135126669196,4.973277883679693e-4,0.0030777005467652347,0.031674667847307686,0.006587426607475297,98,2023-03-01,9.952444598401843e-4,batgod,Bar-tailed Godwit
batgod,state,MMR-3279,Tanintharyi,AS,Asia,postbreeding_migration,0.011453578593959986,4.927252214806612e-4,9.387094743344538e-4,0.03821617533751254,0.004138856780640591,91,2023-11-22,8.44560373646284e-4,batgod,Bar-tailed Godwit
batgod,state,MMR-3279,Tanintharyi,AS,Asia,prebreeding_migration,0.012970045911122273,1.986149737576771e-4,2.312210241897491e-4,0.05973429208160743,0.006976136386481977,56,2023-03-08,0.0015895243438347067,batgod,Bar-tailed Godwit
batgod,state,MOZ-1207,Gaza,AF,Africa,nonbreeding,0.0014000230783222608,7.929689735759547e-5,0.0010001782128663235,9.877119194667472e-4,3.0223567771091146e-4,7,2023-11-29,5.8552509498272515e-5,batgod,Bar-tailed Godwit
batgod,state,MOZ-1207,Gaza,AF,Africa,postbreeding_migration,0.0032310703297493597,2.045133765911363e-4,0.0071739867948125,0.0157423848685416,0.002508507583020625,35,2023-11-08,1.635587909336516e-4,batgod,Bar-tailed Godwit
batgod,state,MOZ-1925,Inhambane,AF,Africa,nonbreeding,0.05119813576264214,0.0026865143346533832,0.03388522370498532,0.029117133996487788,0.008254258665694502,7,2023-11-29,0.0019008591529767285,batgod,Bar-tailed Godwit
batgod,state,MOZ-1925,Inhambane,AF,Africa,postbreeding_migration,0.018230395938761437,0.001069018997625963,0.0374993963730035,0.021287162035427985,0.003142510031137977,21,2023-11-22,8.386670779154e-4,batgod,Bar-tailed Godwit
batgod,state,MOZ-1927,Maputo,AF,Africa,postbreeding_migration,0.024817886180335983,5.147882276312833e-4,0.018057909016557783,0.1046547130465652,0.005465025516894237,42,2023-11-08,4.3862521383186e-4,batgod,Bar-tailed Godwit
batgod,state,MRT-2785,Dakhlet Nouadhibou,AF,Africa,nonbreeding,2.5263202883975504,0.03492989595235036,0.44057361729654176,0.09389197969717272,0.007013451741787995,98,2023-02-01,0.07677756452060774,batgod,Bar-tailed Godwit
batgod,state,MRT-2785,Dakhlet Nouadhibou,AF,Africa,postbreeding_migration,0.05802879055341326,8.966164628813907e-4,0.03145180414082199,0.07280340024260869,0.0028319425416984657,70,2023-10-18,0.001945514316452016,batgod,Bar-tailed Godwit
batgod,state,MRT-2785,Dakhlet Nouadhibou,AF,Africa,prebreeding_migration,0.43343104898379253,0.0023839112843453735,0.13044527192529426,0.07280340024260869,0.003053813434623797,63,2023-03-08,0.011347416175118138,batgod,Bar-tailed Godwit
batgod,state,MRT-2786,Inchiri,AF,Africa,nonbreeding,0.03430558193640912,0.0011355332489883982,0.014322573183435147,0.0049798676773303435,8.905274318806974e-4,98,2023-02-01,0.0033781195672810847,batgod,Bar-tailed Godwit
batgod,state,MRT-2786,Inchiri,AF,Africa,postbreeding_migration,0.0031390786526655228,1.1611586703004698e-4,0.004073150180328422,0.005380271728869833,5.010293491049562e-4,70,2023-10-18,2.825610517231677e-4,batgod,Bar-tailed Godwit
batgod,state,MRT-2786,Inchiri,AF,Africa,prebreeding_migration,0.01769440553024309,2.3298728955021923e-4,0.012748834463804865,0.005180069703100088,5.201787705774239e-4,63,2023-03-08,9.635894540943176e-4,batgod,Bar-tailed Godwit
batgod,state,MRT-2787,Nouakchott,AF,Africa,nonbreeding,0.39342620504911346,4.934833568865391e-4,0.0062243456984736115,0.10561905352091608,7.157245804717806e-4,98,2023-02-01,0.0018605016769018352,batgod,Bar-tailed Godwit
batgod,state,MRT-2787,Nouakchott,AF,Africa,postbreeding_migration,0.036592659569505,5.129293018671198e-5,0.0017992701013507173,0.0897695537454254,3.1678323169651696e-4,70,2023-09-20,1.6228540161454291e-4,batgod,Bar-tailed Godwit
batgod,state,MRT-2787,Nouakchott,AF,Africa,prebreeding_migration,0.08627210009318752,4.304679131968312e-5,0.00235547792238813,0.07392005396993472,2.812894590325441e-4,63,2023-03-08,1.9935734415005264e-4,batgod,Bar-tailed Godwit
batgod,state,MRT-2788,Trarza,AF,Africa,nonbreeding,0.048144303278694144,0.002469790871173131,0.031151673041428164,0.02767876297067256,0.007671077778108599,98,2023-02-01,0.009881943337378612,batgod,Bar-tailed Godwit
batgod,state,MRT-2788,Trarza,AF,Africa,postbreeding_migration,0.00870934665257423,4.992926343043314e-4,0.017514349549894732,0.015165363942990092,0.0021887290598185225,70,2023-10-18,0.001431700593544286,batgod,Bar-tailed Godwit
batgod,state,MRT-2788,Trarza,AF,Africa,prebreeding_migration,0.019689409390576923,4.0179927823641047e-4,0.021986059822409955,0.011285211524824288,0.0017563332955277055,63,2023-03-08,0.0010991959787533558,batgod,Bar-tailed Godwit
batgod,state,MYS-1137,Perak,AS,Asia,nonbreeding,0.196047491956087,0.0031342753330949355,0.019396384300251077,0.056953256795488696,0.0049191362571220365,98,2023-03-01,0.006686708960782843,batgod,Bar-tailed Godwit
batgod,state,MYS-1137,Perak,AS,Asia,postbreeding_migration,0.12498842478330972,0.0022330577585424234,0.004254282880792422,0.039416821469543305,0.0017728881879239392,133,2023-11-15,0.005359146287176201,batgod,Bar-tailed Godwit
batgod,state,MYS-1137,Perak,AS,Asia,prebreeding_migration,0.0851339750722803,5.414270558691312e-4,6.303115823222872e-4,0.06003103252672201,0.0029116128218735745,91,2023-03-08,0.006262741136903221,batgod,Bar-tailed Godwit
batgod,state,MYS-1139,Pulau Pinang,AS,Asia,nonbreeding,1.0706006358261713,0.0012059105483163124,0.007462747187488781,0.32830676496825145,0.001997845333127589,98,2023-03-01,0.002095979021243806,batgod,Bar-tailed Godwit
batgod,state,MYS-1139,Pulau Pinang,AS,Asia,postbreeding_migration,0.6979783692305168,8.785851700937812e-4,0.0016738258713414563,0.2732703368457346,8.659722619416106e-4,133,2023-10-11,0.0021937926276180807,batgod,Bar-tailed Godwit
batgod,state,MYS-1139,Pulau Pinang,AS,Asia,prebreeding_migration,0.4913907777952295,2.201789452448798e-4,2.5632509101077765e-4,0.32471052158823804,0.0011095986361835636,91,2023-03-08,0.0021375255288939056,batgod,Bar-tailed Godwit
batgod,state,MYS-1140,Kedah,AS,Asia,nonbreeding,0.2751939528471256,0.0020486050885850627,0.012677741217587604,0.059990019613560056,0.00241264153037993,98,2023-01-04,0.003603479389799574,batgod,Bar-tailed Godwit
batgod,state,MYS-1140,Kedah,AS,Asia,postbreeding_migration,0.15770478846017796,0.0013119538202704289,0.0024994528944069267,0.05990890444954882,0.0012546847822811772,133,2023-07-19,0.003494853868518155,batgod,Bar-tailed Godwit
batgod,state,MYS-1140,Kedah,AS,Asia,prebreeding_migration,0.11643030323578683,3.4478358222705133e-4,4.013857137660443e-4,0.06533801758953493,0.0014755953233270436,91,2023-03-08,0.0034878206853138157,batgod,Bar-tailed Godwit
batgod,state,MYS-1141,Perlis,AS,Asia,nonbreeding,0.9154331591122108,6.007415373036614e-4,0.0037176739387345,0.14787607743426645,5.242680342923241e-4,98,2023-01-18,0.0013410583151499049,batgod,Bar-tailed Godwit
batgod,state,MYS-1141,Perlis,AS,Asia,postbreeding_migration,0.4797979163160549,3.518630696654662e-4,6.70347655780273e-4,0.14787607743426645,2.7301269126091943e-4,133,2023-10-11,9.87623041398279e-4,batgod,Bar-tailed Godwit
batgod,state,MYS-1141,Perlis,AS,Asia,prebreeding_migration,0.3115099444981215,8.131939254019098e-5,9.466936391498738e-5,0.12927192104503898,2.573636342626399e-4,84,2023-03-08,9.9405042917098e-4,batgod,Bar-tailed Godwit
batgod,state,MYS-1143,Johor,AS,Asia,nonbreeding,0.22730157089026273,0.0036070310766817583,0.022322021364084368,0.06424758246764603,0.005508060122358517,98,2023-12-20,0.006384101617501153,batgod,Bar-tailed Godwit
batgod,state,MYS-1143,Johor,AS,Asia,postbreeding_migration,0.20158725527755267,0.003574907641325445,0.0068106918957761145,0.06341239093881375,0.002831036491623813,112,2023-11-15,0.008762456588271624,batgod,Bar-tailed Godwit
batgod,state,MYS-1143,Johor,AS,Asia,prebreeding_migration,0.10073436609111716,6.358962926330564e-4,7.402895626614176e-4,0.07008925448601339,0.003374277867891067,91,2023-03-08,0.005293082621344358,batgod,Bar-tailed Godwit
batgod,state,MYS-1144,Kelantan,AS,Asia,nonbreeding,0.044079601363290304,4.947764630058118e-4,0.003061911733741422,0.024609232603395637,0.001492326596867458,98,2023-03-01,8.335225697807195e-4,batgod,Bar-tailed Godwit
batgod,state,MYS-1144,Kelantan,AS,Asia,postbreeding_migration,0.030207780735674546,3.7891735858609337e-4,7.21889805895621e-4,0.021657329056090108,6.839119002144345e-4,126,2023-11-15,8.862180112281717e-4,batgod,Bar-tailed Godwit
batgod,state,MYS-1144,Kelantan,AS,Asia,prebreeding_migration,0.01763963057079857,7.876296326563664e-5,9.169325298061092e-5,0.019295806218245684,6.570769888764166e-4,84,2023-03-08,6.58635531596844e-4,batgod,Bar-tailed Godwit
batgod,state,MYS-1145,Melaka,AS,Asia,nonbreeding,0.32403225068038977,4.651767902692798e-4,0.0028787349012860167,0.09751035222127608,7.562666692018139e-4,98,2023-01-18,8.006989583723165e-4,batgod,Bar-tailed Godwit
batgod,state,MYS-1145,Melaka,AS,Asia,postbreeding_migration,0.2551269645260148,4.09298798543477e-4,7.797706374191575e-4,0.09751035222127608,3.938260301305989e-4,119,2023-11-15,0.001045970233746158,batgod,Bar-tailed Godwit
batgod,state,MYS-1145,Melaka,AS,Asia,prebreeding_migration,0.11091197559832792,6.333874147767075e-5,7.373688095251524e-5,0.09751035222127608,4.2468065789077553e-4,91,2023-03-08,5.817031228220007e-4,batgod,Bar-tailed Godwit
batgod,state,MYS-1146,Negeri Sembilan,AS,Asia,nonbreeding,0.061963117538486365,3.117743733671755e-4,0.001929407891178567,0.02616017221755402,7.11118845646644e-4,98,2023-12-20,5.17233364833941e-4,batgod,Bar-tailed Godwit
batgod,state,MYS-1146,Negeri Sembilan,AS,Asia,postbreeding_migration,0.045439663958434746,2.55503335068903e-4,4.867690771592524e-4,0.01562391500535352,2.211672992393837e-4,119,2023-11-15,7.920748323775107e-4,batgod,Bar-tailed Godwit
batgod,state,MYS-1146,Negeri Sembilan,AS,Asia,prebreeding_migration,0.020882527364117286,4.179760546475497e-5,4.865939844007424e-5,0.01844460481030348,2.8155190185393756e-4,91,2023-03-08,3.469337705239328e-4,batgod,Bar-tailed Godwit
batgod,state,MYS-1147,Pahang,AS,Asia,nonbreeding,0.08780758501147147,0.002350715851892154,0.014547346100244874,0.019869902441175914,0.002873811462058054,98,2023-12-20,0.00388109364303571,batgod,Bar-tailed Godwit
batgod,state,MYS-1147,Pahang,AS,Asia,postbreeding_migration,0.07138049960639549,0.002135511891113607,0.004068444555604929,0.02284031433274259,0.0017202599231553295,112,2023-11-15,0.004010686371343397,batgod,Bar-tailed Godwit
batgod,state,MYS-1147,Pahang,AS,Asia,prebreeding_migration,0.045408016866351514,4.835727575119372e-4,5.629595097829295e-4,0.02630856228460606,0.002136717831751555,91,2023-03-08,0.003748476817353808,batgod,Bar-tailed Godwit
batgod,state,MYS-1148,Selangor,AS,Asia,nonbreeding,0.9450113982873064,0.006044482994699109,0.03740613143445405,0.12137908684683749,0.004194308918567323,98,2023-03-01,0.010476679398137815,batgod,Bar-tailed Godwit
batgod,state,MYS-1148,Selangor,AS,Asia,postbreeding_migration,0.5805674835321671,0.004149818754002304,0.007905976823038787,0.09625799758407576,0.0017321393518953186,126,2023-11-15,0.008545063547689686,batgod,Bar-tailed Godwit
batgod,state,MYS-1148,Selangor,AS,Asia,prebreeding_migration,0.40131238712904066,0.001021094334908339,0.0011887244624361102,0.11814556493870866,0.0022925641272691995,91,2023-03-08,0.010444852443339816,batgod,Bar-tailed Godwit
batgod,state,MYS-1149,Terengganu,AS,Asia,nonbreeding,0.1342934249399323,0.001393950634740334,0.008626428546819527,0.09176167320812552,0.005145746682385443,98,2023-03-01,0.0024722342186813506,batgod,Bar-tailed Godwit
batgod,state,MYS-1149,Terengganu,AS,Asia,postbreeding_migration,0.10894133225272992,0.0012636873369261635,0.0024074985895878743,0.05090237886538816,0.0014864647513402843,119,2023-11-15,0.0028002107949919755,batgod,Bar-tailed Godwit
batgod,state,MYS-1149,Terengganu,AS,Asia,prebreeding_migration,0.0626820220285135,2.5881940234749715e-4,3.0130904109969633e-4,0.058563496554651415,0.0018441727414485068,91,2023-03-08,0.0021855365944842,batgod,Bar-tailed Godwit
batgod,state,MYS-1186,Sabah,AS,Asia,nonbreeding,0.0310975427147572,0.0018636693237636217,0.011533270874646971,0.04218722997618741,0.013658978733015244,28,2023-01-18,0.0032364552961497576,batgod,Bar-tailed Godwit
batgod,state,MYS-1186,Sabah,AS,Asia,postbreeding_migration,0.0038118475631238337,2.5528930206722195e-4,4.863613147843237e-4,0.012884598571475125,0.0021723888655539314,56,2023-11-01,3.891273383554938e-4,batgod,Bar-tailed Godwit
batgod,state,MYS-1187,Sarawak,AS,Asia,nonbreeding,0.03912376028070003,0.0036300414737898,0.022464420629552933,0.012790280557048814,0.006411291205772501,42,2023-01-25,0.004240049195016376,batgod,Bar-tailed Godwit
batgod,state,MYS-1187,Sarawak,AS,Asia,postbreeding_migration,0.02458278818562269,0.002548921405181026,0.004856046672803065,0.013383996332930135,0.003493660492827973,91,2023-11-01,0.004513042093485071,batgod,Bar-tailed Godwit
batgod,state,MYS-4833,Labuan,AS,Asia,nonbreeding,0.255657611708892,6.437924156666487e-5,3.98409321989169e-4,0.34210526315789475,4.654160103107547e-4,14,2023-01-18,1.2640827092106138e-4,batgod,Bar-tailed Godwit
batgod,state,MYS-4833,Labuan,AS,Asia,postbreeding_migration,0.02523481022370489,7.101359175331023e-6,1.3529068226917971e-5,0.05263157894736842,3.72869980237891e-5,56,2023-10-25,1.2186799660765065e-5,batgod,Bar-tailed Godwit
batgod,state,NAM-3338,Karas,AF,Africa,nonbreeding,0.0025824578584095824,3.0808907300012455e-4,0.003885952524060404,0.0036105539303232697,0.0023270800515537734,28,2023-11-29,2.60754981044987e-4,batgod,Bar-tailed Godwit
batgod,state,NAM-3338,Karas,AF,Africa,postbreeding_migration,0.005384198146883573,7.17824693180896e-4,0.025180088245109297,0.01263552657551096,0.004240922048289119,84,2023-10-18,0.0019504124127097233,batgod,Bar-tailed Godwit
batgod,state,NAM-3339,Hardap,AF,Africa,nonbreeding,0.008186775869004752,6.677434111830824e-4,0.008422301929905038,0.006065861719686828,0.00267290578543271,7,2023-11-29,4.870677528049384e-4,batgod,Bar-tailed Godwit
batgod,state,NAM-3339,Hardap,AF,Africa,postbreeding_migration,0.01834875059494566,0.0016724668399377518,0.05866733621274156,0.00956843682951228,0.0021956423389198456,84,2023-10-18,0.0067119980601765186,batgod,Bar-tailed Godwit
batgod,state,NAM-3347,Kunene,AF,Africa,postbreeding_migration,0.003572553803699487,3.451534431141814e-4,0.012107404827780449,0.0032743067414019414,7.963837298734102e-4,42,2023-11-01,6.659776875062362e-4,batgod,Bar-tailed Godwit
batgod,state,NAM-3348,Erongo,AF,Africa,nonbreeding,0.03241398066974254,0.0015546218770102437,0.019608572118768514,0.01814719249002207,0.004702147916414634,14,2023-11-29,0.001261058635388028,batgod,Bar-tailed Godwit
batgod,state,NAM-3348,Erongo,AF,Africa,postbreeding_migration,0.08234337663701967,0.004413421290460854,0.15481542863090522,0.028744592250138416,0.0038785772940067792,84,2023-10-18,0.015502955227558788,batgod,Bar-tailed Godwit
batgod,state,NCL-1259,Sud,OC,Oceania,nonbreeding,3.6610439523103e-4,2.500959023921196e-6,3.6745039732851257e-6,0.005820404246080127,2.1480738937419447e-4,7,2023-11-29,2.3927326487055608e-5,batgod,Bar-tailed Godwit
batgod,state,NCL-1259,Sud,OC,Oceania,postbreeding_migration,6.902358152439395e-4,5.269306141741059e-6,1.4916795880748762e-5,0.015521077989547006,2.982959841903128e-4,7,2023-11-22,7.262155119579485e-5,batgod,Bar-tailed Godwit
batgod,state,NFK-001,Norfolk Island,OC,Oceania,postbreeding_migration,0.00624467022716999,9.249054615536178e-7,2.618300324153575e-6,0.05,1.864349901189455e-5,21,2023-11-01,6.145653670170028e-6,batgod,Bar-tailed Godwit
batgod,state,NIR-2082,Belfast,EU,Europe,breeding,0.032395496684214355,2.5163252757080432e-5,1.3661361748356358e-4,0.09911564366136023,9.17623188292526e-5,21,2023-06-28,7.048149650483396e-5,batgod,Bar-tailed Godwit
batgod,state,NIR-2082,Belfast,EU,Europe,nonbreeding,0.30329166151837933,2.596851629325847e-5,3.3361199431159144e-4,0.09911564366136023,4.584830737437525e-5,98,2023-01-04,1.1784940372684218e-4,batgod,Bar-tailed Godwit
batgod,state,NIR-2082,Belfast,EU,Europe,postbreeding_migration,0.1122469543243881,1.0740278429040036e-5,0.00012184387407820017,0.09911564366136023,2.3875515895093956e-5,147,2023-07-19,9.477512244191472e-5,batgod,Bar-tailed Godwit
batgod,state,NIR-2082,Belfast,EU,Europe,prebreeding_migration,0.1380095963225202,4.700641609329964e-6,1.2085425768413318e-4,0.09911564366136023,2.574606303815865e-5,98,2023-03-08,6.527296429758131e-5,batgod,Bar-tailed Godwit
batgod,state,NIR-2083,Derry,EU,Europe,breeding,0.03413793563920132,9.184120147911328e-5,4.986143440683784e-4,0.05468551599210398,1.753527788078817e-4,21,2023-06-28,1.284134466341059e-4,batgod,Bar-tailed Godwit
batgod,state,NIR-2083,Derry,EU,Europe,nonbreeding,0.2778283503040242,8.23913067754664e-5,0.0010584635585991157,0.05468551599210398,8.76136109495488e-5,98,2023-01-18,2.0908527169257653e-4,batgod,Bar-tailed Godwit
batgod,state,NIR-2083,Derry,EU,Europe,postbreeding_migration,0.13766384221499134,4.562249424608083e-5,5.17567722362085e-4,0.07006346443593632,5.845482048898611e-5,147,2023-07-19,2.2777175189123977e-4,batgod,Bar-tailed Godwit
batgod,state,NIR-2083,Derry,EU,Europe,prebreeding_migration,0.08608891145719283,1.0155778861051736e-5,2.611067206273507e-4,0.05468551599210398,4.91993200989686e-5,98,2023-03-08,1.7214127544242584e-4,batgod,Bar-tailed Godwit
batgod,state,NIR-2086,Newry and Mourne,EU,Europe,breeding,0.010248704118883154,7.039817228825721e-5,3.821981630663328e-4,0.02623031633307682,2.1475139506471483e-4,21,2023-06-28,7.749240712411741e-5,batgod,Bar-tailed Godwit
batgod,state,NIR-2086,Newry and Mourne,EU,Europe,nonbreeding,0.1899547426507798,1.4382921148103429e-4,0.0018477432264741324,0.03498230151320844,1.4310004545049264e-4,98,2023-01-04,3.979702074811226e-4,batgod,Bar-tailed Godwit
batgod,state,NIR-2086,Newry and Mourne,EU,Europe,postbreeding_migration,0.07357986687827155,6.226016447921362e-5,7.063149890399417e-4,0.03498230151320844,7.451937934902793e-5,147,2023-09-27,1.9993435045558065e-4,batgod,Bar-tailed Godwit
batgod,state,NIR-2086,Newry and Mourne,EU,Europe,prebreeding_migration,0.03263012581319569,9.828265839330502e-6,2.526863077536177e-4,0.03498230151320844,8.03576620800378e-5,98,2023-03-08,8.612403330842719e-5,batgod,Bar-tailed Godwit
batgod,state,NIR-2096,Carrickfergus,EU,Europe,breeding,0.005472956763201258,4.698873045572723e-6,2.551061466690046e-5,0.07002083866058421,7.165376898824878e-5,7,2023-06-28,1.3699612459472468e-5,batgod,Bar-tailed Godwit
batgod,state,NIR-2096,Carrickfergus,EU,Europe,nonbreeding,0.16177329156249845,1.5310276917505217e-5,1.9668786457536724e-4,0.07002083866058421,3.580123156236574e-5,70,2023-01-04,4.576964692447542e-5,batgod,Bar-tailed Godwit
batgod,state,NIR-2096,Carrickfergus,EU,Europe,postbreeding_migration,0.03073094993374996,3.2501732861973114e-06,3.6871828531464885e-5,0.07002083866058421,1.864349901189455e-5,70,2023-07-19,2.2567725387288264e-5,batgod,Bar-tailed Godwit
batgod,state,NIR-2096,Carrickfergus,EU,Europe,prebreeding_migration,0.06112392022084265,2.3011695164889083e-6,5.916344125632337e-5,0.07002083866058421,2.0104139442311172e-5,98,2023-03-08,2.13752565622279e-5,batgod,Bar-tailed Godwit
batgod,state,NIR-2097,Newtownabbey,EU,Europe,breeding,0.02941568962174998,2.941662772704495e-5,1.597055820546938e-4,0.043244860798528025,5.154521914724495e-5,21,2023-06-28,4.961313330428513e-5,batgod,Bar-tailed Godwit
batgod,state,NIR-2097,Newtownabbey,EU,Europe,nonbreeding,0.24498584651017616,2.700594472012718e-5,3.4693961621092397e-4,0.043244860798528025,2.575415575035624e-5,98,2023-01-04,6.428028049122404e-5,batgod,Bar-tailed Godwit
batgod,state,NIR-2097,Newtownabbey,EU,Europe,postbreeding_migration,0.13839325868331273,1.704855687506066e-5,1.9340860023547732e-4,0.043244860798528025,1.341148212869515e-5,147,2023-07-19,7.75473099584169e-5,batgod,Bar-tailed Godwit
batgod,state,NIR-2097,Newtownabbey,EU,Europe,prebreeding_migration,0.0921404378193666,4.0404509549772205e-6,1.0388064895305276e-4,0.043244860798528025,1.4462215846463692e-5,98,2023-03-08,4.265738916904188e-5,batgod,Bar-tailed Godwit
batgod,state,NIR-2098,North Down,EU,Europe,breeding,0.043215852931426456,4.630952862909216e-5,2.5141869737801606e-4,0.15777468758280913,2.015137279140537e-4,21,2023-06-28,6.320100847252827e-5,batgod,Bar-tailed Godwit
batgod,state,NIR-2098,North Down,EU,Europe,nonbreeding,0.7551557614124335,8.92007161929876e-5,0.0011459425901390549,0.2138758333125602,1.3648595112303213e-4,98,2023-01-04,2.202997178079736e-4,batgod,Bar-tailed Godwit
batgod,state,NIR-2098,North Down,EU,Europe,postbreeding_migration,0.26207168850248935,3.4594432890025524e-5,3.9245907382270376e-4,0.2138758333125602,7.107508830993947e-5,147,2023-07-19,1.4316609347559615e-4,batgod,Bar-tailed Godwit
batgod,state,NIR-2098,North Down,EU,Europe,prebreeding_migration,0.21057806191500453,9.894779343491125e-6,2.54396380726496e-4,0.2138758333125602,7.664352519588535e-5,98,2023-03-08,9.847386904710062e-5,batgod,Bar-tailed Godwit
batgod,state,NIR-2099,Down,EU,Europe,breeding,0.029365300135640624,1.556182458905758e-4,8.448657938936868e-4,0.09065918669704658,5.726350504527531e-4,21,2023-06-21,2.019610860745855e-4,batgod,Bar-tailed Godwit
batgod,state,NIR-2099,Down,EU,Europe,nonbreeding,0.5988718799563136,3.498360192210218e-4,0.004494268780563776,0.158724238758913,5.009199042001511e-4,98,2023-01-04,0.0010503212678767053,batgod,Bar-tailed Godwit
batgod,state,NIR-2099,Down,EU,Europe,postbreeding_migration,0.2113989817252218,1.3800276879836657e-4,0.0015655825028191607,0.1360358880716242,2.235671494857866e-4,147,2023-09-20,4.442876810103279e-4,batgod,Bar-tailed Godwit
batgod,state,NIR-2099,Down,EU,Europe,prebreeding_migration,0.11842052974972168,2.7518121834487015e-5,7.074953726673311e-4,0.158724238758913,2.812909825720959e-4,98,2023-03-08,2.6295770744058487e-4,batgod,Bar-tailed Godwit
batgod,state,NIR-2100,Coleraine,EU,Europe,breeding,0.0049889095617091815,1.818931636752617e-5,9.875147432287104e-5,0.01648876987320202,7.165376898824878e-5,21,2023-06-21,2.04142680747898e-5,batgod,Bar-tailed Godwit
batgod,state,NIR-2100,Coleraine,EU,Europe,nonbreeding,0.07718164567239665,3.101910833284303e-5,3.984958738429557e-4,0.03297753974640404,7.160246312473149e-5,91,2023-12-27,9.664154466211544e-5,batgod,Bar-tailed Godwit
batgod,state,NIR-2100,Coleraine,EU,Europe,postbreeding_migration,0.01289109083459446,5.78974253307449e-6,6.568215757216457e-5,0.03297753974640404,3.72869980237891e-5,84,2023-07-19,5.60180319548581e-5,batgod,Bar-tailed Godwit
batgod,state,NIR-2100,Coleraine,EU,Europe,prebreeding_migration,0.026403869185002166,4.221278792329229e-6,1.085297619610362e-4,0.03297753974640404,4.0208278884622344e-5,98,2023-03-08,4.0442555034232526e-5,batgod,Bar-tailed Godwit
batgod,state,NIR-2102,Limavady,EU,Europe,breeding,0.04273307632757457,1.9703150918143372e-4,0.001069702215662388,0.11139939157685892,6.122014883887542e-4,21,2023-06-14,2.576908707464014e-4,batgod,Bar-tailed Godwit
batgod,state,NIR-2102,Limavady,EU,Europe,nonbreeding,0.539258003236904,2.7407703930939196e-4,0.003521009311677914,0.11139939157685892,3.058815685218908e-4,98,2023-01-04,6.628155850976332e-4,batgod,Bar-tailed Godwit
batgod,state,NIR-2102,Limavady,EU,Europe,postbreeding_migration,0.2552261362301281,1.449624460096235e-4,0.0016445370699056591,0.11139939157685892,1.592878923888559e-4,147,2023-07-19,4.599278845096164e-4,batgod,Bar-tailed Godwit
batgod,state,NIR-2102,Limavady,EU,Europe,prebreeding_migration,0.17922618910155216,3.623587173484029e-5,9.316301356307426e-4,0.11139939157685892,1.7176743475107967e-4,98,2023-03-08,4.7780151936194714e-4,batgod,Bar-tailed Godwit
batgod,state,NIR-2135,Strabane,EU,Europe,breeding,8.082391338448867e-4,4.682300951945731e-6,2.542064324382906e-5,0.002540494753423779,1.7541946774398267e-5,21,2023-06-21,2.1741084105661384e-5,batgod,Bar-tailed Godwit
batgod,state,NIR-2135,Strabane,EU,Europe,nonbreeding,0.0032110758842107097,2.0505697588363706e-6,2.6343232666628485e-5,0.002540494753423779,8.764693154213883e-6,35,2023-01-04,4.017877407094001e-5,batgod,Bar-tailed Godwit
batgod,state,NIR-2135,Strabane,EU,Europe,postbreeding_migration,0.003333543205294138,2.378944855767106e-6,2.6988113889238992e-5,0.002540494753423779,4.564215839209184e-6,119,2023-10-11,3.700939231517291e-5,batgod,Bar-tailed Godwit
batgod,state,NIR-2135,Strabane,EU,Europe,prebreeding_migration,0.0022642474817907775,5.751869988934948e-7,1.4788150971319474e-5,0.002540494753423779,4.9218031238515955e-6,98,2023-06-07,2.045829322407287e-5,batgod,Bar-tailed Godwit
batgod,state,NIR-2137,Ards,EU,Europe,breeding,0.07965470135920823,3.304835288705745e-4,0.001794225525356177,0.20569605606216249,0.0010171954463394127,21,2023-06-14,4.30081621402931e-4,batgod,Bar-tailed Godwit
batgod,state,NIR-2137,Ards,EU,Europe,nonbreeding,1.4702125388468603,6.723928050138644e-4,0.008638087063128602,0.29263449686572496,7.23040944046715e-4,98,2023-01-04,0.0018468119020591256,batgod,Bar-tailed Godwit
batgod,state,NIR-2137,Ards,EU,Europe,postbreeding_migration,0.49907546936974473,2.550723989356257e-4,0.0028936874832503436,0.29263449686572496,3.765237266324778e-4,147,2023-09-20,6.80526904751421e-4,batgod,Bar-tailed Godwit
batgod,state,NIR-2137,Ards,EU,Europe,prebreeding_migration,0.3414058961655316,6.21119466617559e-5,0.0015969082161515756,0.4375318982049958,6.070641854629549e-4,98,2023-03-08,6.26216891606692e-4,batgod,Bar-tailed Godwit
batgod,state,NLD-3483,Noord-Brabant,EU,Europe,breeding,0.0020949600467776272,7.319405352517727e-5,3.9737725988332105e-4,0.007681225657824236,3.198678676618102e-4,21,2023-06-14,3.4627156196076454e-4,batgod,Bar-tailed Godwit
batgod,state,NLD-3483,Noord-Brabant,EU,Europe,nonbreeding,0.0064300657341677635,2.476395446047731e-5,3.181372451666019e-4,0.022801671518248055,4.744229652209454e-4,98,2023-01-18,1.4435435966960556e-4,batgod,Bar-tailed Godwit
batgod,state,NLD-3483,Noord-Brabant,EU,Europe,postbreeding_migration,0.0065566442194762145,2.8218927899581224e-5,3.2013169121591375e-4,0.02039533672668913,2.2098324977672936e-4,147,2023-07-19,4.559999633919795e-4,batgod,Bar-tailed Godwit
batgod,state,NLD-3483,Noord-Brabant,EU,Europe,prebreeding_migration,0.012822768833890818,1.964479880383684e-5,5.050709613937712e-4,0.030383367483596917,3.5499517176452815e-4,98,2023-06-07,2.3900796892126295e-4,batgod,Bar-tailed Godwit
batgod,state,NLD-3485,Zuid-Holland,EU,Europe,breeding,0.05146941536291268,0.001234891059865749,0.006704337333292581,0.07610460996428521,0.002176358383957573,21,2023-06-14,0.0018745141201176952,batgod,Bar-tailed Godwit
batgod,state,NLD-3485,Zuid-Holland,EU,Europe,nonbreeding,0.17013359607760536,4.499601186781915e-4,0.005780541747465237,0.1893313128254838,0.002705208989702751,98,2023-01-18,0.001134504233095291,batgod,Bar-tailed Godwit
batgod,state,NLD-3485,Zuid-Holland,EU,Europe,postbreeding_migration,0.14614589751888965,4.3194144542401536e-4,0.004900191315627141,0.2274693536153638,0.0016925079861404044,147,2023-07-19,0.002258162563549884,batgod,Bar-tailed Godwit
batgod,state,NLD-3485,Zuid-Holland,EU,Europe,prebreeding_migration,0.39334401860323936,4.13825910921479e-4,0.010639531245183447,0.2524824327253188,0.0020258023143953927,98,2023-06-07,0.0015027974276496485,batgod,Bar-tailed Godwit
batgod,state,NLD-3486,Noord-Holland,EU,Europe,breeding,0.41930793400534094,0.01038996416874219,0.056408072689135294,0.1379906729036589,0.0040754046733913075,21,2023-06-14,0.012046885474239342,batgod,Bar-tailed Godwit
batgod,state,NLD-3486,Noord-Holland,EU,Europe,nonbreeding,0.15507826882875167,4.235809729957234e-4,0.00544165448490535,0.23133039600853583,0.0034136000434731775,98,2023-01-25,7.46165298534969e-4,batgod,Bar-tailed Godwit
batgod,state,NLD-3486,Noord-Holland,EU,Europe,postbreeding_migration,0.8074595393872097,0.0024646802024973296,0.02796074480007301,0.32495907101884136,0.002497112197441023,147,2023-07-19,0.015529125766299208,batgod,Bar-tailed Godwit
batgod,state,NLD-3486,Noord-Holland,EU,Europe,prebreeding_migration,1.815219527002685,0.0019723130235386153,0.05070848751953335,0.3084705050475152,0.0025561191843024244,98,2023-06-07,0.011592832520115996,batgod,Bar-tailed Godwit
batgod,state,NLD-895,Friesland,EU,Europe,breeding,0.545240823760252,0.01705810909138169,0.0926100458036848,0.18969658191936056,0.007073625524848328,21,2023-06-28,0.018773194738456993,batgod,Bar-tailed Godwit
batgod,state,NLD-895,Friesland,EU,Europe,nonbreeding,0.42686261006418735,0.0014720927282855332,0.018911661542343177,0.212899164302372,0.003966572925906967,98,2023-11-29,0.0049110128247293406,batgod,Bar-tailed Godwit
batgod,state,NLD-895,Friesland,EU,Europe,postbreeding_migration,3.790172075925319,0.014606975036385687,0.16570989651297768,0.3253862018180532,0.003156967249098335,147,2023-07-19,0.056293470284001855,batgod,Bar-tailed Godwit
batgod,state,NLD-895,Friesland,EU,Europe,prebreeding_migration,2.856650253933066,0.003918910201944763,0.10075581649253214,0.32285009205049764,0.003377768819389169,98,2023-06-07,0.01707765530875769,batgod,Bar-tailed Godwit
batgod,state,NLD-897,Groningen,EU,Europe,breeding,0.12959655482302848,0.002428832648467088,0.013186356214456744,0.08880165593603903,0.0019836508690936404,21,2023-06-14,0.003314657968580106,batgod,Bar-tailed Godwit
batgod,state,NLD-897,Groningen,EU,Europe,nonbreeding,0.10195079402721112,2.106198396345269e-4,0.0027057881916920765,0.14630047777142507,0.0016328596014399503,98,2023-01-25,3.393549123017749e-4,batgod,Bar-tailed Godwit
batgod,state,NLD-897,Groningen,EU,Europe,postbreeding_migration,0.5444887042437913,0.0012570479589985866,0.01426067249917394,0.169417111057413,9.846680107962128e-4,147,2023-07-19,0.008097365600128558,batgod,Bar-tailed Godwit
batgod,state,NLD-897,Groningen,EU,Europe,prebreeding_migration,1.2302131483760874,0.0010109978171460171,0.02599291774743004,0.18006609460222742,0.0011285545772096875,98,2023-05-24,0.004736963911327147,batgod,Bar-tailed Godwit
batgod,state,NLD-902,Flevoland,EU,Europe,breeding,0.14016580110944296,0.0016525489748081693,0.008971840631922034,0.10585611309844542,0.0014875386397458434,21,2023-06-21,0.0019770762376003447,batgod,Bar-tailed Godwit
batgod,state,NLD-902,Flevoland,EU,Europe,nonbreeding,0.04901001350599319,6.369445520231209e-5,8.182690911821574e-4,0.1428729563501425,0.001003139360115658,98,2023-02-01,1.388699220824816e-4,batgod,Bar-tailed Godwit
batgod,state,NLD-902,Flevoland,EU,Europe,postbreeding_migration,0.2577408003384646,3.743296993496212e-4,0.0042466106491209805,0.18194618496705883,6.652481125010651e-4,147,2023-07-19,0.003546610138657395,batgod,Bar-tailed Godwit
batgod,state,NLD-902,Flevoland,EU,Europe,prebreeding_migration,0.5871015674832717,3.035227394589244e-4,0.007803618828279821,0.17580788101958558,6.931657577910942e-4,98,2023-06-07,0.0020328582040405117,batgod,Bar-tailed Godwit
batgod,state,NLD-903,Zeeland,EU,Europe,breeding,0.15482694542719677,0.002916040375271957,0.015831451849242218,0.30875553153742624,0.0069310937167097325,21,2023-06-14,0.003829754713851108,batgod,Bar-tailed Godwit
batgod,state,NLD-903,Zeeland,EU,Europe,nonbreeding,0.617651305188131,0.0012823154658923885,0.016473633498422652,0.43417221984620114,0.004869764770520234,98,2023-01-18,0.0033483041195978593,batgod,Bar-tailed Godwit
batgod,state,NLD-903,Zeeland,EU,Europe,postbreeding_migration,0.4225421752074391,9.803381149104734e-4,0.011121517437037995,0.6309841694465309,0.0036854784188384824,147,2023-07-19,0.004699626307348683,batgod,Bar-tailed Godwit
batgod,state,NLD-903,Zeeland,EU,Europe,prebreeding_migration,0.924919205757348,7.638648089851231e-4,0.01963908805080933,0.7242284398527221,0.004561514376122336,98,2023-06-07,0.003303254785850423,batgod,Bar-tailed Godwit
batgod,state,NOR-1062,Finnmark,EU,Europe,breeding,0.06352781034230162,0.02467342887700209,0.13395431851163284,0.039877180674878575,0.01845993231117156,21,2023-06-21,0.028587747003480025,batgod,Bar-tailed Godwit
batgod,state,NOR-1062,Finnmark,EU,Europe,postbreeding_migration,0.02514508576991049,0.0012030331089494244,0.013647897082668168,0.08254226620538038,0.009941923827038662,56,2023-07-05,0.012601918652339951,batgod,Bar-tailed Godwit
batgod,state,NOR-1062,Finnmark,EU,Europe,prebreeding_migration,0.04279102755813279,7.28759207209416e-4,0.018736517339028855,0.08699447376603407,0.011299097917449416,35,2023-06-07,0.011663616693134166,batgod,Bar-tailed Godwit
batgod,state,NOR-75,Nordland,EU,Europe,postbreeding_migration,0.028422155441090835,0.001216789500636026,0.01380395747416609,0.07899072807161882,0.008513421673839654,84,2023-08-09,0.0019288749582465536,batgod,Bar-tailed Godwit
batgod,state,NOR-900,Troms,EU,Europe,breeding,0.013902081959492434,0.003104622774034331,0.01685528306603142,0.00888349675060522,0.0023645743766122097,21,2023-06-21,0.003266914655974866,batgod,Bar-tailed Godwit
batgod,state,NOR-900,Troms,EU,Europe,postbreeding_migration,0.012432090447258856,3.4200463562595234e-4,0.0038798965997656944,0.06652296449739312,0.004607114552284984,56,2023-07-19,0.001117317839140007,batgod,Bar-tailed Godwit
batgod,state,NOR-900,Troms,EU,Europe,prebreeding_migration,0.006804463676907376,6.66328842465978e-5,0.0017131422542386117,0.0177997955288414,0.0013293229216252557,35,2023-06-07,9.933202531595665e-4,batgod,Bar-tailed Godwit
batgod,state,NOR-910,Møre og Romsdal,EU,Europe,postbreeding_migration,0.008956904157954181,1.422800406689901e-4,0.0016141063263536931,0.03216776420956305,0.001286401431820724,91,2023-09-20,4.228517861631154e-4,batgod,Bar-tailed Godwit
batgod,state,NOR-911,Sør-Trøndelag,EU,Europe,postbreeding_migration,0.012045961027937176,2.179719732791812e-4,0.002472798991224957,0.058114831349988155,0.0026473768596890265,84,2023-09-27,6.989248167733079e-4,batgod,Bar-tailed Godwit
batgod,state,NOR-912,Aust-Agder,EU,Europe,breeding,0.002481012609708368,1.6081694298508182e-4,8.730899993705372e-4,0.011129545203029162,8.598452278589854e-4,14,2023-06-28,3.54379794976591e-4,batgod,Bar-tailed Godwit
batgod,state,NOR-912,Aust-Agder,EU,Europe,postbreeding_migration,0.005603616914353219,4.474351567640264e-5,5.075960856983902e-4,0.012623017909708665,2.537432223513266e-4,105,2023-07-05,2.1751991350993992e-4,batgod,Bar-tailed Godwit
batgod,state,NOR-912,Aust-Agder,EU,Europe,prebreeding_migration,0.0019221510976920775,5.463312874715983e-6,1.4046265953555282e-4,0.018187790511223247,3.942477827241201e-4,63,2023-05-10,2.771625898814791e-5,batgod,Bar-tailed Godwit
batgod,state,NOR-913,Hordaland,EU,Europe,breeding,2.9872092683457447e-5,3.783778005145029e-6,2.0542479385625316e-5,4.74612314102894e-4,7.165376898824878e-5,0,2023-06-28,1.1031643152169852e-5,batgod,Bar-tailed Godwit
batgod,state,NOR-913,Hordaland,EU,Europe,postbreeding_migration,0.00456023238272853,7.11550636824033e-5,8.072238235373165e-4,0.01613633592403267,6.338600030299284e-4,77,2023-09-20,4.651584351018586e-4,batgod,Bar-tailed Godwit
batgod,state,NOR-913,Hordaland,EU,Europe,prebreeding_migration,3.0487007137446726e-4,1.6933257420963898e-6,4.353567929371744e-5,0.009491763526592156,4.0206233977039657e-4,35,2023-05-10,7.339664836088433e-6,batgod,Bar-tailed Godwit
batgod,state,NOR-914,Rogaland,EU,Europe,breeding,0.0047204077874797665,3.6213696457281376e-4,0.001966074943983088,0.03604653259108979,0.003296073373459444,14,2023-06-28,9.657792282422954e-4,batgod,Bar-tailed Godwit
batgod,state,NOR-914,Rogaland,EU,Europe,postbreeding_migration,0.026355053114821753,2.4906693238431477e-4,0.00282555802877733,0.047800836696879935,0.0011372534397255678,140,2023-09-20,0.0012057460779471287,batgod,Bar-tailed Godwit
batgod,state,NOR-914,Rogaland,EU,Europe,prebreeding_migration,0.0028051549527990855,9.436607959751716e-6,2.4261672018738276e-4,0.02742670958017701,7.03644880480891e-4,77,2023-05-10,3.0313980009973227e-5,batgod,Bar-tailed Godwit
batgod,state,NOR-915,Sogn og Fjordane,EU,Europe,postbreeding_migration,0.002441199969661904,4.406456719443618e-5,4.998937049930047e-4,0.009846940959605744,4.474629396599557e-4,77,2023-09-20,2.7876167237464526e-4,batgod,Bar-tailed Godwit
batgod,state,NOR-915,Sogn og Fjordane,EU,Europe,prebreeding_migration,2.628390260626603e-4,1.688818131184638e-6,4.341978788655562e-5,0.006975038228776841,3.417908195951168e-4,35,2023-05-10,9.948357262751248e-6,batgod,Bar-tailed Godwit
batgod,state,NOR-916,Vest-Agder,EU,Europe,breeding,0.004331269787141855,2.45702324768819e-4,0.001333940557479989,0.021195075519332588,0.0014330753797649756,14,2023-06-28,6.334907938397888e-4,batgod,Bar-tailed Godwit
batgod,state,NOR-916,Vest-Agder,EU,Europe,postbreeding_migration,0.011031807854011168,7.709026805207027e-5,8.745561835523745e-4,0.01695606041546607,2.982959841903128e-4,119,2023-09-20,3.9258048838349647e-4,batgod,Bar-tailed Godwit
batgod,state,NOR-916,Vest-Agder,EU,Europe,prebreeding_migration,0.0017658329820390663,4.392475743118834e-6,1.1293126331446825e-4,0.01483655286353281,2.814579521923564e-4,63,2023-06-07,3.833900812219185e-5,batgod,Bar-tailed Godwit
batgod,state,NOR-917,Akershus,EU,Europe,postbreeding_migration,0.0019193785759891813,7.43034166235371e-6,8.429405437180544e-5,0.011228666217184187,1.0943239340494674e-4,56,2023-07-19,1.5187428231047245e-4,batgod,Bar-tailed Godwit
batgod,state,NOR-917,Akershus,EU,Europe,prebreeding_migration,2.3824300271853538e-7,3.2830324539094983e-10,8.440729652365617e-9,3.8912059161661806e-5,4.0894038636342523e-07,7,2023-05-10,3.234752434492516e-7,batgod,Bar-tailed Godwit
batgod,state,NOR-918,Buskerud,EU,Europe,postbreeding_migration,4.530857583940903e-5,5.706267858486748e-7,6.47351730217746e-6,5.880118750895546e-4,1.864349901189455e-5,0,2023-09-27,5.919029829023626e-6,batgod,Bar-tailed Godwit
batgod,state,NOR-918,Buskerud,EU,Europe,prebreeding_migration,6.396127215047396e-5,2.867449092536216e-7,7.372258094249872e-6,0.0017640356252686636,6.031241832693351e-5,21,2023-05-10,2.5932229390049296e-6,batgod,Bar-tailed Godwit
batgod,state,NOR-919,Hedmark,EU,Europe,postbreeding_migration,2.1770322515506712e-4,4.920355334916403e-6,5.581933092409962e-5,0.002627660016937869,1.4951004145680196e-4,21,2023-07-26,7.09486375521489e-5,batgod,Bar-tailed Godwit
batgod,state,NOR-920,Oppland,EU,Europe,postbreeding_migration,3.609203475468272e-5,7.397329344205974e-7,8.39195437143772e-6,7.156270163710149e-4,3.6924948662143545e-5,14,2023-07-26,2.925893444982375e-5,batgod,Bar-tailed Godwit
batgod,state,NOR-921,Oslo,EU,Europe,postbreeding_migration,0.0011540698707060177,8.13629731344787e-7,9.2302819882403e-6,0.010504203637558955,1.864349901189455e-5,28,2023-08-02,6.607184424642466e-6,batgod,Bar-tailed Godwit
batgod,state,NOR-921,Oslo,EU,Europe,prebreeding_migration,8.773813220614228e-4,2.2018613717253326e-7,5.6610212757990535e-6,0.052521018187794775,1.0052069721155586e-4,7,2023-05-10,2.5118281877745867e-06,batgod,Bar-tailed Godwit
batgod,state,NOR-922,Telemark,EU,Europe,breeding,6.642315595450891e-4,6.895014069223837e-5,3.7433666612584016e-4,0.004053978041405028,5.015763829177415e-4,7,2023-06-28,2.0102483453691012e-4,batgod,Bar-tailed Godwit
batgod,state,NOR-922,Telemark,EU,Europe,postbreeding_migration,0.0026734604351559745,3.418599689448458e-5,3.8782554180223606e-4,0.004858820695389427,1.5641375591035357e-4,112,2023-07-05,1.1366761994517092e-4,batgod,Bar-tailed Godwit
batgod,state,NOR-922,Telemark,EU,Europe,prebreeding_migration,0.0010924495735021278,4.972591322057656e-6,1.2784612887760697e-4,0.0065935194045304195,2.2888610278418216e-4,56,2023-05-10,2.409485056376842e-5,batgod,Bar-tailed Godwit
batgod,state,NOR-923,Vestfold,EU,Europe,breeding,0.005105510869276424,9.683303516763356e-5,5.25715469056013e-4,0.04754511714218922,0.0010748065348237315,7,2023-06-28,2.823176972792674e-4,batgod,Bar-tailed Godwit
batgod,state,NOR-923,Vestfold,EU,Europe,postbreeding_migration,0.028027443801474154,6.548271344527914e-5,7.428734314514962e-4,0.08875088533208654,5.220179723330475e-4,105,2023-09-13,2.7039613482370754e-4,batgod,Bar-tailed Godwit
batgod,state,NOR-923,Vestfold,EU,Europe,prebreeding_migration,0.020626458088601012,1.7154367753851157e-5,4.410415754345983e-4,0.14898958961069647,9.449889909919692e-4,63,2023-05-10,8.517330013784529e-5,batgod,Bar-tailed Godwit
batgod,state,NOR-924,Østfold,EU,Europe,breeding,0.0016553261850026674,5.268345327456162e-5,2.8602332150158875e-4,0.024555665316737467,9.314989968472342e-4,7,2023-06-28,1.535991445571015e-4,batgod,Bar-tailed Godwit
batgod,state,NOR-924,Østfold,EU,Europe,postbreeding_migration,0.0129464217531608,5.0757384745788555e-5,5.758208631521842e-4,0.05313518304224814,5.24446572999468e-4,98,2023-09-13,2.459866393272054e-4,batgod,Bar-tailed Godwit
batgod,state,NOR-924,Østfold,EU,Europe,prebreeding_migration,0.013590024463947924,1.8966037528228793e-5,4.8761989898017893e-4,0.084961957685933,9.042773345176392e-4,56,2023-05-10,9.526081117581472e-5,batgod,Bar-tailed Godwit
batgod,state,NOR-925,Nord-Trøndelag,EU,Europe,postbreeding_migration,0.006935729878404064,1.4238931905217033e-4,0.001615346042963244,0.03066136765398348,0.001584697416011037,84,2023-09-27,3.185283447344819e-4,batgod,Bar-tailed Godwit
batgod,state,NZL-3334,Manawatu-Wanganui,OC,Oceania,breeding,0.015139174881002313,0.0022951670277774837,0.0037834303631182806,0.008512456602707141,0.0015381795679196536,21,2023-06-21,0.002561402577019922,batgod,Bar-tailed Godwit
batgod,state,NZL-3334,Manawatu-Wanganui,OC,Oceania,nonbreeding,0.19282207312402855,0.003222354880541226,0.004734406161248862,0.011684775942550204,0.0010549489492297968,98,2023-02-22,0.006586764194937464,batgod,Bar-tailed Godwit
batgod,state,NZL-3334,Manawatu-Wanganui,OC,Oceania,postbreeding_migration,0.07128616805183258,0.0013313008144752163,0.003768758536933242,0.01128823602506982,5.307213924808286e-4,147,2023-07-05,0.003275957475695178,batgod,Bar-tailed Godwit
batgod,state,NZL-3334,Manawatu-Wanganui,OC,Oceania,prebreeding_migration,0.04213719195970489,2.8011953647040153e-4,0.003954727900488662,0.010098616272628673,5.1198878289312e-4,98,2023-03-08,0.0036604392570310776,batgod,Bar-tailed Godwit
batgod,state,NZL-3396,Gisborne District,OC,Oceania,breeding,0.03735176693978619,0.0022762083103950123,0.003752178177058393,0.009865024060572906,7.165376898824878e-4,21,2023-06-21,0.0029928233454861192,batgod,Bar-tailed Godwit
batgod,state,NZL-3396,Gisborne District,OC,Oceania,nonbreeding,0.28633355445635583,0.0019234355010788516,0.0028259844817411952,0.010851526466630197,3.938135471860232e-4,98,2023-03-01,0.003467601080248992,batgod,Bar-tailed Godwit
batgod,state,NZL-3396,Gisborne District,OC,Oceania,postbreeding_migration,0.1736309314639716,0.0013034272183453978,0.003689851612046629,0.013811033684802068,2.6100898616652373e-4,147,2023-10-25,0.003892369495342515,batgod,Bar-tailed Godwit
batgod,state,NZL-3396,Gisborne District,OC,Oceania,prebreeding_migration,0.08959475676896517,2.3941379246305897e-4,0.003380044165236242,0.008878521654515616,1.8093725498080057e-4,98,2023-03-15,0.002569183500206036,batgod,Bar-tailed Godwit
batgod,state,NZL-3397,Hawke's Bay,OC,Oceania,breeding,0.026175221514923554,0.0027133619256669663,0.0044727968690097255,0.009858947700628576,0.0012181140728002291,21,2023-06-21,0.003528024030711691,batgod,Bar-tailed Godwit
batgod,state,NZL-3397,Hawke's Bay,OC,Oceania,nonbreeding,0.26919687901701017,0.0030760395213100555,0.004519434079057517,0.019137957301220174,0.0011814406415580697,98,2023-12-27,0.004020016409896149,batgod,Bar-tailed Godwit
batgod,state,NZL-3397,Hawke's Bay,OC,Oceania,postbreeding_migration,0.11678547629830913,0.0014913000567702557,0.004221697875470322,0.018558019201183204,5.965919683806256e-4,147,2023-10-11,0.0039280656392151605,batgod,Bar-tailed Godwit
batgod,state,NZL-3397,Hawke's Bay,OC,Oceania,prebreeding_migration,0.06044830573220178,2.7476867003249406e-4,0.00387918436268184,0.010438885800665551,3.618745099616011e-4,98,2023-03-08,0.0029819571610176223,batgod,Bar-tailed Godwit
batgod,state,NZL-3398,Auckland,OC,Oceania,breeding,2.2017552079243683,0.1135758067790178,0.18722217193033455,0.07623380008978088,0.004687101993287831,21,2023-06-21,0.124063535929022,batgod,Bar-tailed Godwit
batgod,state,NZL-3398,Auckland,OC,Oceania,nonbreeding,15.7632851298435,0.0896330261356392,0.13169224586358264,0.10139147866720696,0.00311470714592582,98,2023-12-27,0.14716294347359302,batgod,Bar-tailed Godwit
batgod,state,NZL-3398,Auckland,OC,Oceania,postbreeding_migration,7.59910058163543,0.048287845466430016,0.13669730225730972,0.10536928246541506,0.0016856183194437708,147,2023-09-27,0.11497170968591854,batgod,Bar-tailed Godwit
batgod,state,NZL-3398,Auckland,OC,Oceania,prebreeding_migration,4.060886644113027,0.009185512295562834,0.12968107192117376,0.11003095964551654,0.0018980960458841796,98,2023-03-08,0.09363705004478592,batgod,Bar-tailed Godwit
batgod,state,NZL-3399,Bay of Plenty,OC,Oceania,breeding,0.6985925703784224,0.06268450877870409,0.10333124820120776,0.04019888325696213,0.004299226139294927,21,2023-06-21,0.06623088867772227,batgod,Bar-tailed Godwit
batgod,state,NZL-3399,Bay of Plenty,OC,Oceania,nonbreeding,4.9051405849702086,0.04851681167172527,0.0712827421615917,0.04019888325696213,0.0021480738937419445,98,2023-12-27,0.08160806666364696,batgod,Bar-tailed Godwit
batgod,state,NZL-3399,Bay of Plenty,OC,Oceania,postbreeding_migration,1.7422920046609391,0.019258215633914846,0.05451777974388744,0.04488875297027438,0.001249114433796935,147,2023-07-05,0.05338123363150479,batgod,Bar-tailed Godwit
batgod,state,NZL-3399,Bay of Plenty,OC,Oceania,prebreeding_migration,1.7325716337628023,0.0068169982415160904,0.09624238809974776,0.03885892048173006,0.001166040087654048,98,2023-03-08,0.08021284430030853,batgod,Bar-tailed Godwit
batgod,state,NZL-3400,Canterbury,OC,Oceania,breeding,0.008016514179653378,0.0025486800633990345,0.004201329759897978,0.0026472641681458894,0.001003152765835483,21,2023-06-28,0.0027404603060158196,batgod,Bar-tailed Godwit
batgod,state,NZL-3400,Canterbury,OC,Oceania,nonbreeding,0.08507689747037299,0.002981576317864348,0.004380645153261253,0.006429070122640017,0.001217241873120435,98,2023-01-04,0.005829867631137514,batgod,Bar-tailed Godwit
batgod,state,NZL-3400,Canterbury,OC,Oceania,postbreeding_migration,0.06207305440884083,0.0024310377901875305,0.006881986644760023,0.009533084762048574,9.399216061329284e-4,147,2023-10-04,0.006313512494858047,batgod,Bar-tailed Godwit
batgod,state,NZL-3400,Canterbury,OC,Oceania,prebreeding_migration,0.01687077719917954,2.3519634293544167e-4,0.003320502208520441,0.006996341015814136,7.438531593655133e-4,98,2023-06-07,0.002664476412328377,batgod,Bar-tailed Godwit
batgod,state,NZL-3401,Marlborough District,OC,Oceania,breeding,0.00890236450138986,7.476965157231784e-4,0.0012325280320553103,0.003578895536338847,3.582688449412439e-4,21,2023-06-21,8.483118904012802e-4,batgod,Bar-tailed Godwit
batgod,state,NZL-3401,Marlborough District,OC,Oceania,nonbreeding,0.17089031276633057,0.0015821292468147909,0.0023245243716774836,0.007873570179945463,3.938135471860232e-4,98,2023-02-22,0.0027610630232144232,batgod,Bar-tailed Godwit
batgod,state,NZL-3401,Marlborough District,OC,Oceania,postbreeding_migration,0.1020508704570722,0.0010558337378764875,0.0029889431223496217,0.009267901032700991,2.4139584683471212e-4,147,2023-10-11,0.002607889889346299,batgod,Bar-tailed Godwit
batgod,state,NZL-3401,Marlborough District,OC,Oceania,prebreeding_migration,0.03795957916237931,1.3979997428342233e-4,0.0019736961789691737,0.007157791072677694,2.010413944231117e-4,98,2023-03-08,0.002080185318306071,batgod,Bar-tailed Godwit
batgod,state,NZL-3402,Nelson City,OC,Oceania,breeding,0.8383389358674994,0.0034571224615328575,0.005698836699761838,0.11342928579165396,5.575198841064745e-4,21,2023-06-28,0.004478477797419238,batgod,Bar-tailed Godwit
batgod,state,NZL-3402,Nelson City,OC,Oceania,nonbreeding,11.81834317741265,0.005372250477211602,0.007893114415383942,0.12800748483408492,3.143615746308878e-4,98,2023-02-22,0.010617817267377472,batgod,Bar-tailed Godwit
batgod,state,NZL-3402,Nelson City,OC,Oceania,postbreeding_migration,7.591786182491307,0.003856540814443684,0.010917420735745134,0.12800748483408492,1.6370385738823142e-4,147,2023-10-11,0.012753825506816047,batgod,Bar-tailed Godwit
batgod,state,NZL-3402,Nelson City,OC,Oceania,prebreeding_migration,2.463755434735865,4.4551100863580946e-4,0.006289724872556495,0.12800748483408492,1.7652937219979407e-4,98,2023-03-08,0.007326789029551407,batgod,Bar-tailed Godwit
batgod,state,NZL-3403,Tasman District,OC,Oceania,breeding,0.22746535667483775,0.015914882522860378,0.02623462651463641,0.02596537175355027,0.0021653233374469795,21,2023-06-28,0.02216874856120502,batgod,Bar-tailed Godwit
batgod,state,NZL-3403,Tasman District,OC,Oceania,nonbreeding,2.435753368369555,0.01878564090137206,0.02760057700768401,0.035416932122673626,0.001475700003487399,98,2023-02-15,0.03614743229201658,batgod,Bar-tailed Godwit
batgod,state,NZL-3403,Tasman District,OC,Oceania,postbreeding_migration,1.340106233063077,0.011550113161438686,0.03269703368796925,0.03369846660101483,7.31184095182707e-4,147,2023-07-12,0.04581760687517407,batgod,Bar-tailed Godwit
batgod,state,NZL-3403,Tasman District,OC,Oceania,prebreeding_migration,0.45809375427364907,0.001405426905301069,0.01984181847694461,0.03283923384018544,7.683651815888309e-4,98,2023-03-08,0.01787991640641926,batgod,Bar-tailed Godwit
batgod,state,NZL-3404,Northland,OC,Oceania,breeding,0.5531863260368789,0.05962223316099733,0.09828329029136984,0.03323627139878384,0.0042696191302432655,21,2023-06-21,0.06515430914156559,batgod,Bar-tailed Godwit
batgod,state,NZL-3404,Northland,OC,Oceania,nonbreeding,5.5297130426175425,0.06569675617354206,0.0965241690418159,0.059124579560934254,0.003794930545610769,98,2023-12-27,0.11194940142698738,batgod,Bar-tailed Godwit
batgod,state,NZL-3404,Northland,OC,Oceania,postbreeding_migration,2.4172436010209912,0.0320934243497053,0.09085277022462508,0.0644718983366359,0.002154942477006507,147,2023-09-20,0.07294807793400516,batgod,Bar-tailed Godwit
batgod,state,NZL-3404,Northland,OC,Oceania,prebreeding_migration,1.163333974385054,0.0054980278017174285,0.0776211620906053,0.05275853823494137,0.001901586308712632,98,2023-03-08,0.06378819995673574,batgod,Bar-tailed Godwit
batgod,state,NZL-3405,Taranaki,OC,Oceania,breeding,0.0068508641288946275,3.743621806893083e-4,6.17111183666071e-4,0.0022003024581875937,1.4330753797649757e-4,21,2023-06-14,4.5518926010453e-4,batgod,Bar-tailed Godwit
batgod,state,NZL-3405,Taranaki,OC,Oceania,nonbreeding,0.12204421895711008,7.351371258832502e-4,0.0010800913825977686,0.005500756145468984,1.7900615781182874e-4,98,2023-02-22,0.0014056905085424586,batgod,Bar-tailed Godwit
batgod,state,NZL-3405,Taranaki,OC,Oceania,postbreeding_migration,0.07762981389192906,5.225573927635272e-4,0.0014792995043659105,0.02090287335278214,3.542264812259965e-4,147,2023-09-20,0.002453050766442738,batgod,Bar-tailed Godwit
batgod,state,NZL-3405,Taranaki,OC,Oceania,prebreeding_migration,0.010095717779403306,2.4190761155672105e-5,3.4152519057342663e-4,0.0033004536872813907,6.031241832693351e-5,98,2023-03-08,4.3346907568997286e-4,batgod,Bar-tailed Godwit
batgod,state,NZL-3406,West Coast,OC,Oceania,breeding,0.01466269331209893,0.0025275662515560765,0.0041665250437962625,0.003836214569438792,7.881914588707366e-4,21,2023-06-28,0.0029500252755149886,batgod,Bar-tailed Godwit
batgod,state,NZL-3406,West Coast,OC,Oceania,nonbreeding,0.1201282965825566,0.00228264642354021,0.003353750810260326,0.011857390487356269,0.001217241873120435,98,2023-02-15,0.003249100200610549,batgod,Bar-tailed Godwit
batgod,state,NZL-3406,West Coast,OC,Oceania,postbreeding_migration,0.08725024540815511,0.001852739204592411,0.005244890274307378,0.013252377603515829,7.08452962451993e-4,147,2023-10-04,0.00559979999234892,batgod,Bar-tailed Godwit
batgod,state,NZL-3406,West Coast,OC,Oceania,prebreeding_migration,0.03386827349514918,2.5600448457028006e-4,0.003614271573262019,0.008718669475997256,5.026034860577793e-4,98,2023-03-08,0.002533568364567807,batgod,Bar-tailed Godwit
batgod,state,NZL-3407,Otago,OC,Oceania,breeding,0.0219468829961892,0.004887027700839324,0.008055940489289825,0.004604794985485564,0.0012221437428612649,21,2023-06-21,0.005264211109262928,batgod,Bar-tailed Godwit
batgod,state,NZL-3407,Otago,OC,Oceania,nonbreeding,0.1107771726682236,0.002719109884257295,0.003995019501693808,0.00541472651290742,7.180380236063228e-4,98,2023-12-27,0.0046248951125433466,batgod,Bar-tailed Godwit
batgod,state,NZL-3407,Otago,OC,Oceania,postbreeding_migration,0.06928421583539801,0.0019004878414548391,0.005380061139408319,0.005586565489020117,3.857849385341273e-4,147,2023-10-11,0.004643212129945497,batgod,Bar-tailed Godwit
batgod,state,NZL-3407,Otago,OC,Oceania,prebreeding_migration,0.02340859654962016,2.2856674672983853e-4,0.0032269055625541113,0.006764612391943845,5.037341041670213e-4,98,2023-06-07,0.00356879642616805,batgod,Bar-tailed Godwit
batgod,state,NZL-3408,Southland,OC,Oceania,breeding,0.10494786405027096,0.02512686494533124,0.041419967528984206,0.015553634101482448,0.004438504007210389,21,2023-06-21,0.027544399697140103,batgod,Bar-tailed Godwit
batgod,state,NZL-3408,Southland,OC,Oceania,nonbreeding,0.5195447425482531,0.013711727870358587,0.020145791297788408,0.01630691257302932,0.002325066659194766,98,2023-01-04,0.02091966006292395,batgod,Bar-tailed Godwit
batgod,state,NZL-3408,Southland,OC,Oceania,postbreeding_migration,0.3544282531507728,0.010453262895300656,0.029591977520874,0.016055819749180363,0.0011921354622586261,147,2023-10-11,0.027920718609911185,batgod,Bar-tailed Godwit
batgod,state,NZL-3408,Southland,OC,Oceania,prebreeding_migration,0.17853725232589182,0.001874387011067407,0.026462597726614027,0.019822212106914733,0.0015870963978333406,98,2023-03-08,0.016238339712556678,batgod,Bar-tailed Godwit
batgod,state,NZL-5468,Waikato,OC,Oceania,breeding,0.24872461594162423,0.0439842111155747,0.07250504988023183,0.012578321420824854,0.002651189452565205,21,2023-06-21,0.04699168974319138,batgod,Bar-tailed Godwit
batgod,state,NZL-5468,Waikato,OC,Oceania,nonbreeding,2.3690444957618375,0.0461801974513188,0.06784969981471772,0.018017595548749116,0.0018974652728053845,98,2023-12-27,0.06745940571164104,batgod,Bar-tailed Godwit
batgod,state,NZL-5468,Waikato,OC,Oceania,postbreeding_migration,0.9366992925587831,0.020405022006638112,0.05776425586740274,0.017337686282758582,9.508184496066222e-4,147,2023-10-04,0.04727180582167094,batgod,Bar-tailed Godwit
batgod,state,NZL-5468,Waikato,OC,Oceania,prebreeding_migration,0.521677216782666,0.004045252418315641,0.057110877751729,0.016317822383772784,9.649986932309362e-4,98,2023-03-08,0.05021050147254033,batgod,Bar-tailed Godwit
batgod,state,NZL-5469,Wellington,OC,Oceania,breeding,0.002729908346154633,1.7563259490806536e-4,2.8951866434395734e-4,0.004235879223668541,3.2481842577481476e-4,21,2023-06-21,2.2285599678779656e-4,batgod,Bar-tailed Godwit
batgod,state,NZL-5469,Wellington,OC,Oceania,nonbreeding,0.13461890941142962,9.547015971541056e-4,0.0014026838418744734,0.015448914714405846,5.919077026390275e-4,98,2023-02-15,0.002585047352602743,batgod,Bar-tailed Godwit
batgod,state,NZL-5469,Wellington,OC,Oceania,postbreeding_migration,0.044531415762868114,3.5292497403038284e-4,9.990897581612717e-4,0.01825217358709017,3.641665600901099e-4,147,2023-11-01,0.0010057411759686573,batgod,Bar-tailed Godwit
batgod,state,NZL-5469,Wellington,OC,Oceania,prebreeding_migration,0.02309065222777087,6.514168226067713e-5,9.196703363397432e-4,0.010776816593265305,2.318643764723933e-4,98,2023-03-08,0.00116954299558257,batgod,Bar-tailed Godwit
batgod,state,OMN-2405,Al Wusta,AS,Asia,nonbreeding,0.09378642579199452,0.00454576537932323,0.028131355055225876,0.008291564227580945,0.00217119052676079,98,2023-03-01,0.014448505755474182,batgod,Bar-tailed Godwit
batgod,state,OMN-2405,Al Wusta,AS,Asia,postbreeding_migration,0.2106885893516911,0.011412015542390169,0.02174146287600612,0.008018121425332978,0.0010933609342906594,91,2023-10-25,0.03843657757188874,batgod,Bar-tailed Godwit
batgod,state,OMN-2405,Al Wusta,AS,Asia,prebreeding_migration,0.6859360339868547,0.01322549202309318,0.015396683105695396,0.01006894244219272,0.0014805832973499202,35,2023-03-15,0.04873543118613441,batgod,Bar-tailed Godwit
batgod,state,OMN-2406,Ash Sharqiyah South,AS,Asia,nonbreeding,0.7104733700988476,0.010104134702337833,0.06252918422279254,0.0654259782186997,0.005026850650608485,98,2023-03-01,0.02604348056013931,batgod,Bar-tailed Godwit
batgod,state,OMN-2406,Ash Sharqiyah South,AS,Asia,postbreeding_migration,1.6081980035429153,0.02555907598861399,0.04869356334885299,0.0691536888816269,0.0027668815461575043,112,2023-10-25,0.07997209465793462,batgod,Bar-tailed Godwit
batgod,state,OMN-2406,Ash Sharqiyah South,AS,Asia,prebreeding_migration,5.343701800131956,0.03023115402944524,0.03519411585581019,0.07707507404034718,0.0033254255518143224,63,2023-03-15,0.11894259814350833,batgod,Bar-tailed Godwit
batgod,state,OMN-2411,Dhofar,AS,Asia,nonbreeding,0.024325583706602955,0.0023376602455107433,0.014466551807550555,0.005885872463641411,0.0030557892813446092,84,2023-03-01,0.008769705295487191,batgod,Bar-tailed Godwit
batgod,state,OMN-2411,Dhofar,AS,Asia,postbreeding_migration,0.06549708353704276,0.00703387086277821,0.013400493687522982,0.006920244259025761,0.0018709554086005747,77,2023-10-25,0.02021799924334271,batgod,Bar-tailed Godwit
batgod,state,OMN-2411,Dhofar,AS,Asia,prebreeding_migration,0.2354747285725548,0.009001680914501306,0.010479461045166326,0.003817128872872711,0.001112850690708221,21,2023-03-15,0.030737335846304847,batgod,Bar-tailed Godwit
batgod,state,OMN-2424,Al Batnah North,AS,Asia,breeding,0.01659702746200266,9.288619824783304e-4,0.00959558110699012,0.03491556286078508,0.0023290561550419545,21,2023-06-21,0.0010856101403402514,batgod,Bar-tailed Godwit
batgod,state,OMN-2424,Al Batnah North,AS,Asia,nonbreeding,0.06911882111670326,4.264044488491386e-4,0.0026387932387062344,0.05102830237055641,0.0017007127201691791,98,2023-03-01,9.687040107527338e-4,batgod,Bar-tailed Godwit
batgod,state,OMN-2424,Al Batnah North,AS,Asia,postbreeding_migration,0.08515572237053268,5.870749501641435e-4,0.0011184587145903558,0.06177012871040396,0.0010720815037802587,147,2023-08-30,0.0028398360489623907,batgod,Bar-tailed Godwit
batgod,state,OMN-2424,Al Batnah North,AS,Asia,prebreeding_migration,0.14262426884655605,3.5000965483913846e-4,4.0746973572569313e-4,0.04565738920063263,8.545125288949864e-4,98,2023-03-22,0.004114856205904266,batgod,Bar-tailed Godwit
batgod,state,OMN-2425,Musandam,AS,Asia,breeding,0.0019436039285821948,3.248496848853564e-5,3.3558500161463335e-4,0.007193733028689474,1.4330753797649757e-4,21,2023-06-28,4.3073426417097466e-5,batgod,Bar-tailed Godwit
batgod,state,OMN-2425,Musandam,AS,Asia,nonbreeding,0.029975051685509502,5.522543581523474e-5,3.4176122464755316e-4,0.05395299771517106,5.370184734354861e-4,56,2023-03-01,2.5662735867489555e-4,batgod,Bar-tailed Godwit
batgod,state,OMN-2425,Musandam,AS,Asia,postbreeding_migration,0.00802861981426567,1.6530059304025025e-5,3.1492041818703e-5,0.02216752865752858,1.1490009344927498e-4,147,2023-08-30,8.748210147204267e-5,batgod,Bar-tailed Godwit
batgod,state,OMN-2425,Musandam,AS,Asia,prebreeding_migration,0.002310209672657787,1.6931358185593336e-6,1.9710930684273547e-6,0.02517806560041316,1.407289760961782e-4,56,2023-06-07,1.9326783244624273e-5,batgod,Bar-tailed Godwit
batgod,state,OMN-2426,Muscat,AS,Asia,breeding,0.010051341437204776,3.2661645588773604e-4,0.0033741015914832617,0.013896806362329176,5.382314600894857e-4,21,2023-06-21,4.0357826879966686e-4,batgod,Bar-tailed Godwit
batgod,state,OMN-2426,Muscat,AS,Asia,nonbreeding,0.07829511996609889,2.8044858914286485e-4,0.0017355490610669534,0.0471978214065143,9.133452046759582e-4,98,2023-03-01,6.292771000092664e-4,batgod,Bar-tailed Godwit
batgod,state,OMN-2426,Muscat,AS,Asia,postbreeding_migration,0.07137791987710133,2.857174468473387e-4,5.443311254339236e-4,0.050897934189201535,5.129117091802242e-4,147,2023-10-25,8.946498681975556e-4,batgod,Bar-tailed Godwit
batgod,state,OMN-2426,Muscat,AS,Asia,prebreeding_migration,0.2996460621312949,4.2696111961281494e-4,4.970541017039563e-4,0.03794753944979621,4.123672273779953e-4,98,2023-03-15,0.004035228074931363,batgod,Bar-tailed Godwit
batgod,state,OMN-5496,Ash Sharqiyah North,AS,Asia,nonbreeding,5.859458491113141e-4,6.923264739445021e-6,4.284445022449654e-5,0.0014526169853120083,9.272546280981612e-5,21,2023-11-29,2.808962551981182e-5,batgod,Bar-tailed Godwit
batgod,state,OMN-5496,Ash Sharqiyah North,AS,Asia,postbreeding_migration,7.322128321548613e-4,9.66818829890658e-6,1.8419231572032116e-5,0.0014526169853120083,4.8286804638573095e-5,35,2023-11-01,3.648382054618642e-5,batgod,Bar-tailed Godwit
batgod,state,OMN-5496,Ash Sharqiyah North,AS,Asia,prebreeding_migration,0.008107944225248543,3.810881089512573e-5,4.436502504879165e-5,0.002013471312555932,7.217401393626553e-5,14,2023-03-15,0.0010399029038770788,batgod,Bar-tailed Godwit
batgod,state,OMN-5497,Al Batnah South,AS,Asia,breeding,0.02396067628057955,7.096954190826094e-4,0.007331487436805924,0.04056125706635986,0.0014319385241634865,21,2023-06-28,8.476149063455936e-4,batgod,Bar-tailed Godwit
batgod,state,OMN-5497,Al Batnah South,AS,Asia,nonbreeding,0.08662853055043968,2.8283842329574887e-4,0.001750338489791912,0.04056125706635986,7.154566104548767e-4,98,2023-03-01,5.961258428394294e-4,batgod,Bar-tailed Godwit
batgod,state,OMN-5497,Al Batnah South,AS,Asia,postbreeding_migration,0.07223245483652464,2.635506806495535e-4,5.021003799025942e-4,0.04462060304338603,4.098611813122342e-4,147,2023-07-19,8.848187412422761e-4,batgod,Bar-tailed Godwit
batgod,state,OMN-5497,Al Batnah South,AS,Asia,prebreeding_migration,0.18596764756289652,2.4153276084458257e-4,2.8118450125517503e-4,0.042590930054872946,4.218679568811567e-4,98,2023-03-22,0.002188025877539055,batgod,Bar-tailed Godwit
batgod,state,PAK-1108,Baluchistan,AS,Asia,nonbreeding,0.008975559907223254,0.002317191643052219,0.014339882374529631,0.0023473626257398783,0.0032739724746440445,14,2023-03-01,0.0034984593180603873,batgod,Bar-tailed Godwit
batgod,state,PAK-1108,Baluchistan,AS,Asia,postbreeding_migration,0.02209762614624563,0.006375295697810535,0.01214581720666661,0.0023216939698254475,0.0016862783690994715,56,2023-10-25,0.018525998391260397,batgod,Bar-tailed Godwit
batgod,state,PAK-1108,Baluchistan,AS,Asia,prebreeding_migration,0.015029741044964556,0.0015435229452114183,0.001796918678888716,0.0014489596687347922,0.0011348505088711017,21,2023-03-15,0.008131517555101834,batgod,Bar-tailed Godwit
batgod,state,PAK-1114,Sind,AS,Asia,nonbreeding,0.017210511286427664,0.001795213215597362,0.011109631965942291,0.0066041669848738455,0.0037216432892931022,70,2023-01-25,0.004196691001519856,batgod,Bar-tailed Godwit
batgod,state,PAK-1114,Sind,AS,Asia,postbreeding_migration,0.012010553559353444,0.0014000372666711366,0.002667264003040465,0.017445573211081748,0.005119545416069644,77,2023-10-04,0.0022730855598366317,batgod,Bar-tailed Godwit
batgod,state,PAK-1114,Sind,AS,Asia,prebreeding_migration,0.01541233633414514,6.395167595190801e-4,7.445043912093036e-4,0.01757300332456976,0.005560965635832477,49,2023-04-05,6.193175455878619e-4,batgod,Bar-tailed Godwit
batgod,state,PAZ-735,Azores,EU,Europe,nonbreeding,8.534170382204112e-4,2.9012303113588292e-6,3.7271487488906904e-5,0.003898635477582846,7.160246312473149e-5,98,2023-01-04,5.340500900598716e-6,batgod,Bar-tailed Godwit
batgod,state,PAZ-735,Azores,EU,Europe,postbreeding_migration,3.089121530162893e-4,1.1735732423615634e-6,1.3313687471752823e-5,0.003898635477582846,3.72869980237891e-5,98,2023-10-11,2.576626768101684e-6,batgod,Bar-tailed Godwit
batgod,state,PAZ-735,Azores,EU,Europe,prebreeding_migration,3.6209618371364896e-4,4.896728588203377e-7,1.2589568569392537e-5,0.003898635477582846,4.0208278884622344e-5,70,2023-03-15,2.09989896062368e-6,batgod,Bar-tailed Godwit
batgod,state,PHL-2511,Tawi-Tawi,AS,Asia,nonbreeding,0.3252761313060419,7.695271448659229e-4,0.004762199438476174,0.32212885154061627,0.0041171416296720605,21,2023-01-18,0.001176473284301399,batgod,Bar-tailed Godwit
batgod,state,PHL-2513,Bohol,AS,Asia,nonbreeding,0.015398816769466596,5.949211900853273e-5,3.6816548659314e-4,0.032590051457975985,6.802233996849492e-4,84,2023-01-11,2.2009227714355612e-4,batgod,Bar-tailed Godwit
batgod,state,PHL-2513,Bohol,AS,Asia,postbreeding_migration,0.004807056796834461,2.0754183283409583e-5,3.953958033986081e-5,0.044596912521440824,4.847309743092584e-4,84,2023-09-06,4.976090745199495e-5,batgod,Bar-tailed Godwit
batgod,state,PHL-2513,Bohol,AS,Asia,prebreeding_migration,0.013678746901797594,2.1022268993098608e-5,2.4473434582566467e-5,0.017152658662092625,2.010413944231117e-4,7,2023-03-08,5.874402509470497e-5,batgod,Bar-tailed Godwit
batgod,state,PHL-2514,Cebu,AS,Asia,nonbreeding,0.006850546187139802,3.321385608417934e-5,2.055431154690013e-4,0.017768582515329773,4.654160103107547e-4,84,2023-01-11,1.0031919377443445e-4,batgod,Bar-tailed Godwit
batgod,state,PHL-2514,Cebu,AS,Asia,postbreeding_migration,0.0018170139050747392,9.844794592821985e-6,1.875569090899746e-5,0.042371235228863303,5.779484693687312e-4,77,2023-09-06,6.949421070717322e-5,batgod,Bar-tailed Godwit
batgod,state,PHL-2514,Cebu,AS,Asia,prebreeding_migration,0.00430529253822458,8.303438159185934e-6,9.666589779910816e-6,0.006834070198203758,1.0052069721155586e-4,7,2023-03-08,2.3202889267361272e-5,batgod,Bar-tailed Godwit
batgod,state,PHL-2516,Negros Oriental,AS,Asia,nonbreeding,0.015093032136071018,6.684675304444318e-5,4.1367945489131214e-4,0.06134578905486611,0.001467854511281901,98,2023-01-11,3.4799870967285707e-4,batgod,Bar-tailed Godwit
batgod,state,PHL-2516,Negros Oriental,AS,Asia,postbreeding_migration,0.0037394537622119986,1.850828999161129e-5,3.5260843998701146e-5,0.04787950920092273,5.965919683806256e-4,84,2023-09-06,5.433852832644027e-5,batgod,Bar-tailed Godwit
batgod,state,PHL-2516,Negros Oriental,AS,Asia,prebreeding_migration,0.003617991326422783,6.374300451260134e-6,7.420751069009359e-6,0.007481173312644176,1.0052069721155586e-4,7,2023-03-08,1.7812162226301225e-5,batgod,Bar-tailed Godwit
batgod,state,PHL-2518,Negros Occidental,AS,Asia,nonbreeding,0.0819914338272957,5.297131558356338e-4,0.003278116581207044,0.14196773286211317,0.004955144908803697,98,2023-01-11,0.0018061498152107832,batgod,Bar-tailed Godwit
batgod,state,PHL-2518,Negros Occidental,AS,Asia,postbreeding_migration,0.041495967264663654,2.9959356290526224e-4,5.707670394944919e-4,0.09068156095597787,0.0016482199150197796,84,2023-10-11,6.013738129676419e-4,batgod,Bar-tailed Godwit
batgod,state,PHL-2518,Negros Occidental,AS,Asia,prebreeding_migration,0.045230290113361334,1.1624193736081972e-4,1.3532504272896237e-4,0.05580688579466945,0.0010938103335644826,7,2023-03-08,3.258707637923982e-4,batgod,Bar-tailed Godwit
batgod,state,PHL-2519,Basilan,AS,Asia,nonbreeding,0.05215921734046462,1.0438582813270492e-4,6.459890797030299e-4,0.2582781456953642,0.002792496061864528,42,2023-01-11,8.813399692745431e-4,batgod,Bar-tailed Godwit
batgod,state,PHL-2519,Basilan,AS,Asia,postbreeding_migration,1.4289879295604908e-4,3.1959011855249426e-7,6.088632347404046e-7,0.006622516556291391,3.72869980237891e-5,14,2023-09-13,3.546580388910974e-6,batgod,Bar-tailed Godwit
batgod,state,PHL-2520,Zamboanga del Norte,AS,Asia,nonbreeding,0.00828555425873284,4.714684712585348e-5,2.917670811310766e-4,0.05822941763955109,0.001790061578118287,98,2023-01-11,4.4030446365121576e-4,batgod,Bar-tailed Godwit
batgod,state,PHL-2520,Zamboanga del Norte,AS,Asia,postbreeding_migration,0.0025757185679527606,1.6378865096450155e-5,3.1203996009542826e-5,0.030767381041153813,4.925445430264108e-4,84,2023-09-13,3.428427961434062e-5,batgod,Bar-tailed Godwit
batgod,state,PHL-2521,Zamboanga Sibugay,AS,Asia,nonbreeding,0.11219846102784124,2.764697915100608e-4,0.001710926371693142,0.2494753407410599,0.0033211068182553987,91,2023-01-11,0.0010528355100622173,batgod,Bar-tailed Godwit
batgod,state,PHL-2521,Zamboanga Sibugay,AS,Asia,postbreeding_migration,0.06015292568090617,1.656425271519271e-4,3.155718498090294e-4,0.1520142467184076,0.0010538261447918616,77,2023-10-25,2.0342693557836832e-4,batgod,Bar-tailed Godwit
batgod,state,PHL-2522,Zamboanga del Sur,AS,Asia,nonbreeding,0.058843198125358,1.9753810042012068e-4,0.0012224595807627456,0.12771732192410817,0.0023163215230133545,98,2023-01-11,6.676768077148083e-4,batgod,Bar-tailed Godwit
batgod,state,PHL-2522,Zamboanga del Sur,AS,Asia,postbreeding_migration,0.03005695305523118,1.1275968790268589e-4,2.148227505772236e-4,0.07763062306619524,7.331816189231516e-4,77,2023-10-11,1.6005954061404173e-4,batgod,Bar-tailed Godwit
batgod,state,PHL-2523,Misamis Occidental,AS,Asia,nonbreeding,0.05257806671285056,8.836376682817314e-5,5.468369551071314e-4,0.13066337353027782,0.00118636386271569,98,2023-01-11,3.6056185975402955e-4,batgod,Bar-tailed Godwit
batgod,state,PHL-2523,Misamis Occidental,AS,Asia,postbreeding_migration,0.0287053634475453,5.391218894084011e-5,1.0271015230110776e-4,0.12748534918600532,6.027729820779479e-4,84,2023-10-18,9.797260584600618e-5,batgod,Bar-tailed Godwit
batgod,state,PHL-2524,Sulu,AS,Asia,nonbreeding,0.13248137915812017,4.5564407822535594e-4,0.002819741951855183,0.32947976878612717,0.006122010597164542,56,2023-01-11,0.002004150275748567,batgod,Bar-tailed Godwit
batgod,state,PHL-2524,Sulu,AS,Asia,postbreeding_migration,5.781842038566552e-4,2.2222423498734107e-6,4.233678036258805e-6,0.011560693641618497,1.1186099407136733e-4,28,2023-09-20,1.8581569216217364e-5,batgod,Bar-tailed Godwit
batgod,state,PHL-2525,Aklan,AS,Asia,nonbreeding,0.027400995291797993,4.53222485025754e-5,2.8047559830660367e-4,0.1510344393525627,0.0013496325134610709,98,2023-01-11,2.4074931700199544e-4,batgod,Bar-tailed Godwit
batgod,state,PHL-2525,Aklan,AS,Asia,postbreeding_migration,0.007655142420309659,1.414987789422344e-5,2.695746809970132e-5,0.004006437962350668,1.864349901189455e-5,49,2023-10-25,1.869248393864046e-5,batgod,Bar-tailed Godwit
batgod,state,PHL-2525,Aklan,AS,Asia,prebreeding_migration,0.045170918015268395,2.9721122985297692e-5,3.460035447838129e-5,0.08413519720936402,4.221869282885346e-4,7,2023-03-08,8.305185301664219e-5,batgod,Bar-tailed Godwit
batgod,state,PHL-2526,Antique,AS,Asia,nonbreeding,0.016841715862325198,4.874102762576511e-5,3.016326271773198e-4,0.14065673784433694,0.0021991928804091557,49,2023-01-11,6.731470122954325e-4,batgod,Bar-tailed Godwit
batgod,state,PHL-2526,Antique,AS,Asia,postbreeding_migration,1.5733945470699273e-4,5.088623198875709e-7,9.694528714703117e-7,0.0022897875339771014,1.864349901189455e-5,7,2023-10-04,8.255220874351493e-6,batgod,Bar-tailed Godwit
batgod,state,PHL-2528,Capiz,AS,Asia,nonbreeding,0.06782942622046695,1.4375153383280217e-4,8.896027622494519e-4,0.13227286257496204,0.001514466011528189,98,2023-03-01,3.831702975844444e-4,batgod,Bar-tailed Godwit
batgod,state,PHL-2528,Capiz,AS,Asia,postbreeding_migration,0.08773699310165357,2.077932318816832e-4,3.958747532422954e-4,0.050029846521914424,2.982959841903128e-4,56,2023-11-15,2.247880999078732e-4,batgod,Bar-tailed Godwit
batgod,state,PHL-2528,Capiz,AS,Asia,prebreeding_migration,0.13807370833497032,1.1640362936111448e-4,1.355132792410647e-4,0.10005969304382883,6.433324621539575e-4,7,2023-03-08,3.2527496087833785e-4,batgod,Bar-tailed Godwit
batgod,state,PHL-2529,Iloilo,AS,Asia,nonbreeding,0.04781984158849953,2.078404239165542e-4,0.0012862152513677945,0.12894633073940637,0.0030277869276962425,98,2023-01-11,6.593109987294011e-4,batgod,Bar-tailed Godwit
batgod,state,PHL-2529,Iloilo,AS,Asia,postbreeding_migration,0.031189541603755748,1.5149042567206327e-4,2.886101454721382e-4,0.035067877559311046,4.288004772735747e-4,77,2023-10-25,1.986522667470279e-4,batgod,Bar-tailed Godwit
batgod,state,PHL-2529,Iloilo,AS,Asia,prebreeding_migration,0.06785541476755745,1.1731879245271311e-4,1.3657868203188485e-4,0.05641354216063082,7.438531593655133e-4,7,2023-03-08,3.2783226635455773e-4,batgod,Bar-tailed Godwit
batgod,state,PHL-2530,Guimaras,AS,Asia,nonbreeding,0.026987381769638313,2.0387742323639837e-5,1.2616903210393044e-4,0.17543859649122806,7.160246312473149e-4,70,2023-01-11,2.5588913949049574e-4,batgod,Bar-tailed Godwit
batgod,state,PHL-2530,Guimaras,AS,Asia,postbreeding_migration,2.903463890808716e-4,2.4512021004067186e-7,4.669877925562229e-7,0.02631578947368421,5.5930497035683656e-5,7,2023-09-13,4.895606499361853e-6,batgod,Bar-tailed Godwit
batgod,state,PHL-2530,Guimaras,AS,Asia,prebreeding_migration,0.0011112625923073082,3.339537055807648e-7,3.8877792734074596e-7,0.008771929824561403,2.0104139442311172e-5,7,2023-03-08,9.331906497603316e-7,batgod,Bar-tailed Godwit
batgod,state,PHL-2534,Palawan,AS,Asia,nonbreeding,0.04627842026191977,7.313013522643977e-4,0.0045256400795545245,0.19500180618915083,0.01664757267650007,42,2023-01-11,0.005633566561634723,batgod,Bar-tailed Godwit
batgod,state,PHL-2534,Palawan,AS,Asia,postbreeding_migration,9.762300709558936e-4,1.723948705101578e-5,3.284359947888277e-5,0.012580761689622634,5.593049703568366e-4,14,2023-09-13,6.240856210436619e-5,batgod,Bar-tailed Godwit
batgod,state,PHL-2535,Romblon,AS,Asia,nonbreeding,0.007487939816657279,1.5829112297542488e-5,9.795806450475124e-5,0.07210031347962383,8.234283259344121e-4,42,2023-01-11,2.5433904873633134e-4,batgod,Bar-tailed Godwit
batgod,state,PHL-2536,Albay,AS,Asia,nonbreeding,0.0035394227340470306,8.757990691195743e-6,5.419860576725817e-5,0.010712515913807624,1.4320492624946297e-4,42,2023-02-01,2.8126196839726405e-5,batgod,Bar-tailed Godwit
batgod,state,PHL-2536,Albay,AS,Asia,postbreeding_migration,5.380609030371834e-4,1.4878453325483574e-6,2.8345504738126258e-6,0.002678128978451906,1.864349901189455e-5,7,2023-11-15,2.153974070560149e-6,batgod,Bar-tailed Godwit
batgod,state,PHL-2537,Camarines Norte,AS,Asia,nonbreeding,0.026262045932390433,5.603402856155323e-5,3.4676518058096567e-4,0.06832866288989763,7.876270943720464e-4,63,2023-02-01,1.0550390206785507e-4,batgod,Bar-tailed Godwit
batgod,state,PHL-2537,Camarines Norte,AS,Asia,postbreeding_migration,0.00832481691364909,1.9849624204097487e-5,3.781627059067875e-5,0.01242339325270866,7.45739960475782e-5,7,2023-11-22,1.343951212184188e-5,batgod,Bar-tailed Godwit
batgod,state,PHL-2538,Camarines Sur,AS,Asia,nonbreeding,0.009029774332083813,4.535922666006866e-5,2.8070443670694486e-4,0.04612881906049589,0.0012518592881183466,70,2023-01-18,1.0684533741899843e-4,batgod,Bar-tailed Godwit
batgod,state,PHL-2538,Camarines Sur,AS,Asia,postbreeding_migration,0.0028925375810521427,1.623760836918202e-5,3.093488247035437e-5,0.005276850357089525,7.45739960475782e-5,7,2023-11-22,1.0993937832953807e-5,batgod,Bar-tailed Godwit
batgod,state,PHL-2539,Catanduanes,AS,Asia,nonbreeding,0.0010863668735950223,1.785384364122329e-6,1.1048806365068368e-5,0.004032258064516129,3.580123156236574e-5,7,2023-01-25,4.464538592784901e-6,batgod,Bar-tailed Godwit
batgod,state,PHL-2540,Masbate,AS,Asia,nonbreeding,0.005520924866040122,2.7366355649229348e-5,1.6935600566579884e-4,0.02807486631016043,7.518258628096806e-4,63,2023-01-11,1.6612574460659685e-4,batgod,Bar-tailed Godwit
batgod,state,PHL-2540,Masbate,AS,Asia,postbreeding_migration,2.0729264314161904e-4,1.1482681704843642e-6,2.1876091657562286e-6,0.001336898395721925,1.864349901189455e-5,7,2023-10-25,8.091964201657479e-6,batgod,Bar-tailed Godwit
batgod,state,PHL-2540,Masbate,AS,Asia,prebreeding_migration,0.0019908788051197237,3.92564606543873e-6,4.570108117652015e-6,0.001336898395721925,2.0104139442311172e-5,7,2023-03-08,1.0969712691658969e-5,batgod,Bar-tailed Godwit
batgod,state,PHL-2541,Sorsogon,AS,Asia,nonbreeding,0.04261642336547013,9.321095528965495e-5,5.76833659347472e-4,0.11210249932012036,0.0013246455678075325,84,2023-02-01,2.0991867881175875e-4,batgod,Bar-tailed Godwit
batgod,state,PHL-2541,Sorsogon,AS,Asia,postbreeding_migration,0.026957157288511904,6.588982603910065e-5,1.25529202217996e-4,0.027268175510299548,1.6779149110705095e-4,21,2023-11-15,5.1388275011177896e-5,batgod,Bar-tailed Godwit
batgod,state,PHL-2555,Bataan,AS,Asia,nonbreeding,0.033286871621242706,4.296045511564677e-5,2.658596991585782e-4,0.1065497385966982,7.429211387982021e-4,63,2023-01-11,1.7700173491851326e-4,batgod,Bar-tailed Godwit
batgod,state,PHL-2555,Bataan,AS,Asia,postbreeding_migration,0.031046590647439868,4.4777940564747894e-5,8.530814989133587e-5,0.02954804760217918,1.0728736390476088e-4,14,2023-11-15,3.925111038260725e-5,batgod,Bar-tailed Godwit
batgod,state,PHL-2558,Pampanga,AS,Asia,nonbreeding,0.05566961826819809,8.279040786308835e-5,5.123463629155105e-4,0.1506175306352239,0.0012101291892964816,63,2023-02-22,2.2893456364568912e-4,batgod,Bar-tailed Godwit
batgod,state,PHL-2558,Pampanga,AS,Asia,postbreeding_migration,0.08277210473905984,1.3756250795295418e-4,2.6207554210560125e-4,0.07819873196284734,3.2717897064479194e-4,14,2023-11-15,1.0680255645278386e-4,batgod,Bar-tailed Godwit
batgod,state,PHL-2560,Zambales,AS,Asia,nonbreeding,0.002422481075978387,7.275445332551694e-6,4.502391099326126e-5,0.04261762869566345,6.914852245745486e-4,42,2023-01-25,6.954731488136931e-5,batgod,Bar-tailed Godwit
batgod,state,PHL-2560,Zambales,AS,Asia,postbreeding_migration,8.878759779189743e-4,2.979928215056139e-6,5.677174064489298e-6,0.006619506271494651,5.5930497035683656e-5,7,2023-11-22,4.035456659214064e-6,batgod,Bar-tailed Godwit
batgod,state,PHL-2562,Pangasinan,AS,Asia,nonbreeding,5.3773398081953125e-5,2.345359520039154e-7,1.4514198574893971e-6,0.00104142423427674,2.4539406672766395e-5,7,2023-01-25,5.989439947984893e-6,batgod,Bar-tailed Godwit
batgod,state,PHL-2563,Cavite,AS,Asia,nonbreeding,0.014710128640836711,1.580982051575124e-5,9.783867779691848e-5,0.07476484694101145,4.341125608415566e-4,70,2023-01-11,7.353415415828815e-5,batgod,Bar-tailed Godwit
batgod,state,PHL-2563,Cavite,AS,Asia,postbreeding_migration,0.011827384283038145,1.4205400552438423e-5,2.7063246417989995e-5,0.018497554594166108,5.5930497035683656e-5,14,2023-11-15,1.160843036317023e-5,batgod,Bar-tailed Godwit
batgod,state,PHL-2564,Batangas,AS,Asia,nonbreeding,0.00896296585407622,2.7830917399500096e-5,1.722309344074774e-4,0.06194091202966194,0.001039077189110881,56,2023-01-11,2.671715204637972e-4,batgod,Bar-tailed Godwit
batgod,state,PHL-2565,Bulacan,AS,Asia,nonbreeding,0.049407624563559106,9.353914627845686e-5,5.78864661051587e-4,0.08616904206739633,8.813433404236718e-4,70,2023-02-22,2.3835911672700737e-4,batgod,Bar-tailed Godwit
batgod,state,PHL-2565,Bulacan,AS,Asia,postbreeding_migration,0.08083457241087558,1.7102156666990858e-4,3.258196616486083e-4,0.05829994625259288,3.1052135607358134e-4,14,2023-11-15,1.747811233351825e-4,batgod,Bar-tailed Godwit
batgod,state,PHL-2569,Marinduque,AS,Asia,nonbreeding,0.0021669165719123114,2.412431577913266e-6,1.4929272323073695e-5,0.017857142857142856,1.0740369468709724e-4,14,2023-01-11,3.112844879008138e-5,batgod,Bar-tailed Godwit
batgod,state,PHL-2570,Mindoro Occidental,AS,Asia,nonbreeding,0.015454037889958824,8.505277859127351e-5,5.26346987433136e-4,0.08789817511050982,0.0026134899040526995,91,2023-01-11,6.823383708122046e-4,batgod,Bar-tailed Godwit
batgod,state,PHL-2570,Mindoro Occidental,AS,Asia,postbreeding_migration,0.008790549856630782,5.406508404439034e-5,1.030014385515876e-4,0.006020422952774645,9.321749505947276e-5,14,2023-11-22,3.883521405874129e-5,batgod,Bar-tailed Godwit
batgod,state,PHL-2571,Mindoro Oriental,AS,Asia,nonbreeding,0.012336330334456951,4.696503939551457e-5,2.90641968551089e-4,0.0626638872125182,0.0012888443362451668,63,2023-01-11,4.1954868393029424e-4,batgod,Bar-tailed Godwit
batgod,state,PHL-2572,Quezon,AS,Asia,nonbreeding,0.011147210085397792,9.73859829662295e-5,6.026707134262725e-4,0.04954771602095073,0.0023385590498808764,70,2023-02-01,2.3409573531182757e-4,batgod,Bar-tailed Godwit
batgod,state,PHL-2572,Quezon,AS,Asia,postbreeding_migration,0.002566236777178409,2.505424374651165e-5,4.773178833115264e-5,0.0022755926407880384,5.5930497035683656e-5,14,2023-11-15,1.674516264766409e-5,batgod,Bar-tailed Godwit
batgod,state,PHL-2573,Lanao del Norte,AS,Asia,nonbreeding,0.03312761270387629,6.188775880190529e-5,3.829908433786731e-4,0.07616219969784152,7.68685216546906e-4,98,2023-01-11,2.4122929155965031e-4,batgod,Bar-tailed Godwit
batgod,state,PHL-2573,Lanao del Norte,AS,Asia,postbreeding_migration,0.018454155964218268,3.852681518322118e-5,7.339889425538906e-5,0.06906774675667408,3.630059932993061e-4,77,2023-10-11,7.72268949627068e-5,batgod,Bar-tailed Godwit
batgod,state,PHL-2574,Lanao del Sur,AS,Asia,nonbreeding,0.0043966295914026204,1.317469225943662e-5,8.153125266414991e-5,0.017691836532577897,2.8640985249892595e-4,77,2023-01-11,6.0512469386544416e-5,batgod,Bar-tailed Godwit
batgod,state,PHL-2574,Lanao del Sur,AS,Asia,postbreeding_migration,0.0026752743981787483,8.958663867259203e-6,1.7067489714252458e-5,0.022114795665722373,1.8643499011894552e-4,77,2023-10-18,1.8385421438055956e-5,batgod,Bar-tailed Godwit
batgod,state,PHL-2576,Maguindanao,AS,Asia,nonbreeding,0.026680023807429183,1.011169436130046e-4,6.257596698270825e-4,0.11223773660726008,0.0022981112886047714,84,2023-01-11,5.746642342852358e-4,batgod,Bar-tailed Godwit
batgod,state,PHL-2576,Maguindanao,AS,Asia,postbreeding_migration,0.004163915230276389,1.763574896692389e-5,3.359853305760859e-5,0.018484083872855855,1.970877102250816e-4,77,2023-09-13,4.7539666229256686e-5,batgod,Bar-tailed Godwit
batgod,state,PHL-2579,Cotabato,AS,Asia,nonbreeding,0.012987224411402662,6.361520493900052e-5,3.936811004787084e-4,0.03747189066959388,9.916185139430536e-4,84,2023-01-11,3.413111740459039e-4,batgod,Bar-tailed Godwit
batgod,state,PHL-2579,Cotabato,AS,Asia,postbreeding_migration,0.005126999306119667,2.8064812941885827e-5,5.3467337687332925e-5,0.01393195591461047,1.9199086678250884e-4,77,2023-09-20,6.544932207076985e-5,batgod,Bar-tailed Godwit
batgod,state,PHL-2580,Sultan Kudarat,AS,Asia,nonbreeding,0.012963889429043585,4.699332290549972e-5,2.90817000343363e-4,0.03128130529987561,6.126044377500412e-4,77,2023-01-11,1.722472749865114e-4,batgod,Bar-tailed Godwit
batgod,state,PHL-2580,Sultan Kudarat,AS,Asia,postbreeding_migration,0.007130060993159125,2.888340497031432e-5,5.502686835310917e-5,0.025832319223663427,2.634438884087189e-4,77,2023-10-11,5.1575064690998855e-5,batgod,Bar-tailed Godwit
batgod,state,PHL-2581,Biliran,AS,Asia,nonbreeding,0.00445934128482414,3.061053664921724e-6,1.894325384294991e-5,0.01930782240042624,7.160246312473149e-5,42,2023-01-11,2.708947683063e-5,batgod,Bar-tailed Godwit
batgod,state,PHL-2582,Eastern Samar,AS,Asia,nonbreeding,0.040391843559792216,1.6507460491773794e-4,0.0010215600529373083,0.15820959860157757,0.003493122806596609,49,2023-01-18,5.295189536512986e-4,batgod,Bar-tailed Godwit
batgod,state,PHL-2583,Leyte,AS,Asia,nonbreeding,0.004819906659614227,2.561787658745273e-5,1.5853558683881814e-4,0.009989455180820455,2.8684067682242825e-4,84,2023-01-11,1.2379957003404838e-4,batgod,Bar-tailed Godwit
batgod,state,PHL-2583,Leyte,AS,Asia,postbreeding_migration,6.782315670058429e-4,4.02843915104028e-6,7.674731945926528e-6,0.002493612845097454,3.72869980237891e-5,56,2023-10-25,1.0193562912696184e-5,batgod,Bar-tailed Godwit
batgod,state,PHL-2583,Leyte,AS,Asia,prebreeding_migration,6.29905869228927e-4,1.331807157095702e-6,1.5504461172329075e-6,0.002493612845097454,4.0208278884622344e-5,7,2023-03-08,3.7215636943577104e-6,batgod,Bar-tailed Godwit
batgod,state,PHL-2584,Samar,AS,Asia,nonbreeding,0.013589979971662586,7.343741700710739e-5,4.544656135493711e-4,0.08337522240260258,0.0024340529219173683,63,2023-01-18,2.728782328835419e-4,batgod,Bar-tailed Godwit
batgod,state,PHL-2585,Southern Leyte,AS,Asia,nonbreeding,5.09402657594674e-4,1.0125197170661678e-6,6.265952877982854e-6,0.003333966634596191,3.580123156236574e-5,28,2023-01-11,8.1854198940872e-6,batgod,Bar-tailed Godwit
batgod,state,PHL-2586,Northern Samar,AS,Asia,nonbreeding,0.02811394877720358,9.591469525196188e-5,5.935656863021898e-4,0.09601335912614124,0.0017696582330711554,56,2023-01-18,2.6769491325360443e-4,batgod,Bar-tailed Godwit
batgod,state,PHL-2587,Agusan del Norte,AS,Asia,nonbreeding,0.006721100094505149,1.2965518699150093e-5,8.023678733178777e-5,0.024288964461590547,2.531354483688522e-4,98,2023-01-04,4.706055703713747e-5,batgod,Bar-tailed Godwit
batgod,state,PHL-2587,Agusan del Norte,AS,Asia,postbreeding_migration,0.0046198433491966145,9.959352175369522e-6,1.897393889673203e-5,0.029165814829762944,1.58287834973495e-4,77,2023-10-04,3.190332970519524e-5,batgod,Bar-tailed Godwit
batgod,state,PHL-2588,Agusan del Sur,AS,Asia,nonbreeding,7.022872457524481e-5,3.965082233641889e-7,2.4537811970039357e-6,0.001666293675260536,5.082570343940797e-5,21,2023-12-27,5.634614928588014e-6,batgod,Bar-tailed Godwit
batgod,state,PHL-2588,Agusan del Sur,AS,Asia,postbreeding_migration,1.3543508522951078e-4,8.545213353047424e-7,1.6279809486127011e-6,0.0023474486994568113,3.72869980237891e-5,35,2023-10-18,4.146923174591927e-6,batgod,Bar-tailed Godwit
batgod,state,PHL-2591,Davao del Norte,AS,Asia,nonbreeding,0.015455210161183642,4.426564216048525e-5,2.739368164552256e-4,0.029193606916426213,4.517249148110514e-4,84,2023-01-11,1.0211945899552124e-4,batgod,Bar-tailed Godwit
batgod,state,PHL-2591,Davao del Norte,AS,Asia,postbreeding_migration,0.0102629883720003,3.2848837011763896e-5,6.258156306906504e-5,0.01993870821956923,1.606618501902063e-4,77,2023-10-11,6.0320941944620175e-5,batgod,Bar-tailed Godwit
batgod,state,PHL-2592,Compostela Valley,AS,Asia,nonbreeding,0.002957056001242904,9.476910622999947e-6,5.8647623736785186e-5,0.015552071973007203,2.692712135321919e-4,77,2023-01-18,3.564211297732886e-5,batgod,Bar-tailed Godwit
batgod,state,PHL-2592,Compostela Valley,AS,Asia,postbreeding_migration,0.002021909944456663,7.241413566270455e-6,1.3795891149645395e-5,0.013484330224171342,1.215795431668068e-4,77,2023-10-11,1.6155456900091245e-5,batgod,Bar-tailed Godwit
batgod,state,PHL-2593,Surigao del Norte,AS,Asia,nonbreeding,0.009745106007633729,3.733653350493936e-5,2.310562013024874e-4,0.03978175533840831,8.234283259344121e-4,98,2023-01-11,1.9493061614477453e-4,batgod,Bar-tailed Godwit
batgod,state,PHL-2593,Surigao del Norte,AS,Asia,postbreeding_migration,0.0030784557183948587,1.3180583729926362e-5,2.5110829089202696e-5,0.02248533997388296,2.423654871546292e-4,77,2023-10-18,2.1983612566245964e-5,batgod,Bar-tailed Godwit
batgod,state,PHL-2594,Surigao del Sur,AS,Asia,nonbreeding,0.023636841193478163,1.0391392121121002e-4,6.430686955534265e-4,0.08290522942536303,0.001969067735930116,84,2023-01-11,3.1810306921103987e-4,batgod,Bar-tailed Godwit
batgod,state,PHL-2594,Surigao del Sur,AS,Asia,postbreeding_migration,0.014623357115029524,7.184320352314789e-5,1.3687120706152905e-4,0.07838312600216141,9.694619486185168e-4,77,2023-10-18,1.1717762211056211e-4,batgod,Bar-tailed Godwit
batgod,state,PHL-2595,Misamis Oriental,AS,Asia,nonbreeding,0.007211566878305615,1.924783050106853e-5,1.1911471637565648e-4,0.05266784139766591,7.594376149045839e-4,98,2023-01-11,1.1832331246125937e-4,batgod,Bar-tailed Godwit
batgod,state,PHL-2595,Misamis Oriental,AS,Asia,postbreeding_migration,0.00298911818359048,8.915578827667746e-6,1.6985406774099655e-5,0.05515069653778784,4.1412079979706253e-4,84,2023-09-13,3.28630016900914e-5,batgod,Bar-tailed Godwit
batgod,state,PHL-2596,Davao del Sur,AS,Asia,nonbreeding,0.01257455759235527,4.5627776703487024e-5,2.8236635191617707e-4,0.04200439895927559,8.234283259344121e-4,77,2023-01-04,1.3550529805216293e-4,batgod,Bar-tailed Godwit
batgod,state,PHL-2596,Davao del Sur,AS,Asia,postbreeding_migration,0.007152352118358439,2.900279065788532e-5,5.525431454651909e-5,0.04383067717489626,4.474439762854693e-4,77,2023-09-13,4.878241198279637e-5,batgod,Bar-tailed Godwit
batgod,state,PHL-2597,Davao Oriental,AS,Asia,nonbreeding,0.01320703945677437,6.298044612637344e-5,3.8975291148469034e-4,0.051416794608863864,0.0013246455678075325,77,2023-01-04,1.6855398435720718e-4,batgod,Bar-tailed Godwit
batgod,state,PHL-2597,Davao Oriental,AS,Asia,postbreeding_migration,0.00842489572128931,4.4897183647436045e-5,8.553532440278434e-5,0.061144296291621894,8.203139565233603e-4,77,2023-10-11,8.248150296557198e-5,batgod,Bar-tailed Godwit
batgod,state,PHL-2598,Sarangani,AS,Asia,nonbreeding,0.013057786084501475,3.533094915391128e-5,2.1864469284043483e-4,0.0465855869897472,6.809759307042384e-4,77,2023-01-11,1.024561772187754e-4,batgod,Bar-tailed Godwit
batgod,state,PHL-2598,Sarangani,AS,Asia,postbreeding_migration,0.00837152273493233,2.531305272411294e-5,4.822485511305409e-5,0.0661788949125559,5.037663540107906e-4,77,2023-10-11,5.9878270274292515e-5,batgod,Bar-tailed Godwit
batgod,state,PHL-4932,Zamboanga,AS,Asia,nonbreeding,0.09890858255884456,1.475593574845529e-4,9.131673834290508e-4,0.268624562568341,0.0021650749407723805,91,2023-01-11,7.07044988485383e-4,batgod,Bar-tailed Godwit
batgod,state,PHL-4932,Zamboanga,AS,Asia,postbreeding_migration,0.03978394527036392,6.632769937665845e-5,1.2636341129154162e-4,0.10871543447181832,4.5629727517159714e-4,77,2023-10-11,8.929494998909791e-5,batgod,Bar-tailed Godwit
batgod,state,PHL-5524,Lapu-Lapu,AS,Asia,nonbreeding,0.7893223754642048,1.3653929104540718e-4,8.44969978621955e-4,0.42139850234563386,3.938135471860232e-4,98,2023-01-11,2.6069242149292317e-4,batgod,Bar-tailed Godwit
batgod,state,PHL-5524,Lapu-Lapu,AS,Asia,postbreeding_migration,0.4839909628888808,9.356098587166396e-5,1.7824657646280036e-4,0.5746343213804098,2.796524851784183e-4,84,2023-10-11,1.6459046607752786e-4,batgod,Bar-tailed Godwit
batgod,state,PHL-5524,Lapu-Lapu,AS,Asia,prebreeding_migration,0.6200382877280398,4.266609793235075e-5,4.967046882444306e-5,0.3830895475869399,2.010413944231117e-4,7,2023-03-08,1.1922491946297376e-4,batgod,Bar-tailed Godwit
batgod,state,PHL-5525,Bacolod,AS,Asia,nonbreeding,0.17265225808679407,2.830141431564399e-5,1.7514259277432505e-4,0.34737723840212753,3.076321136391616e-4,98,2023-01-11,1.0491712123001408e-4,batgod,Bar-tailed Godwit
batgod,state,PHL-5525,Bacolod,AS,Asia,postbreeding_migration,0.1232468485267392,2.257698825155241e-5,4.301227509723024e-5,0.2260973160519156,1.0426899209830834e-4,63,2023-10-11,6.532637853590983e-5,batgod,Bar-tailed Godwit
batgod,state,PHL-5525,Bacolod,AS,Asia,prebreeding_migration,0.03633526087406004,2.369328875729808e-6,2.7582947998522555e-6,0.18567067526851164,9.233389353187638e-5,7,2023-03-08,7.340471000275882e-6,batgod,Bar-tailed Godwit
batgod,state,PHL-5528,Davao,AS,Asia,nonbreeding,0.011070475148854009,1.760432650986702e-5,1.0894393314045708e-4,0.03692663958179669,3.172395869653634e-4,84,2023-01-11,5.500594827890944e-5,batgod,Bar-tailed Godwit
batgod,state,PHL-5528,Davao,AS,Asia,postbreeding_migration,0.01015326783835271,1.8043189232016863e-5,3.4374762932585936e-5,0.04109389748026403,1.8384608194035068e-4,77,2023-10-11,3.631841461365011e-5,batgod,Bar-tailed Godwit
batgod,state,PHL-5529,General Santos,AS,Asia,nonbreeding,0.02122916488581958,1.0474584939663245e-5,6.48217062266548e-5,0.040009880203853015,1.0665116366780796e-4,77,2023-01-18,3.606247067031388e-5,batgod,Bar-tailed Godwit
batgod,state,PHL-5529,General Santos,AS,Asia,postbreeding_migration,0.015258404501170776,8.413318770165614e-6,1.602853212266571e-5,0.05344061022778634,7.418211535794049e-5,77,2023-10-11,2.302526719906367e-5,batgod,Bar-tailed Godwit
batgod,state,PHL-5530,Iligan,AS,Asia,nonbreeding,0.006798596844902836,3.6658277135251657e-6,2.268588287673932e-5,0.03013558587652334,8.778631834685017e-5,42,2023-01-11,2.4343581881889064e-5,batgod,Bar-tailed Godwit
batgod,state,PHL-5530,Iligan,AS,Asia,postbreeding_migration,5.807360478542446e-4,3.4993376869192e-7,6.666720714510027e-7,0.03013558587652334,4.571474410052983e-5,14,2023-09-13,5.041546162528791e-6,batgod,Bar-tailed Godwit
batgod,state,PHL-5531,Cagayan de Oro,AS,Asia,nonbreeding,0.031122890857988347,1.55665676896587e-5,9.633331378272574e-5,0.11723734978831768,3.167913844265578e-4,98,2023-01-11,6.464702694475092e-5,batgod,Bar-tailed Godwit
batgod,state,PHL-5531,Cagayan de Oro,AS,Asia,postbreeding_migration,0.019877392974562726,1.1110322516594643e-5,2.116669607027239e-5,0.11723734978831768,1.6496918136027838e-4,84,2023-10-11,2.5896964645408268e-5,batgod,Bar-tailed Godwit
batgod,state,PHL-5532,Butuan,AS,Asia,nonbreeding,0.048265927355250864,2.081138527554669e-5,1.2879073588805974e-4,0.14521363072702606,3.3826896385415385e-4,98,2023-01-11,7.240382631845948e-5,batgod,Bar-tailed Godwit
batgod,state,PHL-5532,Butuan,AS,Asia,postbreeding_migration,0.03442574661985886,1.6588152139169333e-5,3.160271667836826e-5,0.06836905769206642,8.293614039252444e-5,77,2023-10-04,3.6500152793289e-5,batgod,Bar-tailed Godwit
batgod,state,PHL-5533,Puerto Princesa,AS,Asia,nonbreeding,0.039385596263272864,8.780224023818515e-5,5.433619618864619e-4,0.1248488798317057,0.0015036517256193612,42,2023-01-11,5.557372179592642e-4,batgod,Bar-tailed Godwit
batgod,state,PHL-5533,Puerto Princesa,AS,Asia,postbreeding_migration,5.910884948698055e-4,1.4725667361216936e-6,2.8054426413027675e-6,0.002972592376945374,1.864349901189455e-5,28,2023-10-25,2.514305093491457e-6,batgod,Bar-tailed Godwit
batgod,state,PHL-5535,Tacloban,AS,Asia,nonbreeding,0.00291473633632294,3.068478941044466e-7,1.898920497803094e-6,0.06294767008324663,3.580123156236574e-5,21,2023-02-01,1.8207797711393123e-6,batgod,Bar-tailed Godwit
batgod,state,PHL-5543,Manila,AS,Asia,nonbreeding,0.10148175896713982,6.159887437381499e-6,3.812030893398266e-5,0.2229969260800693,7.312705794673677e-5,70,2023-02-22,2.769681281518182e-5,batgod,Bar-tailed Godwit
batgod,state,PHL-5543,Manila,AS,Asia,postbreeding_migration,0.13429778446665402,9.109781189497752e-6,1.7355389046247477e-5,0.2229969260800693,3.808093110422185e-5,14,2023-11-15,1.8661558803214997e-5,batgod,Bar-tailed Godwit
batgod,state,PHL-5544,Navotas,AS,Asia,nonbreeding,0.5731621008870297,1.3317160545034718e-5,8.241291407687909e-5,0.9154335200988436,1.1490936243594948e-4,70,2023-02-08,5.859773963883995e-5,batgod,Bar-tailed Godwit
batgod,state,PHL-5544,Navotas,AS,Asia,postbreeding_migration,1.273091613756082,3.305583518052315e-5,6.29759231174512e-5,0.6164961403626567,4.0298457558689206e-5,14,2023-11-15,4.1839116364981606e-5,batgod,Bar-tailed Godwit
batgod,state,PHL-5546,Malabon,AS,Asia,nonbreeding,0.2664059812540064,3.7102521014004175e-6,2.2960802087069492e-5,0.5476488915128639,4.120558612950798e-5,70,2023-02-08,5.318302173752114e-5,batgod,Bar-tailed Godwit
batgod,state,PHL-5546,Malabon,AS,Asia,postbreeding_migration,0.4634488039412751,7.212993182957287e-6,1.374174640138161e-5,0.3306167483471854,1.295412820400872e-5,14,2023-11-15,3.8962849952287904e-5,batgod,Bar-tailed Godwit
batgod,state,PHL-5547,Valenzuela,AS,Asia,nonbreeding,0.014543304168183745,4.800709064823815e-7,2.970906765969218e-6,0.08562668071617063,1.5270239332904153e-5,63,2023-02-08,1.3846334870472956e-5,batgod,Bar-tailed Godwit
batgod,state,PHL-5547,Valenzuela,AS,Asia,postbreeding_migration,0.014981854034872604,5.526652638791317e-7,1.0529035184760757e-6,0.02838703795962961,2.6362480452008844e-6,14,2023-11-22,7.420512117478013e-6,batgod,Bar-tailed Godwit
batgod,state,PHL-5554,Pasay,AS,Asia,nonbreeding,0.095691278258212,2.2491914479071583e-6,1.3919064872123656e-5,0.26187974915821477,3.325449970379963e-5,49,2023-02-22,9.788159011142752e-6,batgod,Bar-tailed Godwit
batgod,state,PHL-5554,Pasay,AS,Asia,postbreeding_migration,0.09359229468375128,2.458376922842692e-6,4.683546951428361e-6,0.26187974915821477,1.731728785052633e-5,14,2023-11-15,2.5248975464383005e-6,batgod,Bar-tailed Godwit
batgod,state,PHL-5555,Paranaque,AS,Asia,nonbreeding,0.059418240938007696,2.5287989383840053e-6,1.5649408815188295e-5,0.19254824291759043,4.427193504282729e-5,70,2023-02-08,2.2295523565872293e-5,batgod,Bar-tailed Godwit
batgod,state,PHL-5555,Paranaque,AS,Asia,postbreeding_migration,0.003958516464064866,1.8827006527035074e-7,3.5868042937148626e-7,0.011076288941849676,1.3262111613682228e-6,14,2023-11-15,2.5248975464383005e-6,batgod,Bar-tailed Godwit
batgod,state,PHL-5556,Las Pinas,AS,Asia,nonbreeding,0.05012757917376289,1.379517214852499e-6,8.537107689792301e-6,0.17070170356569717,2.537947784730271e-5,49,2023-02-08,1.2476276812040912e-5,batgod,Bar-tailed Godwit
batgod,state,PHL-5560,Lucena,AS,Asia,nonbreeding,0.10355381715005492,1.1646473829490736e-5,7.207391123375082e-5,0.27627973142042045,1.6786950224690578e-4,70,2023-01-11,4.4110089813055847e-05,batgod,Bar-tailed Godwit
batgod,state,PHL-5560,Lucena,AS,Asia,postbreeding_migration,0.04819937928666034,6.0579278396613565e-6,1.154118768435676e-5,0.058921689217988994,1.864349901189455e-5,14,2023-11-15,4.65380538148736e-6,batgod,Bar-tailed Godwit
batgod,state,PLW-5249,Koror,OC,Oceania,postbreeding_migration,2.4372188763207187e-4,7.940110339985122e-8,2.247753347901817e-7,0.04546276343438225,3.72869980237891e-5,7,2023-11-01,1.4332788124844771e-6,batgod,Bar-tailed Godwit
batgod,state,PLW-5258,Peleliu,OC,Oceania,postbreeding_migration,0.024047341035759968,4.095932000941045e-6,1.1595109480444164e-5,0.043478260869565216,1.864349901189455e-5,28,2023-10-18,2.3848891872647996e-5,batgod,Bar-tailed Godwit
batgod,state,PMD-736,Madeira,AF,Africa,postbreeding_migration,0.0016611927180904254,2.140558525482894e-6,7.508720872590174e-5,0.04597701149425287,1.491479920951564e-4,42,2023-09-06,2.0642820174234047e-5,batgod,Bar-tailed Godwit
batgod,state,POL-3139,Warmian-Masurian,EU,Europe,postbreeding_migration,4.474440872357376e-4,9.03800400369478e-6,1.0253229737200429e-4,0.0021395785562360044,1.0880067182015983e-4,98,2023-09-13,1.143384358161989e-4,batgod,Bar-tailed Godwit
batgod,state,POL-3140,Pomeranian,EU,Europe,postbreeding_migration,0.010119072345108535,1.6233202010513897e-4,0.0018415874734746768,0.058888268756645455,0.002378273866319672,112,2023-09-06,6.555297475690776e-4,batgod,Bar-tailed Godwit
batgod,state,POL-3141,Lower Silesian,EU,Europe,postbreeding_migration,1.9777325567352225e-4,3.199143644132692e-6,3.629291902524896e-5,0.013763785850680912,5.604974864119928e-4,35,2023-09-13,3.5260238670619324e-5,batgod,Bar-tailed Godwit
batgod,state,POL-3142,West Pomeranian,EU,Europe,postbreeding_migration,0.01932608989525052,3.909230541664672e-4,0.004434855176317971,0.05086699484510135,0.002590317223136176,126,2023-07-19,0.002489089940629997,batgod,Bar-tailed Godwit
batgod,state,POL-3143,Lubusz,EU,Europe,postbreeding_migration,4.709204196091537e-6,5.4101857501005874e-8,6.137624789060964e-7,6.45662064617901e-4,1.867409263838795e-5,21,2023-09-13,2.0265783877707808e-6,batgod,Bar-tailed Godwit
batgod,state,POL-3144,Greater Poland,EU,Europe,postbreeding_migration,7.802053954060873e-5,1.9007396184569103e-6,2.156307960327336e-5,0.006126801264059816,3.757656313185807e-4,35,2023-09-20,3.0267588004792013e-5,batgod,Bar-tailed Godwit
batgod,state,POL-3145,Kuyavian-Pomeranian,EU,Europe,postbreeding_migration,3.734168980660258e-5,5.468003741141501e-7,6.203216831822125e-6,0.002536258536662885,9.349705734120202e-5,14,2023-09-13,1.1967811246021517e-5,batgod,Bar-tailed Godwit
batgod,state,POL-3146,Silesian,EU,Europe,postbreeding_migration,3.187356304599259e-5,3.212450779546878e-7,3.64438827961102e-6,0.008891966305717858,2.2561774827471569e-4,28,2023-09-20,5.150285258810279e-6,batgod,Bar-tailed Godwit
batgod,state,POL-3147,Łódź,EU,Europe,postbreeding_migration,4.661932056925845e-5,7.113976120712362e-7,8.070502234874314e-6,0.003739388027961001,1.4365362218371665e-4,35,2023-09-13,8.953714589705117e-6,batgod,Bar-tailed Godwit
batgod,state,POL-3148,Masovian,EU,Europe,postbreeding_migration,1.545542136861573e-5,4.449198820686604e-7,5.04742613925949e-6,0.002540939119560608,1.841470676715768e-4,14,2023-09-20,1.182157402530742e-5,batgod,Bar-tailed Godwit
batgod,state,POL-3149,Świętokrzyskie,EU,Europe,postbreeding_migration,1.3608128498230246e-5,1.2530476684812384e-7,1.4215290910857371e-6,0.004984953365886864,1.1555796244069132e-4,14,2023-09-20,3.5343468975841384e-6,batgod,Bar-tailed Godwit
batgod,state,POL-3150,Podlachian,EU,Europe,postbreeding_migration,1.8623089526797684e-4,3.230121004777352e-6,3.664434395846648e-5,0.0016999682978047592,7.422965940346764e-5,14,2023-09-13,6.007697259657467e-6,batgod,Bar-tailed Godwit
batgod,state,POL-3151,Lublin,EU,Europe,postbreeding_migration,7.357932669847906e-6,1.4942245089967762e-7,1.6951339215424452e-6,0.0025990620151195537,1.3287591646056742e-4,7,2023-09-20,5.9589005897828195e-6,batgod,Bar-tailed Godwit
batgod,state,POL-3167,Opole,EU,Europe,postbreeding_migration,1.1692685064276864e-4,8.852367694110859e-7,1.0042633268228747e-5,0.02059461510376127,3.9252602518722e-4,28,2023-09-20,1.1867619106878788e-5,batgod,Bar-tailed Godwit
batgod,state,POL-3170,Lesser Poland,EU,Europe,postbreeding_migration,7.636951111445122e-6,9.813282457787608e-8,1.113275004908187e-6,0.003343635820151172,1.0816402570204332e-4,14,2023-09-20,2.3984731880703644e-6,batgod,Bar-tailed Godwit
batgod,state,PRK-3303,Hwanghae-bukto,AS,Asia,postbreeding_migration,0.022102253672837288,1.7054316819898412e-4,3.249082466091784e-4,0.012017384355076703,2.334410906794993e-4,105,2023-08-02,5.435572485305303e-4,batgod,Bar-tailed Godwit
batgod,state,PRK-3303,Hwanghae-bukto,AS,Asia,prebreeding_migration,0.5229501285640142,0.0014363653581565606,0.0016721693381932053,0.013506005274402029,2.829126266841386e-4,77,2023-05-10,0.0034148628941855154,batgod,Bar-tailed Godwit
batgod,state,PRK-3304,Hwanghae-namdo,AS,Asia,postbreeding_migration,0.929688360586017,0.008087654051707548,0.01540809593765697,0.24419345856577265,0.005347967788826725,105,2023-08-23,0.02227700962561744,batgod,Bar-tailed Godwit
batgod,state,PRK-3304,Hwanghae-namdo,AS,Asia,prebreeding_migration,16.26686018702695,0.05037276462207192,0.05864231687483445,0.247980768115664,0.005856401208561531,77,2023-04-26,0.07111598646251852,batgod,Bar-tailed Godwit
batgod,state,PRK-3305,P'yŏngyang,AS,Asia,postbreeding_migration,3.3672924615288716e-4,7.497695869317556e-7,1.4284144268192138e-6,0.002177705991931834,1.2207193046418198e-5,7,2023-08-02,2.1918688931887063e-5,batgod,Bar-tailed Godwit
batgod,state,PRK-3305,P'yŏngyang,AS,Asia,prebreeding_migration,0.2504233581802758,1.9848545987741028e-4,2.3107024838732332e-4,0.010497594534655876,6.345479197005358e-5,49,2023-04-26,5.374084289460934e-4,batgod,Bar-tailed Godwit
batgod,state,PRK-3307,Hamgyŏng-bukto,AS,Asia,postbreeding_migration,0.029988368068127633,4.479939170839255e-4,8.53490172772473e-4,0.03321340166705686,0.001249114433796935,70,2023-09-06,0.0011995216663228778,batgod,Bar-tailed Godwit
batgod,state,PRK-3307,Hamgyŏng-bukto,AS,Asia,prebreeding_migration,0.13147547249094788,6.991508749791966e-4,8.139284683192243e-4,0.0029743344776468825,1.2062483665386704e-4,14,2023-04-12,5.865533663252425e-4,batgod,Bar-tailed Godwit
batgod,state,PRK-3308,Kangwŏn-do,AS,Asia,postbreeding_migration,0.0878278578939031,8.587451525540989e-4,0.0016360279027708695,0.06498123479508386,0.0015995195489889994,105,2023-08-30,0.001934454635163436,batgod,Bar-tailed Godwit
batgod,state,PRK-3308,Kangwŏn-do,AS,Asia,prebreeding_migration,0.7278285812145647,0.0025331913404668324,0.0029490580953174697,0.05172684490558175,0.0013730161502807422,70,2023-04-05,0.004338224376841525,batgod,Bar-tailed Godwit
batgod,state,PRK-3311,Hamgyŏng-namdo,AS,Asia,postbreeding_migration,0.07074292794608115,0.0011308228236082197,0.0021543733749305087,0.04734981883896631,0.0019054582652471765,98,2023-08-30,0.0025159694705231693,batgod,Bar-tailed Godwit
batgod,state,PRK-3311,Hamgyŏng-namdo,AS,Asia,prebreeding_migration,1.045345574296181,0.005948100534329718,0.006924583134448344,0.043411836619470616,0.0018838544393736676,70,2023-04-05,0.008418159454481712,batgod,Bar-tailed Godwit
batgod,state,PRK-3312,P'yŏngan-bukto,AS,Asia,postbreeding_migration,0.5003732942030903,0.005600732759303826,0.010670168027069826,0.08661625454979707,0.002440729850828845,98,2023-08-23,0.013875182746754405,batgod,Bar-tailed Godwit
batgod,state,PRK-3312,P'yŏngan-bukto,AS,Asia,prebreeding_migration,23.14068878790609,0.09220063041121047,0.10733694338993198,0.09397532031720686,0.0028555659262219832,77,2023-05-03,0.13259411273063146,batgod,Bar-tailed Godwit
batgod,state,PRK-3313,P'yŏngan-namdo,AS,Asia,postbreeding_migration,0.34702743323334184,0.0037079180827700128,0.007064095123632444,0.06906574913453181,0.0018577986129239429,105,2023-08-23,0.009049652948122978,batgod,Bar-tailed Godwit
batgod,state,PRK-3313,P'yŏngan-namdo,AS,Asia,prebreeding_migration,8.35346677500973,0.03177166342868119,0.03698752626352626,0.06513486921732367,0.001889328677947683,77,2023-05-03,0.051751083145160186,batgod,Bar-tailed Godwit
batgod,state,PRK-5495,Rasŏn,AS,Asia,postbreeding_migration,0.12064169329844948,9.636218466784972e-5,1.8358324634458977e-4,0.15923409689347995,3.2019523668680373e-4,35,2023-09-06,3.0357523590322533e-4,batgod,Bar-tailed Godwit
batgod,state,PRT-5498,Setúbal,EU,Europe,breeding,0.0024153854337904176,9.227567553140994e-5,5.00973143725958e-4,0.02801611697428298,0.001275700627846783,21,2023-06-14,1.199299617043808e-4,batgod,Bar-tailed Godwit
batgod,state,PRT-5498,Setúbal,EU,Europe,nonbreeding,0.19358108701684903,8.152076456601989e-4,0.010472798883675876,0.05510335771487789,0.001253654367386479,98,2023-12-20,0.0013563468249876095,batgod,Bar-tailed Godwit
batgod,state,PRT-5498,Setúbal,EU,Europe,postbreeding_migration,0.09766254897879996,4.596081091739455e-4,0.0052140578058100864,0.07968042705668239,9.440192822261562e-4,147,2023-09-27,0.001857604759897468,batgod,Bar-tailed Godwit
batgod,state,PRT-5498,Setúbal,EU,Europe,prebreeding_migration,0.03978210647452288,6.664296081444553e-5,0.0017134013244312473,0.08091823839841222,0.001033793257723752,98,2023-03-08,4.131767288974197e-4,batgod,Bar-tailed Godwit
batgod,state,PRT-739,Aveiro,EU,Europe,breeding,2.938475738835071e-4,5.885759212094435e-6,3.195432901158533e-5,0.05702590964427509,0.0013614216107767267,7,2023-06-14,1.8401137549090128e-5,batgod,Bar-tailed Godwit
batgod,state,PRT-739,Aveiro,EU,Europe,nonbreeding,0.06872493710732863,1.5173971441191452e-4,0.0019493677717110024,0.072032727971715907,8.592295574967779e-4,98,2023-01-04,6.48405764554472e-4,batgod,Bar-tailed Godwit
batgod,state,PRT-739,Aveiro,EU,Europe,postbreeding_migration,0.033835103301714645,8.348466822731601e-5,9.470979239649556e-4,0.0926854016797478,5.757316963962037e-4,119,2023-09-20,3.753634600103818e-4,batgod,Bar-tailed Godwit
batgod,state,PRT-739,Aveiro,EU,Europe,prebreeding_migration,0.05455779191129892,4.7918463566205487e-5,0.00123199146519988,0.11123971237514836,7.45120864501713e-4,98,2023-05-31,4.265285216814795e-4,batgod,Bar-tailed Godwit
batgod,state,PRT-740,Leiria,EU,Europe,breeding,7.413034486578368e-4,1.8935351775867856e-5,1.02801769286256e-4,0.01176770166069175,3.582688449412439e-4,21,2023-06-14,3.065251430954879e-5,batgod,Bar-tailed Godwit
batgod,state,PRT-740,Leiria,EU,Europe,nonbreeding,0.009341895299923228,2.630370240717232e-5,3.3791805888091684e-4,0.0070606209964150495,1.0740369468709724e-4,98,2023-12-27,4.97294911165157e-5,batgod,Bar-tailed Godwit
batgod,state,PRT-740,Leiria,EU,Europe,postbreeding_migration,0.010305801461363078,3.242783585454632e-5,3.678799553097841e-4,0.028254073693174623,2.238137956625136e-4,147,2023-09-27,1.4061006840235295e-4,batgod,Bar-tailed Godwit
batgod,state,PRT-740,Leiria,EU,Europe,prebreeding_migration,0.00904680487511039,1.0133005969564806e-5,2.605212258960545e-4,0.0141212419928301,1.2062483665386704e-4,98,2023-03-15,5.459809325510868e-5,batgod,Bar-tailed Godwit
batgod,state,PRT-741,Viana do Castelo,EU,Europe,nonbreeding,0.0027478952014900605,4.654205668889499e-6,5.979158830639957e-5,0.01810864280909977,1.6570123382134188e-4,98,2023-12-27,1.1923870875838324e-5,batgod,Bar-tailed Godwit
batgod,state,PRT-741,Viana do Castelo,EU,Europe,postbreeding_migration,0.012666860749171484,2.397555718910752e-5,2.719924618719039e-4,0.02825427749742175,1.3463361389493342e-4,126,2023-09-20,1.39250554437344e-4,batgod,Bar-tailed Godwit
batgod,state,PRT-741,Viana do Castelo,EU,Europe,prebreeding_migration,0.005144807425308138,3.4663763803775034e-6,8.912109859063474e-5,0.04909189681672877,2.5225348432388896e-4,98,2023-05-24,1.9786311232237543e-5,batgod,Bar-tailed Godwit
batgod,state,PRT-745,Faro,EU,Europe,breeding,0.023843298492792812,9.01806534467424e-4,0.004895990758160032,0.04127559930315433,0.001860717605428014,21,2023-06-21,0.00108567353120572,batgod,Bar-tailed Godwit
batgod,state,PRT-745,Faro,EU,Europe,nonbreeding,0.09973119075917418,4.157981724615536e-4,0.005341670505142604,0.041365225590406327,9.31711387656798e-4,98,2023-01-04,9.258452513176208e-4,batgod,Bar-tailed Godwit
batgod,state,PRT-745,Faro,EU,Europe,postbreeding_migration,0.07626505143997483,3.553296489578261e-4,0.004031063187971572,0.052491505978598814,6.156933979646833e-4,147,2023-09-13,9.223217467426736e-4,batgod,Bar-tailed Godwit
batgod,state,PRT-745,Faro,EU,Europe,prebreeding_migration,0.04767289091337335,7.906499515601171e-5,0.002032773840790941,0.050812411064462173,6.426926459330002e-4,98,2023-06-07,5.461347087958194e-4,batgod,Bar-tailed Godwit
batgod,state,PRT-746,Lisboa,EU,Europe,breeding,0.003761249415668395,8.089778789149763e-5,4.3920154349543633e-4,0.044269200163095816,0.0011348702862321834,21,2023-06-28,1.2074331694595424e-4,batgod,Bar-tailed Godwit
batgod,state,PRT-746,Lisboa,EU,Europe,nonbreeding,0.08844934819790988,2.0970253447057875e-4,0.0026940037677503632,0.05732940696871441,7.343125091783905e-4,98,2023-12-20,3.53180221759332e-4,batgod,Bar-tailed Godwit
batgod,state,PRT-746,Lisboa,EU,Europe,postbreeding_migration,0.041534399199332744,1.1004524529834892e-4,0.0012484163329306828,0.0573109382626899,3.822702083081193e-4,147,2023-09-27,6.328112559213859e-4,batgod,Bar-tailed Godwit
batgod,state,PRT-746,Lisboa,EU,Europe,prebreeding_migration,0.040857152794758114,3.853348862463532e-5,9.907022382789352e-4,0.05822613939691775,4.1880223842537235e-4,98,2023-03-15,1.7242499979494477e-4,batgod,Bar-tailed Godwit
batgod,state,PRT-748,Santarém,EU,Europe,breeding,3.640307071041754e-4,1.641077207392942e-5,8.909559349742278e-5,0.004478143984806294,2.4061853848623852e-4,21,2023-06-28,5.567784679207883e-5,batgod,Bar-tailed Godwit
batgod,state,PRT-748,Santarém,EU,Europe,nonbreeding,0.0025476945337866985,1.2660267420816312e-5,1.626437573513996e-4,0.0046302174132821575,1.243057856147095e-4,98,2023-12-20,8.183464867316876e-5,batgod,Bar-tailed Godwit
batgod,state,PRT-748,Santarém,EU,Europe,postbreeding_migration,0.0012075980442916633,6.706134084650439e-6,7.607822854502168e-5,0.003814587465437283,5.33294363459214e-5,147,2023-09-27,8.257169048537604e-5,batgod,Bar-tailed Godwit
batgod,state,PRT-748,Santarém,EU,Europe,prebreeding_migration,7.170907546827354e-4,1.417525354403342e-6,3.644480662274379e-5,0.003662514036961419,5.521496202421365e-5,98,2023-06-07,4.295594933635337e-5,batgod,Bar-tailed Godwit
batgod,state,PRT-749,Braga,EU,Europe,nonbreeding,0.0041417836336928434,8.403565805679779e-6,1.079588189060048e-4,0.0065321677629134765,7.160246312473149e-5,98,2023-12-27,1.9577492697951013e-5,batgod,Bar-tailed Godwit
batgod,state,PRT-749,Braga,EU,Europe,postbreeding_migration,0.004790406362098455,1.086182648082538e-5,1.2322278484052645e-4,0.0065321677629134765,3.72869980237891e-5,119,2023-09-20,3.997154260791337e-5,batgod,Bar-tailed Godwit
batgod,state,PRT-749,Braga,EU,Europe,prebreeding_migration,0.00385967113266406,3.1152125774918475e-6,8.009262029970359e-5,0.011322026780308823,6.969190425672325e-5,98,2023-05-31,1.4876582658915991e-5,batgod,Bar-tailed Godwit
batgod,state,PRT-752,Coimbra,EU,Europe,breeding,3.1877954998033443e-4,8.781990861366716e-6,4.767823746241714e-5,0.01091104831901931,3.582688449412439e-4,21,2023-06-14,2.352926384136548e-5,batgod,Bar-tailed Godwit
batgod,state,PRT-752,Coimbra,EU,Europe,nonbreeding,0.003570908913696401,1.0843908132008977e-5,1.393093766774175e-4,0.01091104831901931,1.7900615781182874e-4,98,2023-01-04,2.3754787218059348e-5,batgod,Bar-tailed Godwit
batgod,state,PRT-752,Coimbra,EU,Europe,postbreeding_migration,0.008897884548043314,3.0195910620056744e-5,3.4255971626571935e-4,0.03966610322164144,3.388835493145573e-4,140,2023-09-20,1.906055722627134e-4,batgod,Bar-tailed Godwit
batgod,state,PRT-752,Coimbra,EU,Europe,prebreeding_migration,0.005365185012407088,6.481163063390344e-6,1.6663175286565018e-4,0.03927977394846952,3.618745099616011e-4,98,2023-05-31,4.07040942500436e-5,batgod,Bar-tailed Godwit
batgod,state,PRT-754,Porto,EU,Europe,nonbreeding,0.001867283729874356,3.402256433973042e-6,4.370806330555931e-5,0.01818514655211747,1.7900615781182874e-4,98,2023-01-11,9.32148201995818e-6,batgod,Bar-tailed Godwit
batgod,state,PRT-754,Porto,EU,Europe,postbreeding_migration,0.008702287452712325,1.771921440686801e-5,2.0101692365046304e-4,0.03250392392325579,1.6661588945934402e-4,112,2023-09-27,1.0770178734326944e-4,batgod,Bar-tailed Godwit
batgod,state,PRT-754,Porto,EU,Europe,prebreeding_migration,0.006412569213955431,4.647827325581625e-6,1.1949639388850669e-4,0.05656098624717699,3.126480040314787e-4,70,2023-05-24,2.0903138327103647e-5,batgod,Bar-tailed Godwit
batgod,state,PSX-001,Gaza Strip,AS,Asia,postbreeding_migration,5.179769387700409e-5,1.890350538879073e-8,3.6013783814975094e-8,0.03567119204921025,3.277322111228425e-5,7,2023-09-06,4.348521354626436e-7,batgod,Bar-tailed Godwit
batgod,state,QAT-1099,Ad Dawhah,AS,Asia,breeding,0.1003599980230397,1.718294822638635e-4,0.0017750793602681312,0.17064041016411144,3.482242091104258e-4,21,2023-06-14,2.94392586362524e-4,batgod,Bar-tailed Godwit
batgod,state,QAT-1099,Ad Dawhah,AS,Asia,nonbreeding,0.5819711386830027,1.0983557161249224e-4,6.797146805638082e-4,0.24086544455327383,2.4558989912448455e-4,98,2023-01-25,2.3554303125617896e-4,batgod,Bar-tailed Godwit
batgod,state,QAT-1099,Ad Dawhah,AS,Asia,postbreeding_migration,0.6171584805624099,1.3016450638270792e-4,2.4798132922105974e-4,0.275977961747855,1.4653449163550287e-4,147,2023-10-18,5.32316890274752e-4,batgod,Bar-tailed Godwit
batgod,state,QAT-1099,Ad Dawhah,AS,Asia,prebreeding_migration,0.26808182366550415,2.0126586519314812e-5,2.343071048669959e-5,0.24086544455327383,1.3791071877013134e-4,98,2023-06-07,1.6288400172687035e-4,batgod,Bar-tailed Godwit
batgod,state,QAT-1100,Ar Rayyān,AS,Asia,breeding,0.010398936997944076,4.779966243986837e-4,0.004937929923719389,0.019544214997624796,0.001070764960509358,21,2023-06-14,5.367581091202966e-4,batgod,Bar-tailed Godwit
batgod,state,QAT-1100,Ar Rayyān,AS,Asia,nonbreeding,0.0767381114814152,3.8882261723673214e-4,0.0024062190162170575,0.06640117736813261,0.0018176515322054715,98,2023-03-01,9.719299135111396e-4,batgod,Bar-tailed Godwit
batgod,state,QAT-1100,Ar Rayyān,AS,Asia,postbreeding_migration,0.06013385036272739,3.40497346918298e-4,6.486943870611191e-4,0.07551384960606268,0.0010764426952635973,147,2023-10-25,8.015131085269838e-4,batgod,Bar-tailed Godwit
batgod,state,QAT-1100,Ar Rayyān,AS,Asia,prebreeding_migration,0.07942045757230763,1.6007886094879088e-4,1.863585482979083e-4,0.05720373108890068,8.793195409933219e-4,98,2023-03-15,0.0011310000400017264,batgod,Bar-tailed Godwit
batgod,state,QAT-1101,Al Wakrah,AS,Asia,breeding,0.040020125424703755,5.389083692016419e-4,0.005567176893291324,0.07275921537317746,0.0011677893943172484,21,2023-06-14,7.124629567384323e-4,batgod,Bar-tailed Godwit
batgod,state,QAT-1101,Al Wakrah,AS,Asia,nonbreeding,0.35868655708912556,5.324221475453415e-4,0.0032948811084688528,0.14431793360684353,0.001157326104102898,98,2023-01-18,0.001171191341097768,batgod,Bar-tailed Godwit
batgod,state,QAT-1101,Al Wakrah,AS,Asia,postbreeding_migration,0.22312637710013464,3.701231365201309e-4,7.051356004828907e-4,0.16217550976050937,6.772518128901552e-4,147,2023-07-19,8.232754892429816e-4,batgod,Bar-tailed Godwit
batgod,state,QAT-1101,Al Wakrah,AS,Asia,prebreeding_migration,0.22271426944240413,1.3150741593764446e-4,1.5309661112836487e-4,0.13538914553001058,6.09686832588853e-4,98,2023-03-15,0.0011522125246204158,batgod,Bar-tailed Godwit
batgod,state,QAT-1105,Al Khawr,AS,Asia,breeding,0.05141484794514614,6.106331012509562e-4,0.006308127106282074,0.08315683735312193,0.0011771445270122136,21,2023-06-14,7.442198335663019e-4,batgod,Bar-tailed Godwit
batgod,state,QAT-1105,Al Khawr,AS,Asia,nonbreeding,0.2234506917476189,2.925351253003542e-4,0.0018103462869820271,0.1345390800031969,9.51566633131028e-4,98,2023-01-04,5.44167574302519e-4,batgod,Bar-tailed Godwit
batgod,state,QAT-1105,Al Khawr,AS,Asia,postbreeding_migration,0.2220378804799065,3.248461300439909e-4,6.188766612288074e-4,0.1345390800031969,4.95528528219096e-4,147,2023-09-13,6.99862013416821e-4,batgod,Bar-tailed Godwit
batgod,state,QAT-1105,Al Khawr,AS,Asia,prebreeding_migration,0.14661661984621577,7.63555672542598e-5,8.889064167266391e-5,0.11429177586419664,4.539345649789082e-4,98,2023-06-07,4.570043075237317e-4,batgod,Bar-tailed Godwit
batgod,state,QAT-1106,Madinat ach Shamal,AS,Asia,breeding,0.07243301125697375,6.295394848269779e-4,0.006503438939972947,0.09683683892228648,0.001003152765835483,21,2023-06-14,6.767898902071505e-4,batgod,Bar-tailed Godwit
batgod,state,QAT-1106,Madinat ach Shamal,AS,Asia,nonbreeding,0.38918046786591937,3.7285674101392386e-4,0.0023074145915904444,0.18631245719599077,9.64333583806056e-4,98,2023-01-11,6.834875215639669e-4,batgod,Bar-tailed Godwit
batgod,state,QAT-1106,Madinat ach Shamal,AS,Asia,postbreeding_migration,0.31439914254716933,3.3660969778840066e-4,6.412878795148721e-4,0.20037046383036103,5.400681414647295e-4,147,2023-07-19,6.959935592380403e-4,batgod,Bar-tailed Godwit
batgod,state,QAT-1106,Madinat ach Shamal,AS,Asia,prebreeding_migration,0.265947552230294,1.0135569341662884e-4,1.1799496682384084e-4,0.1727027955668506,5.019636712548031e-4,98,2023-03-15,5.505968597573096e-4,batgod,Bar-tailed Godwit
batgod,state,QAT-5487,Al Daayen,AS,Asia,breeding,0.13200705481249617,3.81991086117295e-4,0.003946147563501194,0.1785984191131498,6.159901025733907e-4,21,2023-06-14,5.536683576372409e-4,batgod,Bar-tailed Godwit
batgod,state,QAT-5487,Al Daayen,AS,Asia,nonbreeding,0.49329673564276755,1.5735076478875297e-4,9.737612619907708e-4,0.24092368933098765,4.1517821393076903e-4,98,2023-01-04,2.8800834759446154e-4,batgod,Bar-tailed Godwit
batgod,state,QAT-5487,Al Daayen,AS,Asia,postbreeding_migration,0.4121626508988762,1.4692089277576343e-4,2.7990455534596283e-4,0.24092368933098765,2.1620414391875612e-4,147,2023-07-19,4.121793764859294e-4,batgod,Bar-tailed Godwit
batgod,state,QAT-5487,Al Daayen,AS,Asia,prebreeding_migration,0.3462263100355368,4.393209075023181e-5,5.114429605120827e-5,0.24092368933098765,2.33142837327642e-4,98,2023-06-07,3.611055840624737e-4,batgod,Bar-tailed Godwit
batgod,state,ROU-133,Constanta,EU,Europe,postbreeding_migration,1.3351180936783922e-4,8.590636965954915e-7,9.745710929627152e-6,0.005754692986587876,9.321749505947276e-5,14,2023-09-13,3.0632873988449948e-6,batgod,Bar-tailed Godwit
batgod,state,RUS-2321,Chukchi Autonomous Okrug,AS,Asia,prebreeding_migration,5.215301567205179e-4,1.1383601142497173e-4,1.3252414283462623e-4,0.0013647179979418011,0.0022717677569811623,7,2023-05-24,9.020106527366446e-4,batgod,Bar-tailed Godwit
batgod,state,RUS-2324,Kaliningrad,AS,Asia,postbreeding_migration,0.009993498817837725,1.1543535720707514e-4,2.1992026947156463e-4,0.09137158995397963,0.002657064227321472,98,2023-09-13,4.668415030985839e-4,batgod,Bar-tailed Godwit
batgod,state,RUS-2333,Murmansk,AS,Asia,breeding,0.02656206902095894,0.0264825636725313,0.2735773370364338,0.018341490042135995,0.02179579806284081,21,2023-06-28,0.028508452762780155,batgod,Bar-tailed Godwit
batgod,state,RUS-2333,Murmansk,AS,Asia,postbreeding_migration,0.016083170135873664,0.0019752797777387106,0.003763180289924243,0.026547726216082142,0.008208312386195779,56,2023-07-05,0.016723446929061594,batgod,Bar-tailed Godwit
batgod,state,RUS-2333,Murmansk,AS,Asia,prebreeding_migration,0.026938656114015296,0.0011777138122518556,0.0013710557100469478,0.030649432210611144,0.010218968096788208,35,2023-06-07,0.014953920827625856,batgod,Bar-tailed Godwit
batgod,state,RUS-2336,Leningrad,AS,Asia,postbreeding_migration,0.0017787168761502824,1.1306191054553876e-4,2.1539852637646493e-4,0.01138041076824149,0.001821113512735486,70,2023-08-16,1.6589846861914023e-4,batgod,Bar-tailed Godwit
batgod,state,RUS-2353,Karelia,AS,Asia,breeding,0.003929533151069157,0.004287417640091326,0.04429104052172387,0.005499869013499629,0.007152324608411698,21,2023-06-14,0.004737122543030428,batgod,Bar-tailed Godwit
batgod,state,RUS-2353,Karelia,AS,Asia,postbreeding_migration,0.001999712616378319,2.6877028836107774e-4,5.120444521715013e-4,0.0033444195476823686,0.001131628843313653,21,2023-07-05,0.00213315905896986,batgod,Bar-tailed Godwit
batgod,state,RUS-2353,Karelia,AS,Asia,prebreeding_migration,0.009470765457201206,4.5311207185975587e-4,5.274981807563856e-4,0.013427547042073213,0.004899344763829793,35,2023-06-07,0.005385442115626873,batgod,Bar-tailed Godwit
batgod,state,RUS-2354,Arkhangel'sk,AS,Asia,prebreeding_migration,3.1808223027170196e-4,4.111109514885449e-5,4.786018569515297e-5,4.691080850853735e-4,4.62395207173157e-4,0,2023-05-31,3.150196148163061e-4,batgod,Bar-tailed Godwit
batgod,state,RUS-2417,Dagestan,AS,Asia,prebreeding_migration,0.004707741043653017,7.11701698931747e-5,8.28539725032802e-5,0.012358363529247792,0.001424843516280008,7,2023-05-03,6.519178503076582e-5,batgod,Bar-tailed Godwit
batgod,state,RUS-2611,Primor'ye,AS,Asia,postbreeding_migration,0.005467664919852105,7.526778298027692e-4,0.0014339550304207148,0.008544181727772878,0.002961060589406638,28,2023-09-06,0.002058225254101654,batgod,Bar-tailed Godwit
batgod,state,RUS-2616,Sakhalin,AS,Asia,postbreeding_migration,2.744919257229638e-4,2.3480481441600733e-5,4.473355418042064e-5,0.0012985888667647822,2.796524851784183e-4,7,2023-08-30,3.051870759317627e-5,batgod,Bar-tailed Godwit
batgod,state,SAH-001,Western Sahara,AF,Africa,nonbreeding,0.007130239839118504,4.763777679677195e-4,0.006008591514830105,0.001967485196185816,7.101551728178884e-4,98,2023-02-01,0.001585382051695664,batgod,Bar-tailed Godwit
batgod,state,SAH-001,Western Sahara,AF,Africa,postbreeding_migration,6.505081808454136e-4,4.856846938018071e-5,0.0017037005783453129,0.002364234502817921,4.443874545499321e-4,70,2023-09-20,1.7356816998993714e-4,batgod,Bar-tailed Godwit
batgod,state,SAH-001,Western Sahara,AF,Africa,prebreeding_migration,0.003699747379284422,9.83287699448522e-5,0.005380453214750452,0.0021658598495018686,4.389950802587254e-4,63,2023-03-08,9.560332417522296e-4,batgod,Bar-tailed Godwit
batgod,state,SAU-1098,Ash Sharqiyah,AS,Asia,breeding,0.002763111800235548,0.010284012664203004,0.10623868721742592,0.003337332313369315,0.014804837183616809,21,2023-06-14,0.012341124675602713,batgod,Bar-tailed Godwit
batgod,state,SAU-1098,Ash Sharqiyah,AS,Asia,nonbreeding,0.010005737327160712,0.004105043582626701,0.025403959268403956,0.005303434504289445,0.01175493736403119,98,2023-03-01,0.007621616702442758,batgod,Bar-tailed Godwit
batgod,state,SAU-1098,Ash Sharqiyah,AS,Asia,postbreeding_migration,0.017026209722414542,0.00780622313215592,0.014871931237664768,0.0058526133174174625,0.006755265118985033,147,2023-09-20,0.014690721045625427,batgod,Bar-tailed Godwit
batgod,state,SAU-1098,Ash Sharqiyah,AS,Asia,prebreeding_migration,0.00900936348721628,0.001470360990820695,0.0017117459363411875,0.004818864963294136,0.005997847056796591,98,2023-06-07,0.008250961965853116,batgod,Bar-tailed Godwit
batgod,state,SAU-845,Al Madinah,AS,Asia,nonbreeding,0.005106935338013339,5.450749559968633e-4,0.003373182696275066,0.0047772605258305624,0.002754667784716172,21,2023-03-01,7.6535849847131e-4,batgod,Bar-tailed Godwit
batgod,state,SAU-845,Al Madinah,AS,Asia,postbreeding_migration,0.0017253728818071704,2.05794206679861e-4,3.920663346459327e-4,0.005153574016372781,0.0015474915252961742,21,2023-11-15,1.4918823096238105e-4,batgod,Bar-tailed Godwit
batgod,state,SAU-845,Al Madinah,AS,Asia,prebreeding_migration,0.004443169218808311,1.8864700359448431e-4,2.196166409621366e-4,0.004715172526955361,0.001526776312552866,28,2023-03-15,5.922359430129679e-4,batgod,Bar-tailed Godwit
batgod,state,SAU-848,Tabuk,AS,Asia,nonbreeding,0.012780985222320282,9.601783553914528e-4,0.005942039673829628,0.007327913891598129,0.0029741465961459733,7,2023-03-01,0.0010301571480614018,batgod,Bar-tailed Godwit
batgod,state,SAU-848,Tabuk,AS,Asia,postbreeding_migration,9.51433595647392e-5,7.987674687806229e-6,1.5217621466205984e-5,3.5283848138776153e-4,7.45739960475782e-5,0,2023-11-22,5.408185549928014e-6,batgod,Bar-tailed Godwit
batgod,state,SAU-848,Tabuk,AS,Asia,prebreeding_migration,0.01026001640090782,3.0661741813717e-4,3.569539200130555e-4,0.01217944301067985,0.0027758561895327664,28,2023-03-15,8.47862575256587e-4,batgod,Bar-tailed Godwit
batgod,state,SAU-862,Al Jawf,AS,Asia,prebreeding_migration,6.80713994971472e-7,2.347666426852041e-8,2.7330760888899772e-8,1.5287026064580067e-4,4.0208278884622344e-5,0,2023-05-03,1.388097522549943e-7,batgod,Bar-tailed Godwit
batgod,state,SAU-887,Jizan,AS,Asia,nonbreeding,0.4513535811224827,0.006117611320460648,0.037858684244581345,0.10316229592113615,0.007554059859659172,56,2023-01-18,0.012092115489748732,batgod,Bar-tailed Godwit
batgod,state,SAU-887,Jizan,AS,Asia,prebreeding_migration,0.14972482238722057,8.072721742720349e-4,9.397997311260154e-4,0.09729524591614264,0.004000723749019923,42,2023-03-08,0.002170946554110964,batgod,Bar-tailed Godwit
batgod,state,SAU-888,Makkah,AS,Asia,nonbreeding,0.04587500039397622,0.0047731046153163936,0.029538238216155668,0.02178125344952177,0.012243403863445456,70,2023-01-18,0.005848445523131466,batgod,Bar-tailed Godwit
batgod,state,SAU-888,Makkah,AS,Asia,postbreeding_migration,0.012918085653404745,0.0015020256168716969,0.0028615658703516423,0.019743959830996066,0.005779403586378385,28,2023-11-15,0.0010387142078192517,batgod,Bar-tailed Godwit
batgod,state,SAU-888,Makkah,AS,Asia,prebreeding_migration,0.023756196430663568,9.83247765532814e-4,0.001144664730344843,0.02108065149447852,0.006654123493973956,35,2023-03-15,0.0028099892730244105,batgod,Bar-tailed Godwit
batgod,state,SCT-2005,Inverclyde,EU,Europe,breeding,0.013121354826911196,1.867453042709804e-5,1.01385746154574e-4,0.04980196270447485,8.448070045052121e-5,21,2023-06-14,3.614718564857919e-5,batgod,Bar-tailed Godwit
batgod,state,SCT-2005,Inverclyde,EU,Europe,nonbreeding,0.1481803760085273,2.3246963434746818e-5,2.986487847658773e-4,0.04980196270447485,4.221010509406681e-5,98,2023-01-18,7.969584161494632e-5,batgod,Bar-tailed Godwit
batgod,state,SCT-2005,Inverclyde,EU,Europe,postbreeding_migration,0.047695615786904566,8.361964276178176e-6,9.486291524419325e-5,0.04980196270447485,2.1980921277591893e-5,105,2023-09-13,6.019262272368028e-5,batgod,Bar-tailed Godwit
batgod,state,SCT-2005,Inverclyde,EU,Europe,prebreeding_migration,0.04814233263088626,3.0044422288868137e-6,7.724469668274395e-5,0.04980196270447485,2.370303483016976e-5,98,2023-03-15,4.589692816508223e-5,batgod,Bar-tailed Godwit
batgod,state,SCT-2006,North Ayshire,EU,Europe,breeding,0.013708825569227015,5.71819710357136e-5,3.104461888708365e-4,0.09526250246988267,4.736100324959513e-4,21,2023-06-14,9.242131802008373e-5,batgod,Bar-tailed Godwit
batgod,state,SCT-2006,North Ayshire,EU,Europe,nonbreeding,0.1461959246880602,6.722002456378853e-5,8.635613293864376e-4,0.09526250246988267,2.3663545802353917e-4,98,2023-01-04,1.666819808424651e-4,batgod,Bar-tailed Godwit
batgod,state,SCT-2006,North Ayshire,EU,Europe,postbreeding_migration,0.09737570584885524,5.003435742277174e-5,5.676184268110034e-4,0.1096750293947168,1.4187146451235126e-4,147,2023-09-20,1.6667082791560435e-4,batgod,Bar-tailed Godwit
batgod,state,SCT-2006,North Ayshire,EU,Europe,prebreeding_migration,0.06981734468156886,1.2769912343587017e-5,3.283165161778079e-4,0.16732513709405322,2.3340306012170032e-4,98,2023-06-07,8.044958450080073e-5,batgod,Bar-tailed Godwit
batgod,state,SCT-2008,Renfrewshire,EU,Europe,nonbreeding,0.05826486807464768,1.2008553126561368e-5,1.5427132270890882e-4,0.02410314849479128,2.6838122285296892e-5,98,2023-01-04,3.791835934922748e-5,batgod,Bar-tailed Godwit
batgod,state,SCT-2008,Renfrewshire,EU,Europe,postbreeding_migration,0.02935183207208918,6.7604162647083425e-6,7.669403670636155e-5,0.02410314849479128,1.397595793416818e-5,119,2023-09-27,2.6577817116436023e-5,batgod,Bar-tailed Godwit
batgod,state,SCT-2008,Renfrewshire,EU,Europe,prebreeding_migration,0.015344859241868264,1.2580792911356026e-6,3.2345422492153434e-5,0.039656244792284315,2.479576198958456e-5,77,2023-03-15,9.910346823788832e-6,batgod,Bar-tailed Godwit
batgod,state,SCT-2009,South Ayrshire,EU,Europe,breeding,0.006826052188127949,6.781482757509943e-5,3.681729466176279e-4,0.03261795667529801,3.862351953630341e-4,21,2023-06-14,8.344319742422121e-5,batgod,Bar-tailed Godwit
batgod,state,SCT-2009,South Ayrshire,EU,Europe,nonbreeding,0.06485820567691496,7.10271709357807e-5,9.124709274340618e-4,0.03261795667529801,1.9297932072484975e-4,98,2023-01-04,2.0689419710215987e-4,batgod,Bar-tailed Godwit
batgod,state,SCT-2009,South Ayrshire,EU,Europe,postbreeding_migration,0.03251115777889809,3.978747057633376e-5,4.513718696235146e-4,0.03866919063983536,1.1913752165417248e-4,147,2023-10-04,9.335732979642622e-5,batgod,Bar-tailed Godwit
batgod,state,SCT-2009,South Ayrshire,EU,Europe,prebreeding_migration,0.025493820114288065,1.1105949453115791e-5,2.855357605586811e-4,0.050771658568910055,1.6867972872452308e-4,98,2023-03-15,8.314497260377846e-5,batgod,Bar-tailed Godwit
batgod,state,SCT-2011,West Dunbartonshire,EU,Europe,nonbreeding,0.027028428032192676,4.010488244619968e-6,5.1521887748288384e-5,0.011181184064573354,8.963109277068853e-6,98,2023-01-04,3.791835934922748e-5,batgod,Bar-tailed Godwit
batgod,state,SCT-2011,West Dunbartonshire,EU,Europe,postbreeding_migration,0.013615990338415684,2.2577715793571287e-6,2.5613454793566007e-5,0.011181184064573354,4.6675410777263736e-6,119,2023-09-27,2.6577817116436023e-5,batgod,Bar-tailed Godwit
batgod,state,SCT-2011,West Dunbartonshire,EU,Europe,prebreeding_migration,0.00810780135744633,4.785647958323494e-7,1.2303978469509706e-5,0.034238533125226144,1.541251689503778e-5,77,2023-03-15,9.910346823788832e-6,batgod,Bar-tailed Godwit
batgod,state,SCT-2012,Aberdeen,EU,Europe,breeding,0.007738460769091185,1.3730413855968146e-5,7.45436817933823e-5,0.047375944910135685,1.0019059700520264e-4,21,2023-06-14,4.131964201740738e-5,batgod,Bar-tailed Godwit
batgod,state,SCT-2012,Aberdeen,EU,Europe,postbreeding_migration,0.0076445315862983506,1.6708549865673022e-6,1.895513658526592e-5,0.047375944910135685,2.606845840271091e-5,56,2023-07-12,3.458522290010811e-5,batgod,Bar-tailed Godwit
batgod,state,SCT-2012,Aberdeen,EU,Europe,prebreeding_migration,0.020834998143293988,1.6210194525770629e-6,4.1676672870337314e-5,0.047375944910135685,2.811081344976192e-5,77,2023-06-07,3.938999815943011e-5,batgod,Bar-tailed Godwit
batgod,state,SCT-2013,Aberdeenshire,EU,Europe,breeding,0.004011681006204129,1.835628281220455e-4,9.965795053348196e-4,0.016548785807613577,9.025359705138456e-4,21,2023-06-14,2.661352143085325e-4,batgod,Bar-tailed Godwit
batgod,state,SCT-2013,Aberdeenshire,EU,Europe,nonbreeding,0.03519267487652979,1.7750686541345175e-4,0.00228039286903558,0.02364120587737615,6.442092215486122e-4,98,2023-01-04,5.540374000192175e-4,batgod,Bar-tailed Godwit
batgod,state,SCT-2013,Aberdeenshire,EU,Europe,postbreeding_migration,0.011977138282122948,6.751033278835531e-5,7.658759073694672e-4,0.017862620285168686,2.5347313480165605e-4,147,2023-09-20,2.6304890935082494e-4,batgod,Bar-tailed Godwit
batgod,state,SCT-2013,Aberdeenshire,EU,Europe,prebreeding_migration,0.011482107677736894,2.3038048123956424e-5,5.923119514123011e-4,0.036256302970940235,5.547896504793073e-4,98,2023-06-07,3.83506088987771e-4,batgod,Bar-tailed Godwit
batgod,state,SCT-2014,Moray,EU,Europe,breeding,0.035132804769153855,5.787082634422995e-4,0.0031418604780432415,0.0660326681413617,0.0012964200652866226,21,2023-06-28,6.791119205156606e-4,batgod,Bar-tailed Godwit
batgod,state,SCT-2014,Moray,EU,Europe,nonbreeding,0.30012017541871805,5.449373589815293e-4,0.007000694111735408,0.0660326681413617,6.477458982937171e-4,98,2023-01-04,0.0016436773654133535,batgod,Bar-tailed Godwit
batgod,state,SCT-2014,Moray,EU,Europe,postbreeding_migration,0.1559947710645359,3.165306281709934e-4,0.003590904859270698,0.0660326681413617,3.3731381541332833e-4,147,2023-07-19,9.373677535670196e-4,batgod,Bar-tailed Godwit
batgod,state,SCT-2014,Moray,EU,Europe,prebreeding_migration,0.13382235222231964,9.665876426400856e-5,0.0024851124962614385,0.0733319836570202,4.039492256114695e-4,98,2023-03-15,7.852771699766254e-4,batgod,Bar-tailed Godwit
batgod,state,SCT-2015,Falkirk,EU,Europe,breeding,0.11343803624009856,2.2537673166951993e-4,0.0012235910399672788,0.21560484148923828,5.105625109138959e-4,21,2023-06-28,3.039437893513974e-4,batgod,Bar-tailed Godwit
batgod,state,SCT-2015,Falkirk,EU,Europe,nonbreeding,0.955822010767429,2.093302218925514e-4,0.0026892207474091033,0.19967486227855857,2.362504991614995e-4,98,2023-01-04,5.33124149633039e-4,batgod,Bar-tailed Godwit
batgod,state,SCT-2015,Falkirk,EU,Europe,postbreeding_migration,0.5651086227819998,1.383060404651416e-4,0.0015690229904212433,0.21560484148923828,1.328425817948904e-4,147,2023-09-20,4.4862266291508933e-4,batgod,Bar-tailed Godwit
batgod,state,SCT-2015,Falkirk,EU,Europe,prebreeding_migration,0.386503468528493,3.367204479585815e-5,8.657137294690238e-4,0.21560484148923828,1.4325024431182187e-4,98,2023-03-15,2.3882696699191016e-4,batgod,Bar-tailed Godwit
batgod,state,SCT-2016,Stirling,EU,Europe,breeding,0.001383638898723445,2.1185168753875956e-5,1.1501623293325576e-4,0.005874222151685842,1.0720118063290332e-4,21,2023-06-14,6.985181353568354e-5,batgod,Bar-tailed Godwit
batgod,state,SCT-2016,Stirling,EU,Europe,nonbreeding,0.0073389619461348195,1.238649210637973e-5,1.5912662423485792e-4,0.005874222151685842,5.356221097353568e-5,98,2023-02-01,8.115549086298137e-5,batgod,Bar-tailed Godwit
batgod,state,SCT-2016,Stirling,EU,Europe,postbreeding_migration,0.002024600685033589,3.818628252770782e-6,4.332070747104896e-5,0.001099087076664264,5.2187883939856605e-6,147,2023-09-20,4.141106852549128e-5,batgod,Bar-tailed Godwit
batgod,state,SCT-2016,Stirling,EU,Europe,prebreeding_migration,0.006275857304125596,4.2135479745459374e-6,1.0833100138277037e-4,0.006048079347565017,3.0967998022747876e-5,98,2023-06-07,6.752943803702717e-5,batgod,Bar-tailed Godwit
batgod,state,SCT-2017,Clackmannanshire,EU,Europe,breeding,0.014936730087679683,1.6127283987223748e-5,8.755651055722306e-5,0.0847365433238082,1.0904769271886182e-4,21,2023-06-14,3.942766155043233e-5,batgod,Bar-tailed Godwit
batgod,state,SCT-2017,Clackmannanshire,EU,Europe,nonbreeding,0.039235075165082914,4.669654176236873e-6,5.999005198784727e-5,0.0847365433238082,5.4484805942447215e-5,28,2023-02-01,4.877943274998088e-5,batgod,Bar-tailed Godwit
batgod,state,SCT-2017,Clackmannanshire,EU,Europe,prebreeding_migration,0.1144094457482826,5.416681500708459e-6,1.3926375935152584e-4,0.13795033410887358,4.980981658687465e-5,70,2023-06-07,3.806336694372413e-5,batgod,Bar-tailed Godwit
batgod,state,SCT-2018,Perthshire and Kinross,EU,Europe,breeding,0.001494636206950356,5.448619151831462e-5,2.958105535113998e-4,0.003419550536280351,1.485798847837928e-4,21,2023-06-14,8.228275367312221e-5,batgod,Bar-tailed Godwit
batgod,state,SCT-2018,Perthshire and Kinross,EU,Europe,nonbreeding,0.026779635402936916,1.07611861368351e-4,0.001382466648354416,0.006274552465808924,1.3621742720841011e-4,98,2023-01-04,2.759516046467555e-4,batgod,Bar-tailed Godwit
batgod,state,SCT-2018,Perthshire and Kinross,EU,Europe,postbreeding_migration,0.012823742921284612,5.758701852444631e-5,6.533001430074436e-4,0.006705203856209528,7.580386714362091e-5,147,2023-09-20,2.473122186393986e-4,batgod,Bar-tailed Godwit
batgod,state,SCT-2018,Perthshire and Kinross,EU,Europe,prebreeding_migration,0.008615223611052015,1.377156277330448e-5,3.540691110793691e-4,0.011209309798214773,1.3665210049239535e-4,98,2023-03-15,1.0438809980447084e-4,batgod,Bar-tailed Godwit
batgod,state,SCT-2019,Angus,EU,Europe,breeding,0.011915428221662656,1.7904996120807654e-4,9.720787350929552e-4,0.02756374759001023,4.936769810697972e-4,21,2023-06-28,2.2786214137898456e-4,batgod,Bar-tailed Godwit
batgod,state,SCT-2019,Angus,EU,Europe,nonbreeding,0.15975494334115625,2.646204548330896e-4,0.0033995225863337215,0.03956580446929841,3.54065442782833e-4,98,2023-01-04,7.998192003145201e-4,batgod,Bar-tailed Godwit
batgod,state,SCT-2019,Angus,EU,Europe,postbreeding_migration,0.09057597856984892,1.6766269719677146e-4,0.0019020617295748016,0.047567175722157184,2.216666532646648e-4,147,2023-09-27,5.000347327686938e-4,batgod,Bar-tailed Godwit
batgod,state,SCT-2019,Angus,EU,Europe,prebreeding_migration,0.051597168824273766,3.3998218958983325e-5,8.740997200712418e-4,0.05556854697501597,2.7924159039444503e-4,98,2023-03-15,2.195192054229489e-4,batgod,Bar-tailed Godwit
batgod,state,SCT-2020,Dundee,EU,Europe,breeding,0.09478657821431564,6.670851793145212e-5,3.621666896390629e-4,0.23670222626754436,1.9855317036257205e-4,21,2023-06-28,1.2307201461250514e-4,batgod,Bar-tailed Godwit
batgod,state,SCT-2020,Dundee,EU,Europe,nonbreeding,1.0144776212322213,7.870121683705149e-5,0.001011057759606151,0.23670222626754436,9.920550070099008e-5,98,2023-01-04,2.9394889111510823e-4,batgod,Bar-tailed Godwit
batgod,state,SCT-2020,Dundee,EU,Europe,postbreeding_migration,0.2966024708159344,2.57139057750908e-5,2.9171328453157254e-4,0.3221232075039938,7.030478477161817e-5,147,2023-09-20,1.5847727258984636e-4,batgod,Bar-tailed Godwit
batgod,state,SCT-2020,Dundee,EU,Europe,prebreeding_migration,0.2878093424439167,8.881883074420732e-6,2.283546534723778e-4,0.3221232075039938,7.581287158641876e-5,98,2023-03-15,9.814418997447994e-5,batgod,Bar-tailed Godwit
batgod,state,SCT-2021,Fife,EU,Europe,breeding,0.061734053566109066,7.031539692563358e-4,0.0038174876799663754,0.1609005367595285,0.0021843547333498924,21,2023-06-28,8.809421755768654e-4,batgod,Bar-tailed Godwit
batgod,state,SCT-2021,Fife,EU,Europe,nonbreeding,0.6242450528869261,7.837639379300245e-4,0.010068848271867624,0.17119384518699743,0.001161215299650125,98,2023-01-04,0.00193787025203905,batgod,Bar-tailed Godwit
batgod,state,SCT-2021,Fife,EU,Europe,postbreeding_migration,0.3169055343938149,4.4464590716017795e-4,0.005044318010874339,0.1806702952396579,6.381765093673292e-4,147,2023-09-27,0.001239997037825537,batgod,Bar-tailed Godwit
batgod,state,SCT-2021,Fife,EU,Europe,prebreeding_migration,0.2099135200365872,1.0484114793319016e-4,0.002695482906646048,0.2520860462488406,9.601982951706132e-4,98,2023-06-07,7.22392787231872e-4,batgod,Bar-tailed Godwit
batgod,state,SCT-2022,East Lothian,EU,Europe,breeding,0.07661605347241486,4.71698859750903e-4,0.0025608965667330394,0.15290278971859794,0.0011220197331612792,21,2023-06-28,5.865475834411102e-4,batgod,Bar-tailed Godwit
batgod,state,SCT-2022,East Lothian,EU,Europe,nonbreeding,0.6819524304979824,4.628109866109037e-4,0.005945634108971465,0.13194781191058474,4.837781015438502e-4,98,2023-01-04,9.803289527288415e-4,batgod,Bar-tailed Godwit
batgod,state,SCT-2022,East Lothian,EU,Europe,postbreeding_migration,0.38951016588205994,2.9540829289000184e-4,0.003351280981992435,0.16124157791580446,3.07858047136784e-4,147,2023-09-20,8.097225975285302e-4,batgod,Bar-tailed Godwit
batgod,state,SCT-2022,East Lothian,EU,Europe,prebreeding_migration,0.2321329710221634,6.266825424471608e-5,0.0016112109742791598,0.18077075525261763,3.7218572067957665e-4,98,2023-06-07,4.911669147623e-4,batgod,Bar-tailed Godwit
batgod,state,SCT-2023,Edinburgh,EU,Europe,breeding,0.137023788255556,3.202830946687878e-4,0.0017388464283188498,0.2046282514281527,5.700903320698421e-4,21,2023-06-28,4.019446884120192e-4,batgod,Bar-tailed Godwit
batgod,state,SCT-2023,Edinburgh,EU,Europe,nonbreeding,0.9100030409309504,2.3446899351266097e-4,0.0030121731887430567,0.2046282514281527,2.8484106667502204e-4,98,2023-01-04,4.4077831161292976e-4,batgod,Bar-tailed Godwit
batgod,state,SCT-2023,Edinburgh,EU,Europe,postbreeding_migration,0.5864092126677852,1.6884867918734103e-4,0.001915516188998056,0.2391155560886297,1.7333022410796206e-4,147,2023-07-19,5.542442849943789e-4,batgod,Bar-tailed Godwit
batgod,state,SCT-2023,Edinburgh,EU,Europe,prebreeding_migration,0.3779012839413377,3.8733088784643384e-5,9.958339907451368e-4,0.21339614877458696,1.668057851812965e-4,98,2023-03-15,2.900740418136709e-4,batgod,Bar-tailed Godwit
batgod,state,SCT-2024,Midlothian,EU,Europe,breeding,0.01547641821963681,3.5895220135176493e-5,1.948784571046955e-4,0.009976867622930508,2.7580390486849375e-5,21,2023-06-28,1.704969175812323e-4,batgod,Bar-tailed Godwit
batgod,state,SCT-2024,Midlothian,EU,Europe,nonbreeding,0.10749854499227748,2.748357851216992e-5,3.5307567574218617e-4,0.009976867622930508,1.3780321123960683e-5,98,2023-01-04,2.419401044260472e-4,batgod,Bar-tailed Godwit
batgod,state,SCT-2024,Midlothian,EU,Europe,postbreeding_migration,0.08470078893014234,2.41998378823936e-5,2.7453683059860577e-4,0.009976867622930508,7.176105179806664e-6,147,2023-07-19,2.688839946449375e-4,batgod,Bar-tailed Godwit
batgod,state,SCT-2024,Midlothian,EU,Europe,prebreeding_migration,0.029185192050052475,2.968208724743514e-6,7.631312741827546e-5,0.009976867622930508,7.738323106380448e-6,98,2023-06-07,1.176609396365761e-4,batgod,Bar-tailed Godwit
batgod,state,SCT-2025,West Lothian,EU,Europe,breeding,0.005820892412340515,1.6338104426551335e-5,8.87010741450093e-5,0.02473811540518153,8.275966868755806e-5,21,2023-06-28,4.853299541848927e-5,batgod,Bar-tailed Godwit
batgod,state,SCT-2025,West Lothian,EU,Europe,postbreeding_migration,0.001916929191180012,6.627916117270782e-7,7.5190879093978495e-6,0.03885485293567056,3.38209487651927e-5,21,2023-07-05,7.231918458652508e-5,batgod,Bar-tailed Godwit
batgod,state,SCT-2025,West Lothian,EU,Europe,prebreeding_migration,0.02018656574163006,2.4845071657249515e-6,6.387708193465075e-5,0.03885485293567056,3.647067911516468e-5,91,2023-03-15,2.193954376045704e-5,batgod,Bar-tailed Godwit
batgod,state,SCT-2026,Scottish Borders,EU,Europe,nonbreeding,9.918611683487537e-4,3.4858736112926343e-6,4.478227536177667e-5,0.002160896762436942,4.1028836591579257e-5,63,2023-02-01,6.020616607754036e-5,batgod,Bar-tailed Godwit
batgod,state,SCT-2026,Scottish Borders,EU,Europe,postbreeding_migration,4.851816000238546e-5,1.905545743900426e-7,2.161760304484079e-6,2.753262271454464e-4,2.722276439762702e-6,35,2023-09-20,1.4470327677356952e-5,batgod,Bar-tailed Godwit
batgod,state,SCT-2026,Scottish Borders,EU,Europe,prebreeding_migration,1.2095359338616798e-4,1.6909887270449169e-7,4.347559425794662e-6,2.753262271454464e-4,2.9355554507547456e-6,56,2023-03-15,8.057145017871175e-6,batgod,Bar-tailed Godwit
batgod,state,SCT-2138,Dumfries and Galloway,EU,Europe,breeding,0.009710118274372823,4.7229945169997855e-4,0.0025641572357565077,0.035838246849032786,0.002077685050467465,21,2023-06-14,5.986146341190644e-4,batgod,Bar-tailed Godwit
batgod,state,SCT-2138,Dumfries and Galloway,EU,Europe,nonbreeding,0.054849458381054754,2.9408291501820404e-4,0.0037780205331815176,0.026217153006360315,7.594119283811562e-4,98,2023-01-04,6.582960789603731e-4,batgod,Bar-tailed Godwit
batgod,state,SCT-2138,Dumfries and Galloway,EU,Europe,postbreeding_migration,0.025262470143169603,1.5136573425410336e-4,0.0017171796416696535,0.03460228211025457,5.219466155398027e-4,147,2023-09-20,5.339029946442655e-4,batgod,Bar-tailed Godwit
batgod,state,SCT-2138,Dumfries and Galloway,EU,Europe,prebreeding_migration,0.019214480429955307,4.098144663516803e-5,0.0010536396355094867,0.044490000020480314,7.236720726226642e-4,98,2023-06-07,4.95689363059101e-4,batgod,Bar-tailed Godwit
batgod,state,SCT-2744,Orkney,EU,Europe,breeding,0.011423263591699326,2.1494806413397872e-4,0.0011669728431340893,0.038338658146964855,8.598452278589854e-4,21,2023-06-14,4.317174669762784e-4,batgod,Bar-tailed Godwit
batgod,state,SCT-2744,Orkney,EU,Europe,nonbreeding,0.0787642316791577,1.6337173092885186e-4,0.0020988018088449706,0.12460063897763578,0.001396248030932264,63,2023-02-01,5.821621667400482e-4,batgod,Bar-tailed Godwit
batgod,state,SCT-2744,Orkney,EU,Europe,postbreeding_migration,0.08437261699487607,1.9557065798607272e-4,0.0022186656316670215,0.16613418530351437,9.694619486185168e-4,133,2023-09-27,9.80559305938697e-4,batgod,Bar-tailed Godwit
batgod,state,SCT-2744,Orkney,EU,Europe,prebreeding_migration,0.03080232947255476,2.5415146632074904e-5,6.534275393504484e-4,0.1182108626198083,7.438531593655133e-4,77,2023-06-07,4.659717215476586e-4,batgod,Bar-tailed Godwit
batgod,state,SCT-2745,Highland,EU,Europe,breeding,0.01514904532045196,0.0031382402301708048,0.01703779533253903,0.026232825366275987,0.006477180886606842,21,2023-06-28,0.003656009515289386,batgod,Bar-tailed Godwit
batgod,state,SCT-2745,Highland,EU,Europe,nonbreeding,0.10708278794570691,0.002445260429543807,0.03141373959524613,0.02710342671659071,0.0033436752274625904,98,2023-01-04,0.005995156681865606,batgod,Bar-tailed Godwit
batgod,state,SCT-2745,Highland,EU,Europe,postbreeding_migration,0.056341354652135835,0.001437762137594121,0.016310797713935964,0.030295631667744696,0.0019462980807167507,147,2023-09-27,0.003922825345815675,batgod,Bar-tailed Godwit
batgod,state,SCT-2745,Highland,EU,Europe,prebreeding_migration,0.05382352883746681,4.889211297219795e-4,0.012570241492428972,0.037905553434047626,0.002625972949389241,98,2023-03-15,0.003640634976530844,batgod,Bar-tailed Godwit
batgod,state,SCT-2746,Argyll and Bute,EU,Europe,breeding,0.013052768065798888,0.001023934779280208,0.005559036250801998,0.022087073863169968,0.0020651323691969425,21,2023-06-14,0.0013296221725882392,batgod,Bar-tailed Godwit
batgod,state,SCT-2746,Argyll and Bute,EU,Europe,nonbreeding,0.08950550753828412,7.739697067327216e-4,0.009943023871059276,0.03204967357528146,0.0014972428520876602,98,2023-01-04,0.0010028826447972706,batgod,Bar-tailed Godwit
batgod,state,SCT-2746,Argyll and Bute,EU,Europe,postbreeding_migration,0.028951199312415965,2.797660878696984e-4,0.0031738268432202066,0.035115088871315765,8.542635322814521e-4,147,2023-09-06,7.621920639736102e-4,batgod,Bar-tailed Godwit
batgod,state,SCT-2746,Argyll and Bute,EU,Europe,prebreeding_migration,0.013393601840184078,4.6071544914614394e-5,0.0011845068873077916,0.0541030498135124,0.001419312103142827,98,2023-06-07,0.0015692388046920323,batgod,Bar-tailed Godwit
batgod,state,SCT-2747,Shetland Islands,EU,Europe,breeding,0.002131666898727417,4.805622047563405e-5,2.609016483338693e-4,0.005333333333333333,1.4330753797649757e-4,21,2023-06-14,6.375943926514933e-5,batgod,Bar-tailed Godwit
batgod,state,SCT-2747,Shetland Islands,EU,Europe,nonbreeding,5.594904820124308e-4,1.3903607606087848e-6,1.7861668372624462e-5,0.0026666666666666666,3.580123156236574e-5,7,2023-03-01,2.072330480334667e-5,batgod,Bar-tailed Godwit
batgod,state,SCT-2747,Shetland Islands,EU,Europe,postbreeding_migration,0.002523108869791031,7.006886739623149e-6,7.949013903349628e-5,0.013333333333333334,9.321749505947276e-5,98,2023-07-19,8.047198820669967e-5,batgod,Bar-tailed Godwit
batgod,state,SCT-2747,Shetland Islands,EU,Europe,prebreeding_migration,0.0037625707127153874,3.7194665611109785e-6,9.562808815967086e-5,0.037333333333333336,2.814579521923564e-4,77,2023-06-07,5.509223570186712e-5,batgod,Bar-tailed Godwit
batgod,state,SCT-2772,Eilean Siar,EU,Europe,breeding,0.15774901011567505,0.006050431156104717,0.03284834816667907,0.08934169278996865,0.00408426483233018,21,2023-06-28,0.007113872413966635,batgod,Bar-tailed Godwit
batgod,state,SCT-2772,Eilean Siar,EU,Europe,nonbreeding,0.345973482606553,0.0014627396165680605,0.01879150410947916,0.11598746081504702,0.002649291135615065,98,2023-01-04,0.0042713902866800945,batgod,Bar-tailed Godwit
batgod,state,SCT-2772,Eilean Siar,EU,Europe,postbreeding_migration,0.4852294617633227,0.0022925862341157933,0.02600841219048238,0.1755485893416928,0.00208807188933219,147,2023-09-13,0.00975029569224889,batgod,Bar-tailed Godwit
batgod,state,SCT-2772,Eilean Siar,EU,Europe,prebreeding_migration,0.1631342748699704,2.7436620475464516e-4,0.007053999595166322,0.14576802507836992,0.001869684968134939,98,2023-06-07,0.0046798230157797625,batgod,Bar-tailed Godwit
batgod,state,SDN-149,Red Sea,AF,Africa,nonbreeding,0.011007398021119809,0.001643810803218842,0.020733519295711725,0.007861039949831944,0.006342224307511594,14,2023-03-01,0.0013482381957677912,batgod,Bar-tailed Godwit
batgod,state,SDN-149,Red Sea,AF,Africa,postbreeding_migration,5.885469692520703e-4,9.8220602746772e-5,0.003445414274747278,0.0026624877763936792,0.0011186099407136732,14,2023-11-15,7.158854221140657e-5,batgod,Bar-tailed Godwit
batgod,state,SDN-149,Red Sea,AF,Africa,prebreeding_migration,0.006943813908851019,4.1250234469567535e-4,0.022571721052289443,0.007447160135939956,0.003373959057756522,28,2023-03-15,7.036696360004949e-4,batgod,Bar-tailed Godwit
batgod,state,SEN-5514,Sédhiou,AF,Africa,nonbreeding,0.050705352679812264,2.704651092682281e-4,0.0034113984108443836,0.056080767223228925,0.001616091035559647,98,2023-01-25,8.832459034141841e-4,batgod,Bar-tailed Godwit
batgod,state,SEN-5514,Sédhiou,AF,Africa,postbreeding_migration,0.10028051301506972,5.977619882159211e-4,0.02096848959897199,0.0874383312176874,0.0013121491173357547,56,2023-10-18,0.0016832956984635388,batgod,Bar-tailed Godwit
batgod,state,SEN-5514,Sédhiou,AF,Africa,prebreeding_migration,0.03913628643267094,8.304208452381073e-5,0.004543980880532796,0.059807835481222205,9.678264370489548e-4,35,2023-03-15,3.227439106589103e-4,batgod,Bar-tailed Godwit
batgod,state,SEN-5517,Saint-Louis,AF,Africa,nonbreeding,0.02441197180496197,3.41764444597782e-4,0.0043107027236837965,0.07392553594602991,0.005591301813948026,98,2023-02-08,0.0031435970381651526,batgod,Bar-tailed Godwit
batgod,state,SEN-5517,Saint-Louis,AF,Africa,postbreeding_migration,0.0062790147346018935,9.823580968221824e-5,0.0034459477085788397,0.009491516771670896,3.738380742984636e-4,70,2023-10-18,4.732742953385332e-4,batgod,Bar-tailed Godwit
batgod,state,SEN-5517,Saint-Louis,AF,Africa,prebreeding_migration,0.004945655853920581,2.7542864151414795e-5,0.0015071183342375684,0.003828998230557578,1.6262643467005667e-4,56,2023-04-05,1.22635116688953e-4,batgod,Bar-tailed Godwit
batgod,state,SEN-759,Dakar,AF,Africa,nonbreeding,0.11447329969779088,6.762989554607774e-5,8.530213705408371e-4,0.23657880490924693,7.551005444381897e-4,98,2023-12-13,1.1696760257983552e-4,batgod,Bar-tailed Godwit
batgod,state,SEN-759,Dakar,AF,Africa,postbreeding_migration,0.16535784057022718,1.0917259030826038e-4,0.003829591659389186,0.3263132132837546,5.423667625050806e-4,70,2023-09-20,3.437435813896838e-4,batgod,Bar-tailed Godwit
batgod,state,SEN-759,Dakar,AF,Africa,prebreeding_migration,0.14200437113187414,3.3373166586845596e-5,0.0018261467274461355,0.15806119758155268,2.8329684580622654e-4,63,2023-04-05,8.816453833267429e-5,batgod,Bar-tailed Godwit
batgod,state,SEN-764,Fatick,AF,Africa,nonbreeding,1.4079364045901277,0.007960420222772177,0.10040542741757844,0.2889132285851704,0.008825002112766772,98,2023-01-11,0.05086634869658583,batgod,Bar-tailed Godwit
batgod,state,SEN-764,Fatick,AF,Africa,postbreeding_migration,0.37193291968564,0.0023500217551405116,0.08243482807779726,0.2182151873670042,0.003471057606036614,70,2023-10-18,0.0071886477840843975,batgod,Bar-tailed Godwit
batgod,state,SEN-764,Fatick,AF,Africa,prebreeding_migration,0.4093836828087369,9.207562441175808e-4,0.050382872646962784,0.20170560381893177,0.00345981498843057,63,2023-03-15,0.0025998528658757393,batgod,Bar-tailed Godwit
batgod,state,SEN-765,Kaolack,AF,Africa,nonbreeding,0.06159653215013127,2.2043343537342288e-4,0.0027803448406503936,0.06355444802212484,0.0012287445160712631,98,2023-02-01,8.430357339196226e-4,batgod,Bar-tailed Godwit
batgod,state,SEN-765,Kaolack,AF,Africa,postbreeding_migration,0.07822446940013082,3.128370199937561e-4,0.01097379881830658,0.05903480328641532,5.943649887563166e-4,63,2023-10-18,0.0010793024025839363,batgod,Bar-tailed Godwit
batgod,state,SEN-765,Kaolack,AF,Africa,prebreeding_migration,0.03228540279796796,4.5960908435941143e-5,0.0025149355339815996,0.053638675500063314,5.823461490516521e-4,49,2023-03-08,1.8606748843299651e-4,batgod,Bar-tailed Godwit
batgod,state,SEN-766,Louga,AF,Africa,nonbreeding,0.00221728694001715,4.126541774007988e-5,5.204840686557084e-4,0.0072651509208015,7.304717453644466e-4,84,2023-02-08,1.1584915800280418e-4,batgod,Bar-tailed Godwit
batgod,state,SEN-766,Louga,AF,Africa,postbreeding_migration,0.0023838863473075226,4.957973497288467e-5,0.0017391740819812645,0.005126508426754292,2.684169360729053e-4,70,2023-09-20,1.6914256877164946e-4,batgod,Bar-tailed Godwit
batgod,state,SEN-766,Louga,AF,Africa,prebreeding_migration,0.002280064038085281,1.6880005354998008e-5,9.236572279734768e-4,0.003702215963141592,2.090297263239278e-4,56,2023-03-08,6.323678927208834e-5,batgod,Bar-tailed Godwit
batgod,state,SEN-768,Thiès,AF,Africa,nonbreeding,0.026306665665618924,1.3543963752844356e-4,0.001708311158803314,0.06295495687639532,0.001751073368183104,98,2023-12-13,2.627545731351341e-4,batgod,Bar-tailed Godwit
batgod,state,SEN-768,Thiès,AF,Africa,postbreeding_migration,0.029988860534336685,1.7254177025923927e-4,0.006052476380887264,0.05112993086520568,7.405921000807692e-4,70,2023-09-20,4.946860907022565e-4,batgod,Bar-tailed Godwit
batgod,state,SEN-768,Thiès,AF,Africa,prebreeding_migration,0.03766008016028701,7.712983563419792e-5,0.004220468458254321,0.04598139733124151,7.181978461255765e-4,63,2023-03-08,2.027177487938856e-4,batgod,Bar-tailed Godwit
batgod,state,SEN-775,Ziguinchor,AF,Africa,nonbreeding,0.4634108320747189,0.0025966761094991892,0.03275208686765611,0.28564866262552374,0.008647254300317648,98,2023-01-25,0.006763821063351025,batgod,Bar-tailed Godwit
batgod,state,SEN-775,Ziguinchor,AF,Africa,postbreeding_migration,0.417943977274171,0.0026171220712175687,0.09180425990844895,0.2678708290895944,0.0042228039119287806,63,2023-10-18,0.007067086899942579,batgod,Bar-tailed Godwit
batgod,state,SEN-775,Ziguinchor,AF,Africa,prebreeding_migration,0.5624951570093134,0.00125380956056608,0.0686072213108753,0.2918079003153972,0.004960558810205647,56,2023-03-15,0.003385953772483628,batgod,Bar-tailed Godwit
batgod,state,SGP-4872,South West,AS,Asia,postbreeding_migration,0.009560497711208794,4.38045108429629e-6,8.345363207369217e-6,0.016162908202151816,1.864349901189455e-5,28,2023-10-25,2.213659659375717e-5,batgod,Bar-tailed Godwit
batgod,state,SGP-4874,North East,AS,Asia,nonbreeding,1.3259903073478,3.857331003986959e-5,2.3870996187410628e-4,0.22780170666231184,3.580123156236574e-5,98,2023-01-18,8.491282870429666e-5,batgod,Bar-tailed Godwit
batgod,state,SGP-4874,North East,AS,Asia,postbreeding_migration,0.862129544896264,2.8026792265085675e-5,5.339490305647384e-5,0.22780170666231184,1.864349901189455e-5,91,2023-11-15,8.530029176783492e-5,batgod,Bar-tailed Godwit
batgod,state,SGP-4874,North East,AS,Asia,prebreeding_migration,1.0278854210515171,1.1894671518130578e-5,1.384738561644566e-5,0.22780170666231184,2.0104139442311172e-5,49,2023-03-15,1.1194841350945994e-4,batgod,Bar-tailed Godwit
batgod,state,SGP-4875,South East,AS,Asia,postbreeding_migration,0.013239396318277311,2.0911358923974257e-6,3.983902160347073e-6,0.09377212583687104,3.72869980237891e-5,14,2023-10-18,1.936015908675834e-5,batgod,Bar-tailed Godwit
batgod,state,SOM-2645,Jubbada Hoose,AF,Africa,postbreeding_migration,4.340855260005062e-4,1.7896237747987776e-5,6.277700530932101e-4,0.0033335459597090295,3.459891399751204e-4,14,2023-10-18,2.195903653289945e-5,batgod,Bar-tailed Godwit
batgod,state,SVK-1051,Bratislavský,EU,Europe,postbreeding_migration,6.070045315144387e-4,1.0465221728157516e-6,1.1872347322005496e-5,0.1738711071323056,7.546637773510714e-4,42,2023-10-11,1.2368612248452646e-5,batgod,Bar-tailed Godwit
batgod,state,SVK-1052,Banskobystrický,EU,Europe,postbreeding_migration,2.2414150721892893e-6,1.739204346544708e-8,1.9730530897939898e-7,0.0011225807219515714,2.192883140097849e-5,14,2023-09-20,9.175388736206136e-7,batgod,Bar-tailed Godwit
batgod,state,SVK-1054,Nitriansky,EU,Europe,postbreeding_migration,3.070921817721335e-4,1.5583097469335755e-6,1.7678358883772173e-5,0.10214755640719853,0.0013049161122886928,35,2023-09-20,2.6445695357942828e-5,batgod,Bar-tailed Godwit
batgod,state,SVK-1055,Trenciansky,EU,Europe,postbreeding_migration,1.249432373585671e-5,4.641769675739225e-8,5.265889554050684e-7,0.010119008830376317,9.46407976282572e-5,28,2023-10-11,8.404437229364692e-7,batgod,Bar-tailed Godwit
batgod,state,SVK-1056,Trnavský,EU,Europe,postbreeding_migration,9.130498851790876e-4,3.079439687462613e-6,3.4934928734817074e-5,0.3356748758541772,0.0028501362244633447,42,2023-09-20,3.295483024168016e-5,batgod,Bar-tailed Godwit
batgod,state,SVN-1027,Izola,EU,Europe,postbreeding_migration,0.002934218671408109,6.985346833849553e-8,7.92457779972276e-7,0.4932037732040077,2.9559118128676423e-5,35,2023-10-04,8.215585946749928e-7,batgod,Bar-tailed Godwit
batgod,state,SVN-1031,Koper,EU,Europe,postbreeding_migration,4.431437733593859e-4,1.253791301033295e-7,1.422372710472626e-6,0.062137356269633445,4.425913859194372e-5,35,2023-10-11,1.5727336238735869e-6,batgod,Bar-tailed Godwit
batgod,state,SVN-1033,Piran,EU,Europe,postbreeding_migration,0.0034970409895077733,1.77340945217512e-7,2.0118573220194294e-6,0.4739009767344609,6.050140837896704e-5,35,2023-10-11,2.8079619211962244e-6,batgod,Bar-tailed Godwit
batgod,state,SVN-1047,Ormož,EU,Europe,postbreeding_migration,2.021454172106985e-4,3.364089162319412e-8,3.816415551883607e-7,0.03949399548276103,1.6546428028275174e-5,21,2023-09-20,5.100328836572709e-7,batgod,Bar-tailed Godwit
batgod,state,SWE-178,Gävleborg,EU,Europe,postbreeding_migration,0.017645888416095844,3.013127926055786e-4,0.0034182650108137255,0.05038657461372127,0.0021660000464040884,105,2023-08-02,0.0013159687249456834,batgod,Bar-tailed Godwit
batgod,state,SWE-180,Kalmar,EU,Europe,postbreeding_migration,0.045879917101434936,5.047900678700505e-4,0.005726627840408966,0.10029551380732916,0.0027780449520470453,126,2023-07-19,0.007191906489405292,batgod,Bar-tailed Godwit
batgod,state,SWE-180,Kalmar,EU,Europe,prebreeding_migration,0.03163400590939114,1.2389370736917113e-4,0.003185327297898527,0.12519964450323556,0.0037395463528658336,49,2023-05-24,0.0018387238605129391,batgod,Bar-tailed Godwit
batgod,state,SWE-181,Dalarna,EU,Europe,postbreeding_migration,1.6333711169405864e-5,4.058526839954959e-7,4.6042254537219344e-6,5.960796349375113e-4,3.72869980237891e-5,0,2023-08-02,8.038507534218118e-6,batgod,Bar-tailed Godwit
batgod,state,SWE-183,Orebro,EU,Europe,postbreeding_migration,0.0015844472088531749,1.269029782782662e-5,1.4396601175326943e-4,0.016294556704028705,3.28553558505232e-4,56,2023-07-19,2.547086091862619e-4,batgod,Bar-tailed Godwit
batgod,state,SWE-184,Östergötland,EU,Europe,postbreeding_migration,0.005194322335846999,5.3756293330268554e-5,6.098422008999501e-4,0.03506335759604052,9.135314515828332e-4,105,2023-07-19,5.414681764643192e-4,batgod,Bar-tailed Godwit
batgod,state,SWE-184,Östergötland,EU,Europe,prebreeding_migration,0.005293220695251447,1.9499671772285898e-5,5.013397218895344e-4,0.027907570331542456,7.840614382501357e-4,28,2023-05-10,9.176860233443436e-5,batgod,Bar-tailed Godwit
batgod,state,SWE-185,Södermanland,EU,Europe,postbreeding_migration,0.008761450985091866,5.209141781630745e-5,5.909548988789459e-4,0.07870805253529858,0.001178091150902774,105,2023-08-02,3.3666004534830244e-4,batgod,Bar-tailed Godwit
batgod,state,SWE-185,Södermanland,EU,Europe,prebreeding_migration,0.005963633916387425,1.262141361529614e-5,3.244985898038826e-4,0.04234933684931558,6.835407410385798e-4,28,2023-05-10,8.944352466059048e-5,batgod,Bar-tailed Godwit
batgod,state,SWE-186,Västmanland,EU,Europe,postbreeding_migration,0.005282023390130266,3.031189142992391e-5,3.438754690449708e-4,0.049754948670564424,7.188174041428633e-4,70,2023-07-19,3.6098418876991144e-4,batgod,Bar-tailed Godwit
batgod,state,SWE-187,Halland,EU,Europe,breeding,0.015877353932589988,6.849652222371493e-4,0.0037187392966880942,0.05295319919690053,0.0027228432215534535,21,2023-06-14,0.0012816201512322208,batgod,Bar-tailed Godwit
batgod,state,SWE-187,Halland,EU,Europe,postbreeding_migration,0.03983372361956269,2.116899003553293e-4,0.002401531555530341,0.0683500855513173,9.144456109747604e-4,140,2023-07-19,0.0016509720735050151,batgod,Bar-tailed Godwit
batgod,state,SWE-187,Halland,EU,Europe,prebreeding_migration,0.05489961424657492,1.0385452084278784e-4,0.002670116564233353,0.10089023791582856,0.0014555463088765856,77,2023-06-07,7.595651000750972e-4,batgod,Bar-tailed Godwit
batgod,state,SWE-188,Värmland,EU,Europe,breeding,1.903713738387989e-4,2.5961519892766368e-5,1.409474833067574e-4,0.002644976285321409,4.299226139294927e-4,7,2023-06-28,7.569107369972948e-5,batgod,Bar-tailed Godwit
batgod,state,SWE-188,Värmland,EU,Europe,postbreeding_migration,0.0026829964285657957,4.50720593917597e-5,5.113232739037641e-4,0.018796647984086413,7.949453990866184e-4,56,2023-07-26,6.107801065211403e-4,batgod,Bar-tailed Godwit
batgod,state,SWE-190,Norrbotten,EU,Europe,breeding,0.0018571043392312384,0.0013360950477766392,0.007253783107483252,0.009625325297844453,0.008253848674598075,21,2023-06-14,0.001329480457496828,batgod,Bar-tailed Godwit
batgod,state,SWE-190,Norrbotten,EU,Europe,postbreeding_migration,0.005725701568460023,5.074445528538476e-4,0.005756741839430978,0.013502890029617132,0.003012702181670533,98,2023-07-19,0.0021381999363510353,batgod,Bar-tailed Godwit
batgod,state,SWE-190,Norrbotten,EU,Europe,prebreeding_migration,0.00398639095494985,1.257611952204249e-4,0.003233340713247923,0.01475319629624077,0.003549552924390286,49,2023-06-07,7.263656045440246e-4,batgod,Bar-tailed Godwit
batgod,state,SWE-191,Västernorrland,EU,Europe,postbreeding_migration,0.004079554259576054,8.195971724892436e-5,9.297980060704444e-4,0.01945284137970773,9.838760021701617e-4,91,2023-08-02,2.998213965601318e-4,batgod,Bar-tailed Godwit
batgod,state,SWE-191,Västernorrland,EU,Europe,prebreeding_migration,0.0030188830491902916,2.1589416626760736e-5,5.550674008164954e-4,0.009198007611500468,5.016596267349994e-4,28,2023-05-10,1.5212997459587536e-4,batgod,Bar-tailed Godwit
batgod,state,SWE-192,Västerbotten,EU,Europe,breeding,5.172386798862916e-4,2.086424911262824e-4,0.001132739306349155,0.004889720575537181,0.0023509091356627453,7,2023-06-28,3.5379279266267407e-4,batgod,Bar-tailed Godwit
batgod,state,SWE-192,Västerbotten,EU,Europe,postbreeding_migration,0.012954043973964931,6.436888242509865e-4,0.007302374939882441,0.020186985430087782,0.002525292309298078,105,2023-08-02,0.002262378809572488,batgod,Bar-tailed Godwit
batgod,state,SWE-192,Västerbotten,EU,Europe,prebreeding_migration,0.00929198076044087,1.6435608382405896e-4,0.004225621554938993,0.016759188594345473,0.002260743227641791,42,2023-05-10,7.482473063901736e-4,batgod,Bar-tailed Godwit
batgod,state,SWE-193,Gotland,EU,Europe,postbreeding_migration,0.0913714454402678,3.545680686245838e-4,0.004022423384186494,0.3187022900763359,0.0031134643349863904,112,2023-07-19,0.0034426070034875756,batgod,Bar-tailed Godwit
batgod,state,SWE-193,Gotland,EU,Europe,prebreeding_migration,0.06450611938018608,8.910394309753173e-5,0.002290876819540473,0.2919847328244275,0.0030759333346736095,42,2023-05-24,0.001027121923177742,batgod,Bar-tailed Godwit
batgod,state,SWE-194,Stockholm,EU,Europe,postbreeding_migration,0.018151219547005996,1.4275383820004048e-4,0.0016194813570936577,0.13616237620554028,0.0026959304898506904,105,2023-08-02,5.064198619764795e-4,batgod,Bar-tailed Godwit
batgod,state,SWE-194,Stockholm,EU,Europe,prebreeding_migration,0.034889136419373926,9.767402499420386e-5,0.0025112150141943243,0.1124682199090259,0.002401261478272889,35,2023-05-10,5.553228814010135e-4,batgod,Bar-tailed Godwit
batgod,state,SWE-195,Uppsala,EU,Europe,postbreeding_migration,0.01940733381374494,1.247184023356373e-4,0.0014148770359928115,0.09913445895335288,0.0016038320507615331,105,2023-08-02,5.729657407820421e-4,batgod,Bar-tailed Godwit
batgod,state,SWE-195,Uppsala,EU,Europe,prebreeding_migration,0.009109802859522268,2.083917502943391e-5,5.35778567745553e-4,0.02830096556017507,4.937346014199198e-4,28,2023-05-03,1.1152947941421684e-4,batgod,Bar-tailed Godwit
batgod,state,SWE-262,Blekinge,EU,Europe,postbreeding_migration,0.026339069139483213,8.579086255723267e-5,9.73260714193415e-4,0.07273577923720433,5.964283691058686e-4,133,2023-07-19,0.0013837801426608513,batgod,Bar-tailed Godwit
batgod,state,SWE-262,Blekinge,EU,Europe,prebreeding_migration,0.06093539394676736,7.065080521943695e-5,0.0018164436536990997,0.14094427661490844,0.0012462802288273373,63,2023-05-31,0.0010920911181767172,batgod,Bar-tailed Godwit
batgod,state,SWE-3428,Västra Götaland,EU,Europe,breeding,0.003649607988173956,6.919541407313557e-4,0.003756682779075229,0.024098027773489964,0.005445686443106907,14,2023-06-28,0.0015107604818873177,batgod,Bar-tailed Godwit
batgod,state,SWE-3428,Västra Götaland,EU,Europe,postbreeding_migration,0.015354530407438676,3.586133641426956e-4,0.004068315535025453,0.05209983616703986,0.003063344736983627,126,2023-07-19,0.002562263319058794,batgod,Bar-tailed Godwit
batgod,state,SWE-3428,Västra Götaland,EU,Europe,prebreeding_migration,0.010617948058328767,8.827493540352157e-5,0.00226956289735692,0.03391193890454823,0.0021501571403577694,70,2023-05-31,4.44655725568114e-4,batgod,Bar-tailed Godwit
batgod,state,SWE-3429,Skåne,EU,Europe,breeding,0.005448329905142605,4.7187430935285025e-4,0.0025618490987860077,0.02012954988732115,0.002077959300659215,21,2023-06-14,7.844223086545953e-4,batgod,Bar-tailed Godwit
batgod,state,SWE-3429,Skåne,EU,Europe,nonbreeding,1.4678252127138712e-4,1.4013344840905493e-6,1.8002645459433448e-5,0.022211917117044032,0.0011456394099957038,7,2023-11-29,1.386682760254661e-5,batgod,Bar-tailed Godwit
batgod,state,SWE-3429,Skåne,EU,Europe,postbreeding_migration,0.027523894094298364,0.00029365111328988547,0.0033313465295158155,0.052059180743071955,0.0013982624258920915,147,2023-07-19,0.0032919768567045604,batgod,Bar-tailed Godwit
batgod,state,SWE-3429,Skåne,EU,Europe,prebreeding_migration,0.039590282425722864,1.5035478508322158e-4,0.0038656458948973663,0.0740272559418486,0.0021440804312666405,84,2023-05-31,0.0015484670656356705,batgod,Bar-tailed Godwit
batgod,state,THA-375,Chumphon,AS,Asia,nonbreeding,0.00692162684699644,3.220459205371157e-5,1.9929731032588944e-4,0.022788403187721983,5.728197049978519e-4,98,2023-02-08,6.681147153214499e-5,batgod,Bar-tailed Godwit
batgod,state,THA-375,Chumphon,AS,Asia,postbreeding_migration,0.01093635029695316,5.686386039888443e-5,1.0833349334799498e-4,0.04984963197314184,6.525224654163093e-4,98,2023-10-04,1.3275357169884963e-4,batgod,Bar-tailed Godwit
batgod,state,THA-375,Chumphon,AS,Asia,prebreeding_migration,0.007458087990141588,1.3803788963596828e-5,1.606991739583604e-5,0.06925603608455254,9.775730191860005e-4,56,2023-03-08,1.551830495385054e-4,batgod,Bar-tailed Godwit
batgod,state,THA-376,Nakhon Si Thammarat,AS,Asia,nonbreeding,0.10418089338288794,8.387832348198758e-4,0.00519078901441275,0.08523897994165526,0.0037076125423527746,98,2023-01-25,0.0014607045468960785,batgod,Bar-tailed Godwit
batgod,state,THA-376,Nakhon Si Thammarat,AS,Asia,postbreeding_migration,0.09592951140308002,8.63114085615797e-4,0.0016443513225573075,0.05544129848479436,0.0012557955781533673,119,2023-10-11,0.0015383597281412602,batgod,Bar-tailed Godwit
batgod,state,THA-376,Nakhon Si Thammarat,AS,Asia,prebreeding_migration,0.04822818617246444,1.544627565894356e-4,1.7982046419801073e-4,0.0885002990491015,0.0021616648376591337,77,2023-03-08,0.0013001903398779133,batgod,Bar-tailed Godwit
batgod,state,THA-377,Phuket,AS,Asia,nonbreeding,0.07142331853541678,6.28349962792467e-5,3.8885279875321014e-4,0.2112277927938997,0.001003938396276228,98,2023-02-22,2.743684164889127e-4,batgod,Bar-tailed Godwit
batgod,state,THA-377,Phuket,AS,Asia,postbreeding_migration,0.004869558904799541,4.78746376586723e-6,9.120778476790144e-6,0.015381519848214951,3.8070160796219086e-5,98,2023-10-11,3.0627681820924335e-5,batgod,Bar-tailed Godwit
batgod,state,THA-377,Phuket,AS,Asia,prebreeding_migration,0.04942249615903933,1.7296069965922336e-5,2.0135516151251605e-5,0.2187603417533491,5.838645641379868e-4,56,2023-03-08,2.133936518410049e-4,batgod,Bar-tailed Godwit
batgod,state,THA-378,Phangnga,AS,Asia,nonbreeding,0.06427605479409161,2.648231149571991e-4,0.0016388512059108938,0.14308095473069934,0.003184805696520564,98,2023-03-01,8.163334022846102e-4,batgod,Bar-tailed Godwit
batgod,state,THA-378,Phangnga,AS,Asia,postbreeding_migration,0.024218000787348728,1.1150626624610956e-4,2.124348095239354e-4,0.06426884838912554,7.449567977033521e-4,98,2023-11-15,1.882640670886568e-4,batgod,Bar-tailed Godwit
batgod,state,THA-378,Phangnga,AS,Asia,prebreeding_migration,0.0444183968704697,7.279989379268317e-5,8.475124349982961e-5,0.16399028906621893,0.0020497777028047766,63,2023-03-08,7.364066412442158e-4,batgod,Bar-tailed Godwit
batgod,state,THA-379,Ranong,AS,Asia,nonbreeding,0.026801033478397084,8.405683426393344e-5,5.201836109388101e-4,0.09296826369665684,0.0015752541887440927,98,2023-03-01,2.490168494372106e-4,batgod,Bar-tailed Godwit
batgod,state,THA-379,Ranong,AS,Asia,postbreeding_migration,0.017356706205588622,6.083354262933363e-5,1.158962852599289e-4,0.06972619777249263,6.152354673925202e-4,91,2023-09-20,1.3256146071320772e-4,batgod,Bar-tailed Godwit
batgod,state,THA-379,Ranong,AS,Asia,prebreeding_migration,0.022479891119247628,2.804638427000096e-5,3.265067871287941e-5,0.1119844994527912,0.0010655193904424922,56,2023-03-08,2.6262806700890417e-4,batgod,Bar-tailed Godwit
batgod,state,THA-380,Surat Thani,AS,Asia,nonbreeding,0.03786159806106247,0.00041030182998874523,0.0025391425856960376,0.061761863676722234,0.003615924387798941,98,2023-03-01,6.949899895945114e-4,batgod,Bar-tailed Godwit
batgod,state,THA-380,Surat Thani,AS,Asia,postbreeding_migration,0.029589356907075752,3.5833922259673266e-4,6.826856199209157e-4,0.03424420164253906,0.001044035944666095,98,2023-11-15,5.985359789174098e-4,batgod,Bar-tailed Godwit
batgod,state,THA-380,Surat Thani,AS,Asia,prebreeding_migration,0.022005922862673832,9.486484203042673e-5,1.1043853098727494e-4,0.06384843827854456,0.0020991174945349687,63,2023-03-08,7.945679551941538e-4,batgod,Bar-tailed Godwit
batgod,state,THA-382,Krabi,AS,Asia,nonbreeding,0.07792373475076357,3.2174594052810886e-4,0.0019911166844957906,0.11135083846403374,0.0024838836172187445,98,2023-03-01,0.001118173632216363,batgod,Bar-tailed Godwit
batgod,state,THA-382,Krabi,AS,Asia,postbreeding_migration,0.019337742214417884,8.922845861760862e-5,1.6999251475885e-4,0.02147390582788223,2.4944698154580656e-4,105,2023-11-15,2.59665827647542e-4,batgod,Bar-tailed Godwit
batgod,state,THA-382,Krabi,AS,Asia,prebreeding_migration,0.040182356718685135,6.599938821427139e-5,7.683431843069093e-5,0.12419040026919824,0.001555655037014816,70,2023-03-08,9.803117163049557e-4,batgod,Bar-tailed Godwit
batgod,state,THA-383,Phatthalung,AS,Asia,nonbreeding,0.0350177299444266,8.955265708313692e-5,5.54194372636028e-4,0.04270789774299804,5.900558438591858e-4,91,2023-01-25,2.4728256337408396e-4,batgod,Bar-tailed Godwit
batgod,state,THA-383,Phatthalung,AS,Asia,postbreeding_migration,0.02380820072839784,6.804110688307059e-5,1.2962768880271012e-4,0.06687038810225271,4.811142528439335e-4,119,2023-11-15,2.0962456908134032e-4,batgod,Bar-tailed Godwit
batgod,state,THA-383,Phatthalung,AS,Asia,prebreeding_migration,0.007132960263352219,7.25640443302198e-6,8.447667530774597e-6,0.04790438389680987,3.716616083806451e-4,63,2023-03-08,8.725854157178535e-5,batgod,Bar-tailed Godwit
batgod,state,THA-385,Satun,AS,Asia,nonbreeding,0.3117417350270352,8.412560043509782e-4,0.005206091686646032,0.22652589494610365,0.0033025204712325354,98,2023-03-01,0.0021113391058308947,batgod,Bar-tailed Godwit
batgod,state,THA-385,Satun,AS,Asia,postbreeding_migration,0.16622440583084244,5.012822485166235e-4,9.550117905151756e-4,0.11356499730379442,8.621872889083705e-4,126,2023-11-15,0.001124173934948309,batgod,Bar-tailed Godwit
batgod,state,THA-385,Satun,AS,Asia,prebreeding_migration,0.1548024871274391,1.6617754973018918e-4,1.9345844131992145e-4,0.2510826118248665,0.0020555678776555996,84,2023-03-08,0.0018946853632501692,batgod,Bar-tailed Godwit
batgod,state,THA-386,Songkhla,AS,Asia,nonbreeding,0.1337441809564703,8.381366041058005e-4,0.005186787356454332,0.12524594545914294,0.004240314049213748,98,2023-03-01,0.0015252461062506722,batgod,Bar-tailed Godwit
batgod,state,THA-386,Songkhla,AS,Asia,postbreeding_migration,0.0908290122550087,6.360903565912017e-4,0.0012118398211291438,0.1166573716650838,0.002056723887379799,126,2023-11-15,0.0012312184196663794,batgod,Bar-tailed Godwit
batgod,state,THA-386,Songkhla,AS,Asia,prebreeding_migration,0.05112033124492873,1.274367714153813e-4,1.4835770057322e-4,0.12629771528199363,0.002401139337585724,84,2023-03-08,0.001227473301347688,batgod,Bar-tailed Godwit
batgod,state,THA-387,Trang,AS,Asia,nonbreeding,0.11272702089765618,4.543237790392244e-4,0.0028115713134511124,0.12277169574856818,0.002673191844414095,98,2023-03-01,0.0012861121227169202,batgod,Bar-tailed Godwit
batgod,state,THA-387,Trang,AS,Asia,postbreeding_migration,0.05737439216646153,2.584103138170033e-4,4.923072724323308e-4,0.06193469186297521,7.02255762671511e-4,119,2023-11-15,6.730979402521361e-4,batgod,Bar-tailed Godwit
batgod,state,THA-387,Trang,AS,Asia,prebreeding_migration,0.06762374817077436,1.0841711970677383e-4,1.2621564720939832e-4,0.13592564253464234,0.00166196084916215,77,2023-03-08,0.001213227044571736,batgod,Bar-tailed Godwit
batgod,state,THA-416,Bangkok Metropolis,AS,Asia,nonbreeding,0.060963018175333686,7.11140845917705e-5,4.4008772915955064e-4,0.04240357242400671,2.672305129530021e-4,98,2023-11-29,2.345503122204541e-4,batgod,Bar-tailed Godwit
batgod,state,THA-416,Bangkok Metropolis,AS,Asia,postbreeding_migration,0.04194486973786697,5.4679221360769595e-5,1.0417145480465284e-4,0.04780834156520045,1.5689775689409956e-4,91,2023-11-22,2.1197242337046623e-4,batgod,Bar-tailed Godwit
batgod,state,THA-416,Bangkok Metropolis,AS,Asia,prebreeding_migration,0.04086948414800918,1.8964854205671458e-5,2.207825991203811e-5,0.05582607792500617,1.975641941425893e-4,56,2023-03-15,2.243249750702988e-4,batgod,Bar-tailed Godwit
batgod,state,THA-419,Phetchaburi,AS,Asia,nonbreeding,0.0944272584604319,4.668744958024767e-4,0.002889241109404636,0.04742714288231818,0.0012668469977992,98,2023-11-29,9.065904209788284e-4,batgod,Bar-tailed Godwit
batgod,state,THA-419,Phetchaburi,AS,Asia,postbreeding_migration,0.07634086072579829,4.2180733642009286e-4,8.036011265091331e-4,0.0482763527017843,6.715233415602393e-4,91,2023-11-22,8.695432223565253e-4,batgod,Bar-tailed Godwit
batgod,state,THA-419,Phetchaburi,AS,Asia,prebreeding_migration,0.06611919441522415,1.300443568544802e-4,1.5139336583291154e-4,0.05056638211291273,7.584843204426802e-4,56,2023-03-15,8.928486682183953e-4,batgod,Bar-tailed Godwit
batgod,state,THA-420,Prachuap Khiri Khan,AS,Asia,nonbreeding,0.004267728588261731,2.3706219089147347e-5,1.467053423494248e-4,0.016701907186600903,5.012172418731205e-4,70,2023-11-29,6.403913408329369e-5,batgod,Bar-tailed Godwit
batgod,state,THA-420,Prachuap Khiri Khan,AS,Asia,postbreeding_migration,0.017341066707012857,1.07645435244299e-4,2.05079394208858e-4,0.059585127481829904,9.311663357291486e-4,91,2023-10-04,1.9050310466849288e-4,batgod,Bar-tailed Godwit
batgod,state,THA-420,Prachuap Khiri Khan,AS,Asia,prebreeding_migration,0.009187512090372222,2.030133574050069e-5,2.3634147786186664e-5,0.058392134111358414,9.840151970374556e-4,56,2023-03-15,1.1996066621214242e-4,batgod,Bar-tailed Godwit
batgod,state,THA-422,Samut Prakan,AS,Asia,nonbreeding,0.36044720252637,2.697099652830372e-4,0.0016690933566041975,0.2613991230303273,0.0010567053221847574,98,2023-11-29,5.189228110873256e-4,batgod,Bar-tailed Godwit
batgod,state,THA-422,Samut Prakan,AS,Asia,postbreeding_migration,0.27487076860903853,2.298466605589901e-4,4.3788957517233056e-4,0.3061106220156326,6.44403107177415e-4,91,2023-11-22,4.940692016965626e-4,batgod,Bar-tailed Godwit
batgod,state,THA-422,Samut Prakan,AS,Asia,prebreeding_migration,0.2912348370762733,8.66881721040433e-5,1.0091952061725838e-4,0.2997962602106582,6.805554257427349e-4,56,2023-03-15,6.837468532827942e-4,batgod,Bar-tailed Godwit
batgod,state,THA-423,Samut Sakhon,AS,Asia,nonbreeding,0.6444380362890946,4.470530083400117e-4,0.002766576331309044,0.3081289373445166,0.0011547946866416231,98,2023-12-13,8.350434716778228e-4,batgod,Bar-tailed Godwit
batgod,state,THA-423,Samut Sakhon,AS,Asia,postbreeding_migration,0.3449601082023642,2.6742440552449435e-4,5.094803598235424e-4,0.3081289373445166,6.013595806568816e-4,91,2023-11-22,7.092780989698753e-4,batgod,Bar-tailed Godwit
batgod,state,THA-423,Samut Sakhon,AS,Asia,prebreeding_migration,0.3424031005608095,9.448801666189232e-5,1.0999984327906867e-4,0.33011567315129214,6.947458418935246e-4,56,2023-03-15,7.28086000817097e-4,batgod,Bar-tailed Godwit
batgod,state,THA-424,Samut Songkhram,AS,Asia,nonbreeding,0.5808916886178564,1.9909685685102512e-4,0.0012321059058462715,0.37734358675786395,6.987159369192924e-4,98,2023-11-29,5.087662255349681e-4,batgod,Bar-tailed Godwit
batgod,state,THA-424,Samut Songkhram,AS,Asia,postbreeding_migration,0.4262786031835786,1.6327401889975433e-4,3.1105951506457956e-4,0.4048083567694719,3.903395910009459e-4,91,2023-11-22,4.7283402673358853e-4,batgod,Bar-tailed Godwit
batgod,state,THA-424,Samut Songkhram,AS,Asia,prebreeding_migration,0.44092956000171063,6.011732453798991e-5,6.998661323582238e-5,0.3911078955873621,4.0667528585226466e-4,56,2023-03-15,5.033840063111961e-4,batgod,Bar-tailed Godwit
batgod,state,THA-430,Chon Buri,AS,Asia,nonbreeding,0.023206465388956047,8.934615221316392e-5,5.52916422426748e-4,0.04541969414513486,9.447251922373692e-4,98,2023-03-01,2.4618346424842337e-4,batgod,Bar-tailed Godwit
batgod,state,THA-430,Chon Buri,AS,Asia,postbreeding_migration,0.032224838052793775,1.3864745670664607e-4,2.641425190531126e-4,0.09877754998430711,0.0010699143157756478,91,2023-09-27,3.366340578311428e-4,batgod,Bar-tailed Godwit
batgod,state,THA-430,Chon Buri,AS,Asia,prebreeding_migration,0.03563915691466774,5.458275677152613e-5,6.354345135734966e-5,0.0939581363592824,0.0010974461174903189,56,2023-03-15,4.1386624938098503e-4,batgod,Bar-tailed Godwit
batgod,state,THA-431,Chachoengsao,AS,Asia,nonbreeding,0.019474770476499835,8.017223886771694e-5,4.961438897437996e-4,0.01433985386827352,3.189266596154678e-4,98,2023-03-01,1.97368406224606e-4,batgod,Bar-tailed Godwit
batgod,state,THA-431,Chachoengsao,AS,Asia,postbreeding_migration,0.017436665869095324,8.021755428389348e-5,1.5282549975409492e-4,0.017559305196221696,2.033681243964959e-4,91,2023-09-27,2.06197936011536e-4,batgod,Bar-tailed Godwit
batgod,state,THA-431,Chachoengsao,AS,Asia,prebreeding_migration,0.02102361802376333,3.4428675030459775e-5,4.0080731837225074e-5,0.03655406278258646,4.5652994905344657e-4,56,2023-03-15,3.03632111199521e-4,batgod,Bar-tailed Godwit
batgod,state,THA-432,Chanthaburi,AS,Asia,nonbreeding,0.03560716090112199,1.6286312687072317e-4,0.0010078743765008637,0.07733065319377085,0.0019108717280203456,77,2023-11-29,5.8247101670226e-4,batgod,Bar-tailed Godwit
batgod,state,THA-432,Chanthaburi,AS,Asia,postbreeding_migration,0.05213024637436829,2.664584557943424e-4,5.07640092421156e-4,0.09488450492335404,0.0012209689219294998,91,2023-11-22,5.623521157067154e-4,batgod,Bar-tailed Godwit
batgod,state,THA-432,Chanthaburi,AS,Asia,prebreeding_migration,0.042436793653503474,7.721277710524797e-5,8.988857720562552e-5,0.10088678082720172,0.0013999149195889284,56,2023-03-15,4.780571697613182e-4,batgod,Bar-tailed Godwit
batgod,state,THA-434,Rayong,AS,Asia,nonbreeding,0.01616526929408268,4.7834449806348e-5,2.9602229307622015e-4,0.05415566603263927,8.657573261324432e-4,70,2023-03-01,1.1793133018095e-4,batgod,Bar-tailed Godwit
batgod,state,THA-434,Rayong,AS,Asia,postbreeding_migration,0.03090580547997517,1.0220031011633492e-4,1.9470568017165783e-4,0.08981693197298159,7.477216357737491e-4,91,2023-10-04,1.8231561353496603e-4,batgod,Bar-tailed Godwit
batgod,state,THA-434,Rayong,AS,Asia,prebreeding_migration,0.02570787607858514,3.026113585647353e-5,3.522901971336636e-5,0.08940787360553536,8.026303195617864e-4,56,2023-03-15,2.0119421168021985e-4,batgod,Bar-tailed Godwit
batgod,state,THA-435,Trat,AS,Asia,nonbreeding,0.018302643910789156,5.454052919536743e-5,3.375226972059916e-4,0.08450684672354714,0.0013604790192904331,35,2023-03-01,2.1940203192405652e-4,batgod,Bar-tailed Godwit
batgod,state,THA-435,Trat,AS,Asia,postbreeding_migration,0.04390061428368296,1.461942938631265e-4,2.785202842479992e-4,0.13520605393068486,0.001133510499106695,91,2023-11-22,2.274701383348512e-4,batgod,Bar-tailed Godwit
batgod,state,THA-435,Trat,AS,Asia,prebreeding_migration,0.05486452614542993,6.503667623559896e-5,7.571356078841989e-5,0.15086129125349407,0.001363845872511129,56,2023-03-15,3.521492078601671e-4,batgod,Bar-tailed Godwit
batgod,state,THA-493,Narathiwat,AS,Asia,nonbreeding,0.06796277171785865,2.281383172885179e-4,0.0014118282554874304,0.055949375184317814,0.0010146513258332149,98,2023-03-01,4.8615268927806226e-4,batgod,Bar-tailed Godwit
batgod,state,THA-493,Narathiwat,AS,Asia,postbreeding_migration,0.05084389632651554,1.907305598939617e-4,3.633680108348257e-4,0.0362080464564559,3.419449053501874e-4,126,2023-11-15,5.192045242921007e-4,batgod,Bar-tailed Godwit
batgod,state,THA-493,Narathiwat,AS,Asia,prebreeding_migration,0.03178432214483871,4.244253287168188e-5,4.9410201729153614e-5,0.05403779364475065,5.503091273971022e-4,84,2023-03-08,3.9606654431218065e-4,batgod,Bar-tailed Godwit
batgod,state,THA-494,Pattani,AS,Asia,nonbreeding,0.3333283850707616,5.758556992389051e-4,0.003563668553935969,0.2146696391126649,0.002003578819929002,98,2023-03-01,0.0012968411497707047,batgod,Bar-tailed Godwit
batgod,state,THA-494,Pattani,AS,Asia,postbreeding_migration,0.2797504358387311,5.400903909269388e-4,0.00102894665192213,0.14562425248196667,7.077811178317029e-4,126,2023-11-15,0.0013929762669300885,batgod,Bar-tailed Godwit
batgod,state,THA-494,Pattani,AS,Asia,prebreeding_migration,0.1555883208236877,1.0692507245364088e-4,1.2447865483927715e-4,0.21071224342694972,0.0011043661793202987,84,2023-03-08,0.0011823088314711196,batgod,Bar-tailed Godwit
batgod,state,TLS-542,Liquica,AS,Asia,postbreeding_migration,0.013829330100888304,8.13855604621512e-6,1.5505071254575375e-5,0.014617657808841656,2.165676535213489e-5,56,2023-11-08,3.299906967441047e-5,batgod,Bar-tailed Godwit
batgod,state,TLS-543,Ambeno,AS,Asia,nonbreeding,0.012448199268249796,8.305133473835707e-6,5.139611023398157e-5,0.009932611459876442,3.580123156236574e-5,7,2023-11-29,5.870213410776429e-6,batgod,Bar-tailed Godwit
batgod,state,TLS-543,Ambeno,AS,Asia,postbreeding_migration,0.010400601600721348,7.75448308765438e-6,1.4773359319973748e-5,0.029797834379629323,5.5930497035683656e-5,35,2023-11-01,1.74517095469797e-5,batgod,Bar-tailed Godwit
batgod,state,TLS-545,Ainaro,AS,Asia,postbreeding_migration,0.001225115174193508,9.080006161522784e-7,1.7298663513150786e-6,0.019983824681669086,3.72869980237891e-5,7,2023-09-13,1.8134831615632124e-5,batgod,Bar-tailed Godwit
batgod,state,TLS-546,Baucau,AS,Asia,postbreeding_migration,0.0028086174243765164,4.1245262677973195e-6,7.857791149979987e-6,0.008503947663116204,3.143921192776608e-5,21,2023-11-08,9.145195760908277e-6,batgod,Bar-tailed Godwit
batgod,state,TLS-547,Bobonaro,AS,Asia,postbreeding_migration,0.015694259044551673,1.968799737551766e-5,3.7508349200256345e-5,0.010852532167316464,3.427373168354877e-5,56,2023-11-08,3.346105120256267e-5,batgod,Bar-tailed Godwit
batgod,state,TLS-548,Cova Lima,AS,Asia,nonbreeding,0.024348490503280397,2.53295307623272e-5,1.567511659309124e-4,0.026177670527554105,1.4712298724212214e-4,7,2023-11-29,2.268432981864118e-5,batgod,Bar-tailed Godwit
batgod,state,TLS-548,Cova Lima,AS,Asia,postbreeding_migration,0.014135160553088263,1.6432746500052838e-5,3.1306647511530655e-5,0.04528806643280986,1.3254482418522233e-4,63,2023-09-13,5.731560828276875e-5,batgod,Bar-tailed Godwit
batgod,state,TLS-550,Manatuto,AS,Asia,nonbreeding,0.004982620821020934,7.055001168458087e-6,4.365969781187331e-5,0.004680198578893377,3.580123156236574e-5,7,2023-11-29,4.986598060416109e-6,batgod,Bar-tailed Godwit
batgod,state,TLS-550,Manatuto,AS,Asia,postbreeding_migration,0.004168882498334508,6.596494636060275e-6,1.2567231678659298e-5,0.011224341642492228,4.4711992192957344e-5,42,2023-09-13,2.7932806388875412e-5,batgod,Bar-tailed Godwit
batgod,state,TLS-551,Manufahi,AS,Asia,postbreeding_migration,0.0036664925338773455,4.339473928492786e-6,8.267296076426665e-6,0.011984817704462587,3.5709789950643886e-5,28,2023-09-13,2.483061371640425e-5,batgod,Bar-tailed Godwit
batgod,state,TLS-552,Viqueque,AS,Asia,postbreeding_migration,0.02194227999287764,3.79750829107213e-5,7.234776821411324e-5,0.03220311360102146,1.4030864379450082e-4,70,2023-09-20,6.492539549565111e-5,batgod,Bar-tailed Godwit
batgod,state,TLS-553,Lautém,AS,Asia,postbreeding_migration,0.00638788358078298,1.214098682882775e-5,2.3130253673116943e-5,0.013536496646197686,6.476984533633925e-5,49,2023-09-20,3.805804427797027e-5,batgod,Bar-tailed Godwit
batgod,state,TUR-2229,Aydin,AS,Asia,postbreeding_migration,4.919647985051132e-4,3.4182335492198163e-6,6.512206151124468e-6,0.045830921720674565,8.016704575114658e-4,42,2023-10-04,2.622031418490918e-5,batgod,Bar-tailed Godwit
batgod,state,TUR-2230,Izmir,AS,Asia,postbreeding_migration,8.529301050432293e-4,1.035635603258379e-5,1.9730285975930574e-5,0.04900891207710943,0.0014980909320005825,49,2023-10-04,5.543563533128216e-5,batgod,Bar-tailed Godwit
batgod,state,TUR-2238,Balikesir,AS,Asia,postbreeding_migration,2.3271204594309277e-4,3.027295707534191e-6,5.76741566777276e-6,0.022531919043757728,7.379105973800865e-4,49,2023-10-04,2.083526612484995e-5,batgod,Bar-tailed Godwit
batgod,state,TUR-2239,Çanakkale,AS,Asia,postbreeding_migration,4.1858696447305e-4,3.870178097608445e-6,7.3732228211689565e-6,0.03739078005680659,8.703207970235891e-4,49,2023-10-04,2.753311721707836e-5,batgod,Bar-tailed Godwit
batgod,state,TUR-2240,Edirne,AS,Asia,postbreeding_migration,5.815797864753811e-4,2.7091418296076395e-6,5.161288669425826e-6,0.04505787584968309,5.283999122865674e-4,49,2023-10-04,3.0364533497453902e-5,batgod,Bar-tailed Godwit
batgod,state,TUR-2242,Tekirdag,AS,Asia,postbreeding_migration,1.3984314657011849e-5,8.651210450349873e-8,1.6481748569315726e-7,0.003591231524333072,5.5930497035683656e-5,14,2023-10-04,1.3535106594287756e-6,batgod,Bar-tailed Godwit
batgod,state,TUR-2264,Bursa,AS,Asia,postbreeding_migration,2.0377270981183148e-4,1.886421799525725e-6,3.5938935914108658e-6,0.017598989600302407,4.1015697826168017e-4,35,2023-10-04,1.594301075143461e-5,batgod,Bar-tailed Godwit
batgod,state,TUR-2265,Istanbul,AS,Asia,postbreeding_migration,9.779379898130946e-5,4.6774904060234985e-7,8.911264065290196e-7,0.02477286489870494,2.982959841903128e-4,42,2023-10-11,5.476526311945197e-6,batgod,Bar-tailed Godwit
batgod,state,TUR-2266,Kocaeli,AS,Asia,postbreeding_migration,3.26915437042388e-4,1.204365008653404e-6,2.294481376014195e-6,0.03391746763395462,3.145688425406061e-4,35,2023-10-04,1.0536238263147898e-5,batgod,Bar-tailed Godwit
batgod,state,TUR-2267,Sakarya,AS,Asia,postbreeding_migration,1.6867894551021828e-4,6.04933975601631e-7,1.152482620105425e-6,0.02297713874591015,2.074496138979348e-4,21,2023-10-04,5.241958997616649e-6,batgod,Bar-tailed Godwit
batgod,state,TUR-2278,Mugla,AS,Asia,postbreeding_migration,4.134612619763642e-5,5.237159452110857e-7,9.977510754418832e-7,0.005846512312189804,1.8643499011894552e-4,28,2023-10-04,5.288876852339878e-6,batgod,Bar-tailed Godwit
batgod,state,TUR-5518,Yalova,AS,Asia,postbreeding_migration,1.3537839862306234e-4,1.0353286788148649e-7,1.9724438642153634e-7,0.0387334462934598,7.45735119420848e-5,21,2023-10-04,1.244856271958608e-6,batgod,Bar-tailed Godwit
batgod,state,TWN-1156,Kaohsiung City,AS,Asia,nonbreeding,9.44893507827042e-5,2.244074069469463e-7,1.3887396103991103e-6,0.002790289144784589,3.580123156236574e-5,42,2023-12-20,7.249399184202313e-7,batgod,Bar-tailed Godwit
batgod,state,TWN-1156,Kaohsiung City,AS,Asia,postbreeding_migration,2.474212557201732e-4,6.566676725179286e-7,1.2510424447714772e-6,0.019532024013492123,1.305044930832619e-4,98,2023-10-04,3.8756036906972354e-6,batgod,Bar-tailed Godwit
batgod,state,TWN-1156,Kaohsiung City,AS,Asia,prebreeding_migration,1.7976869295937726e-4,1.6983592913869724e-7,1.977174063803401e-7,0.01883643280031947,1.3571721494210292e-4,35,2023-04-12,7.256074275419527e-7,batgod,Bar-tailed Godwit
batgod,state,TWN-1158,Pingtung,AS,Asia,nonbreeding,1.2059468106280423e-4,3.02231564167859e-7,1.8703524557547935e-6,0.010576740710858883,1.4320492624946297e-4,28,2023-11-29,1.743926825182415e-6,batgod,Bar-tailed Godwit
batgod,state,TWN-1158,Pingtung,AS,Asia,postbreeding_migration,2.804557494417764e-4,7.854712991799804e-7,1.4964311105129394e-6,0.015865111066288327,1.1186099407136733e-4,84,2023-10-04,2.7443085523143587e-6,batgod,Bar-tailed Godwit
batgod,state,TWN-1158,Pingtung,AS,Asia,prebreeding_migration,8.961266755977252e-4,8.933924115578701e-7,1.0400580806953177e-6,0.021822687303092704,1.659211889715324e-4,42,2023-04-12,3.6351269291994575e-6,batgod,Bar-tailed Godwit
batgod,state,TWN-1160,Tainan City,AS,Asia,nonbreeding,0.0167550789460874,2.951699662867916e-5,1.8266519343523643e-4,0.0948511216482946,9.027398058040328e-4,98,2023-03-01,5.9968849101243146e-5,batgod,Bar-tailed Godwit
batgod,state,TWN-1160,Tainan City,AS,Asia,postbreeding_migration,0.007236695369981712,1.4246897051317971e-5,2.714230296908938e-5,0.11365934827266634,5.633194424795526e-4,105,2023-10-04,4.897261525946574e-5,batgod,Bar-tailed Godwit
batgod,state,TWN-1160,Tainan City,AS,Asia,prebreeding_migration,0.014401328471811296,1.0092283265537533e-5,1.174910445532536e-5,0.1061191342726337,5.671544467009616e-4,77,2023-03-15,8.676901557305859e-5,batgod,Bar-tailed Godwit
batgod,state,TWN-1161,Hsinchu City,AS,Asia,nonbreeding,9.57805770010828e-5,1.2729421750546825e-8,7.877570728598859e-8,0.022272972165266643,1.5992038835999072e-5,28,2023-12-13,1.476669116330883e-7,batgod,Bar-tailed Godwit
batgod,state,TWN-1161,Hsinchu City,AS,Asia,postbreeding_migration,0.004083076550787114,6.064193584169447e-7,1.1553124791444217e-6,0.27420120164498346,1.0252374754981204e-4,70,2023-10-04,7.0997721585989796e-6,batgod,Bar-tailed Godwit
batgod,state,TWN-1161,Hsinchu City,AS,Asia,prebreeding_migration,0.016805336037378677,8.884635517464069e-7,1.034320064109093e-6,0.27420120164498346,1.1055605579053132e-4,70,2023-04-05,2.681234054697515e-6,batgod,Bar-tailed Godwit
batgod,state,TWN-1162,Hsinchu,AS,Asia,nonbreeding,1.526946829546327e-5,1.5767818683891577e-8,9.757875051374005e-8,0.0035507871530094256,1.980919272636667e-5,28,2023-12-13,1.476669116330883e-7,batgod,Bar-tailed Godwit
batgod,state,TWN-1162,Hsinchu,AS,Asia,postbreeding_migration,6.602618071824135e-4,7.619354612327154e-7,1.451592094557745e-6,0.02482717809834617,7.212718030992478e-5,70,2023-10-11,6.38926657224768e-6,batgod,Bar-tailed Godwit
batgod,state,TWN-1162,Hsinchu,AS,Asia,prebreeding_migration,0.001556929834204102,6.395550489096885e-7,7.44548966459319e-7,0.02482717809834617,7.777804421832585e-5,70,2023-04-12,1.8248486121360403e-6,batgod,Bar-tailed Godwit
batgod,state,TWN-1163,Yilan,AS,Asia,postbreeding_migration,1.3891587652628342e-5,2.8728722733997634e-8,5.4732177368333975e-8,0.01074272998189622,5.5930497035683656e-5,21,2023-10-11,4.473400502209825e-7,batgod,Bar-tailed Godwit
batgod,state,TWN-1163,Yilan,AS,Asia,prebreeding_migration,0.0029119050645367967,2.143623585769733e-6,2.49553611996901e-6,0.050132739915515694,2.814579521923564e-4,70,2023-04-05,5.476364273505395e-6,batgod,Bar-tailed Godwit
batgod,state,TWN-1165,Miaoli,AS,Asia,nonbreeding,2.365221146490369e-4,3.336731989709007e-7,2.064928224267685e-6,0.0280883106683254,2.140768109047542e-4,63,2023-03-01,1.6219461538622134e-6,batgod,Bar-tailed Godwit
batgod,state,TWN-1165,Miaoli,AS,Asia,postbreeding_migration,9.526569439385008e-4,1.5018979232094992e-6,2.861322596321226e-6,0.04872905486476659,1.934022186816261e-4,84,2023-10-11,9.619405001568227e-6,batgod,Bar-tailed Godwit
batgod,state,TWN-1165,Miaoli,AS,Asia,prebreeding_migration,0.0037942543780184975,2.129301715653952e-6,2.4788630695245665e-6,0.05342641610712828,2.286586157424471e-4,70,2023-04-12,6.6519522427695915e-6,batgod,Bar-tailed Godwit
batgod,state,TWN-1167,New Taipei City,AS,Asia,postbreeding_migration,1.3962875351301274e-4,2.724547407805707e-7,5.190638419715997e-7,0.015180928077229537,7.45739960475782e-5,70,2023-10-11,1.5468241567568258e-6,batgod,Bar-tailed Godwit
batgod,state,TWN-1167,New Taipei City,AS,Asia,prebreeding_migration,9.629782350970324e-4,6.688717600561047e-7,7.786785179674533e-7,0.025015271302067783,1.3251113499400624e-4,63,2023-04-05,1.736969234262653e-6,batgod,Bar-tailed Godwit
batgod,state,TWN-1168,Taoyuan,AS,Asia,postbreeding_migration,0.001782496185490339,1.994373308426658e-6,3.7995560981311218e-6,0.0902107937656022,2.541007417416842e-4,70,2023-10-04,1.0712852389921631e-5,batgod,Bar-tailed Godwit
batgod,state,TWN-1168,Taoyuan,AS,Asia,prebreeding_migration,0.003864056514761913,1.5389630562492115e-6,1.791610206037523e-6,0.0929163231007952,2.8222631671666413e-4,70,2023-04-05,3.807650414154736e-6,batgod,Bar-tailed Godwit
batgod,state,TWN-1169,Changhua,AS,Asia,nonbreeding,0.013334116242096076,1.3087337960031288e-5,8.099066277287451e-5,0.15504735518235235,8.221401876236482e-4,98,2023-03-01,4.1174828608693205e-5,batgod,Bar-tailed Godwit
batgod,state,TWN-1169,Changhua,AS,Asia,postbreeding_migration,0.01169215800572804,1.2824370722638127e-5,2.4432194202565873e-5,0.1802137344499493,4.976211828036136e-4,105,2023-10-11,6.417649587016214e-5,batgod,Bar-tailed Godwit
batgod,state,TWN-1169,Changhua,AS,Asia,prebreeding_migration,0.026559139320497433,1.0369606255829555e-5,1.2071954765317197e-5,0.1802137344499493,5.366077280959414e-4,77,2023-03-15,5.01831753893187e-5,batgod,Bar-tailed Godwit
batgod,state,TWN-1170,Chiayi,AS,Asia,nonbreeding,0.011077736207013135,1.7398604917312305e-5,1.0767083022383784e-4,0.07545396396859652,6.402357224735701e-4,98,2023-03-01,4.486234402053121e-5,batgod,Bar-tailed Godwit
batgod,state,TWN-1170,Chiayi,AS,Asia,postbreeding_migration,0.006309412298034688,1.1074053639671195e-5,2.1097598859682677e-5,0.0862854892550995,3.812633551322412e-4,105,2023-10-11,6.223021736554877e-5,batgod,Bar-tailed Godwit
batgod,state,TWN-1170,Chiayi,AS,Asia,prebreeding_migration,0.012421595225540032,7.760719175774634e-6,9.034774178008196e-6,0.08206915845979998,3.9104374491628094e-4,77,2023-03-15,6.288519865229559e-5,batgod,Bar-tailed Godwit
batgod,state,TWN-1172,Hualien,AS,Asia,postbreeding_migration,2.2465376433745748e-6,9.176736704680456e-9,1.7482948533200625e-8,0.0018129393201794808,1.864349901189455e-5,7,2023-10-11,2.884342372240321e-7,batgod,Bar-tailed Godwit
batgod,state,TWN-1172,Hualien,AS,Asia,prebreeding_migration,7.242877742762966e-5,1.053155757720649e-7,1.22604931704998e-7,0.0054388179605384425,6.031241832693351e-5,35,2023-04-12,3.099180546387946e-7,batgod,Bar-tailed Godwit
batgod,state,TWN-1174,Taichung City,AS,Asia,nonbreeding,0.0014982985276643364,2.5438152459341298e-6,1.574233685789645e-5,0.04732483043673077,4.3408093750902873e-4,98,2023-03-01,6.126259639293726e-6,batgod,Bar-tailed Godwit
batgod,state,TWN-1174,Taichung City,AS,Asia,postbreeding_migration,0.0023417155645490714,4.442993350153095e-6,8.464514845943155e-6,0.058570293813086975,2.797618607414748e-4,98,2023-10-11,2.700610496088204e-5,batgod,Bar-tailed Godwit
batgod,state,TWN-1174,Taichung City,AS,Asia,prebreeding_migration,0.0074783180783267005,5.050708855624823e-6,5.879869238392037e-6,0.058570293813086975,3.0168003631714734e-4,77,2023-04-12,1.3779651808925767e-5,batgod,Bar-tailed Godwit
batgod,state,TWN-1176,Yunlin,AS,Asia,nonbreeding,0.009864188552614894,1.032924012061442e-5,6.392224345880101e-5,0.10652814960762508,6.026509234839064e-4,98,2023-03-01,3.1137272997360676e-5,batgod,Bar-tailed Godwit
batgod,state,TWN-1176,Yunlin,AS,Asia,postbreeding_migration,0.00764909158644812,8.950992162245877e-6,1.7052874058575923e-5,0.1472381069783846,4.337616233323591e-4,105,2023-10-11,4.753355758322837e-5,batgod,Bar-tailed Godwit
batgod,state,TWN-1176,Yunlin,AS,Asia,prebreeding_migration,0.01738064015289043,7.239923289707837e-6,8.428480725445592e-6,0.14090966906615965,4.4764089890233567e-4,77,2023-03-15,4.572332448763486e-5,batgod,Bar-tailed Godwit
batgod,state,TWN-1177,Taitung,AS,Asia,prebreeding_migration,2.6363290612558715e-5,3.2445003471268335e-8,3.7771406609148745e-8,0.0021419854297373567,2.0104139442311172e-5,21,2023-04-12,1.676882253443461e-7,batgod,Bar-tailed Godwit
batgod,state,TWN-3414,Penghu,AS,Asia,nonbreeding,2.1215818733686493e-4,1.1809801938812325e-7,7.308466314248843e-7,0.011904761904761904,3.580123156236574e-5,7,2023-12-13,3.924134353354026e-7,batgod,Bar-tailed Godwit
batgod,state,TWN-3414,Penghu,AS,Asia,postbreeding_migration,6.964752849723612e-5,4.3325425365815046e-8,8.254090819269557e-8,0.011904761904761904,1.864349901189455e-5,28,2023-10-04,5.924818551409323e-7,batgod,Bar-tailed Godwit
batgod,state,TWN-3414,Penghu,AS,Asia,prebreeding_migration,0.006124008541172813,1.3560627738528889e-6,1.5786837090057883e-6,0.2023809523809524,3.417703705192899e-4,56,2023-04-12,3.968641409563533e-6,batgod,Bar-tailed Godwit
batgod,state,TWN-3415,Kinmen,AS,Asia,nonbreeding,0.02816785162592188,8.77314110086667e-6,5.429236369757802e-5,0.2553191489361702,4.2961477874838895e-4,98,2023-12-27,1.729840832022107e-5,batgod,Bar-tailed Godwit
batgod,state,TWN-3415,Kinmen,AS,Asia,postbreeding_migration,0.012969870065794665,4.514309414956418e-6,8.600381781071737e-6,0.3404255319148936,2.982959841903128e-4,126,2023-07-26,9.75500728943503e-6,batgod,Bar-tailed Godwit
batgod,state,TWN-3415,Kinmen,AS,Asia,prebreeding_migration,0.053241470234191166,6.596485588230247e-6,7.679411702485304e-6,0.2765957446808511,2.6135381275004525e-4,84,2023-04-05,1.8726927215802164e-5,batgod,Bar-tailed Godwit
batgod,state,TZA-3337,Zanzibar South and Central,AF,Africa,postbreeding_migration,0.08262714705835,9.337523069565374e-5,0.0032754467367305854,0.49643877558408694,0.0014123561013603175,63,2023-09-27,1.888027385588042e-4,batgod,Bar-tailed Godwit
batgod,state,TZA-3378,Dar-Es-Salaam,AF,Africa,postbreeding_migration,0.05963706389733315,1.0005457178512812e-4,0.003509746837646403,0.3498779033854802,0.0014777697891662396,35,2023-10-04,1.7311129912616065e-4,batgod,Bar-tailed Godwit
batgod,state,TZA-3380,Kaskazini-Pemba,AF,Africa,postbreeding_migration,0.0973456327609984,8.301647250447837e-5,0.002912078845041447,0.6461125091583027,0.0013871567421439004,63,2023-09-20,2.3566715625157137e-4,batgod,Bar-tailed Godwit
batgod,state,TZA-3381,Kusini-Pemba,AF,Africa,postbreeding_migration,0.09546431716133556,7.553450579231806e-5,0.0026496239812719593,0.642022614430153,0.0012788636165570204,63,2023-09-20,2.264358052107636e-4,batgod,Bar-tailed Godwit
batgod,state,TZA-3382,Pwani,AF,Africa,postbreeding_migration,0.0049988238514727485,1.368790753385638e-4,0.004801488759965841,0.023976956158885912,0.0016528477964735265,49,2023-09-27,0.00025995640509448063,batgod,Bar-tailed Godwit
batgod,state,TZA-3383,Kaskazini-Unguja,AF,Africa,postbreeding_migration,0.08267231151173098,5.6476144021653455e-5,0.001981088563430577,0.646692312263128,0.0011121727223365816,63,2023-09-20,1.5599879574014087e-4,batgod,Bar-tailed Godwit
batgod,state,TZA-3384,Zanzibar West,AF,Africa,postbreeding_migration,0.11673312910717308,3.903558587672375e-5,0.001369302987780813,0.7217164476170413,6.075790103013855e-4,63,2023-09-27,8.201416638510669e-5,batgod,Bar-tailed Godwit
batgod,state,TZA-3395,Tanga,AF,Africa,postbreeding_migration,0.009860816197105444,2.3702458829850576e-4,0.008314425661744446,0.04991930982683884,0.003020777194940208,63,2023-09-20,5.777773749585461e-4,batgod,Bar-tailed Godwit
batgod,state,USA-AK,Alaska,NA,North America,breeding,0.010377638992438694,0.1122997041755144,1,0.03531041626955566,0.45543135568930926,21,2023-06-14,0.15356772988422754,batgod,Bar-tailed Godwit
batgod,state,USA-AK,Alaska,NA,North America,postbreeding_migration,0.002846535417939522,0.003794508084667966,0.9993630125818228,0.012260869840608767,0.04114620231925128,56,2023-07-05,0.016099216344534862,batgod,Bar-tailed Godwit
batgod,state,USA-AK,Alaska,NA,North America,prebreeding_migration,0.0273557152208446,0.012980572444661002,1,0.06418762579900032,0.2322832271164633,28,2023-06-07,0.27291277055723606,batgod,Bar-tailed Godwit
batgod,state,USA-WA,Washington,NA,North America,postbreeding_migration,1.5785674245145778e-5,2.3419488066578856e-6,6.168011669788888e-4,6.489136814402639e-4,2.423654871546292e-4,0,2023-10-18,5.649496070315343e-6,batgod,Bar-tailed Godwit
batgod,state,VNM-502,Kiên Giang,AS,Asia,postbreeding_migration,0.04980573345033252,3.223499570908037e-4,6.141211076289879e-4,0.08178329563846606,0.0013325467939291518,42,2023-09-20,6.275128778084433e-4,batgod,Bar-tailed Godwit
batgod,state,VNM-502,Kiên Giang,AS,Asia,prebreeding_migration,0.003142573034516934,7.240032856568131e-6,8.428608279583004e-6,0.01258642081620525,2.2114553386542288e-4,14,2023-03-15,2.745827903810637e-5,batgod,Bar-tailed Godwit
batgod,state,VNM-506,Bạc Liêu,AS,Asia,postbreeding_migration,0.10055469525448804,2.1069183451657183e-4,4.013969908649692e-4,0.06737116095005585,3.5537671312037256e-4,21,2023-09-13,3.846337703498106e-4,batgod,Bar-tailed Godwit
batgod,state,VNM-507,Cà Mau,AS,Asia,postbreeding_migration,0.1598758134291341,8.045525424358774e-4,0.0015327835094678078,0.15757294942330302,0.001996286607117728,35,2023-09-20,0.0014283779499205552,batgod,Bar-tailed Godwit
batgod,state,VNM-508,Sóc Trăng,AS,Asia,postbreeding_migration,0.014326936547583297,3.992425093329624e-5,7.606120201066726e-5,0.011027830502128397,7.736474636101071e-5,7,2023-09-13,8.796268569436562e-5,batgod,Bar-tailed Godwit
batgod,state,VUT-562,Tafea,OC,Oceania,nonbreeding,2.564831102480654e-4,5.183965980111865e-7,7.616479682034237e-7,0.003278688524590164,3.580123156236574e-5,7,2023-11-29,2.564882429543625e-6,batgod,Bar-tailed Godwit
batgod,state,VUT-562,Tafea,OC,Oceania,postbreeding_migration,7.688085563847276e-5,1.736504395593597e-7,4.915842981659424e-7,0.003278688524590164,1.864349901189455e-5,7,2023-11-22,2.4690302403204897e-6,batgod,Bar-tailed Godwit
batgod,state,WLS-2104,Carmarthenshire,EU,Europe,breeding,0.002657443307395304,4.477510922882102e-5,2.430881930894154e-4,0.02649149479545888,5.320092052575843e-4,21,2023-06-21,5.721153077879147e-5,batgod,Bar-tailed Godwit
batgod,state,WLS-2104,Carmarthenshire,EU,Europe,nonbreeding,0.04574396096858479,8.495930337953846e-5,0.001091454063670531,0.03005950720853008,3.0161536834365053e-4,98,2023-12-27,1.6962191310229783e-4,batgod,Bar-tailed Godwit
batgod,state,WLS-2104,Carmarthenshire,EU,Europe,postbreeding_migration,0.020777416410737985,4.312439612620127e-5,4.892278655544064e-4,0.033627519621601286,1.7570976674325753e-4,147,2023-09-20,1.460318676862913e-4,batgod,Bar-tailed Godwit
batgod,state,WLS-2104,Carmarthenshire,EU,Europe,prebreeding_migration,0.040764562905729745,3.011765496644461e-5,7.743297908379233e-4,0.044331556860814886,2.497883128319665e-4,98,2023-03-08,1.2460410425042738e-4,batgod,Bar-tailed Godwit
batgod,state,WLS-2105,Ceredigion,EU,Europe,breeding,0.0020822061772814114,2.92615416948331e-5,1.5886360569789424e-4,0.008555699540882238,1.4330753797649757e-4,21,2023-06-21,3.2132218691522536e-5,batgod,Bar-tailed Godwit
batgod,state,WLS-2105,Ceredigion,EU,Europe,nonbreeding,0.02238289395200684,3.4673225179565876e-5,4.4543953419367286e-4,0.014837410061897746,1.2417396166696177e-4,98,2023-12-27,7.3716777744847e-5,batgod,Bar-tailed Godwit
batgod,state,WLS-2105,Ceredigion,EU,Europe,postbreeding_migration,0.0102511640017257,1.774620491995416e-5,2.0132311949999364e-4,0.019115259832338867,8.33071161728919e-5,147,2023-09-27,7.374927130656824e-5,batgod,Bar-tailed Godwit
batgod,state,WLS-2105,Ceredigion,EU,Europe,prebreeding_migration,0.016440745033944843,1.0131195257803986e-5,2.604746722031928e-4,0.027670959373221105,1.3004216033617289e-4,98,2023-03-08,3.263158657271725e-5,batgod,Bar-tailed Godwit
batgod,state,WLS-2106,Pembrokeshire,EU,Europe,breeding,5.313958686581035e-4,8.092094264942914e-6,4.393272528094712e-5,0.003947809999634518,7.165376898824878e-5,21,2023-06-28,9.12002805881827e-6,batgod,Bar-tailed Godwit
batgod,state,WLS-2106,Pembrokeshire,EU,Europe,nonbreeding,0.030058395169644897,5.045603031079777e-5,6.48197868023796e-4,0.047373719995614225,4.2961477874838895e-4,98,2023-01-11,1.1547183751791784e-4,batgod,Bar-tailed Godwit
batgod,state,WLS-2106,Pembrokeshire,EU,Europe,postbreeding_migration,0.014836614835977558,2.7831487537485137e-5,3.157363456944786e-4,0.035530289996710665,1.6779149110705095e-4,140,2023-09-27,1.0356868007968908e-4,batgod,Bar-tailed Godwit
batgod,state,WLS-2106,Pembrokeshire,EU,Europe,prebreeding_migration,0.020438805400726383,1.3647842004670889e-5,3.508882300643933e-4,0.08290400999232489,4.221869282885346e-4,91,2023-03-08,3.712501587887229e-5,batgod,Bar-tailed Godwit
batgod,state,WLS-2112,Bridgend,EU,Europe,breeding,0.006021863033751587,1.4420082393096985e-5,7.828795581992908e-5,0.07531533090223767,2.1496130696474635e-4,21,2023-06-28,1.8553071492947637e-5,batgod,Bar-tailed Godwit
batgod,state,WLS-2112,Bridgend,EU,Europe,nonbreeding,0.029797643471888548,7.865445345833755e-6,1.0104570004462004e-4,0.07531533090223767,1.0740369468709724e-4,98,2023-03-01,1.75198809654185e-5,batgod,Bar-tailed Godwit
batgod,state,WLS-2112,Bridgend,EU,Europe,postbreeding_migration,0.01926920423985099,5.684070889717116e-6,6.448335788629617e-5,0.07531533090223767,5.5930497035683656e-5,147,2023-09-20,2.2886833195171556e-5,batgod,Bar-tailed Godwit
batgod,state,WLS-2112,Bridgend,EU,Europe,prebreeding_migration,0.07197060914307712,7.557145169298173e-6,1.942954272101907e-4,0.10539519759806254,8.440033617372456e-5,98,2023-03-15,2.042295790429185e-5,batgod,Bar-tailed Godwit
batgod,state,WLS-2116,Cardiff,EU,Europe,breeding,0.01299056438044616,1.1840588882792442e-5,6.42836479063219e-5,0.1609561647779714,1.7486099076765256e-4,21,2023-06-28,2.395427739794918e-5,batgod,Bar-tailed Godwit
batgod,state,WLS-2116,Cardiff,EU,Europe,nonbreeding,0.04330715012307431,4.351203725747782e-6,5.5898986919772115e-5,0.1609561647779714,8.73678929956093e-5,98,2023-03-01,2.023198343165723e-5,batgod,Bar-tailed Godwit
batgod,state,WLS-2116,Cardiff,EU,Europe,postbreeding_migration,0.034967068266819896,3.926117936669913e-6,4.45401320507972e-5,0.1609561647779714,4.549684900916065e-5,147,2023-07-12,2.629976558321009e-5,batgod,Bar-tailed Godwit
batgod,state,WLS-2116,Cardiff,EU,Europe,prebreeding_migration,0.15141264253640824,6.051640763766378e-6,1.5558866492276072e-4,0.22691207522777523,6.9165476913479e-5,98,2023-03-15,2.2258630954808016e-5,batgod,Bar-tailed Godwit
batgod,state,WLS-2117,Vale of Glamorgan,EU,Europe,breeding,0.008852625112206008,2.4848362440095633e-5,1.3490404894212234e-4,0.12086913432671012,4.0437206737004434e-4,21,2023-06-28,3.2699836399513925e-5,batgod,Bar-tailed Godwit
batgod,state,WLS-2117,Vale of Glamorgan,EU,Europe,nonbreeding,0.06456961396865143,1.997829489672363e-5,2.566568966888308e-4,0.14228685757644735,2.3784249506717523e-4,98,2023-12-27,3.887745178288745e-5,batgod,Bar-tailed Godwit
batgod,state,WLS-2117,Vale of Glamorgan,EU,Europe,postbreeding_migration,0.0265414880862032,9.177191739575969e-6,1.0411132282055152e-4,0.14228685757644735,1.238565302997192e-4,147,2023-07-12,3.3830864383439086e-5,batgod,Bar-tailed Godwit
batgod,state,WLS-2117,Vale of Glamorgan,EU,Europe,prebreeding_migration,0.14899640709626888,1.833864374035926e-5,4.714895030022952e-4,0.206540027325659,1.938725914681317e-4,98,2023-04-19,3.8089473152023205e-5,batgod,Bar-tailed Godwit
batgod,state,WLS-2118,Neath Port Talbot,EU,Europe,breeding,0.0035025066245367737,1.131971482414675e-5,6.145577465432703e-5,0.0372025301640628,1.4330753797649757e-4,21,2023-06-28,1.4336043683418314e-5,batgod,Bar-tailed Godwit
batgod,state,WLS-2118,Neath Port Talbot,EU,Europe,nonbreeding,0.05291165840362916,1.885004641399101e-5,2.4216252888772656e-4,0.0744050603281256,1.4320492624946297e-4,98,2023-03-01,2.560565652465896e-5,batgod,Bar-tailed Godwit
batgod,state,WLS-2118,Neath Port Talbot,EU,Europe,postbreeding_migration,0.016874243785485746,6.717995008574392e-6,7.621278566387008e-5,0.0744050603281256,7.45739960475782e-5,133,2023-09-20,1.988177902313515e-5,batgod,Bar-tailed Godwit
batgod,state,WLS-2118,Neath Port Talbot,EU,Europe,prebreeding_migration,0.08943638733068345,1.2674664914614554e-5,3.2586768934064986e-4,0.10769964704596846,1.1640115403717416e-4,98,2023-03-08,2.759954510883583e-5,batgod,Bar-tailed Godwit
batgod,state,WLS-2119,Swansea,EU,Europe,breeding,0.007003844813653996,2.73266742319074e-5,1.483590319842615e-4,0.08590439515038625,3.9948979158964984e-4,21,2023-06-21,4.434090759244356e-5,batgod,Bar-tailed Godwit
batgod,state,WLS-2119,Swansea,EU,Europe,nonbreeding,0.1087339063910734,4.676487579501378e-5,6.007783926322576e-4,0.14753674536076386,3.428067997789329e-4,98,2023-12-27,1.012982725669934e-4,batgod,Bar-tailed Godwit
batgod,state,WLS-2119,Swansea,EU,Europe,postbreeding_migration,0.04462257374966794,2.1446860054836917e-5,2.433054723077505e-4,0.11672057025557506,1.4122971645894985e-4,147,2023-09-20,9.430707194078442e-5,batgod,Bar-tailed Godwit
batgod,state,WLS-2119,Swansea,EU,Europe,prebreeding_migration,0.1369315688686713,2.3427155849736207e-5,6.023159741110196e-4,0.1939448738893853,2.5305507743802574e-4,98,2023-03-08,8.018329608892583e-5,batgod,Bar-tailed Godwit
batgod,state,WLS-2125,Denbighshire,EU,Europe,breeding,0.04219933240271213,2.457912149710394e-4,0.0013344231505772093,0.05296049208863782,3.676654533720293e-4,21,2023-06-21,3.236473205105818e-4,batgod,Bar-tailed Godwit
batgod,state,WLS-2125,Denbighshire,EU,Europe,nonbreeding,0.22191153088064605,1.4247713547149815e-4,0.0018303733941391483,0.05296049208863782,1.837010979256781e-4,98,2023-01-04,3.2464824349611566e-4,batgod,Bar-tailed Godwit
batgod,state,WLS-2125,Denbighshire,EU,Europe,postbreeding_migration,0.11968417621656138,8.587294317270783e-5,9.741918837382544e-4,0.05296049208863782,9.56623861303561e-5,147,2023-07-19,5.504480815331598e-4,batgod,Bar-tailed Godwit
batgod,state,WLS-2125,Denbighshire,EU,Europe,prebreeding_migration,0.08930139222502885,2.280786971450401e-5,5.863940271965788e-4,0.05296049208863782,1.0315713530608634e-4,98,2023-06-07,2.5516221427823916e-4,batgod,Bar-tailed Godwit
batgod,state,WLS-2126,Flintshire,EU,Europe,breeding,0.07090425637415335,2.488229504420795e-4,0.0013508827217602506,0.1263654224103831,5.285504162705059e-4,21,2023-06-21,3.5144394646174627e-4,batgod,Bar-tailed Godwit
batgod,state,WLS-2126,Flintshire,EU,Europe,nonbreeding,0.4905994590118331,1.8977968586599765e-4,0.002438059177759765,0.1434963497671067,2.9988721213916586e-4,98,2023-01-04,4.474120877967264e-4,batgod,Bar-tailed Godwit
batgod,state,WLS-2126,Flintshire,EU,Europe,postbreeding_migration,0.25544626997132236,1.1042731981442197e-4,0.0012527508052195032,0.1434963497671067,1.5616633001736045e-4,147,2023-07-19,6.46097729531354e-4,batgod,Bar-tailed Godwit
batgod,state,WLS-2126,Flintshire,EU,Europe,prebreeding_migration,0.16483235811184366,2.536450074955394e-5,6.521254255018452e-4,0.15667965956724791,1.8387269166006393e-4,98,2023-06-07,2.593319399177788e-4,batgod,Bar-tailed Godwit
batgod,state,WLS-2128,Anglesey,EU,Europe,breeding,0.09368540949890312,7.007025037078003e-4,0.003804178447652301,0.1781679806469135,0.0015882958622333505,21,2023-06-21,8.279482881642507e-4,batgod,Bar-tailed Godwit
batgod,state,WLS-2128,Anglesey,EU,Europe,nonbreeding,0.6913324218014234,5.699715311974325e-4,0.007322302786816142,0.22639479139396973,0.001008386691011336,98,2023-12-27,0.0010417891348518534,batgod,Bar-tailed Godwit
batgod,state,WLS-2128,Anglesey,EU,Europe,postbreeding_migration,0.26295772445537025,2.4227381602784956e-4,0.002748493023488665,0.2022813860204416,4.691870885068168e-4,147,2023-07-19,9.144335742332145e-4,batgod,Bar-tailed Godwit
batgod,state,WLS-2128,Anglesey,EU,Europe,prebreeding_migration,0.20333924177684223,6.668814351559905e-5,0.0017145629790013882,0.21031918781161765,5.260500804834772e-4,98,2023-03-08,4.656485885226624e-4,batgod,Bar-tailed Godwit
batgod,state,WLS-2129,Conwy,EU,Europe,breeding,0.01746004123054649,1.5118624139594732e-4,8.208040331761961e-4,0.044230013023039264,4.564824755014148e-4,21,2023-06-28,1.966737593261085e-4,batgod,Bar-tailed Godwit
batgod,state,WLS-2129,Conwy,EU,Europe,nonbreeding,0.0712425976075734,6.80003708254667e-5,8.735862714998858e-4,0.030344498000720435,1.5647534827788003e-4,98,2023-01-04,1.866195718105214e-4,batgod,Bar-tailed Godwit
batgod,state,WLS-2129,Conwy,EU,Europe,postbreeding_migration,0.03728477210298136,3.977015974367989e-5,4.511754856165261e-4,0.05117277053419867,1.374150681997417e-4,147,2023-07-19,2.692498152666066e-4,batgod,Bar-tailed Godwit
batgod,state,WLS-2129,Conwy,EU,Europe,prebreeding_migration,0.03294448277200302,1.2508793318657556e-5,3.216031037231297e-4,0.05117277053419867,1.48180965965657e-4,98,2023-06-07,1.2760277324967375e-4,batgod,Bar-tailed Godwit
batgod,state,WLS-2130,Gwynedd,EU,Europe,breeding,0.016343913251033806,3.4668184578426955e-4,0.0018821676802154056,0.03967043807928024,0.001002956471400865,21,2023-06-21,4.534911833742895e-4,batgod,Bar-tailed Godwit
batgod,state,WLS-2130,Gwynedd,EU,Europe,nonbreeding,0.16054941680155788,3.7539485282641634e-4,0.004822617668697495,0.07518688691190224,9.497649082625268e-4,98,2023-12-27,8.503797604120897e-4,batgod,Bar-tailed Godwit
batgod,state,WLS-2130,Gwynedd,EU,Europe,postbreeding_migration,0.06506642933117587,1.7001641851040403e-4,0.0019287636931456904,0.055347785806371994,3.640857865242718e-4,147,2023-07-19,6.326545636555482e-4,batgod,Bar-tailed Godwit
batgod,state,WLS-2130,Gwynedd,EU,Europe,prebreeding_migration,0.06900561511756545,6.418376677144196e-5,0.0016501750469846664,0.08652351611506238,6.137559240382963e-4,98,2023-03-08,3.972725372065781e-4,batgod,Bar-tailed Godwit
batgod,state,WLS-2132,Monmouthshire,EU,Europe,breeding,0.0023486785488315196,1.3154989754079428e-5,7.141965133097998e-5,0.04267179474211593,2.848707632162451e-4,21,2023-06-14,1.5230998224539074e-5,batgod,Bar-tailed Godwit
batgod,state,WLS-2132,Monmouthshire,EU,Europe,nonbreeding,0.01942755387958751,1.1994705366810138e-5,1.540934234906714e-4,0.05340506511442342,1.7813462592889572e-4,98,2023-12-27,2.5361033713118895e-5,batgod,Bar-tailed Godwit
batgod,state,WLS-2132,Monmouthshire,EU,Europe,postbreeding_migration,0.024395843269221368,1.6832227977607056e-5,1.9095444123811423e-4,0.05340506511442342,9.276364464457876e-5,147,2023-09-20,5.289256383502927e-5,batgod,Bar-tailed Godwit
batgod,state,WLS-2132,Monmouthshire,EU,Europe,prebreeding_migration,0.06505187940717173,1.597689934177928e-5,4.107686717090693e-4,0.05980558218332498,1.1201988973875832e-4,98,2023-04-19,3.370565127705005e-5,batgod,Bar-tailed Godwit
batgod,state,WLS-2133,Newport,EU,Europe,breeding,0.017190897711015358,3.1403923688783024e-5,1.7049479491856428e-4,0.26131549561027484,5.689715584110337e-4,21,2023-06-14,4.3882470638798574e-5,batgod,Bar-tailed Godwit
batgod,state,WLS-2133,Newport,EU,Europe,nonbreeding,0.112650322166063,2.2684140307911524e-5,2.914183160064068e-4,0.26131549561027484,2.842820803803661e-4,98,2023-03-01,4.743446332508758e-5,batgod,Bar-tailed Godwit
batgod,state,WLS-2133,Newport,EU,Europe,postbreeding_migration,0.10749862292495882,2.4190625339642177e-5,2.7443231823364605e-4,0.26131549561027484,1.4803995430822154e-4,147,2023-09-20,1.0346957148757312e-4,batgod,Bar-tailed Godwit
batgod,state,WLS-2133,Newport,EU,Europe,prebreeding_migration,0.3216127283968266,2.5762280437029093e-5,6.623524057413552e-4,0.2942244167658411,1.797424070522182e-4,98,2023-03-08,5.973313392543587e-5,batgod,Bar-tailed Godwit
batgod,state,YEM-151,Al Hudaydah,AS,Asia,nonbreeding,0.2636469526696255,0.0033635722921956128,0.020815382781537654,0.06552929324918776,0.0045165615084139694,56,2023-01-18,0.006387337087776474,batgod,Bar-tailed Godwit
batgod,state,YEM-151,Al Hudaydah,AS,Asia,prebreeding_migration,0.07643148610077778,3.8789260720449906e-4,4.515718236978573e-4,0.04527159355947609,0.0017522083603670816,35,2023-03-29,4.523007262710155e-4,batgod,Bar-tailed Godwit
batgod,state,YEM-154,Hajjah,AS,Asia,nonbreeding,0.1166836113155144,7.988647053390023e-4,0.004943754195762224,0.022110622989047823,8.178219943785263e-4,56,2023-01-18,0.0017350600005351469,batgod,Bar-tailed Godwit
batgod,state,YEM-154,Hajjah,AS,Asia,prebreeding_migration,0.03330927170766405,9.071721260435512e-5,1.0560999713752664e-4,0.021142701437585263,4.3914283884483615e-4,35,2023-03-15,2.5170578284113774e-4,batgod,Bar-tailed Godwit
batgod,state,YEM-332,Al Mahrah,AS,Asia,nonbreeding,0.008345561121189156,3.9636792663551334e-4,0.0024529129742167657,0.006574297832018674,0.0016868900332081542,42,2023-02-22,3.175392068784244e-4,batgod,Bar-tailed Godwit
batgod,state,YEM-332,Al Mahrah,AS,Asia,postbreeding_migration,0.015670616225932698,8.317318742639975e-4,0.0015845638835604251,0.00866721397720835,0.0011581008316411902,42,2023-10-25,0.002571799938375713,batgod,Bar-tailed Godwit
batgod,state,YEM-3497,Hadramawt,AS,Asia,nonbreeding,1.9394779824940476e-4,2.424707796301822e-5,1.500524339271904e-4,1.5275342052806565e-4,1.0317154491013308e-4,0,2023-11-29,1.788524474108066e-5,batgod,Bar-tailed Godwit
batgod,state,YEM-3497,Hadramawt,AS,Asia,postbreeding_migration,3.7091831752867987e-4,5.182116162056202e-5,9.872645698561586e-5,3.6477934628239027e-4,1.2830060017953384e-4,0,2023-11-22,3.39428834859481e-5,batgod,Bar-tailed Godwit
batgod,state,ZAF-1188,Northern Cape,AF,Africa,nonbreeding,4.453303815246537e-4,1.2255044204459372e-4,0.0015457386883296403,0.001733817854952628,0.0025776886724903337,21,2023-02-15,1.5741810247591213e-4,batgod,Bar-tailed Godwit
batgod,state,ZAF-1188,Northern Cape,AF,Africa,postbreeding_migration,2.9254292793021435e-4,8.996559750004499e-5,0.003155842513631999,0.0014207674089195149,0.0010999664417017786,7,2023-10-25,2.849392876192213e-4,batgod,Bar-tailed Godwit
batgod,state,ZAF-1188,Northern Cape,AF,Africa,prebreeding_migration,1.7041470082030412e-5,1.8655238344917105e-6,1.0207962245550292e-4,1.2040401770504364e-4,1.0052069721155586e-4,0,2023-03-08,5.212966258976516e-6,batgod,Bar-tailed Godwit
batgod,state,ZAF-1189,Western Cape,AF,Africa,nonbreeding,0.003390185617963711,3.385646336117161e-4,0.004270343247585747,0.013669500324066776,0.007375053701847344,98,2023-01-04,8.252109817664534e-4,batgod,Bar-tailed Godwit
batgod,state,ZAF-1189,Western Cape,AF,Africa,postbreeding_migration,0.0010374492766590656,1.157815321840034e-4,0.004061422273770224,0.01021894684420526,0.0028710988478317613,77,2023-10-11,2.794921089350788e-4,batgod,Bar-tailed Godwit
batgod,state,ZAF-1189,Western Cape,AF,Africa,prebreeding_migration,0.00197557508061232,7.848250211698032e-5,0.004294485032750816,0.014996636277859668,0.0045435355139623245,21,2023-03-22,2.854301418550571e-4,batgod,Bar-tailed Godwit
batgod,state,ZAF-1216,KwaZulu-Natal,AF,Africa,postbreeding_migration,0.0019418259672351597,1.536280577642892e-4,0.005389015017423899,0.03339419148715741,0.00665121142728267,42,2023-11-08,2.2637870351075972e-4,batgod,Bar-tailed Godwit
batgod,state,ZAF-1926,Eastern Cape,AF,Africa,nonbreeding,7.060508179127247e-4,8.953350267762599e-5,0.0011292933479596305,0.007472913492343429,0.0051195761134183015,56,2023-01-04,2.589904455667802e-4,batgod,Bar-tailed Godwit
batgod,state,ZAF-1926,Eastern Cape,AF,Africa,postbreeding_migration,3.692378847039663e-4,5.2325113186328065e-5,0.0018354773525951168,0.00240387427026432,8.576009545471494e-4,7,2023-11-22,3.758155151588775e-5,batgod,Bar-tailed Godwit
