species_code,region_type,region_code,region_name,continent_code,continent_name,season,abundance_mean,total_pop_percent,continent_pop_percent,range_occupied_percent,range_total_percent,range_days_occupation,max_week,max_week_percent_pop,speciesCode,commonName
arcter,country,ALD,Aland,EU,Europe,breeding,8.38684620905124,0.0010556664303000584,0.0038654516757195105,0.5158562367864693,4.5973459747786585e-4,28,2023-06-14,0.001551257793455926,arcter,Arctic Tern
arcter,country,ALD,Aland,EU,Europe,postbreeding_migration,1.8270169229829492,3.812785751688532e-4,7.31482346725424e-4,0.49682875264270615,1.8398817464940467e-4,56,2023-07-19,0.0016002802414193948,arcter,Arctic Tern
arcter,country,ALD,Aland,EU,Europe,prebreeding_migration,5.797283607891448,0.0013223563743254751,0.0015697370776770884,0.5264270613107822,6.011965985310522e-4,49,2023-04-26,0.006509882308413938,arcter,Arctic Tern
arcter,country,BEL,Belgium,EU,Europe,breeding,0.001682670311026753,3.199124773803846e-7,1.171398640972319e-6,0.049742310664280545,6.695894043338894e-5,28,2023-06-14,6.617029807207646e-7,arcter,Arctic Tern
arcter,country,BEL,Belgium,EU,Europe,postbreeding_migration,0.0027684388672883126,8.726475719333964e-7,1.6741729941143288e-6,0.051142009961210586,2.8606524459119613e-5,133,2023-10-18,6.35964989987915e-4,arcter,Arctic Tern
arcter,country,BEL,Belgium,EU,Europe,prebreeding_migration,0.004493436276541861,3.1756688639280925e-6,3.769759241093687e-6,0.03311972953199414,1.1719194107924998e-4,56,2023-04-19,4.808477404475572e-4,arcter,Arctic Tern
arcter,country,BEL-EEZ,Belgium EEZ,EU,Europe,breeding,0.0325364892395993,3.1343693755705436e-6,1.1476876603606066e-5,0.9639983843138042,6.575159038793313e-4,28,2023-06-14,1.185190396939079e-5,arcter,Arctic Tern
arcter,country,BEL-EEZ,Belgium EEZ,EU,Europe,postbreeding_migration,0.028307489957272072,4.521188845386975e-6,8.673893688224836e-6,1,2.834227077167545e-4,84,2023-10-11,0.0013590139307574395,arcter,Arctic Tern
arcter,country,BEL-EEZ,Belgium EEZ,EU,Europe,prebreeding_migration,0.243345779991924,4.24814409081796e-5,5.042868488514162e-5,1,8.74036887799502e-4,49,2023-05-03,7.649928964829828e-4,arcter,Arctic Tern
arcter,country,BHS-EEZ,The Bahamas EEZ,NA,North America,prebreeding_migration,2.192444234932384e-4,7.11878349822392e-6,6.045157405315553e-5,0.009244433537199968,0.001502836989703478,28,2023-05-24,5.267525194347004e-6,arcter,Arctic Tern
arcter,country,CAN,Canada,NA,North America,breeding,0.16346255776113405,0.04620179422839901,0.06647530166030592,0.049748836310840344,0.09955749213115836,28,2023-06-28,0.05623486948905234,arcter,Arctic Tern
arcter,country,CAN,Canada,NA,North America,postbreeding_migration,0.10050443912968808,0.05035391964044344,0.1292837118237804,0.0754328105003817,0.06706434457354367,63,2023-08-02,0.06698040823534557,arcter,Arctic Tern
arcter,country,CAN,Canada,NA,North America,prebreeding_migration,0.024772980886603953,0.012716994885525086,0.10799069226472752,0.019267708032669348,0.04952113934825139,28,2023-06-07,0.014511629026098778,arcter,Arctic Tern
arcter,country,CAN-EEZ,Canada EEZ,NA,North America,breeding,3.874926139266308,0.6041445671928315,0.8692452970991488,0.35462773532657016,0.39147191885102,28,2023-06-28,0.7259537721187043,arcter,Arctic Tern
arcter,country,CAN-EEZ,Canada EEZ,NA,North America,postbreeding_migration,0.8897164009123159,0.2299857045393109,0.5904884021256607,0.508193063019935,0.2331102313464704,77,2023-07-12,0.49877289630584737,arcter,Arctic Tern
arcter,country,CAN-EEZ,Canada EEZ,NA,North America,prebreeding_migration,0.20823410368702372,0.0588335748227584,0.4996053337058481,0.06760850738491697,0.09563768828893168,42,2023-06-07,0.06471700495904874,arcter,Arctic Tern
arcter,country,CHL,Chile,SA,South America,postbreeding_migration,0.005697053057953404,1.572335530227869e-5,0.0033298921410582364,0.036128685970374906,1.7694181902453383e-4,28,2023-11-29,0.052930895419580015,arcter,Arctic Tern
arcter,country,CHL-EEZ,Chile EEZ,SA,South America,postbreeding_migration,0.026601446292337905,0.004706157905777193,0.9966701078589416,0.00724225909264611,0.0022736240816249834,28,2023-11-22,0.9651892095050676,arcter,Arctic Tern
arcter,country,CPV-EEZ,Cape Verde EEZ,AF,Africa,prebreeding_migration,0.036535222446110904,0.0015734061310526692,0.6642217624566267,0.06177518610733752,0.013319793348411898,14,2023-04-19,0.2616532788652272,arcter,Arctic Tern
arcter,country,DEU,Germany,EU,Europe,breeding,0.07241562001997108,2.007102502477246e-4,7.349251154397596e-4,0.06827885817151862,0.0013399050349465402,28,2023-06-14,4.448567401418915e-4,arcter,Arctic Tern
arcter,country,DEU,Germany,EU,Europe,postbreeding_migration,0.025753316553964248,1.1933504572674677e-4,2.289440975174872e-4,0.07530593271738788,6.192234389078004e-4,112,2023-10-18,0.0012001067511336015,arcter,Arctic Tern
arcter,country,DEU,Germany,EU,Europe,prebreeding_migration,0.0624210132619594,3.135191313539225e-4,3.721709325887312e-4,0.0788092387611645,0.0019818222862391863,56,2023-04-19,0.011633973904312868,arcter,Arctic Tern
arcter,country,DEU-EEZ,Germany EEZ,EU,Europe,breeding,0.6373435567428789,9.374396107695132e-4,0.003432549724352697,0.8004393422298589,0.00833582516917906,28,2023-06-14,0.002514534073540528,arcter,Arctic Tern
arcter,country,DEU-EEZ,Germany EEZ,EU,Europe,postbreeding_migration,0.4288324678438646,0.0010457530982444358,0.002006275674053956,0.8433721235291143,0.003649590183793431,84,2023-08-02,0.004991636689505399,arcter,Arctic Tern
arcter,country,DEU-EEZ,Germany EEZ,EU,Europe,prebreeding_migration,0.5980416918073738,0.0015940322224412503,0.001892236866823744,0.9309226821802262,0.01242320321047477,49,2023-05-03,0.00819816124886743,arcter,Arctic Tern
arcter,country,DNK,Denmark,EU,Europe,breeding,0.16742996035392382,2.752540040469992e-4,0.001007876181957928,0.18550449957708876,0.002159262236617436,28,2023-06-14,6.415983637651153e-4,arcter,Arctic Tern
arcter,country,DNK,Denmark,EU,Europe,postbreeding_migration,0.06229077882619809,1.697837148648529e-4,3.257297899051956e-4,0.20391965372406995,9.863128994086966e-4,105,2023-10-11,0.0018688242535454891,arcter,Arctic Tern
arcter,country,DNK,Denmark,EU,Europe,prebreeding_migration,0.15846636921715604,4.720994694906764e-4,5.604177935688583e-4,0.20284595070609765,0.0030256388623795196,63,2023-04-12,0.152804691042125,arcter,Arctic Tern
arcter,country,DNK-EEZ,Denmark EEZ,EU,Europe,breeding,0.4312009760121112,0.0011727636917442056,0.004294217612079531,0.7847865568117409,0.015112377799649275,28,2023-06-14,0.004663912676480888,arcter,Arctic Tern
arcter,country,DNK-EEZ,Denmark EEZ,EU,Europe,postbreeding_migration,0.38937796529942753,0.001755795566396905,0.0033684910323359307,0.8859174481906862,0.007088905536206235,91,2023-08-09,0.007356161847550231,arcter,Arctic Tern
arcter,country,DNK-EEZ,Denmark EEZ,EU,Europe,prebreeding_migration,0.6461732945843409,0.0031847527118672196,0.003780542455962903,0.8423478260543453,0.020786076076404345,49,2023-05-03,0.015346047606713363,arcter,Arctic Tern
arcter,country,ENG,England,EU,Europe,breeding,0.2695346486173934,4.609748941316904e-4,0.0016879159229108889,0.06399058824096453,7.748707091778129e-4,28,2023-06-14,6.126681345966168e-4,arcter,Arctic Tern
arcter,country,ENG,England,EU,Europe,postbreeding_migration,0.03903391516628862,1.724003749747938e-4,3.3074984821021493e-4,0.10816927309849168,8.477803782877793e-4,133,2023-10-18,0.0077302029059164975,arcter,Arctic Tern
arcter,country,ENG,England,EU,Europe,prebreeding_migration,0.06353785388347574,4.499481391000657e-4,5.341224882267157e-4,0.06945717129235275,0.0024626424023493233,63,2023-04-12,0.2461332925092013,arcter,Arctic Tern
arcter,country,ESP,Spain,EU,Europe,postbreeding_migration,0.010707298234328736,3.2965990768726244e-5,6.324520143561013e-5,0.08005185857654051,4.3736196288037026e-4,112,2023-10-11,0.024412452102889937,arcter,Arctic Tern
arcter,country,ESP-EEZ,Spain EEZ,EU,Europe,postbreeding_migration,0.07512561107790693,0.0036621477124840368,0.007025824625988056,0.14583940818841756,0.012615547133524292,105,2023-10-11,0.7974431959784748,arcter,Arctic Tern
arcter,country,EST,Estonia,EU,Europe,breeding,1.99227518690867,0.0016416225440835728,0.006011001611676827,0.2365398716000802,0.0013799991172049068,28,2023-06-14,0.0023606806449605355,arcter,Arctic Tern
arcter,country,EST,Estonia,EU,Europe,postbreeding_migration,0.5735267969434272,7.835189339263342e-4,0.0015031798422935794,0.22168391091390172,5.374193673503585e-4,56,2023-07-19,0.002591690299337712,arcter,Arctic Tern
arcter,country,EST,Estonia,EU,Europe,prebreeding_migration,1.2695199286606622,0.0018956556007650167,0.002250286640426229,0.2355710045988077,0.0017611489650833935,56,2023-04-26,0.01667656733790308,arcter,Arctic Tern
arcter,country,EST-EEZ,Estonia EEZ,EU,Europe,breeding,12.929012423023313,0.011866221017839072,0.043449618744461446,1,0.00649826698644939,28,2023-06-14,0.019783386257475662,arcter,Arctic Tern
arcter,country,EST-EEZ,Estonia EEZ,EU,Europe,postbreeding_migration,9.045779016042877,0.013764639902227892,0.026407440001193588,1,0.00270023919923268,56,2023-07-26,0.02682653991600029,arcter,Arctic Tern
arcter,country,EST-EEZ,Estonia EEZ,EU,Europe,prebreeding_migration,10.755481293940107,0.017888456274783606,0.021234951199336636,1,0.008327168578073795,49,2023-05-03,0.08830121698710718,arcter,Arctic Tern
arcter,country,FIN,Finland,EU,Europe,breeding,0.634359434953229,0.003642090749287358,0.013335960475653072,0.06767639684377481,0.0027510789756279865,28,2023-06-14,0.004802868595796753,arcter,Arctic Tern
arcter,country,FIN,Finland,EU,Europe,postbreeding_migration,0.1959749342775448,0.0018654674975163983,0.0035788964596790976,0.06147281168366389,0.0010383734950814823,63,2023-07-19,0.005370888289584337,arcter,Arctic Tern
arcter,country,FIN,Finland,EU,Europe,prebreeding_migration,0.31799580065051214,0.003720024677342951,0.004415950782464104,0.06227542271580839,0.0036475013592196736,49,2023-04-26,0.01798374925078666,arcter,Arctic Tern
arcter,country,FIN-EEZ,Finland EEZ,EU,Europe,breeding,11.8196120249336,0.023467594953738423,0.08592946752436854,0.993741471223196,0.013969769721084241,28,2023-06-14,0.036785640983258094,arcter,Arctic Tern
arcter,country,FIN-EEZ,Finland EEZ,EU,Europe,postbreeding_migration,7.812674163936206,0.02571798119677923,0.04933990647266031,0.9991958209051952,0.005836750493738416,63,2023-08-02,0.04999481677427024,arcter,Arctic Tern
arcter,country,FIN-EEZ,Finland EEZ,EU,Europe,prebreeding_migration,6.630667893081008,0.02385715063956948,0.028320243055328095,0.9535087496764412,0.017176723374258435,49,2023-05-03,0.07217120635790798,arcter,Arctic Tern
arcter,country,FRA,France,EU,Europe,breeding,2.1328683031003232e-4,8.018364539563454e-8,2.936022189999513e-7,0.02195586680873859,5.844169648205583e-5,0,2023-07-05,1.8059783612223165e-7,arcter,Arctic Tern
arcter,country,FRA,France,EU,Europe,postbreeding_migration,0.0021089765103646098,1.0979030178441822e-5,2.1063252127763215e-5,0.06249513061885834,5.773268735256304e-4,112,2023-10-25,0.014054677582748908,arcter,Arctic Tern
arcter,country,FRA,France,EU,Europe,prebreeding_migration,0.006431176830769459,8.861867216775842e-6,1.0519706954730649e-5,0.031153221646353077,2.1492755323265775e-4,35,2023-04-12,0.01958493337991913,arcter,Arctic Tern
arcter,country,FRA-EEZ,France EEZ,EU,Europe,breeding,6.12402503965087e-6,2.2423618886503906e-7,8.210682154200485e-7,6.266372498245099e-4,1.6245587572218126e-4,0,2023-06-14,1.4754882178094446e-6,arcter,Arctic Tern
arcter,country,FRA-EEZ,France EEZ,EU,Europe,postbreeding_migration,0.2001185452239006,0.012148646152569631,0.023307158534368055,0.14055106260353067,0.015141121215220462,126,2023-11-01,0.4328724549508985,arcter,Arctic Tern
arcter,country,FRA-EEZ,France EEZ,EU,Europe,prebreeding_migration,0.0010865079176135203,7.20937432086539e-5,8.558072844839662e-5,0.0057952916646822695,0.0019252818650885095,35,2023-05-03,0.0017155541456316565,arcter,Arctic Tern
arcter,country,FRO,Faroe Islands,EU,Europe,breeding,9.310335561020734,9.043261509400892e-4,0.003311300743507359,0.5808219178082191,3.994415355135556e-4,28,2023-06-14,0.0011806750172398336,arcter,Arctic Tern
arcter,country,FRO,Faroe Islands,EU,Europe,postbreeding_migration,4.352488772734388,7.009212313178667e-4,0.0013447162797621329,0.8493150684931506,2.4270780485666148e-4,91,2023-08-02,0.002720955867775776,arcter,Arctic Tern
arcter,country,FRO,Faroe Islands,EU,Europe,prebreeding_migration,3.1284669724229266,5.506647343200228e-4,6.536807078744312e-4,0.6301369863013698,5.553221592857108e-4,28,2023-06-07,0.001206891136676042,arcter,Arctic Tern
arcter,country,FRO-EEZ,Faroe Islands EEZ,EU,Europe,postbreeding_migration,1.2588310418052808,0.016309058032787746,0.03128890218240424,1,0.022990308110710837,77,2023-09-13,0.070017874606294,arcter,Arctic Tern
arcter,country,FRO-EEZ,Faroe Islands EEZ,EU,Europe,prebreeding_migration,0.12178372151308615,0.0017245461058306049,0.002047166722258817,0.028069673278039945,0.00199011085421471,21,2023-05-17,0.004098226741488619,arcter,Arctic Tern
arcter,country,GBR-EEZ,United Kingdom EEZ,EU,Europe,breeding,1.560804865936675,0.0322482024456526,0.11808073516845538,0.3309981634742315,0.04842091094959055,28,2023-06-14,0.05248010148168124,arcter,Arctic Tern
arcter,country,GBR-EEZ,United Kingdom EEZ,EU,Europe,postbreeding_migration,1.6455294779484793,0.05636822608831939,0.108142353085465,0.9087810367967396,0.05524224435864432,119,2023-10-04,0.2916615551032424,arcter,Arctic Tern
arcter,country,GBR-EEZ,United Kingdom EEZ,EU,Europe,prebreeding_migration,2.153925155930087,0.08064611369259815,0.09573303936195532,0.4792229906026978,0.08983484495592986,49,2023-05-03,0.193414326440298,arcter,Arctic Tern
arcter,country,GGY,Guernsey,EU,Europe,postbreeding_migration,0.043391672894358635,9.38082782923944e-7,1.7997103434727122e-6,0.8367346938775511,3.210006451330039e-5,98,2023-10-25,3.4048058930088635e-4,arcter,Arctic Tern
arcter,country,GGY-EEZ,Guernsey EEZ,EU,Europe,postbreeding_migration,0.10926060081325611,1.782305091375929e-5,3.419349514309761e-5,1,2.8946883993493375e-4,105,2023-10-25,0.003591351865085965,arcter,Arctic Tern
arcter,country,GMB-EEZ,Gambia EEZ,AF,Africa,prebreeding_migration,0.10204621329453784,1.2096311566869194e-4,0.05106522231990323,0.1474820887885695,8.752854174078337e-4,14,2023-04-19,0.022223719163767523,arcter,Arctic Tern
arcter,country,GNB-EEZ,Guinea Bissau EEZ,AF,Africa,prebreeding_migration,0.014483877191988704,6.807832998882676e-5,0.02873962890943422,0.020069669465284625,4.723007357480994e-4,14,2023-04-19,0.0041899369389947,arcter,Arctic Tern
arcter,country,GRL,Greenland,NA,North America,breeding,0.007056123714081802,2.7300292039425164e-4,3.927975480267669e-4,0.00284751569300187,7.800414891632642e-4,7,2023-07-05,2.9311789365367295e-4,arcter,Arctic Tern
arcter,country,GRL,Greenland,NA,North America,postbreeding_migration,0.041144295061716026,0.004641217890611383,0.011916329067643,0.016372522027451413,0.003277338293967694,70,2023-08-16,0.013336991140478496,arcter,Arctic Tern
arcter,country,GRL-EEZ,Greenland EEZ,NA,North America,breeding,0.22514096055171015,0.013593559382929657,0.019558460352219177,0.09816099709977108,0.041963152335807115,14,2023-07-05,0.013395121299518078,arcter,Arctic Tern
arcter,country,GRL-EEZ,Greenland EEZ,NA,North America,postbreeding_migration,0.6527064566074643,0.0653383830721113,0.1677563285727208,0.5876234672609779,0.10438376629566212,84,2023-09-06,0.17515628257224433,arcter,Arctic Tern
arcter,country,GRL-EEZ,Greenland EEZ,NA,North America,prebreeding_migration,0.07645481382600237,0.008365259989886091,0.07103645361298944,0.01104520630660805,0.006050660459639702,14,2023-05-10,0.028026806635964463,arcter,Arctic Tern
arcter,country,IMN,Isle of Man,EU,Europe,breeding,0.3719865598461845,1.0888970600692523e-5,3.9871296886217824e-5,0.2818181818181818,5.840890377792558e-5,28,2023-06-14,1.81931346241734e-5,arcter,Arctic Tern
arcter,country,IMN,Isle of Man,EU,Europe,postbreeding_migration,0.12149203679291531,5.896294804840814e-6,1.1312032308450094e-5,0.4090909090909091,3.523177812435408e-5,98,2023-10-18,1.375095922906741e-4,arcter,Arctic Tern
arcter,country,IMN,Isle of Man,EU,Europe,prebreeding_migration,0.6067792160944505,3.2187422973387234e-5,3.820890665874705e-5,0.2909090909090909,7.726221346583803e-5,56,2023-05-31,1.0647845664770489e-4,arcter,Arctic Tern
arcter,country,IMN-EEZ,Isle of Man EEZ,EU,Europe,breeding,1.2493462878400636,1.311730716127159e-4,4.803062358727539e-4,1,7.433824910166628e-4,28,2023-06-14,2.730651026087037e-4,arcter,Arctic Tern
arcter,country,IMN-EEZ,Isle of Man EEZ,EU,Europe,postbreeding_migration,0.5934518394874728,1.0330447569215236e-4,1.981894741215664e-4,1,3.0889936446935824e-4,84,2023-08-09,3.8934320374456696e-4,arcter,Arctic Tern
arcter,country,IMN-EEZ,Isle of Man EEZ,EU,Europe,prebreeding_migration,2.516587664794512,4.788173240623389e-4,5.68392395278598e-4,1,9.526034146630996e-4,42,2023-05-31,0.0019176402959954152,arcter,Arctic Tern
arcter,country,IRL,Ireland,EU,Europe,breeding,0.15958589774301662,2.716324449898065e-4,9.946154007826058e-4,0.1289852148775629,0.0015544527786198552,28,2023-07-05,4.046273659907261e-4,arcter,Arctic Tern
arcter,country,IRL,Ireland,EU,Europe,postbreeding_migration,0.0893609456788565,2.5217770486366865e-4,4.8380253011545726e-4,0.1554247212538684,7.783275193352841e-4,105,2023-10-11,0.009854389535081306,arcter,Arctic Tern
arcter,country,IRL,Ireland,EU,Europe,prebreeding_migration,0.1889115303210107,5.82695322572035e-4,6.917034398513833e-4,0.13101768004755604,0.0020233327591241378,63,2023-04-12,0.0204930640469895,arcter,Arctic Tern
arcter,country,IRL-EEZ,Ireland EEZ,EU,Europe,breeding,0.4421198492157703,0.005505352838432861,0.020158522374059705,0.274498783328804,0.02420115198548025,28,2023-07-05,0.008172030829064827,arcter,Arctic Tern
arcter,country,IRL-EEZ,Ireland EEZ,EU,Europe,postbreeding_migration,0.5362932118668394,0.0110718258159915,0.02124128041243843,0.44593458344417786,0.01633696792969193,98,2023-10-04,0.076788850014906,arcter,Arctic Tern
arcter,country,IRL-EEZ,Ireland EEZ,EU,Europe,prebreeding_migration,0.686758063225572,0.015496900555960268,0.018395993594521046,0.2688494205645448,0.030374177467958036,56,2023-05-03,0.10072284561539235,arcter,Arctic Tern
arcter,country,ISL,Iceland,EU,Europe,breeding,6.866433027593583,0.023185981081943384,0.08489830390924194,0.22011190795176924,0.005262453814572457,28,2023-06-14,0.03692654456519759,arcter,Arctic Tern
arcter,country,ISL,Iceland,EU,Europe,postbreeding_migration,2.1220543706534634,0.011880168370737436,0.022792084332227847,0.21601387028134603,0.0021460067519745453,91,2023-08-02,0.03803745153739392,arcter,Arctic Tern
arcter,country,ISL,Iceland,EU,Europe,prebreeding_migration,3.5499848441523727,0.021722845916824527,0.025786661848776996,0.21680195444873512,0.006642135913891263,35,2023-06-07,0.04165421111808084,arcter,Arctic Tern
arcter,country,ISL-EEZ,Iceland EEZ,EU,Europe,breeding,4.51098308599192,0.10265162673397456,0.3758714790820736,0.2461288117277859,0.0396558773488387,28,2023-06-14,0.2945869040196516,arcter,Arctic Tern
arcter,country,ISL-EEZ,Iceland EEZ,EU,Europe,postbreeding_migration,3.86534904257126,0.14583277983035164,0.27977995871537226,0.9807278813262036,0.06565961270529345,91,2023-09-20,0.6171494639842785,arcter,Arctic Tern
arcter,country,ISL-EEZ,Iceland EEZ,EU,Europe,prebreeding_migration,12.884795805867642,0.5313346173168189,0.6307343963014684,0.5645437284396068,0.11655811112327534,42,2023-05-17,0.6932071987345317,arcter,Arctic Tern
arcter,country,JEY,Jersey,EU,Europe,postbreeding_migration,0.015682266232230374,2.560054658053738e-7,4.911460834612028e-7,0.5945945945945946,1.722442486079533e-5,77,2023-10-25,2.315408548499549e-4,arcter,Arctic Tern
arcter,country,JEY-EEZ,Jersey EEZ,EU,Europe,postbreeding_migration,0.11650801010706378,1.2130230908323092e-5,2.3271828917247516e-5,1,1.8475518720873364e-4,91,2023-10-25,0.003674180929230362,arcter,Arctic Tern
arcter,country,LTU,Lithuania,EU,Europe,breeding,0.07343125426288769,1.2660228596076847e-5,4.635697454904152e-5,0.03395697313247509,4.145148010046331e-5,21,2023-06-14,2.6861493709947852e-5,arcter,Arctic Tern
arcter,country,LTU,Lithuania,EU,Europe,postbreeding_migration,0.01959119945806356,5.600069633611242e-6,1.074372478339656e-5,0.0511068597596947,2.592357871144279e-5,35,2023-08-02,3.4401201501737135e-5,arcter,Arctic Tern
arcter,country,LTU,Lithuania,EU,Europe,prebreeding_migration,0.02642569453625583,8.256252105401805e-6,9.800795991254338e-6,0.0571094548137081,8.933443431987523e-5,28,2023-05-03,3.2063883720128394e-5,arcter,Arctic Tern
arcter,country,LTU-EEZ,Lithuania EEZ,EU,Europe,breeding,3.4395851224440435,6.438687941551701e-4,0.0023576042941928013,0.9930365658291076,0.001316154963778198,28,2023-06-14,0.0010586727092967217,arcter,Arctic Tern
arcter,country,LTU-EEZ,Lithuania EEZ,EU,Europe,postbreeding_migration,2.768263450411941,0.00085915304547338805,0.0016482837663271555,0.9731644780651988,5.359604222389065e-4,42,2023-08-02,0.0016633022105375975,arcter,Arctic Tern
arcter,country,LTU-EEZ,Lithuania EEZ,EU,Europe,prebreeding_migration,2.211671731533649,7.502533034382827e-4,8.906074420804517e-4,0.9997556837858058,0.001697991349712037,49,2023-05-03,0.005966295235979477,arcter,Arctic Tern
arcter,country,LVA,Latvia,EU,Europe,breeding,0.5676993713775934,1.9157721013935813e-4,7.014833726903344e-4,0.13357944657276877,3.1916520670035426e-4,28,2023-06-14,3.6699305060172856e-4,arcter,Arctic Tern
arcter,country,LVA,Latvia,EU,Europe,postbreeding_migration,0.18959774554093267,1.060792401157402e-4,2.035128553036257e-4,0.13428045062491717,1.3331940857485905e-4,56,2023-08-02,3.3520716113049313e-4,arcter,Arctic Tern
arcter,country,LVA,Latvia,EU,Europe,prebreeding_migration,0.3736453109273036,2.3294359523883424e-4,2.7652167415181326e-4,0.13412378655660065,4.186502797600833e-4,49,2023-04-26,0.002509275445764262,arcter,Arctic Tern
arcter,country,LVA-EEZ,Latvia EEZ,EU,Europe,breeding,7.714130557119212,0.006128663563142616,0.022440850784027647,1,0.005625087295951064,28,2023-06-14,0.01203849565462372,arcter,Arctic Tern
arcter,country,LVA-EEZ,Latvia EEZ,EU,Europe,postbreeding_migration,5.122750247817483,0.006747669135537468,0.012945392622713691,1,0.002337404918466121,49,2023-08-02,0.01386386474443479,arcter,Arctic Tern
arcter,country,LVA-EEZ,Latvia EEZ,EU,Europe,prebreeding_migration,7.152380295900878,0.010297346541471807,0.012223729534395324,1,0.0072082372542466785,49,2023-04-26,0.1348920845956064,arcter,Arctic Tern
arcter,country,MAR-EEZ,Morocco EEZ,AF,Africa,postbreeding_migration,4.572616273615456e-4,1.248231212917555e-5,1,0.0011636796573275064,5.636987609416629e-5,7,2023-09-06,3.876484151740457e-5,arcter,Arctic Tern
arcter,country,MEX,Mexico,NA,North America,postbreeding_migration,8.455956324906216e-7,3.2701357381930534e-9,8.396075011043032e-9,0.0011408686400191657,7.82928402763424e-6,0,2023-09-13,1.43084274282639e-7,arcter,Arctic Tern
arcter,country,MEX-EEZ,Mexico EEZ,NA,North America,postbreeding_migration,1.2586415483914067e-4,1.945474505539234e-5,4.995006687277443e-5,0.0019595683016344276,5.374861068531629e-4,14,2023-09-06,6.40421182988461e-5,arcter,Arctic Tern
arcter,country,NIR,Northern Ireland,EU,Europe,breeding,0.15057168401595936,3.591189878375295e-5,1.3149580714854302e-4,0.1338783307179857,2.260767075136826e-4,28,2023-07-05,5.191788886018064e-5,arcter,Arctic Tern
arcter,country,NIR,Northern Ireland,EU,Europe,postbreeding_migration,0.07535605174366046,2.9797854574793128e-5,5.716713713090156e-5,0.16387932375489178,1.1499378821778282e-4,98,2023-10-11,0.0010187283025856568,arcter,Arctic Tern
arcter,country,NIR,Northern Ireland,EU,Europe,prebreeding_migration,0.25517544055445845,8.060910586504385e-5,9.568910827030396e-5,0.18927701236230035,2.993625331926181e-4,56,2023-04-19,9.29040535814892e-4,arcter,Arctic Tern
arcter,country,NLD,Netherlands,EU,Europe,breeding,0.06804662050684604,5.231523633697033e-5,1.915586326894239e-4,0.24223357088079273,0.0013185798421744429,28,2023-06-14,9.679539506904812e-5,arcter,Arctic Tern
arcter,country,NLD,Netherlands,EU,Europe,postbreeding_migration,0.03406414770101462,4.108994009720534e-5,7.883098544364837e-5,0.22963542691758496,4.915415421931906e-4,133,2023-11-01,0.004523583151081178,arcter,Arctic Tern
arcter,country,NLD,Netherlands,EU,Europe,prebreeding_migration,0.06477612567157805,8.54037781891092e-5,1.0138074712691454e-4,0.24926236417794204,0.001645406343215306,63,2023-04-12,0.028124464412113248,arcter,Arctic Tern
arcter,country,NLD-EEZ,Netherlands EEZ,EU,Europe,breeding,0.1819096239252283,4.533080072081607e-4,0.001659842679265464,0.5892571576259967,0.010396641082327376,28,2023-06-14,7.165527988002279e-4,arcter,Arctic Tern
arcter,country,NLD-EEZ,Netherlands EEZ,EU,Europe,postbreeding_migration,0.1894512122211151,7.827208504340626e-4,0.0015016487203690098,0.7130614119844456,0.005227810136310237,126,2023-10-11,0.012024745932087548,arcter,Arctic Tern
arcter,country,NLD-EEZ,Netherlands EEZ,EU,Europe,prebreeding_migration,0.16479934699100002,7.441990906772555e-4,8.834206334170323e-4,0.5830310140213624,0.013181949643426356,56,2023-05-03,0.00713419050139341,arcter,Arctic Tern
arcter,country,NOR,Norway,EU,Europe,breeding,0.2969544469241035,0.0033086357473806004,0.012114974225733993,0.08207344402423301,0.006474589709705056,28,2023-06-14,0.004886866104575193,arcter,Arctic Tern
arcter,country,NOR,Norway,EU,Europe,postbreeding_migration,0.27560299074282657,0.005091137780085499,0.00976733982293697,0.10695887504827171,0.0035061549731799815,84,2023-07-26,0.010570048043707843,arcter,Arctic Tern
arcter,country,NOR,Norway,EU,Europe,prebreeding_migration,0.19736260817988585,0.003984923002268297,0.004730405138735481,0.08020517327936251,0.008107963448413975,42,2023-06-07,0.0070082888572396435,arcter,Arctic Tern
arcter,country,NOR-EEZ,Norway EEZ,EU,Europe,breeding,0.22648593671012127,0.013012781064132466,0.047647888505675806,0.11605609685645052,0.04721144721160442,28,2023-06-14,0.023850412177305068,arcter,Arctic Tern
arcter,country,NOR-EEZ,Norway EEZ,EU,Europe,postbreeding_migration,1.47127878055172,0.1401508235145463,0.2688791344609908,0.8813459269762235,0.14898084789607907,91,2023-08-30,0.44850108234712344,arcter,Arctic Tern
arcter,country,NOR-EEZ,Norway EEZ,EU,Europe,prebreeding_migration,0.6530879340348427,0.06799805287134224,0.08071883410131385,0.28508710631938244,0.14861297728006043,42,2023-06-07,0.07743705575563549,arcter,Arctic Tern
arcter,country,NSV,Svalbard,EU,Europe,breeding,2.231642599570874,0.005568720879546692,0.020390552202497934,0.2780206889196971,0.004912000391904903,28,2023-06-14,0.008063911086648785,arcter,Arctic Tern
arcter,country,NSV,Svalbard,EU,Europe,postbreeding_migration,6.366238095364464,0.026338163196497844,0.05052972466359887,0.7466140556681241,0.005481281747746732,70,2023-08-16,0.05982117983189763,arcter,Arctic Tern
arcter,country,NSV,Svalbard,EU,Europe,prebreeding_migration,1.1171125707512437,0.005051538651325678,0.005996558623880539,0.3913831715900608,0.008861010106863298,14,2023-06-07,0.01301425118442603,arcter,Arctic Tern
arcter,country,POL,Poland,EU,Europe,breeding,0.01125024915214575,2.28287466315063e-5,8.359024630180787e-5,0.012797796624859884,1.8386776712906277e-4,14,2023-06-14,6.0497003972016584e-5,arcter,Arctic Tern
arcter,country,POL,Poland,EU,Europe,postbreeding_migration,0.004528725463018162,1.5235886242401693e-5,2.9230023790605092e-5,0.02979893723606379,1.7789996396000055e-4,77,2023-10-18,9.824774810171378e-4,arcter,Arctic Tern
arcter,country,POL,Poland,EU,Europe,prebreeding_migration,0.004609830776908621,1.695121548129636e-5,2.012237545741617e-5,0.016139563439673845,2.9714059391167173e-4,28,2023-06-07,5.324858937573385e-5,arcter,Arctic Tern
arcter,country,POL-EEZ,Poland EEZ,EU,Europe,breeding,1.4955311815261416,0.0012504043777160224,0.004578508474306218,0.8971192161250716,0.005310747369507651,28,2023-06-14,0.0024177697601907274,arcter,Arctic Tern
arcter,country,POL-EEZ,Poland EEZ,EU,Europe,postbreeding_migration,0.7374899952565364,0.001022310793519829,0.0019613016493136098,0.8522728217125631,0.002096470760377855,42,2023-08-02,0.0039254367891148,arcter,Arctic Tern
arcter,country,POL-EEZ,Poland EEZ,EU,Europe,prebreeding_migration,1.2060049062249487,0.0018272586301556729,0.0021690942607842105,0.9892931114903744,0.007504647096344902,49,2023-04-26,0.010205308162823898,arcter,Arctic Tern
arcter,country,PRT,Portugal,EU,Europe,postbreeding_migration,0.001045972118827636,2.574274322440797e-6,4.938741238371636e-6,0.04714761442544178,2.0591016992678053e-4,77,2023-10-25,0.001532088787729401,arcter,Arctic Tern
arcter,country,PRT-EEZ,Portugal EEZ,EU,Europe,postbreeding_migration,0.001862278002028846,1.5825451161754724e-4,3.036110316102174e-4,0.01813719495246217,0.002735048709148403,70,2023-10-18,0.011340422974650415,arcter,Arctic Tern
arcter,country,RUS,Russia,AS,Asia,breeding,0.0679863401021023,0.004556444171464963,0.16637475975592222,0.018853339201619163,0.00894629351064931,28,2023-06-14,0.00580795423075768,arcter,Arctic Tern
arcter,country,RUS,Russia,AS,Asia,postbreeding_migration,0.061509850378486317,0.005374479424792074,0.10984853115518176,0.017925789502587382,0.0027794149142308334,21,2023-07-19,0.005441416951993519,arcter,Arctic Tern
arcter,country,RUS,Russia,AS,Asia,prebreeding_migration,0.05202648761112844,0.004968672535281689,0.1629536054885119,0.01617588246411871,0.007734605952973656,14,2023-06-07,0.0068668830041679505,arcter,Arctic Tern
arcter,country,RUS-EEZ,Russia EEZ,AS,Asia,breeding,0.10358828588052864,0.02283018693862307,0.8336252402440778,0.024695492098625493,0.038536030395237696,28,2023-06-14,0.034865244534332526,arcter,Arctic Tern
arcter,country,RUS-EEZ,Russia EEZ,AS,Asia,postbreeding_migration,0.1191887986721869,0.043551795403586,0.8901514688448183,0.03787467458180367,0.02455855943499565,56,2023-07-19,0.05001662433315646,arcter,Arctic Tern
arcter,country,RUS-EEZ,Russia EEZ,AS,Asia,prebreeding_migration,0.06390446099888548,0.025522659769924513,0.8370463945114882,0.021437300176085385,0.04286661461211406,42,2023-06-07,0.04411984324763579,arcter,Arctic Tern
arcter,country,SCT,Scotland,EU,Europe,breeding,0.9302207842525464,0.0023363701875978474,0.0085549050320604,0.2074550263795318,0.003689181728941235,28,2023-06-14,0.0030063964482604224,arcter,Arctic Tern
arcter,country,SCT,Scotland,EU,Europe,postbreeding_migration,0.3140397523166563,0.001428640920989964,0.002740845359723948,0.22397716003110016,0.001808112923493337,112,2023-10-04,0.013207400931594344,arcter,Arctic Tern
arcter,country,SCT,Scotland,EU,Europe,prebreeding_migration,0.478212400781345,0.0023191098005877872,0.0027529588179615403,0.1988102800241523,0.004827181814187064,56,2023-05-03,0.008450280719631623,arcter,Arctic Tern
arcter,country,SEN-EEZ,Senegal EEZ,AF,Africa,prebreeding_migration,0.06622449055271061,6.063488403680794e-4,0.2559733863140359,0.0935490142787162,0.0042884216834413675,14,2023-04-19,0.08012143199114569,arcter,Arctic Tern
arcter,country,SPM,Saint Pierre and Miquelon,NA,North America,breeding,0.18308527109684883,3.751552461068573e-6,5.397746682978511e-6,0.22077922077922077,3.203068916853983e-5,28,2023-07-05,7.217471857052851e-6,arcter,Arctic Tern
arcter,country,SPM,Saint Pierre and Miquelon,NA,North America,postbreeding_migration,0.1517671337230252,5.1559316150849685e-6,1.323785679183511e-5,0.37662337662337664,2.2704923680139298e-5,56,2023-08-09,2.8353672263415452e-5,arcter,Arctic Tern
arcter,country,SPM,Saint Pierre and Miquelon,NA,North America,prebreeding_migration,0.007001636622401027,2.599878892444961e-7,2.207775688572133e-6,0.11688311688311688,2.1729997537266943e-5,21,2023-06-07,1.417657229668264e-6,arcter,Arctic Tern
arcter,country,SPM-EEZ,Saint Pierre and Miquelon EEZ,NA,North America,breeding,1.0306813415304442e-4,3.6410537828265856e-8,5.23876080176167e-8,7.906107211384172e-4,1.9774970742045774e-6,7,2023-06-28,2.196186989700805e-7,arcter,Arctic Tern
arcter,country,SPM-EEZ,Saint Pierre and Miquelon EEZ,NA,North America,postbreeding_migration,7.564009078513921e-4,4.430232526462838e-7,1.13746240482048e-6,0.004557078145813732,4.736355730300278e-6,7,2023-07-26,3.838101064155206e-6,arcter,Arctic Tern
arcter,country,SWE,Sweden,EU,Europe,breeding,0.2604094146365126,0.0034841793855126422,0.01275774871462868,0.05961789268803709,0.005647690863876541,28,2023-06-14,0.005754543755695965,arcter,Arctic Tern
arcter,country,SWE,Sweden,EU,Europe,postbreeding_migration,0.08516856053666895,0.0018028309532488744,0.003458728348026643,0.05186498489092803,0.0019481989808343037,105,2023-08-02,0.0053741526561258655,arcter,Arctic Tern
arcter,country,SWE,Sweden,EU,Europe,prebreeding_migration,0.18691263349036544,0.004531880151164076,0.005379684662162142,0.05869053164542542,0.007124627214696373,63,2023-04-12,0.4051758624236017,arcter,Arctic Tern
arcter,country,SWE-EEZ,Sweden EEZ,EU,Europe,breeding,6.653986657955133,0.02692053215384824,0.09857281915820326,0.9958664002046084,0.02852681364308404,28,2023-06-14,0.05485159050446598,arcter,Arctic Tern
arcter,country,SWE-EEZ,Sweden EEZ,EU,Europe,postbreeding_migration,4.834936563905012,0.03243129533647879,0.06221938908989801,0.9649522142484376,0.011485837802461566,98,2023-08-09,0.07654119802143257,arcter,Arctic Tern
arcter,country,SWE-EEZ,Sweden EEZ,EU,Europe,prebreeding_migration,5.037032409198926,0.03692941211732623,0.04383800659406535,0.9955188600275342,0.03654277158676535,63,2023-04-26,0.35925057376123515,arcter,Arctic Tern
arcter,country,USA,United States,NA,North America,breeding,0.2582873006703551,0.015739064962033335,0.022645421215248172,0.11757816560027774,0.05072861728944417,28,2023-06-14,0.02226113152632687,arcter,Arctic Tern
arcter,country,USA,United States,NA,North America,postbreeding_migration,0.11447654313933668,0.015464097745405626,0.03970407806994281,0.1087309199899048,0.02606420600676287,56,2023-07-19,0.030798762537356743,arcter,Arctic Tern
arcter,country,USA,United States,NA,North America,prebreeding_migration,0.15996672177973914,0.021201789598767777,0.18004221568321355,0.0982958258317988,0.06522773431354292,42,2023-06-07,0.029876113869144863,arcter,Arctic Tern
arcter,country,USA-EEZ,United States EEZ,NA,North America,breeding,0.060244228621591865,0.015066179993706987,0.021677271990760152,0.03412882282005252,0.0604309584985097,28,2023-06-14,0.024068256648943864,arcter,Arctic Tern
arcter,country,USA-EEZ,United States EEZ,NA,North America,postbreeding_migration,0.05710042834229699,0.02367548419662816,0.06078681655810789,0.11693442338042943,0.08603699614996027,98,2023-09-20,0.06689239428445662,arcter,Arctic Tern
arcter,country,USA-EEZ,United States EEZ,NA,North America,prebreeding_migration,0.036706406399258304,0.016635103462932573,0.14126264538347966,0.04516742908086401,0.10248571876372384,49,2023-05-03,0.09052406378010358,arcter,Arctic Tern
arcter,country,WLS,Wales,EU,Europe,breeding,0.17134050345454435,4.6957097083009645e-5,1.7193915084981115e-4,0.1114184160749876,2.161964968605372e-4,28,2023-06-14,8.178719418745071e-5,arcter,Arctic Tern
arcter,country,WLS,Wales,EU,Europe,postbreeding_migration,0.04323559901676255,3.601072898866547e-5,6.908652692131152e-5,0.171494599962611,2.534686428877675e-4,112,2023-10-11,4.471718714683264e-4,arcter,Arctic Tern
arcter,country,WLS,Wales,EU,Europe,prebreeding_migration,0.16932467105566293,1.541469043738906e-4,1.8298403963021536e-4,0.09150653222004432,4.170815766809562e-4,63,2023-04-12,0.11728231461704018,arcter,Arctic Tern
arcter,state,ALD-4810,Jomala,EU,Europe,breeding,3.69257283087135,9.68705300030004e-5,3.5470328673945173e-4,0.5029496712381695,9.341951426812396e-5,28,2023-06-14,1.4061834459148302e-4,arcter,Arctic Tern
arcter,state,ALD-4810,Jomala,EU,Europe,postbreeding_migration,0.914089499692419,3.975787152928725e-5,7.627541399138835e-5,0.503519847829657,3.886282415091766e-5,56,2023-07-19,1.7706095920594415e-4,arcter,Arctic Tern
arcter,state,ALD-4810,Jomala,EU,Europe,prebreeding_migration,2.3685936979219173,1.1260277914291728e-4,1.3366801937963506e-4,0.5232374397590605,1.2454081236914528e-4,49,2023-04-26,7.309667993102552e-4,arcter,Arctic Tern
arcter,state,ALD-4812,Eckerö,EU,Europe,breeding,6.716703259769608,1.2154356369616616e-4,4.4504661555708143e-4,0.6764705882352942,8.667127657369602e-5,28,2023-06-14,1.828045071254826e-4,arcter,Arctic Tern
arcter,state,ALD-4812,Eckerö,EU,Europe,postbreeding_migration,1.7586741727941178,5.276342631386274e-5,1.0122655038837649e-4,0.6764705882352942,3.601470652711751e-5,56,2023-07-26,2.1299407185056997e-4,arcter,Arctic Tern
arcter,state,ALD-4812,Eckerö,EU,Europe,prebreeding_migration,4.947718053617898,1.6224700228548497e-4,1.925994687773923e-4,0.7058823529411765,1.1589332019875705e-4,49,2023-04-26,9.314602700217322e-4,arcter,Arctic Tern
arcter,state,ALD-4814,Föglö,EU,Europe,breeding,9.54920089535597,1.0418801841457496e-4,3.814971650240338e-4,0.34146341463414637,2.6378214609385744e-5,28,2023-06-14,1.5572667059660542e-4,arcter,Arctic Tern
arcter,state,ALD-4814,Föglö,EU,Europe,postbreeding_migration,1.974830092453375,3.5723358696068694e-5,6.853520746698663e-5,0.34146341463414637,1.0960997638687935e-5,56,2023-07-19,1.5236161474710747e-4,arcter,Arctic Tern
arcter,state,ALD-4814,Föglö,EU,Europe,prebreeding_migration,6.3854742747981375,1.2625245787470225e-4,1.4987122089147616e-4,0.2926829268292683,2.897333004968926e-5,49,2023-04-26,5.457850232134814e-4,arcter,Arctic Tern
arcter,state,ALD-4817,Mariehamn,EU,Europe,breeding,10.71167614317879,1.5202082536064949e-5,5.5664283458133675e-5,1,1.0048381671082893e-5,28,2023-06-14,2.326934885030092e-5,arcter,Arctic Tern
arcter,state,ALD-4817,Mariehamn,EU,Europe,postbreeding_migration,1.5074578005716153,3.547011656772914e-6,6.8049362842107e-6,0.9894603464095248,4.131418631007491e-6,56,2023-07-12,1.8266770052186253e-5,arcter,Arctic Tern
arcter,state,ALD-4817,Mariehamn,EU,Europe,prebreeding_migration,8.060660417642705,2.073061622529126e-5,2.4608810123922297e-5,1,1.2876443563555908e-5,49,2023-04-26,1.798316984924639e-4,arcter,Arctic Tern
arcter,state,ALD-4818,Lemland,EU,Europe,breeding,12.603903597811966,9.079321873166884e-5,3.3245046864902473e-4,0.8522326303220248,4.346672991810699e-5,28,2023-06-14,1.3792876801029463e-4,arcter,Arctic Tern
arcter,state,ALD-4818,Lemland,EU,Europe,postbreeding_migration,2.28920194271539,2.7340361059015337e-5,5.245243968642134e-5,0.8891744727415186,1.8844754460707973e-5,56,2023-07-19,1.2872748245374227e-4,arcter,Arctic Tern
arcter,state,ALD-4818,Lemland,EU,Europe,prebreeding_migration,8.651551983058983,1.1293753267034172e-4,1.3406539714714451e-4,0.8522326303220248,5.5700202580234446e-5,49,2023-04-26,5.807697222455231e-4,arcter,Arctic Tern
arcter,state,ALD-4819,Lumparland,EU,Europe,breeding,6.795253499861445,4.3427923601889294e-5,1.5901665075418526e-4,0.6252462403563709,2.8292085476462896e-5,28,2023-06-14,6.265969471021768e-5,arcter,Arctic Tern
arcter,state,ALD-4819,Lumparland,EU,Europe,postbreeding_migration,1.3096735822591388,1.3877085673014784e-5,2.6623167035575515e-5,0.6252462403563709,1.1756272617128749e-5,56,2023-07-19,7.0686841538015e-5,arcter,Arctic Tern
arcter,state,ALD-4819,Lumparland,EU,Europe,prebreeding_migration,4.120523718658413,4.772124381577626e-5,5.6648727426979306e-5,0.6252462403563709,3.625473771377101e-5,49,2023-04-26,2.689421715677616e-4,arcter,Arctic Tern
arcter,state,ALD-4820,Vårdö,EU,Europe,breeding,9.525645385354252,1.495592617696492e-4,5.476295185994904e-4,0.4406779661016949,4.89881128460021e-5,28,2023-06-14,2.0886441686614649e-4,arcter,Arctic Tern
arcter,state,ALD-4820,Vårdö,EU,Europe,postbreeding_migration,2.6913148154646662,7.005759187838595e-5,1.3440537982088027e-4,0.4406779661016949,2.0356138471849028e-5,56,2023-07-19,2.4120467358645643e-4,arcter,Arctic Tern
arcter,state,ALD-4820,Vårdö,EU,Europe,prebreeding_migration,7.187043486005169,2.044867203768419e-4,2.427412103880474e-4,0.4915254237288136,7.001888095341572e-5,49,2023-05-03,6.633413698945033e-4,arcter,Arctic Tern
arcter,state,ALD-4821,Sottunga,EU,Europe,breeding,12.781828729729904,6.462692408355908e-5,2.366393823135831e-4,0.42105263157894735,1.507326549107757e-5,28,2023-06-14,9.493616870821572e-5,arcter,Arctic Tern
arcter,state,ALD-4821,Sottunga,EU,Europe,postbreeding_migration,2.185171102222643,1.8317986758560564e-5,3.514302878283447e-5,0.42105263157894735,6.263427222107393e-6,56,2023-07-19,8.920622322638951e-5,arcter,Arctic Tern
arcter,state,ALD-4821,Sottunga,EU,Europe,prebreeding_migration,8.73292310614335,8.001585726974209e-5,9.498487729716704e-5,0.42105263157894735,1.9315553366459508e-5,49,2023-04-26,3.9952835849153253e-4,arcter,Arctic Tern
arcter,state,ALD-4822,Kumlinge,EU,Europe,breeding,9.731568068265917,1.657408989287475e-4,6.068805610473807e-4,0.328125,3.956732191407862e-5,28,2023-06-14,2.3320341946844736e-4,arcter,Arctic Tern
arcter,state,ALD-4822,Kumlinge,EU,Europe,postbreeding_migration,2.128228008747101,6.009478969648787e-5,1.1529175950600003e-4,0.328125,1.6441496458031905e-5,56,2023-07-19,2.612190352809565e-4,arcter,Arctic Tern
arcter,state,ALD-4822,Kumlinge,EU,Europe,prebreeding_migration,6.249656647443771,1.9288522299829096e-4,2.2896935512628077e-4,0.328125,5.070332758695621e-5,49,2023-05-03,8.636843064871269e-4,arcter,Arctic Tern
arcter,state,ALD-4823,Brändö,EU,Europe,breeding,8.722417638415383,9.748842610627188e-5,3.56965788851158e-4,0.35714285714285715,2.826237279577044e-5,28,2023-06-14,1.3499477609170947e-4,arcter,Arctic Tern
arcter,state,ALD-4823,Brändö,EU,Europe,postbreeding_migration,1.8492860354128335,3.4268261458748984e-5,6.57436057059988e-5,0.2857142857142857,9.395140833161087e-6,56,2023-07-19,1.4181722985055967e-4,arcter,Arctic Tern
arcter,state,ALD-4823,Brändö,EU,Europe,prebreeding_migration,6.0788951601300925,1.231223139950153e-4,1.4615550325150565e-4,0.35714285714285715,3.621666256211157e-5,49,2023-04-26,6.880551572029151e-4,arcter,Arctic Tern
arcter,state,ALD-4824,Kökar,EU,Europe,breeding,15.966959400177002,1.0622558242846605e-4,3.8895795472598766e-4,0.84,3.956732191407862e-5,28,2023-06-14,1.810917948893149e-4,arcter,Arctic Tern
arcter,state,ALD-4824,Kökar,EU,Europe,postbreeding_migration,2.3146548565663396,2.5530830448648068e-5,4.898085805675135e-5,0.56,1.0960997638687935e-5,56,2023-07-19,1.1994322111014644e-4,arcter,Arctic Tern
arcter,state,ALD-4824,Kökar,EU,Europe,prebreeding_migration,11.558954687118533,1.393546276710712e-4,1.654244878675379e-4,0.84,5.070332758695621e-5,49,2023-04-26,8.345676109527938e-4,arcter,Arctic Tern
arcter,state,BEL-2,Hainaut,EU,Europe,prebreeding_migration,1.5926866633390173e-5,3.3976434417633095e-9,4.033259861573092e-9,0.0022605565092162134,2.4144441708074384e-6,7,2023-04-26,7.569887027760345e-7,arcter,Arctic Tern
arcter,state,BEL-3478,East Flanders,EU,Europe,breeding,2.5864426079928287e-4,2.2850547840938464e-8,8.367007409505152e-8,0.0029910998804142446,1.8710058976017556e-6,28,2023-06-14,7.699998786721117e-8,arcter,Arctic Tern
arcter,state,BEL-3478,East Flanders,EU,Europe,postbreeding_migration,1.2389714287063935e-4,1.8147920246917488e-8,3.4816756447755084e-8,0.0029910998804142446,7.774632032255502e-7,105,2023-11-01,1.4710715887127191e-5,arcter,Arctic Tern
arcter,state,BEL-3478,East Flanders,EU,Europe,prebreeding_migration,7.07707653027948e-4,1.133035707319548e-7,1.344999120240045e-7,0.01817157802894352,1.4565878745269467e-5,56,2023-04-19,3.484837712464016e-5,arcter,Arctic Tern
arcter,state,BEL-3479,West Flanders,EU,Europe,breeding,0.002918824723076558,2.970619295394461e-7,1.0877285668772674e-6,0.0903256381040526,6.508793453578718e-5,28,2023-06-14,5.847029928535534e-7,arcter,Arctic Tern
arcter,state,BEL-3479,West Flanders,EU,Europe,postbreeding_migration,0.0050640864223077675,8.54499651686479e-7,1.6393562376665735e-6,0.092940374486271,2.7829061255894065e-5,133,2023-10-18,6.273938847662522e-4,arcter,Arctic Tern
arcter,state,BEL-3479,West Flanders,EU,Europe,prebreeding_migration,0.01638253993756463,3.02145514215294e-6,3.5866958841521697e-6,0.092940374486271,8.582102078705623e-5,56,2023-04-19,4.403456495440932e-4,arcter,Arctic Tern
arcter,state,BEL-3480,Antwerp,EU,Europe,prebreeding_migration,2.519707870965041e-4,3.7512507601434194e-8,4.4530185055939695e-8,0.019306278930887127,1.4390597376116845e-5,14,2023-04-19,1.8505940633330486e-5,arcter,Arctic Tern
arcter,state,CAN-AB,Alberta,NA,North America,postbreeding_migration,8.618784095616793e-8,2.792575167758171e-9,7.169938026924037e-9,1.8253138781428073e-7,1.0494935730510598e-8,0,2023-07-26,4.034257737100149e-7,arcter,Arctic Tern
arcter,state,CAN-AB,Alberta,NA,North America,prebreeding_migration,3.179691406438666e-5,1.1260767132391551e-6,9.562463844685606e-6,2.1860131460510097e-4,3.876056652162047e-5,0,2023-05-17,2.3907664224820164e-6,arcter,Arctic Tern
arcter,state,CAN-BC,British Columbia,NA,North America,breeding,0.0031610390955232968,9.120492665567398e-5,1.312259645668764e-4,0.004121029069163988,8.41869119535521e-4,28,2023-07-05,1.590776123243373e-4,arcter,Arctic Tern
arcter,state,CAN-BC,British Columbia,NA,North America,postbreeding_migration,0.0019953702244438283,9.545171116537745e-5,2.45072312294827e-4,0.01098483327051488,9.324747013646668e-4,56,2023-07-19,3.621347684046435e-4,arcter,Arctic Tern
arcter,state,CAN-BC,British Columbia,NA,North America,prebreeding_migration,0.007350973469841498,3.843520666994507e-4,0.0032638564479959375,0.008201033760095258,0.002146877711665145,42,2023-05-03,0.0014545790510785482,arcter,Arctic Tern
arcter,state,CAN-MB,Manitoba,NA,North America,breeding,0.13556795889602993,0.0025075401963719976,0.003607857525080957,0.043750009128667805,0.005729536157337071,28,2023-07-05,0.0032995177209951664,arcter,Arctic Tern
arcter,state,CAN-MB,Manitoba,NA,North America,postbreeding_migration,0.1152159801873063,0.003533258114300883,0.009071641832653295,0.05927978753991216,0.003225912934393708,49,2023-08-02,0.009213495074139525,arcter,Arctic Tern
arcter,state,CAN-MB,Manitoba,NA,North America,prebreeding_migration,0.05423302275008287,0.001817818803094385,0.015436627342002386,0.031616408601850755,0.005305833997586313,7,2023-06-07,0.0029251173266305595,arcter,Arctic Tern
arcter,state,CAN-NB,New Brunswick,NA,North America,breeding,0.04659283733558067,1.0642256890935148e-4,1.5312116098221452e-4,0.011767214910617992,1.902999768248543e-4,28,2023-06-14,1.511504774229877e-4,arcter,Arctic Tern
arcter,state,CAN-NB,New Brunswick,NA,North America,postbreeding_migration,0.009751346090107934,3.692758872104169e-5,9.481160101633336e-5,0.025320573593837936,1.701544363332657e-4,70,2023-08-09,1.5091778201764268e-4,arcter,Arctic Tern
arcter,state,CAN-NB,New Brunswick,NA,North America,prebreeding_migration,0.017713576558912585,7.331904045407949e-5,6.22613597480792e-4,0.013514821085462248,2.800755238136629e-4,42,2023-06-07,1.7984885969428367e-4,arcter,Arctic Tern
arcter,state,CAN-NL,Newfoundland and Labrador,NA,North America,breeding,0.021446228965435632,2.815938988508202e-4,4.05158277604376e-4,0.06954275155728866,0.006465091013022298,28,2023-07-05,3.5848662967356013e-4,arcter,Arctic Tern
arcter,state,CAN-NL,Newfoundland and Labrador,NA,North America,postbreeding_migration,0.03153780202430443,6.865553016274728e-4,0.0017627310525277144,0.10506427394249604,0.004058658617858219,56,2023-08-09,7.651748237018352e-4,arcter,Arctic Tern
arcter,state,CAN-NL,Newfoundland and Labrador,NA,North America,prebreeding_migration,0.0013032427148040018,3.100941280936123e-5,2.6332698771604164e-4,0.017085282468225552,0.0020353764359906704,21,2023-06-07,1.0940626469207624e-4,arcter,Arctic Tern
arcter,state,CAN-NS,Nova Scotia,NA,North America,breeding,0.190932388333298,3.767634185185542e-4,5.420885123373456e-4,0.07713896303573353,0.0010777384826120462,28,2023-06-14,5.067161207041699e-4,arcter,Arctic Tern
arcter,state,CAN-NS,Nova Scotia,NA,North America,postbreeding_migration,0.02828983846393,9.255318982802712e-5,2.376303574287732e-4,0.1045152034137998,6.067695121416537e-4,77,2023-07-12,3.776556307178599e-4,arcter,Arctic Tern
arcter,state,CAN-NS,Nova Scotia,NA,North America,prebreeding_migration,0.07809647626881358,2.792649917485289e-4,0.0023714737684257413,0.0761949547468347,0.0013641609565062027,42,2023-06-07,5.373908035386872e-4,arcter,Arctic Tern
arcter,state,CAN-NT,Northwest Territories,NA,North America,breeding,0.08263801707901684,0.0032901417152455923,0.004733867302747951,0.04905909064700579,0.013829442762117117,28,2023-07-05,0.00553162551275304,arcter,Arctic Tern
arcter,state,CAN-NT,Northwest Territories,NA,North America,postbreeding_migration,0.11574883477201511,0.007640524006428949,0.01961704889874065,0.09885292935183448,0.011579222992151682,49,2023-07-19,0.010745914911113172,arcter,Arctic Tern
arcter,state,CAN-NT,Northwest Territories,NA,North America,prebreeding_migration,0.044560517782255595,0.0032149992771437564,0.027301261083664995,0.03588685209344822,0.012963442869439111,28,2023-06-07,0.0033871580620954207,arcter,Arctic Tern
arcter,state,CAN-NU,Nunavut,NA,North America,breeding,0.514866992862108,0.03581769094631437,0.051534617869197906,0.1154163772531472,0.056848687526766264,28,2023-06-28,0.04549336811841763,arcter,Arctic Tern
arcter,state,CAN-NU,Nunavut,NA,North America,postbreeding_migration,0.283215817649115,0.0326656902003395,0.08386917460529966,0.1913335688308426,0.03916055726548947,56,2023-08-02,0.042651562640627826,arcter,Arctic Tern
arcter,state,CAN-NU,Nunavut,NA,North America,prebreeding_migration,0.03636300320711243,0.004584143585212852,0.038927816175464744,0.018003924385738147,0.011363706034671805,7,2023-06-07,0.004660855008722338,arcter,Arctic Tern
arcter,state,CAN-ON,Ontario,NA,North America,breeding,0.03239764567780387,9.578510272358568e-4,0.0013781593776719418,0.017846845092083737,0.0037359103183336713,28,2023-07-05,0.0016954755742029349,arcter,Arctic Tern
arcter,state,CAN-ON,Ontario,NA,North America,postbreeding_migration,0.03982348956595496,0.0019520710945550308,0.0050119434326078545,0.01514150342647169,0.0013170694442545872,42,2023-08-02,0.002481180049352057,arcter,Arctic Tern
arcter,state,CAN-ON,Ontario,NA,North America,prebreeding_migration,0.03351455671560493,0.0017956179224718606,0.015248101004695931,0.03861902688399831,0.01035943621228044,7,2023-06-07,0.0016983050024797196,arcter,Arctic Tern
arcter,state,CAN-PE,Prince Edward Island,NA,North America,breeding,0.002386831211262062,5.811787059427929e-7,8.362019363383529e-7,0.07103825136612021,1.2247028211500525e-4,28,2023-06-14,1.3369926844831398e-6,arcter,Arctic Tern
arcter,state,CAN-PE,Prince Edward Island,NA,North America,postbreeding_migration,0.0026181007027397023,1.0569297747144174e-6,2.7136676824340364e-6,0.32349726775956283,2.3174680721797352e-4,77,2023-09-13,1.2646255580696484e-5,arcter,Arctic Tern
arcter,state,CAN-PE,Prince Edward Island,NA,North America,prebreeding_migration,2.6453821283709157e-4,1.167272716766538e-7,9.912293736063954e-7,0.02185792349726776,4.828888341614877e-5,21,2023-06-07,6.30858166229559e-7,arcter,Arctic Tern
arcter,state,CAN-QC,Québec,NA,North America,breeding,0.056091534882038,0.0025498192398231844,0.003668688759327684,0.029751160526590475,0.009575610035143125,28,2023-07-05,0.0028982195269343287,arcter,Arctic Tern
arcter,state,CAN-QC,Québec,NA,North America,postbreeding_migration,0.04423062613132533,0.0033335498723654263,0.008558890829681125,0.03762331009096673,0.005031809941924587,70,2023-07-12,0.003218741557572793,arcter,Arctic Tern
arcter,state,CAN-QC,Québec,NA,North America,prebreeding_migration,0.003109338248825902,2.5613915530268825e-4,0.0021750928537939526,0.0054967662794941355,0.0022670944685196487,21,2023-05-31,6.722494639270826e-4,arcter,Arctic Tern
arcter,state,CAN-SK,Saskatchewan,NA,North America,breeding,6.846168753377452e-5,1.294677999159294e-6,1.86278719223796e-6,1.1295245536054728e-4,1.5123778715536992e-5,0,2023-06-21,2.3383336456619347e-6,arcter,Arctic Tern
arcter,state,CAN-SK,Saskatchewan,NA,North America,postbreeding_migration,5.231647497763481e-4,1.640304370131308e-5,4.2114822243354584e-5,4.506780422410675e-4,2.507469875989059e-5,0,2023-07-12,1.5347018660034127e-5,arcter,Arctic Tern
arcter,state,CAN-YT,Yukon,NA,North America,breeding,0.015394542795667678,2.2089043376851084e-4,3.178179216601045e-4,0.011080694323128628,0.0011257126786358449,28,2023-06-14,3.587288879930806e-4,arcter,Arctic Tern
arcter,state,CAN-YT,Yukon,NA,North America,postbreeding_migration,0.012605483252162136,2.998757950605407e-4,7.699312416663449e-4,0.01717127252975695,7.248827267182193e-4,49,2023-07-19,5.171282729099451e-4,arcter,Arctic Tern
arcter,state,CAN-YT,Yukon,NA,North America,prebreeding_migration,0.010733339013028267,2.79087826603207e-4,0.0023699693102687074,0.010355167038286177,0.0013480856878406156,28,2023-06-07,4.441908507187748e-4,arcter,Arctic Tern
arcter,state,CHL-2697,Coquimbo,SA,South America,postbreeding_migration,0.0013579147580626,2.5819130516063123e-6,5.467975387030507e-4,0.030108958354566295,1.0158935262711772e-4,21,2023-11-29,0.03640010548301867,arcter,Arctic Tern
arcter,state,CHL-2699,Valparaíso,SA,South America,postbreeding_migration,0.01530692024073798,1.3141442250672376e-5,0.0027830946023551855,0.04946054563152398,7.535246639741612e-5,28,2023-11-08,0.03254863163139164,arcter,Arctic Tern
arcter,state,DEU-1575,Bremen,EU,Europe,breeding,0.034449540187816576,4.0760887386080297e-7,1.492509716403072e-6,0.04037603489643422,3.3824729958127906e-6,28,2023-06-14,8.711346846042614e-7,arcter,Arctic Tern
arcter,state,DEU-1575,Bremen,EU,Europe,postbreeding_migration,0.011479005540296915,2.2518334500155162e-07,4.320138931810392e-7,0.06287253438806861,2.188650042611837e-6,105,2023-10-18,2.2128903373416473e-5,arcter,Arctic Tern
arcter,state,DEU-1575,Bremen,EU,Europe,prebreeding_migration,0.026606056985853627,5.704750455240205e-7,6.771970462995395e-7,0.04038164184345857,4.3350533805266005e-6,56,2023-04-19,6.767161727330213e-5,arcter,Arctic Tern
arcter,state,DEU-1576,Niedersachsen,EU,Europe,breeding,0.04797667841727694,7.018432995910587e-5,2.569885032458267e-4,0.03998842208966308,4.141853360623796e-4,28,2023-06-14,1.588288113708614e-4,arcter,Arctic Tern
arcter,state,DEU-1576,Niedersachsen,EU,Europe,postbreeding_migration,0.014523743853592817,3.5225759195334267e-5,6.758056360753183e-5,0.046365685861162166,1.995546383240728e-4,119,2023-10-25,9.421286119834848e-4,arcter,Arctic Tern
arcter,state,DEU-1576,Niedersachsen,EU,Europe,prebreeding_migration,0.039801924073251345,1.0551397442550057e-4,1.2525307177746738e-4,0.04629238914160653,6.144263786733691e-4,56,2023-04-19,0.00343194113198785,arcter,Arctic Tern
arcter,state,DEU-1578,Hamburg,EU,Europe,postbreeding_migration,2.7791263818001328e-5,1.0706406616619744e-9,2.054022425323357e-9,0.011452577907979116,7.829284027634241e-7,7,2023-09-06,5.533317153589707e-8,arcter,Arctic Tern
arcter,state,DEU-1579,Schleswig-Holstein,EU,Europe,breeding,0.19990262145598903,1.0798189779897862e-4,3.953889181413063e-4,0.143355375802104,5.482730772173723e-4,28,2023-06-14,2.453968188736389e-4,arcter,Arctic Tern
arcter,state,DEU-1579,Schleswig-Holstein,EU,Europe,postbreeding_migration,0.07609860385016352,6.815236883278457e-5,1.3075021240473405e-4,0.16216332607886746,2.5771533848666334e-4,112,2023-08-02,3.886369079704645e-4,arcter,Arctic Tern
arcter,state,DEU-1579,Schleswig-Holstein,EU,Europe,prebreeding_migration,0.17655953559946652,1.7283017852693896e-4,2.051624997941072e-4,0.16431909494368505,8.053242507287724e-4,56,2023-04-19,0.00682468357320788,arcter,Arctic Tern
arcter,state,DEU-3488,Mecklenburg-Vorpommern,EU,Europe,breeding,0.029251788380684964,2.213641361577929e-5,8.105518433622348e-5,0.0698137196828938,3.7406414867097545e-4,28,2023-06-14,4.0283094380588936e-5,arcter,Arctic Tern
arcter,state,DEU-3488,Mecklenburg-Vorpommern,EU,Europe,postbreeding_migration,0.012537773184317097,1.573066371296471e-5,3.017925358961498e-5,0.07140648297678452,1.5898188365168908e-4,84,2023-08-02,8.400667271528458e-5,arcter,Arctic Tern
arcter,state,DEU-3488,Mecklenburg-Vorpommern,EU,Europe,prebreeding_migration,0.02523375304971156,3.4604503355958954e-5,4.107816397085713e-5,0.08123141775493296,5.577366034565182e-4,56,2023-04-19,0.0013337045555258645,arcter,Arctic Tern
arcter,state,DNK-3416,Midtjylland,EU,Europe,breeding,0.08321063032619878,3.870274473622569e-5,1.4171483074730846e-4,0.11877550139926904,3.911472637175557e-4,28,2023-06-14,1.1075463472457968e-4,arcter,Arctic Tern
arcter,state,DNK-3416,Midtjylland,EU,Europe,postbreeding_migration,0.03629398366916868,2.798784068675414e-5,5.369462833377855e-5,0.12362871153756189,1.691754942580129e-4,105,2023-10-11,4.0015853444958264e-4,arcter,Arctic Tern
arcter,state,DNK-3416,Midtjylland,EU,Europe,prebreeding_migration,0.1082288496930079,9.122249165295826e-5,1.082880003045928e-4,0.137755534532105,5.813293986368715e-4,63,2023-04-12,0.008032594160722328,arcter,Arctic Tern
arcter,state,DNK-3417,Syddanmark,EU,Europe,breeding,0.2733907595160858,1.265737711765723e-4,4.634653351225279e-4,0.20865509227563295,6.839736120540365e-4,28,2023-06-14,2.8633167860124195e-4,arcter,Arctic Tern
arcter,state,DNK-3417,Syddanmark,EU,Europe,postbreeding_migration,0.0721361678927012,5.537130455395918e-5,1.0622976068991284e-4,0.2033469737152917,2.769827730366905e-4,105,2023-08-02,2.6364421040689405e-4,arcter,Arctic Tern
arcter,state,DNK-3417,Syddanmark,EU,Europe,prebreeding_migration,0.1905440348190964,1.5986418561301762e-4,1.8977088508187595e-4,0.2162031684069903,9.081805963140416e-4,63,2023-04-12,0.056069835514392326,arcter,Arctic Tern
arcter,state,DNK-3418,Nordjylland,EU,Europe,breeding,0.2032550551411197,6.080698081341773e-5,2.2265219309271873e-4,0.21383862077663257,4.5294836840697057e-4,28,2023-06-14,1.449006596123588e-4,arcter,Arctic Tern
arcter,state,DNK-3418,Nordjylland,EU,Europe,postbreeding_migration,0.07530782020059726,3.735286873349963e-5,7.166141991064346e-5,0.22853121415393493,2.0114663371743072e-4,105,2023-10-11,0.0011617070826403337,arcter,Arctic Tern
arcter,state,DNK-3418,Nordjylland,EU,Europe,prebreeding_migration,0.23305884152449088,1.2634952166057551e-4,1.49986442950025e-4,0.23236405239044575,6.30712303375817e-4,56,2023-04-19,0.006089420655360088,arcter,Arctic Tern
arcter,state,DNK-3419,Hovedstaden,EU,Europe,breeding,0.07874695888346721,8.443708886021036e-6,3.091767221723687e-5,0.22567196278182883,1.713276813271072e-4,28,2023-06-14,2.2923064368825388e-5,arcter,Arctic Tern
arcter,state,DNK-3419,Hovedstaden,EU,Europe,postbreeding_migration,0.0494746501242394,8.795367540168193e-6,1.6873898791049666e-5,0.2302300035605792,7.263008263650132e-5,105,2023-08-09,5.0385269915982536e-5,arcter,Arctic Tern
arcter,state,DNK-3419,Hovedstaden,EU,Europe,prebreeding_migration,0.09521835021032236,1.8501887988928677e-5,2.1963141061776487e-5,0.21760834669416243,2.1170215874836675e-4,63,2023-04-12,0.021660016046805484,arcter,Arctic Tern
arcter,state,DNK-3420,Sjaælland,EU,Europe,breeding,0.1315856571064088,4.072679843476242e-5,1.4912615077813604e-4,0.20984975323965585,4.598653111117659e-4,28,2023-06-14,8.220915775484563e-5,arcter,Arctic Tern
arcter,state,DNK-3420,Sjaælland,EU,Europe,postbreeding_migration,0.07848856863881722,4.027633335047176e-5,7.727008217981104e-5,0.2925306267805729,2.663779157600613e-4,105,2023-08-02,2.1244930857181545e-4,arcter,Arctic Tern
arcter,state,DNK-3420,Sjaælland,EU,Europe,prebreeding_migration,0.13578980592081633,7.616138257519633e-5,9.040932417058809e-5,0.24703513102074057,6.937144053044226e-4,63,2023-04-12,0.06704224532020485,arcter,Arctic Tern
arcter,state,ENG-2029,Durham,EU,Europe,breeding,0.24000664106847475,1.6226636828683832e-05,5.9415814238688666e-5,0.026293388374561508,1.258642185999108e-5,28,2023-06-14,3.198473197523523e-5,arcter,Arctic Tern
arcter,state,ENG-2029,Durham,EU,Europe,postbreeding_migration,0.07140855348093339,8.004372530807031e-6,1.5356376109793934e-5,0.026293388374561508,5.230063608543256e-6,119,2023-10-18,8.305647628661076e-5,arcter,Arctic Tern
arcter,state,ENG-2029,Durham,EU,Europe,prebreeding_migration,0.1030286565013927,1.2622902508216288e-5,1.498434043935965e-5,0.026293388374561508,1.6128801239077116e-5,56,2023-06-07,4.243673843484347e-5,arcter,Arctic Tern
arcter,state,ENG-2030,Hartlepool,EU,Europe,breeding,1.2641972158644883,5.780775907730743e-6,2.116701760909972e-5,0.3620154582752878,1.1720574252071557e-5,28,2023-07-05,1.209525349394794e-5,arcter,Arctic Tern
arcter,state,ENG-2030,Hartlepool,EU,Europe,postbreeding_migration,0.5781068088340102,4.382795318255807e-6,8.4083859241112e-6,0.3620154582752878,4.870276044206259e-6,112,2023-10-11,6.978080715133042e-5,arcter,Arctic Tern
arcter,state,ENG-2030,Hartlepool,EU,Europe,prebreeding_migration,0.7919410435360102,6.56236058787107e-6,7.790018584908774e-6,0.4739541374732757,1.966336767410088e-5,56,2023-04-19,9.732075048931536e-5,arcter,Arctic Tern
arcter,state,ENG-2031,Middlesbrough,EU,Europe,breeding,0.007548245067361229,1.0710785275182348e-8,3.9218849536076965e-8,0.021675279868518308,2.1776621616820098e-7,14,2023-06-28,2.0865490579072218e-7,arcter,Arctic Tern
arcter,state,ENG-2031,Middlesbrough,EU,Europe,prebreeding_migration,6.030601532092077e-4,1.550714646305296e-9,1.840815626153737e-9,0.021675279868518308,2.790553229689144e-7,7,2023-04-26,2.9893056750254036e-6,arcter,Arctic Tern
arcter,state,ENG-2032,Redcar and Cleveland,EU,Europe,breeding,0.4619358546393515,5.333647977836217e-6,1.9529804038350357e-5,0.1160427413807816,9.48661173565734e-6,28,2023-06-14,8.30100925788072e-6,arcter,Arctic Tern
arcter,state,ENG-2032,Redcar and Cleveland,EU,Europe,postbreeding_migration,0.3899872839913046,7.465603530855713e-6,1.4322748630849525e-5,0.2790903015285289,9.480747454553202e-6,119,2023-10-18,1.476629949680168e-4,arcter,Arctic Tern
arcter,state,ENG-2032,Redcar and Cleveland,EU,Europe,prebreeding_migration,0.736802235371744,1.5416633388252223e-5,1.8300710392717217e-5,0.31295695004753915,3.2785178538377156e-5,56,2023-04-19,8.062774371904693e-5,arcter,Arctic Tern
arcter,state,ENG-2033,Stockton-on-Tees,EU,Europe,breeding,0.018959114339033117,8.196113654053204e-8,3.001107201016371e-7,0.05444233801240931,1.6663919702164952e-6,14,2023-06-28,2.0865490579072218e-7,arcter,Arctic Tern
arcter,state,ENG-2033,Stockton-on-Tees,EU,Europe,prebreeding_migration,0.0027567037431736126,2.159613115647901e-8,2.5636241839870704e-8,0.08723364905466938,3.4215606483531504e-6,14,2023-04-19,1.888431368454238e-5,arcter,Arctic Tern
arcter,state,ENG-2034,Northumberland,EU,Europe,breeding,2.326961641083075,3.697471488563723e-4,0.0013538743822072035,0.07710300163661857,8.674358469299639e-5,28,2023-06-14,4.678136011696809e-4,arcter,Arctic Tern
arcter,state,ENG-2034,Northumberland,EU,Europe,postbreeding_migration,0.3523352511260717,9.282041504669396e-5,1.7807582026426445e-4,0.07698157005493474,3.598798503285951e-5,119,2023-10-18,5.216347039164306e-4,arcter,Arctic Tern
arcter,state,ENG-2034,Northumberland,EU,Europe,prebreeding_migration,0.919712213952803,2.648277542546879e-4,3.1437058354529484e-4,0.08033108004446592,1.1581091476319132e-4,56,2023-04-19,9.156611716767628e-4,arcter,Arctic Tern
arcter,state,ENG-2035,Hampshire,EU,Europe,postbreeding_migration,7.696464201587366e-4,1.4354645413290276e-7,2.753936464611159e-7,0.05521698915273246,1.8274996169248363e-5,105,2023-10-18,4.268371592367419e-5,arcter,Arctic Tern
arcter,state,ENG-2035,Hampshire,EU,Europe,prebreeding_migration,0.0027137877789018792,5.532242795450797e-7,6.5671908173474e-7,0.04284908254490926,4.3734203290277846e-5,42,2023-04-12,0.007566157741242066,arcter,Arctic Tern
arcter,state,ENG-2036,Southampton,EU,Europe,postbreeding_migration,6.154092183862017e-4,1.9759671217734824e-9,3.7908898150048035e-9,0.21378509604382928,1.218081926134912e-6,91,2023-10-18,6.560258394156574e-6,arcter,Arctic Tern
arcter,state,ENG-2036,Southampton,EU,Europe,prebreeding_migration,0.003873519433241477,1.3593947550956518e-8,1.6137044383076336e-8,0.07889952453620099,1.3863362494862482e-6,28,2023-04-19,2.1633344005320663e-5,arcter,Arctic Tern
arcter,state,ENG-2038,Milton Keynes,EU,Europe,prebreeding_migration,0.007141631196148317,1.292894971971463e-7,1.5347641637687282e-7,0.10655086728599016,9.657776683229754e-6,28,2023-04-19,4.669942949263723e-5,arcter,Arctic Tern
arcter,state,ENG-2039,Gloucestershire,EU,Europe,postbreeding_migration,3.6260092380120905e-6,4.785850145778128e-10,9.181645976723577e-10,0.003342785437671547,7.829284027634241e-7,7,2023-09-13,4.227699554302501e-8,arcter,Arctic Tern
arcter,state,ENG-2039,Gloucestershire,EU,Europe,prebreeding_migration,0.005058514842055837,7.297554589160883e-7,8.662749495817018e-7,0.04115987863211408,2.9729167751691667e-5,28,2023-04-19,3.2249706900801505e-4,arcter,Arctic Tern
arcter,state,ENG-2040,Buckinghamshire,EU,Europe,prebreeding_migration,4.480348303148719e-4,3.7388817101443355e-8,4.4383355072917094e-8,0.00297321410389052,1.2422542017984522e-6,35,2023-04-12,0.0023345520403718913,arcter,Arctic Tern
arcter,state,ENG-2042,Hertfordshire,EU,Europe,prebreeding_migration,0.0019977859473341805,1.748226317893434e-7,2.0752769258347939e-7,0.019411075670896116,8.504575575199032e-6,35,2023-04-12,0.002218301830110257,arcter,Arctic Tern
arcter,state,ENG-2044,Bristol,EU,Europe,postbreeding_migration,0.0010639743496965177,7.228732175136044e-9,1.3868311307490551e-8,0.14404753719531954,1.7366814722715566e-6,49,2023-09-13,1.3760601461438528e-7,arcter,Arctic Tern
arcter,state,ENG-2044,Bristol,EU,Europe,prebreeding_migration,0.03016848147198859,2.240312288135696e-7,2.6594202081538296e-7,0.07028822821739572,2.613316730052196e-6,35,2023-04-12,0.006436872307727852,arcter,Arctic Tern
arcter,state,ENG-2045,North Somerset,EU,Europe,postbreeding_migration,0.002722937882391272,6.409011032315722e-8,1.2295677584378488e-7,0.23995094483474305,1.0022108653518366e-5,98,2023-10-11,8.024293796492822e-6,arcter,Arctic Tern
arcter,state,ENG-2045,North Somerset,EU,Europe,prebreeding_migration,0.03418012232981728,8.793282624294612e-7,1.0438291853729545e-6,0.14960714204992542,1.927010531873881e-5,35,2023-04-12,0.017168269368341208,arcter,Arctic Tern
arcter,state,ENG-2046,South Gloucestershire,EU,Europe,postbreeding_migration,1.234649474519119e-4,3.5764791318561694e-9,6.861469588806758e-9,0.030461877509734583,1.5658568055268482e-6,28,2023-09-13,8.93862669107564e-8,arcter,Arctic Tern
arcter,state,ENG-2046,South Gloucestershire,EU,Europe,prebreeding_migration,0.0296953372333269,9.402090242183184e-7,1.1160992564012305e-6,0.07489822584469097,1.1873042607878886e-5,35,2023-04-12,0.012634722949579015,arcter,Arctic Tern
arcter,state,ENG-2047,Somerset,EU,Europe,postbreeding_migration,0.0014221962900088996,2.5526178020697173e-7,4.897193238104564e-7,0.06872425052960553,2.18886825086785e-5,98,2023-10-11,3.8390116568777834e-5,arcter,Arctic Tern
arcter,state,ENG-2047,Somerset,EU,Europe,prebreeding_migration,0.012486648730383607,2.4496062472285732e-6,2.9078679746566418e-6,0.03446100397986848,3.384797212593838e-5,42,2023-04-12,0.03840938342530556,arcter,Arctic Tern
arcter,state,ENG-2048,Devon,EU,Europe,postbreeding_migration,0.005957596047813968,2.1561024057228098e-6,4.136479073915956e-6,0.08802450815619488,5.653082139102786e-5,112,2023-10-25,2.8228893143881416e-4,arcter,Arctic Tern
arcter,state,ENG-2048,Devon,EU,Europe,prebreeding_migration,0.001529638216800052,6.050777609275908e-7,7.182730878356187e-7,0.0148496083570335,2.940978215394806e-5,35,2023-04-12,0.009684582730153315,arcter,Arctic Tern
arcter,state,ENG-2050,Bournemouth,EU,Europe,postbreeding_migration,0.008905446224839932,2.2755175934607932e-8,4.36557692375594e-8,0.34533784515432525,1.5658568055268482e-6,49,2023-08-16,1.5669011172005941e-7,arcter,Arctic Tern
arcter,state,ENG-2051,Dorset,EU,Europe,postbreeding_migration,0.0034461283892654104,5.123616925107777e-7,9.829651011573807e-7,0.13945289104594824,3.679222712582092e-5,105,2023-10-25,4.0865252057285555e-5,arcter,Arctic Tern
arcter,state,ENG-2051,Dorset,EU,Europe,prebreeding_migration,0.006308755435633528,1.0252104496317403e-6,1.2170023803377818e-6,0.0593298808351993,4.827220648765379e-5,42,2023-04-12,0.02067180673288263,arcter,Arctic Tern
arcter,state,ENG-2052,Poole,EU,Europe,postbreeding_migration,0.0076918843625789456,2.6523255517665242e-8,5.088482399061566e-8,0.5126888677509432,3.1371214151137102e-6,70,2023-10-04,6.734701159432818e-7,arcter,Arctic Tern
arcter,state,ENG-2052,Poole,EU,Europe,prebreeding_migration,0.03868857153784701,1.45814566726169e-7,1.7309292434291233e-7,0.3847375954766169,7.260009440917289e-6,35,2023-04-12,0.002921319618649378,arcter,Arctic Tern
arcter,state,ENG-2053,Cambridgeshire,EU,Europe,prebreeding_migration,0.00681965712699019,1.1183305322695737e-6,1.327542964730188e-6,0.10304222561927164,8.460133470020104e-5,42,2023-04-12,0.005623899243951419,arcter,Arctic Tern
arcter,state,ENG-2054,Leicestershire,EU,Europe,prebreeding_migration,0.0014324650893881533,1.5777131871184358e-7,1.8728649370508705e-7,0.012048486567888091,6.644018745058152e-6,28,2023-04-19,1.2578040117424875e-4,arcter,Arctic Tern
arcter,state,ENG-2055,Kingston upon Hull,EU,Europe,breeding,0.028903335021904123,6.140784863791145e-8,2.248523440801997e-7,0.24276032633731803,3.651775819965754e-6,28,2023-06-14,8.473511652512794e-8,arcter,Arctic Tern
arcter,state,ENG-2055,Kingston upon Hull,EU,Europe,postbreeding_migration,0.016140176576013424,5.6853343107233696e-8,1.0907304932318237e-7,0.24276032633731803,1.5174304528336092e-6,77,2023-10-11,3.9510703307673296e-5,arcter,Arctic Tern
arcter,state,ENG-2055,Kingston upon Hull,EU,Europe,prebreeding_migration,0.03144795477116914,1.2107772885465062e-7,1.4372842597822888e-7,0.24276032633731803,4.679548089605925e-6,56,2023-04-19,4.0226655724455614e-5,arcter,Arctic Tern
arcter,state,ENG-2056,North East Lincolnshire,EU,Europe,breeding,0.019420924655131667,1.3460837508939985e-7,4.928850194727769e-7,0.20526380810033928,1.0073143721992896e-5,28,2023-07-05,2.08189700401538e-7,arcter,Arctic Tern
arcter,state,ENG-2056,North East Lincolnshire,EU,Europe,postbreeding_migration,0.02451974871016489,2.817669125902126e-7,5.405693785961859e-7,0.24365792765969332,4.968644008839442e-6,119,2023-10-18,1.0818273214412728e-4,arcter,Arctic Tern
arcter,state,ENG-2056,North East Lincolnshire,EU,Europe,prebreeding_migration,0.05072693669618818,6.371427553555142e-7,7.563366625468576e-7,0.2820520472190473,1.7737063099456344e-5,56,2023-04-19,2.8463454789546513e-4,arcter,Arctic Tern
arcter,state,ENG-2057,North Lincolnshire,EU,Europe,breeding,0.007627494353687637,2.058693406026201e-7,7.538157554043654e-7,0.09586810515442894,1.832037641435009e-5,28,2023-07-05,4.675979734160205e-7,arcter,Arctic Tern
arcter,state,ENG-2057,North Lincolnshire,EU,Europe,postbreeding_migration,0.007715253651624334,3.452484896520577e-7,6.623586843353421e-7,0.0953501869444192,7.571579465348701e-6,119,2023-10-18,1.9660519816189215e-4,arcter,Arctic Tern
arcter,state,ENG-2057,North Lincolnshire,EU,Europe,prebreeding_migration,0.027431334863559698,1.3416914569865098e-6,1.5926892838616424e-6,0.16534680087961118,4.0490752840166936e-5,56,2023-04-19,6.992077190765869e-4,arcter,Arctic Tern
arcter,state,ENG-2058,Derby,EU,Europe,prebreeding_migration,0.011271214802729426,4.6091871642645666e-8,5.471453936454943e-8,0.10875342084587104,2.226644509672895e-6,21,2023-04-19,2.6557265426383997e-5,arcter,Arctic Tern
arcter,state,ENG-2059,Derbyshire,EU,Europe,prebreeding_migration,0.0039262349958265755,5.430003876561391e-7,6.445825484311374e-7,0.030319194280422818,2.099403167424269e-5,28,2023-04-19,3.734234034865028e-4,arcter,Arctic Tern
arcter,state,ENG-2060,Barking and Dagenham,EU,Europe,postbreeding_migration,0.0019015061516781348,3.931590651226362e-9,7.542750480142191e-9,0.2164233094371464,7.940684665466464e-7,28,2023-09-27,1.6371838640277383e-6,arcter,Arctic Tern
arcter,state,ENG-2060,Barking and Dagenham,EU,Europe,prebreeding_migration,0.0554939415500031,1.254123383543959e-7,1.488739354498887e-7,0.27133101627873346,3.0700714068467707e-6,42,2023-04-12,0.002909773472466657,arcter,Arctic Tern
arcter,state,ENG-2061,Bexley,EU,Europe,postbreeding_migration,0.005156586585069047,1.6533302500459696e-8,3.171911484090525e-8,0.10897810927966442,6.200403082506824e-7,63,2023-09-27,1.5329600584309485e-6,arcter,Arctic Tern
arcter,state,ENG-2061,Bexley,EU,Europe,prebreeding_migration,0.03573003295096765,1.2521456476104926e-7,1.4863916322926092e-7,0.12524325600358807,2.1975062728885206e-6,49,2023-04-12,0.003276493326628752,arcter,Arctic Tern
arcter,state,ENG-2062,Brent,EU,Europe,prebreeding_migration,0.0021368306290351956,5.207433622781044e-9,6.18161775141091e-9,0.15761663668420672,1.9231361918500687e-6,7,2023-04-26,1.4566071939322511e-6,arcter,Arctic Tern
arcter,state,ENG-2067,Enfield,EU,Europe,prebreeding_migration,0.01498183256149238,6.429796221231817e-8,7.6326546506981e-8,0.20201051802463005,4.3407082287657606e-6,28,2023-04-19,4.038455244594231e-5,arcter,Arctic Tern
arcter,state,ENG-2068,Greenwich,EU,Europe,postbreeding_migration,5.016833851379343e-4,1.1332273900137483e-9,2.174094965219803e-9,0.03278059241489254,1.3139762027268814e-7,28,2023-09-27,1.6371838640277383e-6,arcter,Arctic Tern
arcter,state,ENG-2068,Greenwich,EU,Europe,prebreeding_migration,0.011699064647374198,2.8884351381990827e-8,3.4287910739714555e-8,0.0674757538198286,8.340912516453809e-7,42,2023-04-12,0.004107879333860816,arcter,Arctic Tern
arcter,state,ENG-2070,Hounslow,EU,Europe,prebreeding_migration,0.001154660984948216,3.286596702976009e-9,3.901438979839555e-9,0.05678896976790811,8.093013334430648e-7,35,2023-04-12,8.758421124656489e-4,arcter,Arctic Tern
arcter,state,ENG-2077,Tower Hamlets,EU,Europe,prebreeding_migration,0.008293037517208895,9.984242715263654e-9,1.1852051600440335e-8,0.07621480063143497,4.594044103521935e-7,28,2023-04-19,1.9581367897000917e-5,arcter,Arctic Tern
arcter,state,ENG-2078,Waltham Forest,EU,Europe,prebreeding_migration,0.013090393991935269,2.5951532344261797e-8,3.0806432618516816e-08,0.14812528240871672,1.4702589170362677e-6,28,2023-04-19,5.303770922289929e-5,arcter,Arctic Tern
arcter,state,ENG-2081,Lincolnshire,EU,Europe,breeding,0.003568664074677998,6.617656710486593e-7,2.4231358965934007e-6,0.05024121911908194,6.596433749900198e-5,28,2023-07-05,9.664728070844563e-7,arcter,Arctic Tern
arcter,state,ENG-2081,Lincolnshire,EU,Europe,postbreeding_migration,0.0038988861533906976,1.1987011433783098e-6,2.2997062580621064e-6,0.04880616484754321,2.6627378104747843e-5,126,2023-10-18,4.2341437370127126e-4,arcter,Arctic Tern
arcter,state,ENG-2081,Lincolnshire,EU,Europe,prebreeding_migration,0.010862761832581525,3.650352102946868e-6,4.333244164603594e-6,0.06838778512523651,1.1506079764705404e-4,56,2023-04-19,0.0012675320046718894,arcter,Arctic Tern
arcter,state,ENG-2108,Halton,EU,Europe,breeding,0.1240516787221747,1.3552853110301785e-6,4.9625428319346945e-6,0.2547722156394825,1.9707458463580603e-5,28,2023-07-05,2.5186587067373287e-6,arcter,Arctic Tern
arcter,state,ENG-2108,Halton,EU,Europe,postbreeding_migration,0.05556910670417666,1.0065452436028055e-6,1.9310554665963832e-6,0.42503148056298,1.3661687302924236e-5,91,2023-08-02,5.119438147708774e-6,arcter,Arctic Tern
arcter,state,ENG-2108,Halton,EU,Europe,prebreeding_migration,0.2987207111822654,5.9141094048116e-6,7.020495378113971e-6,0.4789158796533852,4.747200769632126e-5,63,2023-04-12,0.006319848532373713,arcter,Arctic Tern
arcter,state,ENG-2110,Cornwall,EU,Europe,postbreeding_migration,0.02819349810735204,6.553217427015028e-6,1.257233732577819e-5,0.22743621165558692,9.380988062390836e-5,112,2023-10-25,0.0012769670511158704,arcter,Arctic Tern
arcter,state,ENG-2110,Cornwall,EU,Europe,prebreeding_migration,1.457547957812895e-4,3.70299052371242e-8,4.3957299531477024e-8,0.0034531971686298656,4.392436237356077e-6,14,2023-04-26,6.828604517441854e-6,arcter,Arctic Tern
arcter,state,ENG-2120,York,EU,Europe,prebreeding_migration,7.715011713358337e-4,1.247295145169752e-8,1.4806337188628977e-8,0.030452484888661247,2.464959118200129e-6,21,2023-04-19,1.6946790465150363e-5,arcter,Arctic Tern
arcter,state,ENG-2123,Lancashire,EU,Europe,breeding,0.06613021076670988,5.761692614597716e-6,2.1097141798614457e-5,0.0801476136097007,4.944145514074637e-5,28,2023-07-05,8.553834000137884e-6,arcter,Arctic Tern
arcter,state,ENG-2123,Lancashire,EU,Europe,postbreeding_migration,0.01469610051823373,2.1228733832895266e-6,4.072729246645633e-6,0.0790610013318798,2.0265981686757244e-5,105,2023-07-12,1.005675929180374e-5,arcter,Arctic Tern
arcter,state,ENG-2123,Lancashire,EU,Europe,prebreeding_migration,0.07879797348144452,1.244116817380696e-5,1.4768608032764793e-5,0.09682642242898208,7.65410367069173e-5,63,2023-04-12,0.021116013659946437,arcter,Arctic Tern
arcter,state,ENG-2124,East Riding of Yorkshire,EU,Europe,breeding,0.012431765723173852,1.0280231542378105e-6,3.764232441394874e-6,0.11579381421317982,6.779628694654254e-5,28,2023-07-05,2.0548464634575146e-6,arcter,Arctic Tern
arcter,state,ENG-2124,East Riding of Yorkshire,EU,Europe,postbreeding_migration,0.029969272580805183,4.108829128621022e-6,7.882782220234774e-6,0.14178080047015534,3.449392862150969e-5,133,2023-10-18,8.382425208131087e-4,arcter,Arctic Tern
arcter,state,ENG-2124,East Riding of Yorkshire,EU,Europe,prebreeding_migration,0.020196900426045463,3.0265701019752994e-6,3.5927677285050823e-6,0.13006802368072795,9.75867595032034e-5,56,2023-04-19,0.0011796487106390703,arcter,Arctic Tern
arcter,state,ENG-2139,Cumbria,EU,Europe,breeding,0.0861213850937924,1.896819468765275e-5,6.945436345827621e-5,0.07249418122249049,1.1304949118308176e-4,28,2023-07-05,3.0551116086687795e-5,arcter,Arctic Tern
arcter,state,ENG-2139,Cumbria,EU,Europe,postbreeding_migration,0.026438718341800633,9.654442286454756e-6,1.8522032340510058e-5,0.08274570384598476,5.361861654703979e-5,112,2023-10-18,6.075868554486009e-5,arcter,Arctic Tern
arcter,state,ENG-2139,Cumbria,EU,Europe,prebreeding_migration,0.11292282722762158,4.507053046400874e-5,5.350213010166626e-5,0.09256851980950544,1.8498162414033408e-4,63,2023-04-12,0.034040695246153094,arcter,Arctic Tern
arcter,state,ENG-2140,North Yorkshire,EU,Europe,breeding,0.002808241888298994,6.773125766234119e-7,2.4800627917577176e-6,0.007723431597357133,1.3189107304692872e-5,14,2023-07-05,1.558008578025915e-6,arcter,Arctic Tern
arcter,state,ENG-2140,North Yorkshire,EU,Europe,postbreeding_migration,0.009591396111596722,3.835378715685758e-6,7.3581680331450846e-6,0.027476453983773637,1.9497120123308737e-5,119,2023-10-18,3.820687364812705e-4,arcter,Arctic Tern
arcter,state,ENG-2140,North Yorkshire,EU,Europe,prebreeding_migration,0.009263835389752732,4.04894045781623e-6,4.806398702606184e-6,0.02481221538189051,5.429632622095952e-5,56,2023-04-19,1.7067903930700226e-4,arcter,Arctic Tern
arcter,state,ENG-2142,Torbay,EU,Europe,postbreeding_migration,0.023159551187743,1.992582582382678e-7,3.822766550048086e-7,0.41024423554709005,6.263427222107393e-6,91,2023-10-25,1.7312619925751937e-5,arcter,Arctic Tern
arcter,state,ENG-2142,Torbay,EU,Europe,prebreeding_migration,0.008221212850037579,7.73118770092532e-8,9.17750481205493e-8,0.1538415883301588,7.243332512422315e-6,21,2023-04-19,2.947365983059764e-5,arcter,Arctic Tern
arcter,state,ENG-2317,Essex,EU,Europe,breeding,0.0012214241577548082,1.354475527627717e-7,4.959577711021334e-7,0.05419442285195374,4.255099532031463e-5,28,2023-07-05,1.813424732953083e-7,arcter,Arctic Tern
arcter,state,ENG-2317,Essex,EU,Europe,postbreeding_migration,0.006462746928429195,1.188211105581718e-6,2.279581137049757e-6,0.1491541285797492,4.866257584842623e-5,126,2023-10-18,5.814543680404347e-4,arcter,Arctic Tern
arcter,state,ENG-2317,Essex,EU,Europe,prebreeding_migration,0.010518304817122926,2.113714583287731e-6,2.5091391529806058e-6,0.12682009572020156,1.275977482422643e-4,63,2023-04-12,7.810295375276841e-4,arcter,Arctic Tern
arcter,state,ENG-2318,Suffolk,EU,Europe,breeding,0.002816774341050996,3.343092488503242e-7,1.2241141795232713e-6,0.06947727874830341,5.8383429998043065e-5,28,2023-06-14,4.635662827689604e-7,arcter,Arctic Tern
arcter,state,ENG-2318,Suffolk,EU,Europe,postbreeding_migration,0.005896134238435583,1.160207045285026e-6,2.2258553914198253e-6,0.10105654675859098,3.5287098255203876e-5,133,2023-10-18,5.916483043841637e-4,arcter,Arctic Tern
arcter,state,ENG-2318,Suffolk,EU,Europe,prebreeding_migration,0.01044679181922456,2.246855847887368e-6,2.66718790872353e-6,0.10266019938623408,1.1054744654298966e-4,56,2023-04-19,5.455267659717696e-4,arcter,Arctic Tern
arcter,state,ENG-2319,Norfolk,EU,Europe,breeding,0.0040223805432042506,7.079115561628586e-7,2.5921046956595425e-6,0.06050312442024628,7.539180123527035e-5,28,2023-07-05,1.0539494549059555e-6,arcter,Arctic Tern
arcter,state,ENG-2319,Norfolk,EU,Europe,postbreeding_migration,0.006260690338974156,1.8267952353203176e-6,3.504703785485845e-6,0.0966654505025702,5.005209764600935e-5,133,2023-10-18,9.631203691020352e-4,arcter,Arctic Tern
arcter,state,ENG-2319,Norfolk,EU,Europe,prebreeding_migration,0.01008671328087059,3.2169288587310516e-6,3.818737977026357e-6,0.09758311379257235,1.558191371028689e-4,56,2023-04-19,8.893964782125058e-4,arcter,Arctic Tern
arcter,state,ENG-2674,Brighton and Hove,EU,Europe,postbreeding_migration,0.0024600641251521765,1.619531596444168e-8,3.1070688203194066e-8,0.28964411186257644,3.383693826898675e-6,84,2023-10-18,1.8822684613198397e-5,arcter,Arctic Tern
arcter,state,ENG-2674,Brighton and Hove,EU,Europe,prebreeding_migration,0.02560621958249745,1.8425216394573898e-7,2.187212607761633e-7,0.2226254590318491,8.020405053357511e-6,35,2023-04-12,8.205476534753513e-4,arcter,Arctic Tern
arcter,state,ENG-2675,Havering,EU,Europe,postbreeding_migration,0.0014643978839201431,8.658350472331707e-9,1.6611031761927754e-8,0.01965957816987132,2.062688374528506e-7,63,2023-09-27,1.774703558834568e-6,arcter,Arctic Tern
arcter,state,ENG-2675,Havering,EU,Europe,prebreeding_migration,0.013870199314709227,8.963609012713242e-8,1.0640482165205857e-7,0.14088072308689784,4.558333718643687e-6,49,2023-04-12,0.003227830323111648,arcter,Arctic Tern
arcter,state,ENG-2676,Thurrock,EU,Europe,breeding,1.0661334077472364e-4,5.41570982023767e-10,1.9830283505271707e-9,0.05139966021110319,1.8486493918874223e-6,7,2023-07-05,2.370572408770218e-9,arcter,Arctic Tern
arcter,state,ENG-2676,Thurrock,EU,Europe,postbreeding_migration,0.01952068707283935,1.6440337673388518e-7,3.154076196639917e-7,0.25556487564786123,3.819444081487378e-6,126,2023-10-11,5.547696208530421e-5,arcter,Arctic Tern
arcter,state,ENG-2676,Thurrock,EU,Europe,prebreeding_migration,0.046227626774477955,4.2554095735784163e-7,5.051493166322465e-7,0.378776849462586,1.7457318590135602e-5,49,2023-04-12,0.0064119423074269185,arcter,Arctic Tern
arcter,state,ENG-2677,East Sussex,EU,Europe,postbreeding_migration,0.0025995795783975047,2.463082415087671e-7,4.7254197390151075e-7,0.13547676291324728,2.2778440923295865e-5,119,2023-10-25,1.923487097906757e-4,arcter,Arctic Tern
arcter,state,ENG-2677,East Sussex,EU,Europe,prebreeding_migration,0.013866565214833943,1.4360476799042822e-6,1.7046972603038053e-6,0.13188798131427412,6.838479107411966e-5,49,2023-04-12,0.011475970216180057,arcter,Arctic Tern
arcter,state,ENG-2678,Medway,EU,Europe,breeding,7.71493374290951e-4,6.133266147820769e-9,2.2457703710431447e-8,0.21914615152574377,1.2335135625002006e-5,14,2023-07-05,2.1753025624955832e-8,arcter,Arctic Tern
arcter,state,ENG-2678,Medway,EU,Europe,postbreeding_migration,0.03205621305143662,4.225164537879925e-7,8.105971519907012e-7,0.5329219658646018,1.246460122280536e-5,126,2023-10-18,2.511396856211921e-4,arcter,Arctic Tern
arcter,state,ENG-2678,Medway,EU,Europe,prebreeding_migration,0.02379983289959011,3.428699722046797e-7,4.0701260162665186e-7,0.38815071366243664,2.799692124672295e-5,42,2023-04-19,8.579162044218784e-5,arcter,Arctic Tern
arcter,state,ENG-2679,Southend-on-Sea,EU,Europe,breeding,2.3158691425195847e-4,7.002797465573622e-10,2.564159891901832e-9,0.03664916345586017,7.846429665333793e-7,14,2023-07-05,3.918549098847642e-9,arcter,Arctic Tern
arcter,state,ENG-2679,Southend-on-Sea,EU,Europe,postbreeding_migration,0.009421493212590186,4.7233387039125105e-8,9.061717873832397e-8,0.4126911496982498,3.6714520653173993e-6,126,2023-10-11,4.619706521533213e-5,arcter,Arctic Tern
arcter,state,ENG-2679,Southend-on-Sea,EU,Europe,prebreeding_migration,0.019627260246640774,1.0755068106564753e-7,1.2767079667482774e-7,0.476676183991016,1.307769727868213e-5,42,2023-04-19,1.6868828474695258e-5,arcter,Arctic Tern
arcter,state,ENG-2748,West Sussex,EU,Europe,postbreeding_migration,0.0014419716890283246,1.5384953809847818e-7,2.951600968427314e-7,0.10677852999389996,2.021653667202157e-5,112,2023-10-18,7.612645888289477e-5,arcter,Arctic Tern
arcter,state,ENG-2748,West Sussex,EU,Europe,prebreeding_migration,0.005717400479190906,6.667487510412944e-7,7.914812196812556e-7,0.08196717522216572,4.785837054851242e-5,49,2023-04-12,0.009400620760960396,arcter,Arctic Tern
arcter,state,ENG-2749,Northamptonshire,EU,Europe,prebreeding_migration,0.005377552214737648,6.705137064028143e-7,7.959505065856965e-7,0.05534186695888341,3.454865719327089e-5,28,2023-04-19,2.8044506671396843e-4,arcter,Arctic Tern
arcter,state,ENG-2750,Warwickshire,EU,Europe,prebreeding_migration,0.0031204779049664806,3.28570181569726e-7,3.9003766809244753e-7,0.019557372285048648,1.0310313742882065e-5,35,2023-04-12,8.565427105347253e-4,arcter,Arctic Tern
arcter,state,ENG-2751,Oxfordshire,EU,Europe,prebreeding_migration,0.0021085855745029396,2.956866342794787e-7,3.510024091945734e-7,0.023709347884199195,1.664617339457422e-5,35,2023-04-12,0.0025006674868705355,arcter,Arctic Tern
arcter,state,ENG-2753,Hillingdon,EU,Europe,prebreeding_migration,0.004813702633460956,2.9199994124541357e-8,3.4662602559485143e-8,0.08447069008051268,2.565451981830389e-6,42,2023-04-12,0.002239771991817258,arcter,Arctic Tern
arcter,state,ENG-2755,Surrey,EU,Europe,prebreeding_migration,0.003970241653884963,3.58037592587032e-7,4.2501771473880675e-7,0.04136088950997574,1.8674797415542056e-5,42,2023-04-12,0.007619543516717955,arcter,Arctic Tern
arcter,state,ENG-2756,Swindon,EU,Europe,prebreeding_migration,1.3162119412030347e-4,1.80103633282264e-9,2.1379664096355134e-9,0.001718444448716606,1.177298219595086e-7,28,2023-04-19,1.623861437543981e-5,arcter,Arctic Tern
arcter,state,ENG-2757,Wiltshire,EU,Europe,prebreeding_migration,8.031076155082702e-5,1.3677029300223312e-8,1.6235668706166912e-8,0.001807155391284645,1.5408766468455211e-6,21,2023-04-19,3.508169835819683e-5,arcter,Arctic Tern
arcter,state,ENG-2758,Isle of Wight,EU,Europe,postbreeding_migration,0.0060284592421844425,2.095640054464132e-7,4.020482148131055e-7,0.5050139760805943,3.1152802091002424e-5,105,2023-10-18,5.701268856330613e-5,arcter,Arctic Tern
arcter,state,ENG-2758,Isle of Wight,EU,Europe,prebreeding_migration,0.006628744767925253,2.518638241098633e-7,2.98981417496069e-7,0.16499534130646862,3.1387774220496696e-5,42,2023-04-12,6.112326541776457e-4,arcter,Arctic Tern
arcter,state,ENG-2759,Portsmouth,EU,Europe,postbreeding_migration,0.011479726812425973,7.319245522551284e-8,1.4041961022132796e-7,0.8643419497084075,9.779208626225412e-6,105,2023-10-18,3.3143528832131465e-5,arcter,Arctic Tern
arcter,state,ENG-2759,Portsmouth,EU,Europe,prebreeding_migration,0.049067435799822576,3.419418520845009e-7,4.059108528141006e-7,0.656742985009412,2.2914410110480536e-5,42,2023-04-12,0.004710892171753503,arcter,Arctic Tern
arcter,state,ENG-2760,Peterborough,EU,Europe,prebreeding_migration,0.0013799273924296758,2.3002834735583708e-8,2.7306105432087352e-8,0.06147646184490213,5.130838328649468e-6,21,2023-04-19,2.2119939901380717e-5,arcter,Arctic Tern
arcter,state,ENG-2762,Rutland,EU,Europe,prebreeding_migration,0.02892451208614186,6.286313783311755e-7,7.462330139717838e-7,0.10959166412793002,1.1925095819434605e-5,49,2023-04-12,0.001547826131807704,arcter,Arctic Tern
arcter,state,ENG-2763,Nottingham,EU,Europe,prebreeding_migration,0.017437578591277786,7.65711641604365e-8,9.08957659200211e-8,0.06571462156182284,1.4447590564459184e-6,28,2023-04-19,9.323500818568952e-5,arcter,Arctic Tern
arcter,state,ENG-2764,Nottinghamshire,EU,Europe,prebreeding_migration,0.01018304138876618,1.1354514430376003e-6,1.3478667813336214e-6,0.08655178000947206,4.831938564718059e-5,28,2023-04-19,6.527992537721113e-4,arcter,Arctic Tern
arcter,state,ENG-2765,Hackney,EU,Europe,prebreeding_migration,0.014685192691943674,1.5458145595845262e-8,1.8349988524316387e-8,0.23324680794885644,1.2292714502389787e-6,28,2023-04-19,1.2653156776956984e-5,arcter,Arctic Tern
arcter,state,ENG-2766,Haringey,EU,Europe,prebreeding_migration,0.012912150811120108,2.0274179018105204e-8,2.4066984620856378e-8,0.26090044999779005,2.0510387122008643e-6,28,2023-04-19,2.076084714147693e-5,arcter,Arctic Tern
arcter,state,ENG-2770,Newham,EU,Europe,postbreeding_migration,0.0021918770641058305,4.380414957711928e-9,8.403819206151981e-9,0.11346424437074448,4.023846856694333e-7,28,2023-09-27,1.1213721777484776e-6,arcter,Arctic Tern
arcter,state,ENG-2770,Newham,EU,Europe,prebreeding_migration,0.0775660673884577,1.6943181705420257e-7,2.0112838757543639e-7,0.4737817515739421,5.181504345145342e-6,42,2023-04-12,0.002921721846319304,arcter,Arctic Tern
arcter,state,ENG-2774,Warrington,EU,Europe,prebreeding_migration,0.001364998107980107,1.2928458832799881e-8,1.5347058917774565e-8,0.007238531581139939,3.432570954556174e-7,21,2023-04-19,4.2942171225371944e-5,arcter,Arctic Tern
arcter,state,ENG-2776,Worcestershire,EU,Europe,prebreeding_migration,3.256800813537526e-4,3.116663682072718e-8,3.699715625369669e-8,0.0023980762440401365,1.1489895307831271e-6,28,2023-04-19,6.141221963353036e-5,arcter,Arctic Tern
arcter,state,ENG-2777,Staffordshire,EU,Europe,prebreeding_migration,0.006927194765215859,9.675865522351878e-7,1.148598453786765e-6,0.02984167599825983,2.0869400731532467e-5,28,2023-04-19,4.3215011299688216e-4,arcter,Arctic Tern
arcter,state,ENG-2778,Stoke-on-Trent,EU,Europe,prebreeding_migration,0.0024713054843489317,1.3772630517666824e-8,1.6349154585318592e-8,0.01817883812048736,5.072370035765882e-7,21,2023-04-19,2.933163147318329e-5,arcter,Arctic Tern
arcter,state,ENG-2779,Shropshire,EU,Europe,prebreeding_migration,8.013451065101634e-4,1.369273073401899e-7,1.6254307496193792e-7,0.005644459254602598,4.828888341614877e-6,21,2023-04-19,5.5817921778690416e-5,arcter,Arctic Tern
arcter,state,ENG-3409,Kent,EU,Europe,breeding,1.276981391102333e-4,1.492264677151362e-8,5.4641095248924573e-8,0.028401718551987032,2.3499378710804493e-5,21,2023-07-05,4.6097883044101795e-8,arcter,Arctic Tern
arcter,state,ENG-3409,Kent,EU,Europe,postbreeding_migration,0.009607781087983774,1.8614706354546693e-6,3.5712284861005746e-6,0.1712244060211424,5.886838426349819e-5,133,2023-10-18,0.0010785918971558345,arcter,Arctic Tern
arcter,state,ENG-3409,Kent,EU,Europe,prebreeding_migration,0.02259311259123716,4.784464000927597e-6,5.679520804592707e-6,0.15783834100620872,1.6734936717550613e-4,56,2023-04-12,0.0193746504425742,arcter,Arctic Tern
arcter,state,ENG-5662,North Tyneside,EU,Europe,breeding,2.785578573306556,7.910900853740788e-6,2.896673047834961e-5,0.2775148031504994,5.58016643985372e-6,28,2023-07-05,1.3519621404244617e-5,arcter,Arctic Tern
arcter,state,ENG-5662,North Tyneside,EU,Europe,postbreeding_migration,0.8758385574614749,4.123883507826797e-6,7.911664023061116e-6,0.2867106959087944,2.3955739424747786e-6,119,2023-10-18,6.93177558055227e-5,arcter,Arctic Tern
arcter,state,ENG-5662,North Tyneside,EU,Europe,prebreeding_migration,1.2899905685405606,6.638852160767454e-6,7.880819869975774e-6,0.2775148031504994,7.150673669651893e-6,56,2023-04-19,3.74443859095044e-5,arcter,Arctic Tern
arcter,state,ENG-5663,South Tyneside,EU,Europe,breeding,4.249589590036876,1.4637185617500817e-5,5.359584433967856e-5,0.28870298823809126,7.040643266668941e-6,28,2023-07-05,2.4522479394168473e-5,arcter,Arctic Tern
arcter,state,ENG-5663,South Tyneside,EU,Europe,postbreeding_migration,1.4024950902471844,8.009100443801675e-6,1.536544660343734e-5,0.435641380798445,4.4146357292351545e-6,126,2023-10-18,8.175457725015062e-5,arcter,Arctic Tern
arcter,state,ENG-5663,South Tyneside,EU,Europe,prebreeding_migration,1.8825949253993048,1.1750691066621728e-5,1.394895945884027e-5,0.36596327229447734,1.1436637857507088e-5,56,2023-05-31,3.7786031464456434e-5,arcter,Arctic Tern
arcter,state,ENG-5664,Sunderland,EU,Europe,breeding,1.397330970985332,6.696765617621795e-6,2.452102589942093e-5,0.18476968644640665,6.269703545228487e-6,28,2023-06-14,2.9940135346557693e-5,arcter,Arctic Tern
arcter,state,ENG-5664,Sunderland,EU,Europe,postbreeding_migration,0.5224293281058391,4.151118808444383e-6,7.96391490445591e-6,0.18476968644640665,2.6052637288829433e-6,112,2023-07-26,4.042688086906835e-5,arcter,Arctic Tern
arcter,state,ENG-5664,Sunderland,EU,Europe,prebreeding_migration,0.9590814887246218,8.329467863530788e-6,9.887708636314886e-6,0.18476968644640665,8.03427721029836e-6,56,2023-06-07,4.335707272536428e-5,arcter,Arctic Tern
arcter,state,ENG-5666,Knowsley,EU,Europe,breeding,0.002230688394811279,9.813439461725841e-9,3.593310815151912e-8,0.05099640897419295,1.5884458176109534e-6,7,2023-06-14,6.645811165969409e-8,arcter,Arctic Tern
arcter,state,ENG-5666,Knowsley,EU,Europe,postbreeding_migration,0.007789424849885725,5.6814544804173513e-8,1.0899861483978957e-7,0.1124867056370396,1.4559239657363352e-6,77,2023-08-16,5.598328777806209e-7,arcter,Arctic Tern
arcter,state,ENG-5666,Knowsley,EU,Europe,prebreeding_migration,0.028969633603846197,2.3095176008434245e-7,2.74157215103305e-7,0.13206708628474506,5.27141505475897e-6,63,2023-04-12,0.0016452811972482069,arcter,Arctic Tern
arcter,state,ENG-5667,Sefton,EU,Europe,breeding,0.28901735450934785,1.8501274158215028e-6,6.774467686491746e-6,0.5262775670544971,2.38530020709576e-5,28,2023-07-05,3.1305561740116147e-6,arcter,Arctic Tern
arcter,state,ENG-5667,Sefton,EU,Europe,postbreeding_migration,0.10627659746805931,1.1279430142942288e-6,2.1639568987140175e-6,0.5826791736291276,1.097393466168842e-5,98,2023-08-02,4.342697359988311e-6,arcter,Arctic Tern
arcter,state,ENG-5667,Sefton,EU,Europe,prebreeding_migration,0.44553659031710013,5.16841083449791e-6,6.135294748904402e-6,0.5826791736291276,3.384211440179612e-5,63,2023-04-12,0.005576858501983636,arcter,Arctic Tern
arcter,state,ENG-5668,Liverpool,EU,Europe,breeding,0.07728524905301606,3.171179263969829e-7,1.1611660509499164e-6,0.2205819678253064,6.408326922571928e-6,28,2023-07-05,7.651921152989732e-7,arcter,Arctic Tern
arcter,state,ENG-5668,Liverpool,EU,Europe,postbreeding_migration,0.03779340449295349,2.5710587333626077e-7,4.932572135783124e-7,0.3915908234768414,4.727285647235093e-6,84,2023-08-16,1.862993428579824e-6,arcter,Arctic Tern
arcter,state,ENG-5668,Liverpool,EU,Europe,prebreeding_migration,0.15028912015889706,1.117500325349878e-6,1.3265574462956015e-6,0.4564457107927486,1.699274690503244e-5,63,2023-04-12,0.006256191324259031,arcter,Arctic Tern
arcter,state,ENG-5669,Merseyside,EU,Europe,prebreeding_migration,0.0094888517666643,7.050593592005183e-8,8.369588104907436e-8,0.09547747044041437,3.551953457212059e-6,21,2023-04-19,5.114856200765359e-5,arcter,Arctic Tern
arcter,state,ENG-5670,Blackpool,EU,Europe,breeding,0.37469882490577855,2.0675825784574063e-6,7.570706345483576e-6,0.5338015681629589,2.0855031426299496e-5,28,2023-06-14,3.4310730588184227e-6,arcter,Arctic Tern
arcter,state,ENG-5670,Blackpool,EU,Europe,postbreeding_migration,0.12059299178328076,1.1032511850727236e-6,2.116585663191825e-6,0.6071294768866204,9.856370248707836e-6,84,2023-07-12,4.873879493673821e-6,arcter,Arctic Tern
arcter,state,ENG-5670,Blackpool,EU,Europe,prebreeding_migration,0.608171861085292,6.081389072563131e-6,7.219069001616202e-6,0.7606606552195523,3.8082176589147614e-5,56,2023-04-19,2.935385217716452e-4,arcter,Arctic Tern
arcter,state,ENG-5674,Leeds,EU,Europe,prebreeding_migration,0.0034774830680186076,1.0250376911853168e-7,1.2167973029894224e-7,0.06775029652989156,9.998626683049588e-6,21,2023-04-19,7.002280261373145e-5,arcter,Arctic Tern
arcter,state,ENG-5675,Wakefield,EU,Europe,prebreeding_migration,0.014322315048004738,2.450273924600717e-7,2.90866055821984e-7,0.09476656962974778,8.117287314207499e-6,28,2023-04-19,1.2906838025070907e-4,arcter,Arctic Tern
arcter,state,ENG-5676,Salford,EU,Europe,prebreeding_migration,0.001036448865744049,7.149154320546593e-9,8.486587147675492e-9,0.004947697596013358,1.70869394752258e-7,28,2023-04-19,4.340144520869621e-5,arcter,Arctic Tern
arcter,state,ENG-5677,Wigan,EU,Europe,prebreeding_migration,0.017457426404203717,1.90394674399386e-7,2.260128854821184e-7,0.1418117827124133,7.743570120864915e-6,28,2023-04-19,1.143220977001845e-4,arcter,Arctic Tern
arcter,state,ENG-5679,Bury,EU,Europe,prebreeding_migration,0.012698694551772074,6.678774291623999e-8,7.928210460169254e-8,0.10423420871556276,2.7447469167277886e-6,21,2023-04-19,4.0795246812168845e-5,arcter,Arctic Tern
arcter,state,ENG-5680,Rochdale,EU,Europe,prebreeding_migration,3.4586473350806704e-4,3.541606101608377e-9,4.2041544323162404e-9,0.008991471630763654,4.609768298176394e-7,14,2023-04-19,1.1839410573397408e-5,arcter,Arctic Tern
arcter,state,ENG-5681,Oldham,EU,Europe,prebreeding_migration,1.637658381601632e-4,1.6164329982948791e-9,1.9188282828057713e-9,8.510990081946399e-4,4.2059956780639474e-8,28,2023-04-19,4.2988082744455326e-5,arcter,Arctic Tern
arcter,state,ENG-5682,Tameside,EU,Europe,prebreeding_migration,0.013549940958712365,9.11746093365452e-8,1.0823116037180465e-7,0.07041970071790782,2.372384214026799e-6,28,2023-04-19,4.2988082744455326e-5,arcter,Arctic Tern
arcter,state,ENG-5684,Manchester,EU,Europe,prebreeding_migration,0.037618287033209775,2.461075816045526e-7,2.9214832207328914e-7,0.19176138813470855,6.281183541932067e-6,28,2023-04-19,1.1107304327322932e-4,arcter,Arctic Tern
arcter,state,ENG-5686,Rotherham,EU,Europe,prebreeding_migration,0.0017978282426315548,2.6811697352616284e-8,3.1827513571238966e-8,0.0323360312221377,2.4144441708074384e-6,14,2023-04-19,1.6107107301100026e-5,arcter,Arctic Tern
arcter,state,ENG-5688,Barnsley,EU,Europe,prebreeding_migration,0.0013821143091204589,2.5339192656526503e-8,3.0079539074057894e-8,0.026303528747743537,2.4144441708074384e-6,14,2023-04-19,1.7356662055771325e-5,arcter,Arctic Tern
arcter,state,ENG-5689,Doncaster,EU,Europe,prebreeding_migration,0.01686094452734407,5.807177585246183e-7,6.893559216868532e-7,0.13012502510500132,2.2438735336587137e-5,28,2023-04-19,3.334019492786622e-4,arcter,Arctic Tern
arcter,state,ENG-5690,Birmingham,EU,Europe,prebreeding_migration,0.0028143134860948585,4.127823025619197e-8,4.9000382795514357e-8,0.02169427643869592,1.593118605331203e-6,21,2023-04-19,2.7674721476630256e-5,arcter,Arctic Tern
arcter,state,ENG-5694,Walsall,EU,Europe,prebreeding_migration,0.0014286240257727573,7.414910522155154e-9,8.802059868484496e-9,0.004547000196572139,1.1815912883367288e-7,28,2023-04-19,6.441126424842013e-5,arcter,Arctic Tern
arcter,state,ENG-5695,Solihull,EU,Europe,prebreeding_migration,2.762980636475513e-4,2.1570324552127263e-9,2.560560744774586e-9,0.001829108632683946,7.149450770854706e-8,28,2023-04-19,3.37374981569001e-5,arcter,Arctic Tern
arcter,state,ENG-5697,Central Bedfordshire,EU,Europe,prebreeding_migration,0.003719711535892206,1.382369846089863e-7,1.6409776098193713e-7,0.048929649792461546,9.10419266817464e-6,35,2023-04-12,0.002199213489721069,arcter,Arctic Tern
arcter,state,ENG-5698,Bedford,EU,Europe,prebreeding_migration,0.010031115800653728,2.3329473673025365e-7,2.7693850567264514e-7,0.11907020874522452,1.386478547388409e-5,35,2023-04-12,0.002199213489721069,arcter,Arctic Tern
arcter,state,ENG-5699,Reading,EU,Europe,prebreeding_migration,0.015428596439280406,3.76758830159642e-8,4.4724124035437136e-8,0.23026538826203272,2.815269825815954e-6,35,2023-04-12,6.919598653335635e-4,arcter,Arctic Tern
arcter,state,ENG-5700,West Berkshire,EU,Europe,prebreeding_migration,2.969326447656261e-4,1.0248196593939385e-8,1.2165384827548136e-8,0.00449895663608822,7.774198957523689e-7,28,2023-04-19,1.629024114359352e-5,arcter,Arctic Tern
arcter,state,ENG-5701,Wokingham,EU,Europe,prebreeding_migration,0.003537742399461577,3.631948972312586e-8,4.3113982559946514e-8,0.07598318738872346,3.905578591931841e-6,35,2023-04-12,6.919598653335635e-4,arcter,Arctic Tern
arcter,state,ENG-5703,Royal Borough of Windsor and Maidenhead,EU,Europe,prebreeding_migration,2.3505565709615585e-4,2.449409085391903e-9,2.9076339286374807e-9,0.02500015254238421,1.304330402869608e-6,7,2023-04-26,1.0101886278123895e-6,arcter,Arctic Tern
arcter,state,ENG-5704,Slough,EU,Europe,prebreeding_migration,0.06029305863938154,1.6654054690945097e-7,1.9769623113416506e-7,0.476076404230235,6.583906730290201e-6,42,2023-04-12,0.004198276632236537,arcter,Arctic Tern
arcter,state,ENG-5705,Barnet,EU,Europe,prebreeding_migration,2.6425275198880323e-4,1.3303549169349055e-9,1.579231952996011e-9,0.01949177882283854,4.913079789573699e-7,7,2023-04-26,1.4566071939322511e-6,arcter,Arctic Tern
arcter,state,ENG-5706,Cheshire East,EU,Europe,prebreeding_migration,0.004003578814788182,2.415365549321809e-7,2.867221675282765e-7,0.02858812021007377,8.635240289219238e-6,28,2023-04-12,0.0011062513548670276,arcter,Arctic Tern
arcter,state,ENG-5707,Cheshire West and Chester,EU,Europe,breeding,0.00886453807188093,2.503934893062743e-7,9.168463683675967e-7,0.02433357222031295,4.866573219710521e-6,28,2023-07-05,7.338256427269752e-7,arcter,Arctic Tern
arcter,state,ENG-5707,Cheshire West and Chester,EU,Europe,postbreeding_migration,0.003135906821378022,1.46859441536149e-7,2.817496075830465e-7,0.04317570085291702,3.58807469857443e-6,77,2023-08-02,8.719470557155242e-7,arcter,Arctic Tern
arcter,state,ENG-5707,Cheshire West and Chester,EU,Europe,prebreeding_migration,0.018083206818847525,9.2563188469869e-7,1.098795088754211e-6,0.06265029347436517,1.605610903396648e-5,63,2023-04-12,0.0024135686386354367,arcter,Arctic Tern
arcter,state,ENG-5988,Isles of Scilly,EU,Europe,postbreeding_migration,0.09941413363493563,7.895130782195855e-7,1.5146795986916316e-6,1,1.4092711249741632e-5,98,2023-10-25,3.5799159423868294e-4,arcter,Arctic Tern
arcter,state,ESP-5805,Asturias,EU,Europe,postbreeding_migration,0.014856249430006028,8.221053614114565e-6,1.5772078427288722e-5,0.07298402551281832,7.166869045592119e-5,105,2023-10-18,0.007629893637952718,arcter,Arctic Tern
arcter,state,ESP-5813,Cantabria,EU,Europe,postbreeding_migration,0.01830863570343876,5.163779884052687e-6,9.906703585134884e-6,0.1154150934108088,5.776405896791289e-5,105,2023-10-25,0.006120193487024286,arcter,Arctic Tern
arcter,state,ESP-5823,Gipuzkoa,EU,Europe,postbreeding_migration,0.01705034971336524,1.778783424325201e-6,3.4125932016123815e-6,0.1338302319827017,2.4775781984791532e-5,105,2023-11-01,0.003722881910055647,arcter,Arctic Tern
arcter,state,ESP-5824,Huelva,EU,Europe,postbreeding_migration,4.841914758705432e-5,2.5020827542462873e-8,4.8002418283449315e-8,0.020491106140972777,1.8790281666322175e-5,28,2023-09-06,6.153916845823218e-7,arcter,Arctic Tern
arcter,state,ESP-5827,La Coruña,EU,Europe,postbreeding_migration,0.02066718561193693,9.47239754310556e-6,1.817277978674376e-5,0.16571966970155189,1.347832713177193e-4,91,2023-10-11,0.007938573425804335,arcter,Arctic Tern
arcter,state,ESP-5829,Las Palmas,EU,Europe,postbreeding_migration,1.1121909018363472e-4,3.3171470568536214e-8,6.363941410833399e-8,0.0073964497041420114,3.91464201381712e-6,7,2023-09-06,1.714377829488956e-6,arcter,Arctic Tern
arcter,state,ESP-5832,Lugo,EU,Europe,postbreeding_migration,0.006103517663792894,3.017679557214384e-6,5.78941348382598e-6,0.02969795568244664,2.6055704915998312e-5,98,2023-10-11,0.0024043912644671176,arcter,Arctic Tern
arcter,state,ESP-5840,Pontevedra,EU,Europe,postbreeding_migration,0.008030289925850356,2.018699209327258e-6,3.872871257760849e-6,0.1509373618406251,6.733184263765447e-5,84,2023-10-11,0.001172687315853169,arcter,Arctic Tern
arcter,state,ESP-5851,Bizkaia,EU,Europe,postbreeding_migration,0.02697211113549671,3.235405238475584e-6,6.207119860851763e-6,0.1516370512779683,3.227768892023328e-5,105,2023-11-01,0.005333441892193831,arcter,Arctic Tern
arcter,state,EST-1654,Harju,EU,Europe,breeding,1.884727612852107,3.044911748945764e-4,0.0011149316568714782,0.20593061058889536,2.3555780243597667e-4,28,2023-06-14,3.9955336934050856e-4,arcter,Arctic Tern
arcter,state,EST-1654,Harju,EU,Europe,postbreeding_migration,0.642537555089251,1.721061671700145e-4,3.3018541099952314e-4,0.1876502666755378,8.91929359359866e-5,56,2023-07-19,5.725410666447525e-4,arcter,Arctic Tern
arcter,state,EST-1654,Harju,EU,Europe,prebreeding_migration,0.9633819697074494,2.8204640244379665e-4,3.348104218632434e-4,0.20427216702814951,2.99423297630858e-4,49,2023-05-03,0.0016189255918878489,arcter,Arctic Tern
arcter,state,EST-1655,Ida-Viru,EU,Europe,breeding,0.6947985299361026,7.722365396555317e-5,2.827638485591376e-4,0.09033837316767417,7.109092940204691e-5,28,2023-07-05,1.0263397610203868e-4,arcter,Arctic Tern
arcter,state,EST-1655,Ida-Viru,EU,Europe,postbreeding_migration,0.4564568407481004,8.411297159023238e-5,1.613706036895049e-4,0.08313954208908218,2.718655894915963e-5,49,2023-07-19,1.579077673359158e-4,arcter,Arctic Tern
arcter,state,EST-1655,Ida-Viru,EU,Europe,prebreeding_migration,0.3130532607429494,6.305298073947777e-5,7.484865929224627e-5,0.0927326559092309,9.351352562394496e-5,49,2023-05-03,2.342220811989936e-4,arcter,Arctic Tern
arcter,state,EST-1658,Lääne-Viru,EU,Europe,breeding,0.725195769186413,7.94731152313476e-5,2.9100052595055543e-4,0.090129315273241,6.993289665447615e-5,28,2023-07-05,1.087587630508408e-4,arcter,Arctic Tern
arcter,state,EST-1658,Lääne-Viru,EU,Europe,postbreeding_migration,0.3428061641389301,6.228527665284799e-5,1.1949420528622813e-4,0.07802064356068225,2.515530925484554e-5,49,2023-07-19,1.6193355875800236e-4,arcter,Arctic Tern
arcter,state,EST-1658,Lääne-Viru,EU,Europe,prebreeding_migration,0.3075483985850141,6.10765334141361e-5,7.250246676132049e-5,0.08771762416295009,8.721719435069088e-5,49,2023-05-03,3.424547585998137e-4,arcter,Arctic Tern
arcter,state,EST-1660,Hiiu,EU,Europe,breeding,5.290101025329561,2.7592238069549147e-4,0.0010103235247565354,0.5408163265306123,1.997207677567778e-4,28,2023-06-14,4.323175357167261e-4,arcter,Arctic Tern
arcter,state,EST-1660,Hiiu,EU,Europe,postbreeding_migration,1.1183635758198038,9.671142369458734e-5,1.8554071423484625e-4,0.5,7.672698347081557e-5,56,2023-07-19,3.96088736162122e-4,arcter,Arctic Tern
arcter,state,EST-1660,Hiiu,EU,Europe,prebreeding_migration,3.543666238155292,3.349436183628774e-4,3.976034198373539e-4,0.5408163265306123,2.559310821055885e-4,56,2023-04-26,0.003797415010739982,arcter,Arctic Tern
arcter,state,EST-1661,Lääne,EU,Europe,breeding,2.3626324220317785,2.191542362950599e-4,8.024600248839817e-4,0.25975669932678386,1.705968226118484e-4,28,2023-06-14,3.2097025096395563e-4,arcter,Arctic Tern
arcter,state,EST-1661,Lääne,EU,Europe,postbreeding_migration,0.6337562682156737,9.746479605293622e-5,1.869860579193138e-4,0.24547838509758507,6.699187380033345e-5,56,2023-07-19,3.515565186600611e-4,arcter,Arctic Tern
arcter,state,EST-1661,Lääne,EU,Europe,prebreeding_migration,1.7080839269573564,2.8711696243546544e-4,3.4082956025743654e-4,0.2741011256769273,2.3068258323756448e-4,49,2023-04-26,0.0029201516868510085,arcter,Arctic Tern
arcter,state,EST-2346,Pärnu,EU,Europe,breeding,0.9480879917969094,1.5068846702941108e-4,5.517642416884278e-4,0.14066214127920396,1.582920353748375e-4,28,2023-06-14,2.0083194419694565e-4,arcter,Arctic Tern
arcter,state,EST-2346,Pärnu,EU,Europe,postbreeding_migration,0.2420604277008334,6.378623448505173e-5,1.223737905263641e-4,0.12738167195408406,5.95653188594154e-5,56,2023-07-19,2.247772733312893e-4,arcter,Arctic Tern
arcter,state,EST-2346,Pärnu,EU,Europe,prebreeding_migration,0.5701690763990945,1.6422185828302336e-4,1.9494377228180144e-4,0.12726767203111986,1.835269069204649e-4,49,2023-04-26,0.0012062444912593305,arcter,Arctic Tern
arcter,state,EST-2352,Saare,EU,Europe,breeding,3.8787230635816985,5.346695159721331e-4,0.0019577577889667097,0.4864864864864865,4.748078629689434e-4,28,2023-06-14,8.415321794002107e-4,arcter,Arctic Tern
arcter,state,EST-2352,Saare,EU,Europe,postbreeding_migration,0.905964361170206,2.0705206428066404e-4,3.972290596377992e-4,0.4749034749034749,1.926003870798023e-4,56,2023-07-19,7.342710072037317e-4,arcter,Arctic Tern
arcter,state,EST-2352,Saare,EU,Europe,prebreeding_migration,2.8150400338356443,7.031972450862401e-4,8.347483401328271e-4,0.4884169884169885,6.108543752142819e-4,56,2023-04-26,0.007449882132660826,arcter,Arctic Tern
arcter,state,FIN-3176,Lapland,EU,Europe,breeding,0.025944080882735903,7.521593348327991e-5,2.7541233459617715e-4,0.006213918641296784,1.2755209413969193e-4,28,2023-06-14,1.00634558196375e-4,arcter,Arctic Tern
arcter,state,FIN-3176,Lapland,EU,Europe,postbreeding_migration,0.011503514712736015,5.5293478525858506e-5,1.0608045157741896e-4,0.004672751712969406,3.9856524253484055e-5,63,2023-07-19,1.1814408214012903e-4,arcter,Arctic Tern
arcter,state,FIN-3176,Lapland,EU,Europe,prebreeding_migration,0.013803278482989383,7.251865560009673e-5,8.608513160972481e-5,0.0059926883627021595,1.5763168944808235e-4,35,2023-06-07,1.1024251594499248e-4,arcter,Arctic Tern
arcter,state,FIN-3179,Kainuu,EU,Europe,prebreeding_migration,1.7080949535808128e-4,2.2104165985696185e-7,2.623931762462679e-7,0.001117948909241973,7.243332512422315e-6,7,2023-05-31,1.059537002165424e-6,arcter,Arctic Tern
arcter,state,FIN-3180,Northern Ostrobothnia,EU,Europe,breeding,0.23925661636152237,2.715664074608185e-4,9.943735962980069e-4,0.04258729373351762,3.4224932791820803e-4,28,2023-06-14,3.4882996205809117e-4,arcter,Arctic Tern
arcter,state,FIN-3180,Northern Ostrobothnia,EU,Europe,postbreeding_migration,0.08103556230791527,1.524963821453194e-4,2.925640692750567e-4,0.04305619866088188,1.4378147415133508e-4,70,2023-07-19,3.7229719352245647e-4,arcter,Arctic Tern
arcter,state,FIN-3180,Northern Ostrobothnia,EU,Europe,prebreeding_migration,0.12007766498930526,2.4698481824694574e-4,2.931896683474083e-4,0.04329065112456401,4.458168560765225e-4,42,2023-06-07,3.566548321198726e-4,arcter,Arctic Tern
arcter,state,FIN-3181,Central Ostrobothnia,EU,Europe,breeding,0.49170475069703623,8.362949697979325e-5,3.062196257848588e-4,0.0722938080277367,8.705759232023277e-5,28,2023-07-05,1.2199123054279151e-4,arcter,Arctic Tern
arcter,state,FIN-3181,Central Ostrobothnia,EU,Europe,postbreeding_migration,0.2037988374998604,5.7468330743316143e-5,1.1025290213565546e-4,0.07072917745859188,3.5392304757724884e-5,63,2023-07-19,1.3705135956112728e-4,arcter,Arctic Tern
arcter,state,FIN-3181,Central Ostrobothnia,EU,Europe,prebreeding_migration,0.3207362414409673,9.885509320407018e-5,1.1734847589690623e-4,0.07072917745859188,1.0914502988027412e-4,42,2023-05-03,1.9640349832224143e-4,arcter,Arctic Tern
arcter,state,FIN-3182,Ostrobothnia,EU,Europe,breeding,2.921269529066413,9.137642889265136e-4,0.0033458596394314497,0.29832267787310546,6.60692370367184e-4,28,2023-07-05,0.0011814418298335089,arcter,Arctic Tern
arcter,state,FIN-3182,Ostrobothnia,EU,Europe,postbreeding_migration,1.2063922781446617,6.256376861655487e-4,0.0012002849168054302,0.2932181498878366,2.698413860189732e-4,63,2023-07-19,0.0013766142844129194,arcter,Arctic Tern
arcter,state,FIN-3182,Ostrobothnia,EU,Europe,prebreeding_migration,1.4890777220854494,8.440649235656527e-4,0.0010019689338008717,0.3034272058583743,8.611272782479095e-4,49,2023-05-03,0.00400189747779053,arcter,Arctic Tern
arcter,state,FIN-3187,Kymenlaakso,EU,Europe,breeding,0.8047456565978397,1.517602447614798e-4,5.556886868649655e-4,0.14104593628044207,1.88326062067709e-4,28,2023-07-05,1.978315744007437e-4,arcter,Arctic Tern
arcter,state,FIN-3187,Kymenlaakso,EU,Europe,postbreeding_migration,0.408873129457571,1.27837935121168e-4,2.452568774459778e-4,0.12968422648479777,7.195180448695098e-5,49,2023-07-19,2.4782530077803195e-4,arcter,Arctic Tern
arcter,state,FIN-3187,Kymenlaakso,EU,Europe,prebreeding_migration,0.34108479673038755,1.165621831412206e-4,1.383681315296672e-4,0.1396348046899374,2.389149548447704e-4,49,2023-05-03,6.265509403111245e-4,arcter,Arctic Tern
arcter,state,FIN-3191,Finland Proper,EU,Europe,breeding,2.7180338822100043,0.0011615935533869743,0.00425331678508373,0.21084920626661377,6.380015997218248e-4,28,2023-06-14,0.001706484671644442,arcter,Arctic Tern
arcter,state,FIN-3191,Finland Proper,EU,Europe,postbreeding_migration,0.5896321035782811,4.17784427701134e-4,8.015187673863519e-4,0.18183715121433297,2.2863204605291592e-4,56,2023-07-19,0.0016818756348791417,arcter,Arctic Tern
arcter,state,FIN-3191,Finland Proper,EU,Europe,prebreeding_migration,1.767596550491748,0.0013689210644899222,0.0016250128884047095,0.22703898496714123,8.80339198109879e-4,49,2023-04-26,0.008395555481586475,arcter,Arctic Tern
arcter,state,FIN-3192,Satakunta,EU,Europe,breeding,1.3434767605264568,3.611578825764194e-4,0.0013224237337996307,0.10666534482106192,2.030209014083187e-4,28,2023-06-14,4.922809140360918e-4,arcter,Arctic Tern
arcter,state,FIN-3192,Satakunta,EU,Europe,postbreeding_migration,0.33820945283206616,1.507386014123985e-4,2.8919176970386716e-4,0.10131181415840589,8.012761001627735e-5,56,2023-07-19,4.998021525565914e-4,arcter,Arctic Tern
arcter,state,FIN-3192,Satakunta,EU,Europe,prebreeding_migration,0.739965650165993,3.604744050267449e-4,4.27910395495848e-4,0.10567542515636716,2.5774557609688795e-4,49,2023-04-26,0.002427533153756382,arcter,Arctic Tern
arcter,state,FIN-3193,Uusimaa,EU,Europe,breeding,1.836122655629876,6.234029417120791e-4,0.002282666073794253,0.20973318308799097,5.041790276848174e-4,28,2023-06-14,8.054932414772391e-4,arcter,Arctic Tern
arcter,state,FIN-3193,Uusimaa,EU,Europe,postbreeding_migration,0.4942364846071127,2.782106557016552e-4,5.337467053493391e-4,0.16897610166853658,1.6879034534382118e-4,56,2023-07-19,9.616863216029812e-4,arcter,Arctic Tern
arcter,state,FIN-3193,Uusimaa,EU,Europe,prebreeding_migration,0.99375269409173,6.114224924084413e-4,7.258047642027224e-4,0.22384140357934057,6.895374440029255e-4,49,2023-04-26,0.004001647080566111,arcter,Arctic Tern
arcter,state,FRA-5275,Calvados,EU,Europe,postbreeding_migration,1.572360979544088e-4,4.592108529636951e-8,8.809952990904575e-8,0.03148170002679501,1.63155387736184e-5,56,2023-10-25,2.0495770571854217e-4,arcter,Arctic Tern
arcter,state,FRA-5278,Charente-Maritime,EU,Europe,postbreeding_migration,2.6772322084092355e-4,1.0282683038371325e-7,1.97273112348643e-7,0.05169288811733504,3.523177812435408e-5,14,2023-11-01,6.573711303497875e-4,arcter,Arctic Tern
arcter,state,FRA-5283,Côtes-d'Armor,EU,Europe,postbreeding_migration,0.0022493258969817327,8.602594578840227e-7,1.650406416796615e-6,0.10369430471310256,7.037450187602738e-5,70,2023-11-01,0.001753196595112675,arcter,Arctic Tern
arcter,state,FRA-5292,Finistère,EU,Europe,postbreeding_migration,0.010118158717724668,4.259997978426258e-6,8.172799420803539e-6,0.19078413973907785,1.4253894194670493e-4,77,2023-10-25,0.004622342194068685,arcter,Arctic Tern
arcter,state,FRA-5295,Gironde,EU,Europe,postbreeding_migration,2.5973113620274377e-4,1.390257568146447e-7,2.667206957669147e-7,0.049101531801684334,4.66390451761457e-5,14,2023-11-08,0.0010615106138140218,arcter,Arctic Tern
arcter,state,FRA-5308,Ille-et-Vilaine,EU,Europe,postbreeding_migration,7.736463461714295e-5,2.6205405844517903e-8,5.0275029892647396e-8,0.02221481372127693,1.335286457589726e-5,21,2023-10-25,2.709280268481506e-4,arcter,Arctic Tern
arcter,state,FRA-5313,Landes,EU,Europe,postbreeding_migration,0.002841510841917058,1.3543979319682865e-6,2.598410302067127e-6,0.05223381839594251,4.418064954441149e-5,91,2023-11-01,0.003944516826234591,arcter,Arctic Tern
arcter,state,FRA-5322,Manche,EU,Europe,postbreeding_migration,0.003094382760272394,1.0448620250086475e-6,2.0045661514527188e-6,0.12172712422266128,7.293829914141194e-5,98,2023-10-25,8.203747811122739e-4,arcter,Arctic Tern
arcter,state,FRA-5327,Morbihan,EU,Europe,postbreeding_migration,2.212530922294218e-5,8.534342324382989e-9,1.6373122325148022e-8,0.008006745443799751,5.4804988193439686e-06,7,2023-10-25,1.452184254523126e-4,arcter,Arctic Tern
arcter,state,FRA-5330,Nord,EU,Europe,breeding,3.290175872968813e-4,5.5286630912498845e-8,2.0243875714117506e-7,0.025382791049163494,3.0198881442045724e-5,21,2023-07-05,1.1268493041345433e-7,arcter,Arctic Tern
arcter,state,FRA-5330,Nord,EU,Europe,postbreeding_migration,0.002299927377472637,6.407475215799473e-7,1.2292731122807843e-6,0.031669297445658155,1.565649697357507e-5,133,2023-10-18,4.78597332516959e-4,arcter,Arctic Tern
arcter,state,FRA-5330,Nord,EU,Europe,prebreeding_migration,0.007284373146835438,2.218140905695073e-6,2.6331010995110045e-6,0.034836646119836986,5.31113848249301e-5,56,2023-04-19,3.9529214263214e-4,arcter,Arctic Tern
arcter,state,FRA-5334,Pas-de-Calais,EU,Europe,breeding,1.197505553706863e-4,2.489701448313569e-8,9.116346185877618e-8,0.019186147364277352,2.824281504001011e-5,21,2023-07-05,6.791290570877735e-8,arcter,Arctic Tern
arcter,state,FRA-5334,Pas-de-Calais,EU,Europe,postbreeding_migration,0.003310460313283966,1.1411163327287195e-6,2.189229889409483e-6,0.06658525162959052,4.0728924133633726e-5,133,2023-10-18,0.0010440491834399815,arcter,Arctic Tern
arcter,state,FRA-5334,Pas-de-Calais,EU,Europe,prebreeding_migration,0.012349654796164304,4.652865385642422e-6,5.523303290316742e-6,0.05634555376084056,1.0628688117368178e-4,56,2023-04-12,0.0183945013889553,arcter,Arctic Tern
arcter,state,FRA-5336,Pyrénées-Atlantiques,EU,Europe,postbreeding_migration,0.001688890512593709,6.612339387265065e-7,1.2685762713521394e-6,0.018455011837009837,1.2821868708598566e-5,91,2023-11-01,0.0014398498822816633,arcter,Arctic Tern
arcter,state,FRA-5343,Seine-Maritime,EU,Europe,postbreeding_migration,6.876941961888382e-4,2.234691449351374e-7,4.287252030499919e-7,0.07522357285665944,4.337700099933971e-5,91,2023-10-18,5.687623199193187e-4,arcter,Arctic Tern
arcter,state,FRA-5343,Seine-Maritime,EU,Europe,prebreeding_migration,7.457636295822402e-4,2.64879008169558e-7,3.144314258205769e-7,0.005430958377940323,9.657776683229754e-6,28,2023-04-19,6.745923743971117e-5,arcter,Arctic Tern
arcter,state,FRA-5345,Somme,EU,Europe,postbreeding_migration,0.001505635785944438,4.704324265206686e-7,9.025238703084226e-7,0.03190645569949301,1.7690464732568158e-5,105,2023-10-18,4.12392687678092e-4,arcter,Arctic Tern
arcter,state,FRA-5345,Somme,EU,Europe,prebreeding_migration,0.0050539947460423945,1.7259819172687905e-6,2.0488711390823244e-6,0.026827934919175685,4.587151055081613e-5,42,2023-04-12,0.0011904319909638256,arcter,Arctic Tern
arcter,state,FRO-1443,Eysturoyar,EU,Europe,breeding,9.310335561020734,9.043261509400892e-4,0.003311300743507359,0.5808219178082191,3.994415355135556e-4,28,2023-06-14,0.0011806750172398336,arcter,Arctic Tern
arcter,state,FRO-1443,Eysturoyar,EU,Europe,postbreeding_migration,4.352488772734388,7.009212313178667e-4,0.0013447162797621329,0.8493150684931506,2.4270780485666148e-4,91,2023-08-02,0.002720955867775776,arcter,Arctic Tern
arcter,state,FRO-1443,Eysturoyar,EU,Europe,prebreeding_migration,3.1284669724229266,5.506647343200228e-4,6.536807078744312e-4,0.6301369863013698,5.553221592857108e-4,28,2023-06-07,0.001206891136676042,arcter,Arctic Tern
arcter,state,GGY-001,Sark,EU,Europe,postbreeding_migration,0.043391672894358635,9.38082782923944e-7,1.7997103434727122e-6,0.8367346938775511,3.210006451330039e-5,98,2023-10-25,3.4048058930088635e-4,arcter,Arctic Tern
arcter,state,GRL-2739,Kommuneqarfik Sermersooq,NA,North America,breeding,0.0024896700905896,4.251279725220413e-5,6.116756002576619e-5,0.0016051892272548175,1.940682931976237e-4,7,2023-07-05,4.564515854224582e-5,arcter,Arctic Tern
arcter,state,GRL-2739,Kommuneqarfik Sermersooq,NA,North America,postbreeding_migration,0.0834005662475504,0.002361123364540868,0.0060621853238316875,0.023078854361795336,0.0011594373413788405,70,2023-08-16,0.006292151986729609,arcter,Arctic Tern
arcter,state,GRL-2740,Kommune Kujalleq,NA,North America,postbreeding_migration,0.02405360202149848,7.197404127937534e-5,1.8479338407018385e-4,0.025214112450101748,1.3388219074176452e-4,21,2023-08-16,1.3744550395050785e-4,arcter,Arctic Tern
arcter,state,GRL-2741,Qeqqata Kommunia,NA,North America,breeding,0.014734398410621236,4.8669082585863906e-5,7.0025244700064e-5,0.006606325874718383,1.545009712835451e-4,7,2023-07-05,5.225504164213132e-5,arcter,Arctic Tern
arcter,state,GRL-2741,Qeqqata Kommunia,NA,North America,postbreeding_migration,0.008382044897613159,4.59031547267636e-5,1.178563708619575e-4,0.009506664063619136,9.238555152608404e-5,49,2023-08-16,8.500728902179659e-5,arcter,Arctic Tern
arcter,state,GRL-2742,Nationalparken,NA,North America,postbreeding_migration,0.03907603113407445,0.0017843956338296422,0.004581436610117525,0.01108304804612946,8.980970672142192e-4,42,2023-08-16,0.0055583857910297746,arcter,Arctic Tern
arcter,state,GRL-2743,Qaasuitsup Kommunia,NA,North America,breeding,0.00992936653546856,1.818210405561836e-4,2.616047433009367e-4,0.0033279728715878898,4.3147222468209543e-4,7,2023-07-05,1.952176934692958e-4,arcter,Arctic Tern
arcter,state,GRL-2743,Qaasuitsup Kommunia,NA,North America,postbreeding_migration,0.012444931122363024,3.778216962347334e-4,9.700573787616468e-4,0.018441910803690096,9.935361431067853e-4,42,2023-08-16,0.001272321428645439,arcter,Arctic Tern
arcter,state,IMN-001,Isle of Man,EU,Europe,breeding,0.3719865598461845,1.0888970600692523e-5,3.9871296886217824e-5,0.2818181818181818,5.840890377792558e-5,28,2023-06-14,1.81931346241734e-5,arcter,Arctic Tern
arcter,state,IMN-001,Isle of Man,EU,Europe,postbreeding_migration,0.12149203679291531,5.896294804840814e-6,1.1312032308450094e-5,0.4090909090909091,3.523177812435408e-5,98,2023-10-18,1.375095922906741e-4,arcter,Arctic Tern
arcter,state,IMN-001,Isle of Man,EU,Europe,prebreeding_migration,0.6067792160944505,3.2187422973387234e-5,3.820890665874705e-5,0.2909090909090909,7.726221346583803e-5,56,2023-05-31,1.0647845664770489e-4,arcter,Arctic Tern
arcter,state,IRL-1444,Waterford,EU,Europe,breeding,0.04428168384102411,2.8056927501958004e-6,1.0273386963451914e-5,0.09880569867854028,4.4324969649957005e-5,28,2023-07-05,6.272711278071027e-6,arcter,Arctic Tern
arcter,state,IRL-1444,Waterford,EU,Europe,postbreeding_migration,0.04825516223967858,5.069108221018045e-6,9.725076148517678e-6,0.12820580819869837,2.389895112411907e-5,98,2023-10-04,5.203606668419497e-5,arcter,Arctic Tern
arcter,state,IRL-1444,Waterford,EU,Europe,prebreeding_migration,0.09562315855499708,1.0979308850530928e-5,1.3033270398638097e-5,0.10720572997001404,6.162887751763228e-5,56,2023-04-19,1.4870280020652362e-4,arcter,Arctic Tern
arcter,state,IRL-5568,Galway,EU,Europe,breeding,0.289762296933636,6.301529538801706e-5,2.3073820684469008e-4,0.1784627727100652,2.747908118921697e-4,28,2023-07-05,9.142383831879978e-5,arcter,Arctic Tern
arcter,state,IRL-5568,Galway,EU,Europe,postbreeding_migration,0.10922188656408612,3.938089431074321e-5,7.555218379058176e-5,0.1796864384209061,1.149673599454315e-4,98,2023-10-11,0.002226107612992002,arcter,Arctic Tern
arcter,state,IRL-5568,Galway,EU,Europe,prebreeding_migration,0.3073175762308776,1.2111207199581132e-4,1.4376919388549693e-4,0.16903234798735647,3.335217810389636e-4,56,2023-04-19,0.003181800029266918,arcter,Arctic Tern
arcter,state,IRL-5569,Cork,EU,Europe,breeding,0.019341991456377126,5.020448144865008e-6,1.8382984565413703e-5,0.04047127302806093,7.437699609227886e-5,28,2023-07-05,1.0735518078784234e-5,arcter,Arctic Tern
arcter,state,IRL-5569,Cork,EU,Europe,postbreeding_migration,0.04958648718666784,2.1339116848683192e-5,4.093906210861736e-5,0.11223808141897282,8.57110252627603e-5,98,2023-10-04,5.401927257688201e-4,arcter,Arctic Tern
arcter,state,IRL-5569,Cork,EU,Europe,prebreeding_migration,0.024881464171605843,1.1703430106790223e-5,1.3892857123331835e-5,0.059950835305594155,1.4118443283019257e-4,56,2023-04-19,1.973584167988073e-4,arcter,Arctic Tern
arcter,state,IRL-5570,Limerick,EU,Europe,breeding,0.01150324950425013,9.512966387275086e-7,3.483288926058202e-6,0.01741969690924901,1.0199678603275073e-5,28,2023-07-05,1.6121859399376355e-6,arcter,Arctic Tern
arcter,state,IRL-5570,Limerick,EU,Europe,postbreeding_migration,0.009940587552185742,1.3629479701967084e-6,2.614813536959484e-6,0.033854912728230886,8.23706092703859e-6,98,2023-10-11,5.050783890433262e-4,arcter,Arctic Tern
arcter,state,IRL-5570,Limerick,EU,Europe,prebreeding_migration,0.010766239076864857,1.6134494978021035e-6,1.91528664196242e-6,0.028573913051185385,2.1439537764349892e-5,56,2023-04-19,1.0428460027878052e-4,arcter,Arctic Tern
arcter,state,IRL-5574,Fingal,EU,Europe,breeding,0.29382929994956536,5.358985538274335e-6,1.9622580613074183e-5,0.29547687262327627,3.8155877752156e-5,28,2023-07-05,8.477757295138306e-6,arcter,Arctic Tern
arcter,state,IRL-5574,Fingal,EU,Europe,postbreeding_migration,0.4005444697589849,1.2111837194265354e-5,2.3236540605760325e-5,0.38302173353148106,2.0552566372017068e-5,105,2023-10-11,2.2313117324301865e-4,arcter,Arctic Tern
arcter,state,IRL-5574,Fingal,EU,Europe,prebreeding_migration,0.48387256686751146,1.599242855503991e-5,1.8984222825524853e-5,0.3246584929260112,5.3723528550940015e-5,63,2023-04-12,0.007334306703090232,arcter,Arctic Tern
arcter,state,IRL-5575,Dublin,EU,Europe,breeding,0.1972789680829238,8.003630130223676e-7,2.9306270059112024e-6,0.2529829589637063,7.266879539761184e-6,28,2023-07-05,1.4781775882555197e-6,arcter,Arctic Tern
arcter,state,IRL-5575,Dublin,EU,Europe,postbreeding_migration,0.1623596654303044,1.092084317330301e-6,2.095162044993025e-6,0.187389479597602,2.236694064316308e-6,98,2023-10-11,2.2954238178224665e-5,arcter,Arctic Tern
arcter,state,IRL-5575,Dublin,EU,Europe,prebreeding_migration,0.26383998948405424,1.93973667857954e-6,2.3026142153620873e-6,0.2529829589637063,9.312102917644252e-6,63,2023-04-12,0.006268656324409497,arcter,Arctic Tern
arcter,state,IRL-5576,Dún Laoghaire–Rathdown,EU,Europe,breeding,0.2276707757892164,1.261299078913012e-6,4.618400754471266e-6,0.31871367624039093,1.2501495279909747e-5,28,2023-07-05,2.2314756981936096e-6,arcter,Arctic Tern
arcter,state,IRL-5576,Dún Laoghaire–Rathdown,EU,Europe,postbreeding_migration,0.33768262171255087,3.1016393799070176e-6,5.950490271596338e-6,0.334325090843117,5.449227249020639e-6,105,2023-10-11,6.873190751025355e-5,arcter,Arctic Tern
arcter,state,IRL-5576,Dún Laoghaire–Rathdown,EU,Europe,prebreeding_migration,0.3850270877182262,3.865431750740961e-6,4.588559981391889e-6,0.38235990337999215,1.921911611828629e-5,63,2023-04-12,0.003372335947335829,arcter,Arctic Tern
arcter,state,IRL-712,Louth,EU,Europe,breeding,0.230652004180625,6.7427146410418755e-6,2.4689273865330333e-5,0.23797011053809247,4.9255012118994287e-5,28,2023-07-05,1.147559936413042e-5,arcter,Arctic Tern
arcter,state,IRL-712,Louth,EU,Europe,postbreeding_migration,0.17834226448923948,8.64377839882415e-6,1.65830752618248e-5,0.23287675875149927,2.0028980911765505e-5,105,2023-10-11,2.3692416741371257e-4,arcter,Arctic Tern
arcter,state,IRL-712,Louth,EU,Europe,prebreeding_migration,0.28444049886297623,1.5068322733064211e-5,1.7887239288698434e-5,0.22275709795410803,5.908256960796905e-5,56,2023-04-19,3.5338438410686593e-4,arcter,Arctic Tern
arcter,state,IRL-714,Mayo,EU,Europe,breeding,0.2996515255259008,6.045872350757758e-5,2.213770063975628e-4,0.1745387036142826,2.4933583275682487e-4,28,2023-07-05,8.085693501726369e-5,arcter,Arctic Tern
arcter,state,IRL-714,Mayo,EU,Europe,postbreeding_migration,0.11475628355562484,3.838758183766565e-5,7.364651537342345e-5,0.1745387036142826,1.036070679747756e-4,98,2023-10-11,0.00156575417712663,arcter,Arctic Tern
arcter,state,IRL-714,Mayo,EU,Europe,prebreeding_migration,0.3458307967619561,1.2644512199293633e-4,1.5009992777851653e-4,0.17283292118497162,3.1638743467146744e-4,56,2023-05-03,9.990017930506369e-4,arcter,Arctic Tern
arcter,state,IRL-715,Meath,EU,Europe,breeding,0.015775648053352125,1.107508092391728e-6,4.055276258421616e-6,0.0194021496228117,9.644062563860135e-6,28,2023-07-05,2.765459816111623e-6,arcter,Arctic Tern
arcter,state,IRL-715,Meath,EU,Europe,postbreeding_migration,0.017322733097296254,2.016266401939495e-6,3.868203920614135e-6,0.01815576540282208,3.749984037218747e-6,105,2023-10-11,5.519879228813947e-5,arcter,Arctic Tern
arcter,state,IRL-715,Meath,EU,Europe,prebreeding_migration,0.02275733567237329,2.8951898591056864e-6,3.4368094388104077e-6,0.01815576540282208,1.1564438162322764e-5,56,2023-04-19,7.063897382226202e-5,arcter,Arctic Tern
arcter,state,IRL-718,Wexford,EU,Europe,breeding,0.09527446419452716,8.06656366312372e-6,2.9536708882612627e-5,0.2137291474416895,1.2812275667415933e-4,28,2023-07-05,1.860149382757212e-5,arcter,Arctic Tern
arcter,state,IRL-718,Wexford,EU,Europe,postbreeding_migration,0.13533835341465666,1.8997862449947848e-5,3.644736922734358e-5,0.21973312517900992,5.473469979041401e-5,105,2023-10-11,1.681028576319427e-4,arcter,Arctic Tern
arcter,state,IRL-718,Wexford,EU,Europe,prebreeding_migration,0.19212413682172955,2.9477450178693865e-5,3.499196389057966e-5,0.2228762008766818,1.7120877630055252e-4,63,2023-04-12,0.0021136141273911677,arcter,Arctic Tern
arcter,state,IRL-719,Wicklow,EU,Europe,breeding,0.02885655807607825,1.8493796669891176e-6,6.77172971273962e-6,0.07058855029725201,3.203068916853983e-5,28,2023-07-05,4.335112318210508e-6,arcter,Arctic Tern
arcter,state,IRL-719,Wicklow,EU,Europe,postbreeding_migration,0.051912425096496774,5.516005205787537e-6,1.058244731084678e-5,0.09037316810219664,1.7040259894394254e-5,105,2023-10-11,9.700893298664592e-5,arcter,Arctic Tern
arcter,state,IRL-719,Wicklow,EU,Europe,prebreeding_migration,0.08887288202697961,1.0321593427679888e-5,1.2252512423061366e-5,0.09867770343128512,5.737872051764337e-5,63,2023-04-12,0.004202849108743975,arcter,Arctic Tern
arcter,state,IRL-725,Kerry,EU,Europe,breeding,0.12661277200766718,2.270540095402985e-5,8.313860102635984e-5,0.13058638667603475,1.6580592040185325e-4,28,2023-07-05,3.6257027769106854e-5,arcter,Arctic Tern
arcter,state,IRL-725,Kerry,EU,Europe,postbreeding_migration,0.08704070392822107,2.5878902414165185e-5,4.964863357509259e-5,0.1729285603208408,9.123753461136136e-5,98,2023-10-11,0.0015131772828448754,arcter,Arctic Tern
arcter,state,IRL-725,Kerry,EU,Europe,prebreeding_migration,0.1363471018174402,4.4309158630347016e-5,5.259832412288279e-5,0.12395866531732776,2.016874272831442e-4,56,2023-05-03,4.043555642169468e-4,arcter,Arctic Tern
arcter,state,IRL-728,Sligo,EU,Europe,breeding,0.2586919374821404,1.7235831225244424e-5,6.311110288228329e-5,0.1878980652139381,8.863844280454355e-5,28,2023-07-05,2.5768966976755945e-5,arcter,Arctic Tern
arcter,state,IRL-728,Sligo,EU,Europe,postbreeding_migration,0.12451486532319232,1.3754421923260762e-5,2.6387836824617623e-5,0.1918921525035733,3.761505584826084e-5,98,2023-10-11,5.985018984680262e-4,arcter,Arctic Tern
arcter,state,IRL-728,Sligo,EU,Europe,prebreeding_migration,0.3182026410939148,3.841926510962863e-5,4.560657483157862e-5,0.1799098906346676,1.0875635788950116e-4,56,2023-04-19,7.403754181570689e-4,arcter,Arctic Tern
arcter,state,IRL-729,Donegal,EU,Europe,breeding,0.29220837454108234,5.5308049333151835e-5,2.02517183306513e-4,0.1847426410652529,2.4757871322552083e-4,28,2023-07-05,7.676902096329654e-5,arcter,Arctic Tern
arcter,state,IRL-729,Donegal,EU,Europe,postbreeding_migration,0.11424087029670492,3.584998563470419e-5,6.877814104957972e-5,0.22410936181466523,1.247989235016521e-4,98,2023-10-11,0.0013882369369723922,arcter,Arctic Tern
arcter,state,IRL-729,Donegal,EU,Europe,prebreeding_migration,0.31032628890382186,1.0644130366640034e-4,1.263538817564695e-4,0.17771286950285783,3.051861629074402e-4,56,2023-05-03,9.5272191983654e-4,arcter,Arctic Tern
arcter,state,IRL-730,Leitrim,EU,Europe,breeding,0.020243790201939848,9.790367727413603e-7,3.584862817612231e-6,0.013871141955503282,4.749740283841545e-6,28,2023-07-05,1.5787223915625146e-6,arcter,Arctic Tern
arcter,state,IRL-730,Leitrim,EU,Europe,postbreeding_migration,0.011049745384925765,8.859949514818026e-7,1.6997799207830492e-6,0.013871141955503282,1.9736700457749622e-6,98,2023-10-11,4.940769443067102e-5,arcter,Arctic Tern
arcter,state,IRL-730,Leitrim,EU,Europe,prebreeding_migration,0.0249554606448767,2.1871003057285076e-6,2.5962535585402773e-6,0.013871141955503282,6.086528628031565e-6,56,2023-04-19,8.317410423896464e-5,arcter,Arctic Tern
arcter,state,IRL-76,Clare,EU,Europe,breeding,0.15273251438959318,1.796585658149993e-5,6.57841799600999e-5,0.14129179415685347,1.1767489981220996e-4,28,2023-07-05,2.9439538992799293e-5,arcter,Arctic Tern
arcter,state,IRL-76,Clare,EU,Europe,postbreeding_migration,0.0963433739943266,1.878927740374821e-5,3.604719914430555e-5,0.18056277563848025,6.248845777496319e-5,98,2023-10-11,0.0015263031932626922,arcter,Arctic Tern
arcter,state,IRL-76,Clare,EU,Europe,prebreeding_migration,0.1872975602698499,3.9924959233155566e-5,4.739394769053758e-5,0.13676719135618054,1.459649664180565e-4,56,2023-04-19,0.0012470937066974435,arcter,Arctic Tern
arcter,state,ISL-5131,Reykjavík,EU,Europe,breeding,18.010074960070256,2.884206321814764e-4,0.0010560874003174286,0.6958900594289424,7.890452451920008e-5,28,2023-06-14,4.516630325376786e-4,arcter,Arctic Tern
arcter,state,ISL-5131,Reykjavík,EU,Europe,postbreeding_migration,5.115398260897809,1.3581947751464704e-4,2.605694539732189e-4,0.6675688033579077,3.145299416500647e-5,91,2023-08-02,5.640559453378102e-4,arcter,Arctic Tern
arcter,state,ISL-5131,Reykjavík,EU,Europe,prebreeding_migration,9.454407455823384,2.743727986808225e-4,3.257012735428541e-4,0.6470505112943884,9.401545778812087e-5,35,2023-05-31,5.25724167520975e-4,arcter,Arctic Tern
arcter,state,ISL-690,Vestfirðir,EU,Europe,breeding,14.145624464004564,0.0054371657114229525,0.019908846873543853,0.43943922191285006,0.001195913400962379,28,2023-06-14,0.008200398228298753,arcter,Arctic Tern
arcter,state,ISL-690,Vestfirðir,EU,Europe,postbreeding_migration,5.003452933922025,0.003188541426865011,0.0061172117119917884,0.4207461700736267,0.00047580146371610233,91,2023-08-02,0.009373610159966716,arcter,Arctic Tern
arcter,state,ISL-690,Vestfirðir,EU,Europe,prebreeding_migration,6.871475813345419,0.004786261263283337,0.0056816542910059714,0.4477472449525049,0.0015614699965236206,35,2023-06-07,0.010093485036265568,arcter,Arctic Tern
arcter,state,ISL-695,Austurland,EU,Europe,breeding,6.092083247845164,0.004230688508003052,0.015491183117435508,0.15791805025969416,7.764749780526921e-4,28,2023-06-14,0.007499195523980027,arcter,Arctic Tern
arcter,state,ISL-695,Austurland,EU,Europe,postbreeding_migration,1.804251516282945,0.002077371171112267,0.0039854333241567275,0.16678466033692046,3.407661781885047e-4,91,2023-08-02,0.006231024604805124,arcter,Arctic Tern
arcter,state,ISL-695,Austurland,EU,Europe,prebreeding_migration,3.0061086089495217,0.00378308259217651,0.004490805298899382,0.1439915059282655,9.072612698204114e-4,49,2023-06-07,0.007299571093312917,arcter,Arctic Tern
arcter,state,ISL-697,Norðurland vestra,EU,Europe,breeding,4.254483758503628,0.0016951310090446644,0.006206929396829794,0.1626131466194716,4.587356820444979e-4,28,2023-06-14,0.002687057580382998,arcter,Arctic Tern
arcter,state,ISL-697,Norðurland vestra,EU,Europe,postbreeding_migration,1.330816111051512,8.79116129308521e-4,0.001686582911263722,0.15185463763361523,1.7800803881225737e-4,91,2023-07-19,0.0027938008533893717,arcter,Arctic Tern
arcter,state,ISL-697,Norðurland vestra,EU,Europe,prebreeding_migration,2.4940183683412034,0.00180074401578188,0.0021376194071887995,0.17002669432901052,6.146441975534605e-4,35,2023-05-31,0.003332580419804544,arcter,Arctic Tern
arcter,state,ISL-702,Norðurland eystra,EU,Europe,breeding,6.13732758290281,0.004385903521623688,0.016059521862777804,0.15789723912821962,7.989227277717438e-4,28,2023-06-14,0.00716042748435224,arcter,Arctic Tern
arcter,state,ISL-702,Norðurland eystra,EU,Europe,postbreeding_migration,2.012185061489177,0.0023840726739058457,0.004573839674836954,0.1642571607140895,3.453498233770836e-4,91,2023-08-02,0.007636605261991823,arcter,Arctic Tern
arcter,state,ISL-702,Norðurland eystra,EU,Europe,prebreeding_migration,3.4937046821608466,0.0045244093946180605,0.005370816308837524,0.1450727108753629,9.406233866178416e-4,42,2023-06-07,0.008476396599938867,arcter,Arctic Tern
arcter,state,ISL-704,Suðurnes,EU,Europe,breeding,19.626090339242296,7.769716968377802e-4,0.002844976842424145,0.54233324137454,1.520155797433166e-4,28,2023-06-14,0.0012054964471317575,arcter,Arctic Tern
arcter,state,ISL-704,Suðurnes,EU,Europe,postbreeding_migration,4.76457724460754,3.127285832669471e-4,5.999692950880255e-4,0.535352253134024,6.235426972504976e-5,91,2023-08-02,0.0012121821305646288,arcter,Arctic Tern
arcter,state,ISL-704,Suðurnes,EU,Europe,prebreeding_migration,9.705957326873646,6.963149455382222e-4,8.265785297927705e-4,0.5489826858747987,1.9718793056796913e-4,35,2023-06-07,0.0014242345891723484,arcter,Arctic Tern
arcter,state,ISL-705,Suðurland,EU,Europe,breeding,3.996149218742669,0.003066579470252195,0.011228655578868927,0.19610894711342863,0.0010655170548994385,28,2023-06-14,0.005448415840192489,arcter,Arctic Tern
arcter,state,ISL-705,Suðurland,EU,Europe,postbreeding_migration,0.7918524723578824,0.0010074618375975146,0.0019328139507334664,0.1801130443813734,4.066425793027423e-4,91,2023-08-02,0.004363690445034428,arcter,Arctic Tern
arcter,state,ISL-705,Suðurland,EU,Europe,prebreeding_migration,1.9491334192670036,0.002710503853826182,0.0032175731755427353,0.19051645209112392,0.0013264634532102531,35,2023-06-07,0.005398308602112757,arcter,Arctic Tern
arcter,state,ISL-709,Höfuðborgarsvæði,EU,Europe,breeding,4.276598121922542,8.345222498874458e-5,3.055705227204917e-4,0.20391026720471137,2.8172737153867997e-5,28,2023-06-14,1.5716532569022215e-4,arcter,Arctic Tern
arcter,state,ISL-709,Höfuðborgarsvæði,EU,Europe,postbreeding_migration,1.1453744094266558,3.70560185336764e-5,7.109191326921615e-5,0.20040380359279364,1.150537018343681e-5,91,2023-08-02,2.1054496359282617e-4,arcter,Arctic Tern
arcter,state,ISL-709,Höfuðborgarsvæði,EU,Europe,prebreeding_migration,2.027249718771714,7.168737240721145e-5,8.509833555742202e-5,0.21686423944775335,3.8395267634323294e-5,35,2023-06-07,1.8703176835073947e-4,arcter,Arctic Tern
arcter,state,ISL-710,Vesturland,EU,Europe,breeding,9.41115504709126,0.0032216683075888303,0.011796532314323982,0.2920252673551049,7.077971294253202e-4,28,2023-06-14,0.004447588424798982,arcter,Arctic Tern
arcter,state,ISL-710,Vesturland,EU,Europe,postbreeding_migration,3.2736802575792607,0.001858001052633006,0.0035645720969147295,0.29203870505616175,2.9412603450436217e-4,91,2023-08-02,0.006006605498242369,arcter,Arctic Tern
arcter,state,ISL-710,Vesturland,EU,Europe,prebreeding_migration,4.957670047448501,0.0030754696805122997,0.003650815228409536,0.30975671930412035,9.620749541752628e-4,35,2023-05-31,0.0052976785959743325,arcter,Arctic Tern
arcter,state,JEY-001,Jersey,EU,Europe,postbreeding_migration,0.015682266232230374,2.560054658053738e-7,4.911460834612028e-7,0.5945945945945946,1.722442486079533e-5,77,2023-10-25,2.315408548499549e-4,arcter,Arctic Tern
arcter,state,LTU-935,Klaipedos,EU,Europe,breeding,0.07343125426288769,1.2660228596076847e-5,4.635697454904152e-5,0.03395697313247509,4.145148010046331e-5,28,2023-06-14,2.6861493709947852e-5,arcter,Arctic Tern
arcter,state,LTU-935,Klaipedos,EU,Europe,postbreeding_migration,0.01959119945806356,5.600069633611242e-6,1.074372478339656e-5,0.0511068597596947,2.592357871144279e-5,42,2023-08-02,3.4401201501737135e-5,arcter,Arctic Tern
arcter,state,LTU-935,Klaipedos,EU,Europe,prebreeding_migration,0.02642569453625583,8.256252105401805e-6,9.800795991254338e-6,0.0571094548137081,8.933443431987523e-5,42,2023-05-03,3.2063883720128394e-5,arcter,Arctic Tern
arcter,state,LVA-1086,Limbaži,EU,Europe,breeding,0.012173486721895051,4.2783847120743626e-7,1.566582859886898e-6,0.011529738041432968,2.8690278087462505e-6,28,2023-06-14,1.4145446640635734e-6,arcter,Arctic Tern
arcter,state,LVA-1086,Limbaži,EU,Europe,postbreeding_migration,0.006328016280669395,3.687264015761292e-7,7.074010214318524e-7,0.011529738041432968,1.192173447015942e-6,42,2023-08-09,1.0197113667627e-6,arcter,Arctic Tern
arcter,state,LVA-1086,Limbaži,EU,Europe,prebreeding_migration,0.00922852273761845,5.877504468757584e-7,6.977042549159826e-7,0.011529738041432968,3.6764999450515818e-6,49,2023-04-26,1.1034869492462416e-5,arcter,Arctic Tern
arcter,state,LVA-1091,Talsi,EU,Europe,breeding,0.009564910759444026,4.94983000280102e-7,1.8124407606118092e-6,0.00458637578240128,1.6804649829574857e-6,28,2023-06-14,1.0541736973961732e-6,arcter,Arctic Tern
arcter,state,LVA-1091,Talsi,EU,Europe,postbreeding_migration,0.002343439729278193,2.0106429234253478e-7,3.85741528593025e-7,0.00458637578240128,6.982873171234576e-7,49,2023-07-19,6.749421105862284e-7,arcter,Arctic Tern
arcter,state,LVA-1091,Talsi,EU,Europe,prebreeding_migration,0.005917328889983439,5.549208001217008e-7,6.587329800331639e-7,0.00458637578240128,2.1534226328061127e-6,49,2023-04-26,9.317609663629228e-6,arcter,Arctic Tern
arcter,state,LVA-1094,Riga,EU,Europe,breeding,0.5790570906360034,6.187517232081026e-6,2.2656350686923637e-5,0.12883178055588207,9.746945032576548e-6,28,2023-06-14,1.2123998643278436e-5,arcter,Arctic Tern
arcter,state,LVA-1094,Riga,EU,Europe,postbreeding_migration,0.3619865173241533,6.412970355200766e-6,1.2303273539105587e-5,0.12883178055588207,4.050169545913043e-6,42,2023-07-26,1.181798363439698e-5,arcter,Arctic Tern
arcter,state,LVA-1094,Riga,EU,Europe,prebreeding_migration,0.33095718084416265,6.4085943126239e-6,7.607486380853791e-6,0.12883178055588207,1.249016923692629e-5,42,2023-05-03,6.821764163906535e-5,arcter,Arctic Tern
arcter,state,LVA-4848,Liepāja,EU,Europe,breeding,1.4226039317135644,5.234399099321552e-6,1.9166392137813983e-5,0.5012616914893645,1.3058635912927513e-5,28,2023-06-14,9.967812183636315e-6,arcter,Arctic Tern
arcter,state,LVA-4848,Liepāja,EU,Europe,postbreeding_migration,0.37708790733559294,2.300367553478254e-6,4.413251532961441e-6,0.5254081792943988,5.687675551835836e-6,49,2023-08-02,1.3233979464185922e-5,arcter,Arctic Tern
arcter,state,LVA-4848,Liepāja,EU,Europe,prebreeding_migration,0.7783167785253688,5.1896151746309e-6,6.160465905152966e-6,0.5012616914893645,1.6733917346484955e-5,49,2023-04-26,1.636237233249495e-4,arcter,Arctic Tern
arcter,state,LVA-4852,Ventspils,EU,Europe,breeding,0.5374810989242591,4.468763787097171e-5,1.6362924853373988e-4,0.1244953107312138,7.3287121866085e-5,28,2023-06-14,9.46228202638548e-5,arcter,Arctic Tern
arcter,state,LVA-4852,Ventspils,EU,Europe,postbreeding_migration,0.13723132690897197,1.8916869382641852e-5,3.62919841551159e-5,0.12129462754284488,2.967023082790593e-5,56,2023-08-02,8.443525809298286e-5,arcter,Arctic Tern
arcter,state,LVA-4852,Ventspils,EU,Europe,prebreeding_migration,0.41241347630464537,6.213738677786832e-5,7.376177997775837e-5,0.1244953107312138,9.39133802371173e-5,49,2023-04-26,9.286292627860518e-4,arcter,Arctic Tern
arcter,state,LVA-5716,Grobinas,EU,Europe,breeding,0.11762417690124904,1.7497641148926165e-6,6.406975192062386e-6,0.03269942689936086,3.4440822902440748e-6,28,2023-06-14,4.156519224217111e-6,arcter,Arctic Tern
arcter,state,LVA-5716,Grobinas,EU,Europe,postbreeding_migration,0.028884219100192152,7.123859388775488e-7,1.3667113031818542e-6,0.03269942689936086,1.431127102794139e-6,49,2023-08-02,5.405014249830889e-6,arcter,Arctic Tern
arcter,state,LVA-5716,Grobinas,EU,Europe,prebreeding_migration,0.06648646614919099,1.792305726632015e-6,2.1276025194512107e-6,0.03269942689936086,4.4134003554217086e-6,49,2023-04-26,5.974336435113518e-5,arcter,Arctic Tern
arcter,state,LVA-5717,Nicas,EU,Europe,breeding,0.2586940027377072,2.9894460592984487e-6,1.0946222166128528e-5,0.11953256270265146,9.780049700381586e-6,28,2023-06-14,6.747899314242933e-6,arcter,Arctic Tern
arcter,state,LVA-5717,Nicas,EU,Europe,postbreeding_migration,0.07118472467112227,1.363838576556072e-6,2.616522163859035e-6,0.1551046364554598,5.2733220868521014e-6,49,2023-08-02,7.38799786852147e-6,arcter,Arctic Tern
arcter,state,LVA-5717,Nicas,EU,Europe,prebreeding_migration,0.14059256698786912,2.944168456862961e-6,3.4949507405086306e-6,0.1167363047808708,1.2239412703204306e-5,49,2023-04-26,9.736953786268608e-5,arcter,Arctic Tern
arcter,state,LVA-5718,Rucavas,EU,Europe,breeding,0.2734583525699611,3.927835014075757e-6,1.4382248029610445e-5,0.12743925027215514,1.296031992800013e-5,28,2023-06-14,7.334025129704808e-6,arcter,Arctic Tern
arcter,state,LVA-5718,Rucavas,EU,Europe,postbreeding_migration,0.08008893833845082,1.907244542150156e-6,3.659045654095333e-6,0.127631567653022,5.393557399094174e-6,42,2023-08-02,1.1267821485873972e-5,arcter,Arctic Tern
arcter,state,LVA-5718,Rucavas,EU,Europe,prebreeding_migration,0.12061110694076242,3.139390079550309e-6,3.726693578858794e-6,0.11116193489093636,1.448666502484463e-5,42,2023-05-03,4.73792204108585e-5,arcter,Arctic Tern
arcter,state,LVA-5719,Pavilostas,EU,Europe,breeding,0.583462669451478,1.1014475081499665e-5,4.033084688394616e-5,0.1856667338149964,2.4816200990655015e-5,28,2023-06-14,2.5044948876215397e-5,arcter,Arctic Tern
arcter,state,LVA-5719,Pavilostas,EU,Europe,postbreeding_migration,0.16201390204883545,5.070780505032295e-6,9.728284422768582e-6,0.1856667338149964,1.0311930677938671e-5,56,2023-08-02,2.8776666219645003e-5,arcter,Arctic Tern
arcter,state,LVA-5719,Pavilostas,EU,Europe,prebreeding_migration,0.4251461763339637,1.4544036025955765e-5,1.726487129512245e-5,0.1856667338149964,3.1800584609321775e-5,49,2023-04-26,3.2305799941424106e-4,arcter,Arctic Tern
arcter,state,LVA-5721,Dundagas,EU,Europe,breeding,0.9520799995709396,2.3036693838301017e-5,8.435167041826609e-5,0.15983951487084164,2.7383019240261777e-5,28,2023-06-14,4.4748775726309704e-5,arcter,Arctic Tern
arcter,state,LVA-5721,Dundagas,EU,Europe,postbreeding_migration,0.26334378362934807,1.056432077114618e-5,2.0267632782187916e-5,0.1708376786529,1.2161454723716918e-5,56,2023-07-26,4.120349509550662e-5,arcter,Arctic Tern
arcter,state,LVA-5721,Dundagas,EU,Europe,prebreeding_migration,0.6401121723251303,2.8067176671644807e-5,3.331786252376027e-5,0.15983951487084164,3.5089819772838895e-5,49,2023-04-26,2.9496359971093063e-4,arcter,Arctic Tern
arcter,state,LVA-5722,Rojas,EU,Europe,breeding,2.5597505543769183,2.3434425780368106e-5,8.580801454158297e-5,0.3654194933570818,2.3686388709914513e-5,28,2023-06-14,4.320117297917749e-5,arcter,Arctic Tern
arcter,state,LVA-5722,Rojas,EU,Europe,postbreeding_migration,0.6588432765776602,1.0000243821991755e-5,1.9185452042505743e-5,0.3654194933570818,9.842457291481693e-6,49,2023-07-26,3.406036974135004e-5,arcter,Arctic Tern
arcter,state,LVA-5722,Rojas,EU,Europe,prebreeding_migration,1.4405984438718746,2.3899870404283648e-5,2.8370954648604665e-5,0.3654194933570818,3.035279286070284e-5,49,2023-04-26,2.2535793302408232e-4,arcter,Arctic Tern
arcter,state,LVA-5723,Mersraga,EU,Europe,breeding,2.5315801974342955,1.2632742530501444e-5,4.625633096013135e-5,0.42680453601917057,1.5079448265948995e-5,28,2023-06-14,2.6767212353163997e-5,arcter,Arctic Tern
arcter,state,LVA-5723,Mersraga,EU,Europe,postbreeding_migration,0.6374916886736554,5.27414762767766e-6,1.0118443927675326e-5,0.3199865683676005,4.697782016743825e-6,49,2023-07-26,1.96710258843727e-5,arcter,Arctic Tern
arcter,state,LVA-5723,Mersraga,EU,Europe,prebreeding_migration,1.6059620723775003,1.4522359164508545e-5,1.7239139220318693e-5,0.42680453601917057,1.9323476249397684e-5,49,2023-05-03,1.2586611483513663e-4,arcter,Arctic Tern
arcter,state,LVA-5754,Ādaži,EU,Europe,breeding,9.11738399271511e-5,4.30525150667421e-10,1.5764204651404506e-9,3.2462261903955464e-4,1.085319306954646e-8,14,2023-06-14,2.383139871632425e-7,arcter,Arctic Tern
arcter,state,LVA-5754,Ādaži,EU,Europe,postbreeding_migration,8.29716639024925e-6,6.495758654476244e-11,1.246210276104289e-10,3.2462261903955464e-4,4.509851230234313e-9,7,2023-08-16,1.405764088242917e-7,arcter,Arctic Tern
arcter,state,LVA-5754,Ādaži,EU,Europe,prebreeding_migration,5.346533132390832e-5,4.5750566684794716e-10,5.430938455338368e-10,3.2462261903955464e-4,1.3907764714646884e-8,21,2023-05-03,1.5632200566149752e-6,arcter,Arctic Tern
arcter,state,LVA-5756,Babites,EU,Europe,prebreeding_migration,7.017942258684936e-5,8.351362547073568e-10,9.913699282428448e-10,0.00123128899632911,7.336043324992342e-8,7,2023-05-03,1.6641566819827998e-6,arcter,Arctic Tern
arcter,state,LVA-5758,Carnikavas,EU,Europe,breeding,1.2536924038668302,4.994178045685947e-6,1.828679338609946e-5,0.40691516331090766,1.1476973284848567e-5,28,2023-06-14,9.005695819033035e-6,arcter,Arctic Tern
arcter,state,LVA-5758,Carnikavas,EU,Europe,postbreeding_migration,0.7425692209203258,4.904353551342746e-6,9.408994573898154e-6,0.40691516331090766,4.769051997543025e-6,42,2023-07-19,7.7183973233971e-6,arcter,Arctic Tern
arcter,state,LVA-5758,Carnikavas,EU,Europe,prebreeding_migration,0.7485072046244173,5.4033729670067785e-6,6.414212579536394e-6,0.40691516331090766,1.4707104449274494e-5,42,2023-05-03,5.301465195813423e-5,arcter,Arctic Tern
arcter,state,LVA-5759,Engures,EU,Europe,breeding,1.2659639822894533,2.1353994922685898e-5,7.819026265118659e-5,0.3171826650641452,3.788067415624971e-5,28,2023-06-14,4.401264325535937e-5,arcter,Arctic Tern
arcter,state,LVA-5759,Engures,EU,Europe,postbreeding_migration,0.4714284219066113,1.3183943929994283e-5,2.529337569187506e-5,0.2856772838789624,1.417714073521832e-5,49,2023-07-26,3.91906268579609e-5,arcter,Arctic Tern
arcter,state,LVA-5759,Engures,EU,Europe,prebreeding_migration,0.8664921753399389,2.6486121358330015e-5,3.144103023001907e-5,0.34873555203204126,5.3370870412826795e-5,49,2023-05-03,2.7901623008549394e-4,arcter,Arctic Tern
arcter,state,LVA-5764,Jurmala,EU,Europe,breeding,0.7721259466290363,4.049731322006828e-6,1.4828586261301918e-5,0.2536873613976231,9.42079093192348e-6,28,2023-06-14,7.44020285049431e-6,arcter,Arctic Tern
arcter,state,LVA-5764,Jurmala,EU,Europe,postbreeding_migration,0.6271578035130709,5.453642866252791e-6,1.046280526054285e-5,0.405899778236197,6.263427222107393e-6,42,2023-08-02,1.2041995025275848e-5,arcter,Arctic Tern
arcter,state,LVA-5764,Jurmala,EU,Europe,prebreeding_migration,0.7037021552886209,6.6884098765163945e-6,7.93964862855137e-6,0.4043581716861531,1.9242192933209583e-5,42,2023-05-03,8.483799089458153e-5,arcter,Arctic Tern
arcter,state,LVA-5774,Salacgrivas,EU,Europe,breeding,0.8572781987339985,1.83194621447357e-5,6.707894995346319e-5,0.2106245346576674,3.1867674187944877e-5,28,2023-06-14,2.813199528413568e-5,arcter,Arctic Tern
arcter,state,LVA-5774,Salacgrivas,EU,Europe,postbreeding_migration,0.34168313102891884,1.2105598822147073e-5,2.3224572298664103e-5,0.2106245346576674,1.3242044872902575e-5,49,2023-07-19,3.042091517725589e-5,arcter,Arctic Tern
arcter,state,LVA-5774,Salacgrivas,EU,Europe,prebreeding_migration,0.6077218593275657,2.3533782278243993e-5,2.7936380341481967e-5,0.2106245346576674,4.08366562511989e-5,49,2023-05-03,1.535656325720675e-4,arcter,Arctic Tern
arcter,state,LVA-5776,Saulkrastu,EU,Europe,breeding,2.463992333199429,7.041655086294198e-6,2.578388084711385e-5,0.5296251124614136,1.0716536217619191e-5,28,2023-06-14,1.1931178552461045e-5,arcter,Arctic Tern
arcter,state,LVA-5776,Saulkrastu,EU,Europe,postbreeding_migration,1.548854174961121,7.338676219745579e-6,1.4079238784136336e-5,0.5296251124614136,4.4530659074417555e-6,42,2023-07-19,1.1715908083640852e-5,arcter,Arctic Tern
arcter,state,LVA-5776,Saulkrastu,EU,Europe,prebreeding_migration,1.3599688227832585,7.043042075256906e-6,8.360623883111691e-6,0.5296251124614136,1.373264654149084e-5,42,2023-05-03,5.7968776197595427e-5,arcter,Arctic Tern
arcter,state,MEX-BC,Baja California,NA,North America,postbreeding_migration,8.455956324906216e-7,3.2701357381930534e-9,8.396075011043032e-9,0.0011408686400191657,7.82928402763424e-6,7,2023-09-13,1.43084274282639e-7,arcter,Arctic Tern
arcter,state,NIR-2082,Belfast,EU,Europe,breeding,0.10661951654251432,3.665951668711215e-7,1.3423330148803465e-6,0.09911564366136023,2.412918771267058e-6,28,2023-07-05,1.0113319640727905e-6,arcter,Arctic Tern
arcter,state,NIR-2082,Belfast,EU,Europe,postbreeding_migration,0.02575700469259616,1.4683080610793085e-7,2.816946705590523e-7,0.09911564366136023,1.002645453676514e-6,98,2023-10-11,1.3142552305869852e-5,arcter,Arctic Tern
arcter,state,NIR-2082,Belfast,EU,Europe,prebreeding_migration,0.021556104965428403,1.3431244340272093e-7,1.5943903360408578e-7,0.09911564366136023,3.092021521343806e-6,56,2023-04-19,2.386174753458309e-5,arcter,Arctic Tern
arcter,state,NIR-2083,Derry,EU,Europe,breeding,0.06110404227268597,7.276761347031258e-7,2.6644751159414967e-6,0.05468551599210398,4.61095596730382e-6,28,2023-07-05,1.069403548645129e-6,arcter,Arctic Tern
arcter,state,NIR-2083,Derry,EU,Europe,postbreeding_migration,0.03205086913309153,6.328194240508014e-7,1.2140630696416996e-6,0.07703145973214855,2.6989290956885674e-6,98,2023-10-11,2.808515576683315e-5,arcter,Arctic Tern
arcter,state,NIR-2083,Derry,EU,Europe,prebreeding_migration,0.0618595302125132,1.3349676505153595e-6,1.5847076167968364e-6,0.05468551599210398,5.908684227022452e-6,49,2023-05-03,1.601944533403855e-5,arcter,Arctic Tern
arcter,state,NIR-2086,Newry and Mourne,EU,Europe,breeding,0.10048397404098296,3.0553229366215286e-6,1.118743840501877e-5,0.0962461977741298,2.0720220351401457e-5,28,2023-07-05,4.5377152022994775e-6,arcter,Arctic Tern
arcter,state,NIR-2086,Newry and Mourne,EU,Europe,postbreeding_migration,0.0574036860610777,2.8938225615502603e-6,5.551794032466482e-6,0.10463257114638334,9.36014059880255e-6,98,2023-10-11,4.780275976073603e-5,arcter,Arctic Tern
arcter,state,NIR-2086,Newry and Mourne,EU,Europe,prebreeding_migration,0.15104434079708998,8.322632344274273e-6,9.879594357720658e-6,0.0962461977741298,2.6551812691098815e-5,56,2023-04-19,7.269157549615892e-5,arcter,Arctic Tern
arcter,state,NIR-2088,Craigavon,EU,Europe,breeding,0.02973756378929357,3.022731653658831e-7,1.1068101438600129e-6,0.09435474241161693,6.790604093518937e-6,14,2023-07-05,1.057595529216533e-6,arcter,Arctic Tern
arcter,state,NIR-2088,Craigavon,EU,Europe,postbreeding_migration,8.322274157035372e-4,1.4025166499138945e-8,2.6907259867569473e-8,0.015814192311482494,4.729294731818318e-7,7,2023-07-12,3.341840138441747e-7,arcter,Arctic Tern
arcter,state,NIR-2089,Dungannon,EU,Europe,breeding,0.003370465240623055,7.601198390806626e-8,2.783271705331056e-7,0.011708689546011434,1.869609801950889e-6,14,2023-07-05,5.077756602538361e-7,arcter,Arctic Tern
arcter,state,NIR-2089,Dungannon,EU,Europe,postbreeding_migration,2.4587129269918573e-4,9.193308618904884e-9,1.763734812466053e-8,0.004672107447134175,3.099989295815923e-7,7,2023-07-12,3.341840138441747e-7,arcter,Arctic Tern
arcter,state,NIR-2091,Mid Ulster,EU,Europe,breeding,0.005110104719122897,8.465274426157564e-8,3.099663707854712e-7,0.023244851651700135,2.726393205121419e-6,7,2023-07-05,1.04696699358638e-6,arcter,Arctic Tern
arcter,state,NIR-2091,Mid Ulster,EU,Europe,postbreeding_migration,2.401790952876522e-5,6.596571073901138e-10,1.265551122913563e-9,2.17825194249944e-4,1.0616332419637373e-8,14,2023-07-19,4.510463769229798e-7,arcter,Arctic Tern
arcter,state,NIR-2092,Antrim,EU,Europe,breeding,0.015511943269865252,2.311281729943112e-7,8.463040577627427e-7,0.07066575913105463,7.454974763255717e-6,7,2023-07-05,1.0037979342481749e-6,arcter,Arctic Tern
arcter,state,NIR-2092,Antrim,EU,Europe,postbreeding_migration,0.0019425762791157,4.798843199211488e-8,9.20657312929792e-8,0.017617772056178812,7.723120703437867e-7,14,2023-07-19,4.510463769229798e-7,arcter,Arctic Tern
arcter,state,NIR-2095,Larne,EU,Europe,breeding,0.1691781873840787,2.406770913722022e-6,8.812685896316175e-6,0.14964647507916767,1.507326549107757e-5,28,2023-06-14,3.276395417522338e-6,arcter,Arctic Tern
arcter,state,NIR-2095,Larne,EU,Europe,postbreeding_migration,0.10220422114931316,2.4106325685846364e-6,4.624794791000557e-6,0.28058425929399633,1.1743805437629762e-5,98,2023-10-11,8.690653514181323e-5,arcter,Arctic Tern
arcter,state,NIR-2095,Larne,EU,Europe,prebreeding_migration,0.2462829746846414,6.349224908796722e-6,7.5370104060889375e-6,0.24317552200364745,3.1387774220496696e-5,56,2023-05-03,6.285565953217556e-5,arcter,Arctic Tern
arcter,state,NIR-2096,Carrickfergus,EU,Europe,breeding,0.2291387418047351,8.70839474863795e-7,3.1886851857533854e-6,0.19372861156652216,5.212953120846814e-6,28,2023-06-14,1.2808571094870893e-6,arcter,Arctic Tern
arcter,state,NIR-2096,Carrickfergus,EU,Europe,postbreeding_migration,0.09600810689469844,6.049497329949758e-7,1.160595111189013e-6,0.4037911275482748,4.514935104874323e-6,98,2023-10-11,1.5550509988936595e-5,arcter,Arctic Tern
arcter,state,NIR-2096,Carrickfergus,EU,Europe,prebreeding_migration,0.29583865187087116,2.0374662897685032e-6,2.4186266589429903e-6,0.2637494502271064,9.0945543474756e-6,56,2023-05-03,1.5759184382949754e-5,arcter,Arctic Tern
arcter,state,NIR-2097,Newtownabbey,EU,Europe,breeding,0.08236126832269729,3.6459001031174586e-7,1.334990889034481e-6,0.05726808423975248,1.7949190398096096e-6,28,2023-07-05,9.653473891335885e-7,arcter,Arctic Tern
arcter,state,NIR-2097,Newtownabbey,EU,Europe,postbreeding_migration,0.04051154495727143,2.97325627936128e-7,5.704187495140847e-7,0.05726808423975248,7.458466635565556e-7,98,2023-10-11,1.3142552305869852e-5,arcter,Arctic Tern
arcter,state,NIR-2097,Newtownabbey,EU,Europe,prebreeding_migration,0.052320361721625464,4.197091245159568e-7,4.982264897601098e-7,0.05726808423975248,2.300089156025226e-6,56,2023-04-19,2.386174753458309e-5,arcter,Arctic Tern
arcter,state,NIR-2098,North Down,EU,Europe,breeding,0.5278621756359158,2.503892642193289e-6,9.168308976952858e-6,0.4943815619613155,1.6603815395397253e-5,28,2023-07-05,3.471256820850216e-6,arcter,Arctic Tern
arcter,state,NIR-2098,North Down,EU,Europe,postbreeding_migration,0.2888347817993693,2.271519402433483e-6,4.3579064005590415e-6,0.6065838534208176,8.46527680180679e-6,98,2023-10-11,7.933372466232916e-5,arcter,Arctic Tern
arcter,state,NIR-2098,North Down,EU,Europe,prebreeding_migration,0.7293269909953305,6.269218130379218e-6,7.4420363060763645e-6,0.6065838534208176,2.6105756485845403e-5,56,2023-04-19,6.21587498723067e-5,arcter,Arctic Tern
arcter,state,NIR-2099,Down,EU,Europe,breeding,0.21494357963605212,5.042181073935547e-6,1.846256234176691e-5,0.18141258944620184,3.013088260397938e-5,28,2023-07-05,8.267421501502549e-6,arcter,Arctic Tern
arcter,state,NIR-2099,Down,EU,Europe,postbreeding_migration,0.10812129428493668,4.205106471628586e-6,8.067490151354359e-6,0.19629165984437016,1.3547244384214746e-5,98,2023-10-11,6.588214569315007e-5,arcter,Arctic Tern
arcter,state,NIR-2099,Down,EU,Europe,prebreeding_migration,0.2933252985384659,1.2469223692975303e-5,1.4801912056950022e-5,0.19275676478984627,4.102549837536548e-5,56,2023-04-19,2.082188761508455e-4,arcter,Arctic Tern
arcter,state,NIR-2100,Coleraine,EU,Europe,breeding,0.1198942047737443,1.9349815393776667e-6,7.085171432180291e-6,0.09054141315369468,1.034609289305609e-5,28,2023-07-05,2.8569467533394605e-6,arcter,Arctic Tern
arcter,state,NIR-2100,Coleraine,EU,Europe,postbreeding_migration,0.06062842694418818,1.6222834388607773e-6,3.112348225667132e-6,0.1400058696493095,6.647831993833967e-6,98,2023-10-11,9.75943620444604e-5,arcter,Arctic Tern
arcter,state,NIR-2100,Coleraine,EU,Europe,prebreeding_migration,0.16005444367882407,4.6810394886643456e-6,5.55674808250929e-6,0.12351709977610748,1.8086560964996347e-5,49,2023-05-03,5.6694146109010744e-5,arcter,Arctic Tern
arcter,state,NIR-2102,Limavady,EU,Europe,breeding,0.16804051954536509,3.429678650035125e-6,1.255818760968795e-5,0.1441117288208721,2.0825201527298573e-5,28,2023-07-05,4.865952695755696e-6,arcter,Arctic Tern
arcter,state,NIR-2102,Limavady,EU,Europe,postbreeding_migration,0.0796773265504048,2.696161903279466e-6,5.172582370486311e-6,0.15715022418697766,9.436470279881224e-6,98,2023-10-11,9.481647498672856e-5,arcter,Arctic Tern
arcter,state,NIR-2102,Limavady,EU,Europe,prebreeding_migration,0.21745136738391624,8.042618922714473e-6,9.547197238000304e-6,0.1441117288208721,2.6686340242989594e-5,49,2023-05-03,9.274072581072338e-5,arcter,Arctic Tern
arcter,state,NIR-2137,Ards,EU,Europe,breeding,0.5160946630395132,9.478413752869646e-6,3.470637056610666e-5,0.4085524179371416,5.3125685879012254e-5,28,2023-07-05,1.597909965870707e-5,arcter,Arctic Tern
arcter,state,NIR-2137,Ards,EU,Europe,postbreeding_migration,0.23842517009855513,7.259892595357937e-6,1.3928092524672151e-5,0.4030245597784547,2.177674492056322e-5,98,2023-10-11,1.4292270001450285e-4,arcter,Arctic Tern
arcter,state,NIR-2137,Ards,EU,Europe,prebreeding_migration,0.5850521676911211,1.947138399094812e-5,2.311400617694327e-5,0.4230421580710687,7.04920628748131e-5,56,2023-04-19,5.72137473394978e-4,arcter,Arctic Tern
arcter,state,NIR-2773,Moyle,EU,Europe,breeding,0.21901449707676895,5.036890421718506e-6,1.8443189971962372e-5,0.161996371454044,2.6378214609385744e-5,28,2023-06-14,7.274285761558549e-6,arcter,Arctic Tern
arcter,state,NIR-2773,Moyle,EU,Europe,postbreeding_migration,0.12286129956122398,4.684643477790596e-6,8.987481143383553e-6,0.3471381645822321,2.348806067772776e-5,98,2023-10-11,4.068961633400423e-4,arcter,Arctic Tern
arcter,state,NIR-2773,Moyle,EU,Europe,prebreeding_migration,0.26579615340074664,1.1077308878088848e-5,1.314960384691108e-5,0.18514001068263644,3.863137808514558e-5,56,2023-05-03,1.1343475247098752e-4,arcter,Arctic Tern
arcter,state,NLD-3483,Noord-Brabant,EU,Europe,breeding,0.0020374618615299715,3.151065504909502e-7,1.1538011522060338e-6,0.03810803758735694,4.1728713787514546e-5,28,2023-06-14,1.1254758095357245e-6,arcter,Arctic Tern
arcter,state,NLD-3483,Noord-Brabant,EU,Europe,postbreeding_migration,2.4540593783946567e-4,6.292522976286839e-8,1.2072195432118148e-7,0.02194300868465947,9.984338018207625e-6,98,2023-11-01,3.3880953717724865e-5,arcter,Arctic Tern
arcter,state,NLD-3483,Noord-Brabant,EU,Europe,prebreeding_migration,0.0020341788206197863,5.701025790170513e-7,6.767549003716078e-7,0.02822975617805428,3.961187016023772e-5,56,2023-04-19,1.0708914970460458e-4,arcter,Arctic Tern
arcter,state,NLD-3484,Utrecht,EU,Europe,breeding,1.04400482535713e-5,4.307462250873025e-10,1.5772299561522531e-9,9.45255149933807e-4,2.7613311786985853e-7,7,2023-06-28,2.3842259996128063e-8,arcter,Arctic Tern
arcter,state,NLD-3485,Zuid-Holland,EU,Europe,breeding,0.0345069337941421,3.66482862504615e-6,1.341921798714668e-5,0.299474187528382,2.2519418193340645e-4,28,2023-06-14,8.280421946669254e-6,arcter,Arctic Tern
arcter,state,NLD-3485,Zuid-Holland,EU,Europe,postbreeding_migration,0.013302028525509603,2.342270103136089e-6,4.493641508568955e-6,0.2212384912303692,6.912945700302259e-5,133,2023-11-01,5.957910388748709e-4,arcter,Arctic Tern
arcter,state,NLD-3485,Zuid-Holland,EU,Europe,prebreeding_migration,0.05423949865266157,1.0439000082164144e-5,1.2391883005975498e-5,0.238140228676652,2.2947233932032863e-4,56,2023-04-19,0.001236637556716816,arcter,Arctic Tern
arcter,state,NLD-3486,Noord-Holland,EU,Europe,breeding,0.07771661124781,8.524378286036706e-6,3.121305308615512e-5,0.341942136048751,2.6555345082882536e-4,28,2023-06-14,1.663213433193302e-5,arcter,Arctic Tern
arcter,state,NLD-3486,Noord-Holland,EU,Europe,postbreeding_migration,0.04141387113876623,7.531239981337718e-6,1.4448672057855724e-5,0.3104021581360616,1.0016794131038851e-4,133,2023-11-01,9.141122814331826e-4,arcter,Arctic Tern
arcter,state,NLD-3486,Noord-Holland,EU,Europe,prebreeding_migration,0.076912085934018,1.5287602533350458e-5,1.8147541004316152e-5,0.32981137531310123,3.282197917936461e-4,63,2023-04-12,0.011190086965225663,arcter,Arctic Tern
arcter,state,NLD-895,Friesland,EU,Europe,breeding,0.17364544654288444,2.4047714689165893e-5,8.805364684755559e-5,0.3198747344696821,3.136467703477834e-4,28,2023-06-14,4.064751236297952e-5,arcter,Arctic Tern
arcter,state,NLD-895,Friesland,EU,Europe,postbreeding_migration,0.09044295455570923,2.0766196176000423e-5,3.983991469925689e-5,0.31603159207800124,1.2876447676985107e-4,126,2023-11-01,0.0014870524795187762,arcter,Arctic Tern
arcter,state,NLD-895,Friesland,EU,Europe,prebreeding_migration,0.11514504868126538,2.8896923820226883e-5,3.4302835175244275e-5,0.3200184625026082,4.0210152661152807e-4,63,2023-04-12,0.016934377446887583,arcter,Arctic Tern
arcter,state,NLD-897,Groningen,EU,Europe,breeding,0.09780273004897776,8.11377578613617e-6,2.9709581842076607e-5,0.1572536928819501,9.236838448456132e-5,28,2023-06-14,1.5974619629565173e-5,arcter,Arctic Tern
arcter,state,NLD-897,Groningen,EU,Europe,postbreeding_migration,0.0398390724056616,5.479652809265718e-6,1.0512705295300545e-5,0.16046140117344104,3.916496673315339e-5,119,2023-11-01,3.933989953072282e-4,arcter,Arctic Tern
arcter,state,NLD-897,Groningen,EU,Europe,prebreeding_migration,0.06595856523563444,9.916060292195588e-6,1.1771113904964406e-5,0.17837756068633454,1.342649089209383e-4,56,2023-04-19,4.282660883794667e-4,arcter,Arctic Tern
arcter,state,NLD-902,Flevoland,EU,Europe,breeding,0.03718884156116784,1.940853766444499e-6,7.106673309387128e-6,0.1870452051009129,6.911578012313375e-5,28,2023-06-14,5.1112767190361865e-6,arcter,Arctic Tern
arcter,state,NLD-902,Flevoland,EU,Europe,postbreeding_migration,0.018752119395298316,1.6225658229288786e-6,3.112889979057605e-6,0.16664912456549666,2.5588118793986583e-5,126,2023-10-11,1.8449934897846095e-4,arcter,Arctic Tern
arcter,state,NLD-902,Flevoland,EU,Europe,prebreeding_migration,0.037216961490111305,3.5197920954226055e-6,4.178259556330218e-6,0.2023422655024751,9.581136975844e-5,56,2023-04-19,2.9162052554652804e-4,arcter,Arctic Tern
arcter,state,NLD-903,Zeeland,EU,Europe,breeding,0.06846684885157739,5.708147887424879e-6,2.0901081234940604e-5,0.5263454986909863,3.106964275513479e-4,28,2023-06-14,1.3081858823456088e-5,arcter,Arctic Tern
arcter,state,NLD-903,Zeeland,EU,Europe,postbreeding_migration,0.023766246255070147,3.2850899747736447e-6,6.30243994928748e-6,0.4841001497974979,1.1874224356458084e-4,133,2023-10-25,0.001231012108020728,arcter,Arctic Tern
arcter,state,NLD-903,Zeeland,EU,Europe,prebreeding_migration,0.11102825455753929,1.677429678673248e-5,1.991235957971239e-5,0.5498565324254799,4.15924536650187e-4,56,2023-04-19,0.0018144680347873185,arcter,Arctic Tern
arcter,state,NOR-1062,Finnmark,EU,Europe,breeding,0.5412696682012175,9.30566043414669e-4,0.0034073813172807756,0.12051331285889924,0.001466962478651987,28,2023-06-14,0.0013901933390425877,arcter,Arctic Tern
arcter,state,NOR-1062,Finnmark,EU,Europe,postbreeding_migration,0.49474891667513,0.001410230691357478,0.0027055253631325825,0.15457064286186167,7.818360302772311e-4,63,2023-07-26,0.0026535596309625775,arcter,Arctic Tern
arcter,state,NOR-1062,Finnmark,EU,Europe,prebreeding_migration,0.2939210549571996,9.157146075106246e-4,0.001087022530301768,0.1186179907586931,0.0018502667736028488,28,2023-06-07,0.002164256960134838,arcter,Arctic Tern
arcter,state,NOR-75,Nordland,EU,Europe,breeding,0.5284919695462134,8.130287210568854e-4,0.002977004044093884,0.1446923407670889,0.0015760264723051415,28,2023-07-05,0.0010805472453931137,arcter,Arctic Tern
arcter,state,NOR-75,Nordland,EU,Europe,postbreeding_migration,0.6630153033726904,0.0016910749166199105,0.003244324567541772,0.2483947883253008,0.001124255787339863,70,2023-07-26,0.003810661841646331,arcter,Arctic Tern
arcter,state,NOR-75,Nordland,EU,Europe,prebreeding_migration,0.35926228711655495,0.0010015555908439071,0.001188922273017682,0.13180799080463915,0.001839752964947157,28,2023-05-31,0.0014833105020983812,arcter,Arctic Tern
arcter,state,NOR-900,Troms,EU,Europe,breeding,0.9420818040989783,9.312911995969906e-4,0.003410036565283042,0.16969896932246328,0.0011877541548253484,28,2023-06-14,0.0017946489703857674,arcter,Arctic Tern
arcter,state,NOR-900,Troms,EU,Europe,postbreeding_migration,0.8416148652154946,0.0013793741439921412,0.0026463271255483044,0.23716179281826688,6.897580302437962e-4,70,2023-07-26,0.003039564199454464,arcter,Arctic Tern
arcter,state,NOR-900,Troms,EU,Europe,prebreeding_migration,0.8044982856728007,0.001441179050444511,0.0017107885854206113,0.18333591977186128,0.0016443517369629135,21,2023-06-07,0.002587494617105796,arcter,Arctic Tern
arcter,state,NOR-910,Møre og Romsdal,EU,Europe,breeding,0.26007610090640804,1.484552466477926e-4,5.435870322796523e-4,0.07412571752638442,2.995811516351667e-4,28,2023-07-05,2.2806709909098632e-4,arcter,Arctic Tern
arcter,state,NOR-910,Møre og Romsdal,EU,Europe,postbreeding_migration,0.13638246937110968,1.2907004303740142e-4,2.47620674545215e-4,0.08251730818974869,1.3857832728912607e-4,63,2023-07-19,2.9893588358847475e-4,arcter,Arctic Tern
arcter,state,NOR-910,Møre og Romsdal,EU,Europe,prebreeding_migration,0.10305543453656069,1.0660116188481923e-4,1.2654364555804044e-4,0.05874113464354991,3.0421996552173726e-4,35,2023-05-24,1.9966446761807513e-4,arcter,Arctic Tern
arcter,state,NOR-911,Sør-Trøndelag,EU,Europe,breeding,0.3440004336592032,2.23680046289564e-4,8.19031831398916e-4,0.13838959802356857,6.371213697376394e-4,28,2023-07-05,3.356820842189025e-4,arcter,Arctic Tern
arcter,state,NOR-911,Sør-Trøndelag,EU,Europe,postbreeding_migration,0.26024714615058925,2.805601787538002e-4,5.38254261629173e-4,0.13655266868306168,2.612303324784418e-4,56,2023-07-19,4.599071831925905e-4,arcter,Arctic Tern
arcter,state,NOR-911,Sør-Trøndelag,EU,Europe,prebreeding_migration,0.18397281169849547,2.1677931207799876e-4,2.57333446905147e-4,0.11527913374009335,6.800944559806761e-4,35,2023-06-07,2.8109882027368825e-4,arcter,Arctic Tern
arcter,state,NOR-912,Aust-Agder,EU,Europe,breeding,0.012635041707019255,3.625328786108424e-6,1.327458449854642e-5,0.019476704105301033,3.956732191407862e-5,28,2023-06-14,5.888067824739081e-6,arcter,Arctic Tern
arcter,state,NOR-912,Aust-Agder,EU,Europe,postbreeding_migration,0.0066619793179562735,3.1691719228794045e-6,6.080051349062861e-6,0.027823863007572905,2.3487852082902724e-5,91,2023-10-04,4.5754874219042056e-5,arcter,Arctic Tern
arcter,state,NOR-912,Aust-Agder,EU,Europe,prebreeding_migration,0.011351133151862194,5.90209059939985e-6,7.0062281466395245e-6,0.021331628305805893,5.553221592857108e-5,42,2023-05-03,5.346892647430427e-5,arcter,Arctic Tern
arcter,state,NOR-913,Hordaland,EU,Europe,breeding,0.07131200850035246,3.998439763557704e-5,1.4640775950329842e-4,0.04886695983110493,1.9399640437805284e-4,28,2023-06-28,5.095442628259774e-5,arcter,Arctic Tern
arcter,state,NOR-913,Hordaland,EU,Europe,postbreeding_migration,0.017722953429601347,1.6475393095785443e-5,3.1608015739126886e-5,0.05598614454264834,9.235567940648714e-5,70,2023-08-16,5.530908589026798e-5,arcter,Arctic Tern
arcter,state,NOR-913,Hordaland,EU,Europe,prebreeding_migration,0.03133077306990549,3.183427285298103e-5,3.7789690743316895e-5,0.04490930134061377,2.2846225775206543e-4,42,2023-05-03,8.583003089843035e-5,arcter,Arctic Tern
arcter,state,NOR-914,Rogaland,EU,Europe,breeding,0.059017393073479925,2.004200885571039e-5,7.338626529411459e-5,0.07447382452081694,1.79066916526117e-4,28,2023-06-14,3.624357229791576e-5,arcter,Arctic Tern
arcter,state,NOR-914,Rogaland,EU,Europe,postbreeding_migration,0.015167234230690784,8.539637220959064e-6,1.6383280575900562e-5,0.07682468534197498,7.675685559041246e-5,77,2023-08-09,3.900010563124882e-5,arcter,Arctic Tern
arcter,state,NOR-914,Rogaland,EU,Europe,prebreeding_migration,0.046392783995306185,2.8550097576192714e-5,3.389112617958898e-5,0.08936260972148447,2.7533875700548046e-4,42,2023-05-03,1.6016674454761426e-4,arcter,Arctic Tern
arcter,state,NOR-915,Sogn og Fjordane,EU,Europe,breeding,0.10852415674591934,7.039172770179018e-5,2.5774791543228e-4,0.035695106889557134,1.6392846107394796e-4,28,2023-07-05,8.428626612616021e-5,arcter,Arctic Tern
arcter,state,NOR-915,Sogn og Fjordane,EU,Europe,postbreeding_migration,0.027899643114202004,3.0003067051683715e-5,5.756083694502509e-5,0.0377450073194656,7.202941305423502e-5,70,2023-07-19,9.733688873315534e-5,arcter,Arctic Tern
arcter,state,NOR-915,Sogn og Fjordane,EU,Europe,prebreeding_migration,0.04012733887922411,4.716626627148213e-5,5.5989927087319696e-5,0.03945328709811754,2.321820673850743e-4,42,2023-05-24,1.0170173933021935e-4,arcter,Arctic Tern
arcter,state,NOR-916,Vest-Agder,EU,Europe,breeding,0.014211472644472437,3.568625727017131e-6,1.3066959316489088e-5,0.03497187460689877,6.217722015069497e-5,21,2023-06-14,1.0082494108870431e-5,arcter,Arctic Tern
arcter,state,NOR-916,Vest-Agder,EU,Europe,postbreeding_migration,0.01012758572678022,4.216379048377885e-6,8.089116572116575e-6,0.05192793502236484,3.836349173540778e-5,91,2023-08-09,2.109965736022793e-5,arcter,Arctic Tern
arcter,state,NOR-916,Vest-Agder,EU,Europe,prebreeding_migration,0.01948367923296077,8.866022390127637e-6,1.052463945991694e-5,0.04450965859059843,1.014066551739124e-4,42,2023-05-03,4.243411103061153e-5,arcter,Arctic Tern
arcter,state,NOR-917,Akershus,EU,Europe,breeding,0.0031695469671748524,4.409145032033303e-7,1.6144623494108034e-6,0.007651907118591968,7.536632745538785e-6,28,2023-07-05,6.694625242000547e-7,arcter,Arctic Tern
arcter,state,NOR-917,Akershus,EU,Europe,postbreeding_migration,8.614749743229191e-4,1.986880093428414e-7,3.811826333959119e-7,0.003825953559295984,1.5658568055268482e-6,56,2023-08-09,9.510972845166014e-7,arcter,Arctic Tern
arcter,state,NOR-917,Akershus,EU,Europe,prebreeding_migration,0.0013925959354304169,3.5105749551448573e-7,4.167318113368965e-7,0.007651907118591968,9.657776683229754e-6,42,2023-05-03,1.2616217205079997e-6,arcter,Arctic Tern
arcter,state,NOR-918,Buskerud,EU,Europe,breeding,0.002263629993679295,1.0244393083253171e-6,3.751109751508799e-6,0.0058801187508955455,1.884158186384696e-5,28,2023-06-14,2.012209567964081e-6,arcter,Arctic Tern
arcter,state,NOR-918,Buskerud,EU,Europe,postbreeding_migration,6.448719036180218e-4,4.838670512105507e-7,9.282981766438318e-7,0.0023520475003582183,3.1317136110536963e-6,56,2023-08-09,2.326424358940634e-6,arcter,Arctic Tern
arcter,state,NOR-918,Buskerud,EU,Europe,prebreeding_migration,0.0019146306886502656,1.570224481571258e-6,1.8639752769036903e-6,0.012453208494324164,5.1134301756051e-5,42,2023-05-03,6.844604443483965e-6,arcter,Arctic Tern
arcter,state,NOR-919,Hedmark,EU,Europe,breeding,0.011169053120203344,9.071038554660271e-6,3.321471648166503e-5,0.03415069332494447,1.9637701386463017e-4,28,2023-06-14,3.544110497662153e-5,arcter,Arctic Tern
arcter,state,NOR-919,Hedmark,EU,Europe,postbreeding_migration,0.0019055383786978155,2.565843457356366e-6,4.92256663696857e-6,0.010213804474699004,2.4405255202265137e-5,14,2023-07-12,1.0634415923825964e-5,arcter,Arctic Tern
arcter,state,NOR-919,Hedmark,EU,Europe,prebreeding_migration,0.009932353599700976,1.4618027105158348e-5,1.7352704304965114e-5,0.03219331826424675,2.3722293551729632e-4,28,2023-06-07,3.860327316800627e-5,arcter,Arctic Tern
arcter,state,NOR-920,Oppland,EU,Europe,breeding,0.004439890289398959,3.269978358968005e-6,1.1973425472709863e-5,0.011630593297684394,6.064918643182976e-5,28,2023-06-14,9.354704489917709e-6,arcter,Arctic Tern
arcter,state,NOR-920,Oppland,EU,Europe,postbreeding_migration,7.125518978926713e-4,8.700835158542247e-7,1.669253856559596e-6,0.0061424718233040985,1.330978284697821e-5,14,2023-07-12,4.283110617660836e-6,arcter,Arctic Tern
arcter,state,NOR-920,Oppland,EU,Europe,prebreeding_migration,0.0025866451841092993,3.4522753987848284e-6,4.0981121285018795e-6,0.016900309997445236,1.1293214755289778e-4,21,2023-06-07,1.3711652227768249e-5,arcter,Arctic Tern
arcter,state,NOR-921,Oslo,EU,Europe,breeding,0.003719974783086137,9.42418395438012e-8,3.4507801530065897e-7,0.010504203637558955,1.884158186384696e-6,21,2023-06-28,1.8366361756307122e-7,arcter,Arctic Tern
arcter,state,NOR-921,Oslo,EU,Europe,postbreeding_migration,0.0023690685973669834,9.950689958545105e-8,1.9090383033429597e-7,0.010504203637558955,7.829284027634241e-7,56,2023-08-09,4.46366333940111e-7,arcter,Arctic Tern
arcter,state,NOR-921,Oslo,EU,Europe,prebreeding_migration,0.0022545872746718354,1.0350629046231441e-7,1.228697989937758e-7,0.02100840727511791,4.828888341614877e-6,35,2023-05-10,3.8830952147311123e-7,arcter,Arctic Tern
arcter,state,NOR-922,Telemark,EU,Europe,breeding,0.004652053077289744,2.137608661202861e-6,7.827115407213003e-6,0.005791397202007182,1.884158186384696e-5,28,2023-06-14,3.0374583205795515e-6,arcter,Arctic Tern
arcter,state,NOR-922,Telemark,EU,Europe,postbreeding_migration,0.0020722940180690702,1.5787258226395502e-6,3.028783007461104e-6,0.006949676642408619,9.395140833161087e-6,91,2023-10-04,8.876218617771783e-6,arcter,Arctic Tern
arcter,state,NOR-922,Telemark,EU,Europe,prebreeding_migration,0.0037787184646411354,3.146472998522914e-6,3.735101539636502e-6,0.005791397202007182,2.4144441708074384e-5,49,2023-05-03,2.957986435783072e-5,arcter,Arctic Tern
arcter,state,NOR-923,Vestfold,EU,Europe,breeding,0.052142691535787176,4.377696747137261e-6,1.6029471754826757e-5,0.08241153637979463,4.89881128460021e-5,28,2023-07-05,6.127634600559633e-6,arcter,Arctic Tern
arcter,state,NOR-923,Vestfold,EU,Europe,postbreeding_migration,0.024035512574612942,3.3456262018779978e-6,6.418578605766105e-6,0.09192055980823248,2.2704923680139298e-5,84,2023-08-09,1.614934978335863e-5,arcter,Arctic Tern
arcter,state,NOR-923,Vestfold,EU,Europe,prebreeding_migration,0.04919835667408405,7.4851198638978095e-6,8.885403669802021e-6,0.09509023428437843,7.243332512422315e-5,49,2023-04-26,8.695791770972898e-5,arcter,Arctic Tern
arcter,state,NOR-924,Østfold,EU,Europe,breeding,0.041719707715381846,5.877596865857651e-6,2.1521539382355355e-5,0.06611140662198549,6.594553652346436e-5,28,2023-07-05,7.953922948833526e-6,arcter,Arctic Tern
arcter,state,NOR-924,Østfold,EU,Europe,postbreeding_migration,0.015066992094550967,3.519304934508194e-6,6.751780981127405e-6,0.06422250928992876,2.661956569395642e-5,63,2023-08-09,1.782292651742102e-5,arcter,Arctic Tern
arcter,state,NOR-924,Østfold,EU,Europe,prebreeding_migration,0.033578091967190915,8.572559072148843e-6,1.0176276295407344e-5,0.06800030395404222,8.691999014906778e-5,49,2023-04-26,1.0402504489939252e-4,arcter,Arctic Tern
arcter,state,NOR-925,Nord-Trøndelag,EU,Europe,breeding,0.1324462819397063,9.770888682959708e-5,3.577730327380034e-4,0.04773688515550934,2.4934395418133796e-4,28,2023-07-05,1.5810933287281568e-4,arcter,Arctic Tern
arcter,state,NOR-925,Nord-Trøndelag,EU,Europe,postbreeding_migration,0.10282177801993814,1.2576251209270694e-4,2.4127518163043308e-4,0.0486480166900695,1.055880066062342e-4,56,2023-07-19,2.090753624129175e-4,arcter,Arctic Tern
arcter,state,NOR-925,Nord-Trøndelag,EU,Europe,prebreeding_migration,0.10582550645566248,1.4147528711019205e-4,1.679418710899026e-4,0.0443845134317482,2.9708179132108406e-4,35,2023-05-24,1.772541874326405e-4,arcter,Arctic Tern
arcter,state,NSV-901,Svalbard,EU,Europe,breeding,2.231642599570874,0.005568720879546692,0.020390552202497934,0.2780206889196971,0.004912000391904903,28,2023-06-14,0.008063911086648785,arcter,Arctic Tern
arcter,state,NSV-901,Svalbard,EU,Europe,postbreeding_migration,6.366238095364464,0.026338163196497844,0.05052972466359887,0.7466140556681241,0.005481281747746732,70,2023-08-16,0.05982117983189763,arcter,Arctic Tern
arcter,state,NSV-901,Svalbard,EU,Europe,prebreeding_migration,1.1171125707512437,0.005051538651325678,0.005996558623880539,0.3913831715900608,0.008861010106863298,14,2023-06-07,0.01301425118442603,arcter,Arctic Tern
arcter,state,POL-3139,Warmian-Masurian,EU,Europe,breeding,1.406730274786934e-4,1.0210655929154039e-7,3.738756480143579e-7,3.6838912933528136e-4,1.8932156433191449e-06,7,2023-06-14,4.222377193973996e-6,arcter,Arctic Tern
arcter,state,POL-3139,Warmian-Masurian,EU,Europe,postbreeding_migration,5.441457448531758e-6,6.548319259921191e-9,1.2562940199913286e-8,0.0019340939309918845,4.130242270281514e-6,21,2023-10-18,7.583234067668695e-5,arcter,Arctic Tern
arcter,state,POL-3139,Warmian-Masurian,EU,Europe,prebreeding_migration,1.367849780141738e-4,1.7991904895227393e-7,2.135775253965459e-7,7.69426106937833e-4,5.0671061469971435e-6,21,2023-06-07,3.665809033176228e-6,arcter,Arctic Tern
arcter,state,POL-3140,Pomeranian,EU,Europe,breeding,0.035886162812118344,2.0687097783820717e-5,7.574833725792933e-5,0.03282770426604809,1.339872664065471e-4,28,2023-06-14,5.458870616823206e-5,arcter,Arctic Tern
arcter,state,POL-3140,Pomeranian,EU,Europe,postbreeding_migration,0.010751935696809638,1.027616342619894e-5,1.971480336916667e-5,0.06290879419478793,1.0669377028207377e-4,84,2023-10-18,9.11925939012714e-4,arcter,Arctic Tern
arcter,state,POL-3140,Pomeranian,EU,Europe,prebreeding_migration,0.013782289276029954,1.4397591235044051e-5,1.709103024698288e-5,0.03737786020366637,1.9549572093237707e-4,28,2023-06-07,4.5744161800135215e-5,arcter,Arctic Tern
arcter,state,POL-3142,West Pomeranian,EU,Europe,breeding,0.0028059270441162572,2.0395422883940463e-6,7.46803339586419e-6,0.009324367245879326,4.798728507919649e-5,21,2023-06-14,5.908297803784524e-6,arcter,Arctic Tern
arcter,state,POL-3142,West Pomeranian,EU,Europe,postbreeding_migration,0.004110129338892199,4.95317449694283e-6,9.50265748123851e-6,0.031365726023827624,6.707595140764527e-5,84,2023-10-18,8.153771425148211e-5,arcter,Arctic Tern
arcter,state,POL-3142,West Pomeranian,EU,Europe,prebreeding_migration,0.0018020818267743897,2.3737051973000342e-6,2.8177676850367413e-6,0.014644364939742933,9.657776683229754e-5,21,2023-05-31,7.95866493731436e-6,arcter,Arctic Tern
arcter,state,PRT-5498,Setúbal,EU,Europe,postbreeding_migration,0.00120832212428335,3.387842459636843e-7,6.499570429871958e-7,0.11218867166260676,5.581781634992238e-5,70,2023-10-25,4.4419389910784304e-4,arcter,Arctic Tern
arcter,state,PRT-739,Aveiro,EU,Europe,postbreeding_migration,0.0012758313675416552,1.8754839247954926e-7,3.5981129596585973e-7,0.06971954997810259,1.8186871698822416e-5,56,2023-10-25,2.7046592022753193e-5,arcter,Arctic Tern
arcter,state,PRT-740,Leiria,EU,Europe,postbreeding_migration,0.004442465242879797,8.328007061611192e-7,1.5977268448077486e-6,0.09752992952150624,3.244429292296213e-5,84,2023-10-25,4.662245495181209e-4,arcter,Arctic Tern
arcter,state,PRT-741,Viana do Castelo,EU,Europe,postbreeding_migration,0.0012252484342719211,1.3816712493373084e-7,2.6507341185397525e-7,0.03880832204771077,7.765846236507669e-6,77,2023-10-11,2.59260572998375e-5,arcter,Arctic Tern
arcter,state,PRT-743,Beja,EU,Europe,postbreeding_migration,3.7364963373245974e-5,1.9006379776494687e-8,3.6463709704926274e-8,0.010863610039062738,9.806010795537887e-6,28,2023-10-18,4.715708908424302e-6,arcter,Arctic Tern
arcter,state,PRT-745,Faro,EU,Europe,postbreeding_migration,5.278212418665976e-5,1.4651213439739323e-8,2.8108329938364386e-8,0.020663092149500333,1.0178069235924514e-5,28,2023-09-06,3.267965561713045e-7,arcter,Arctic Tern
arcter,state,PRT-746,Lisboa,EU,Europe,postbreeding_migration,0.0034630058906940093,5.466349960326242e-7,1.0487183800535011e-6,0.13185087481076818,3.693265887581995e-5,77,2023-10-25,5.322446221358779e-4,arcter,Arctic Tern
arcter,state,PRT-748,Santarém,EU,Europe,postbreeding_migration,8.889319344435826e-8,2.941028219490427e-11,5.642358012972071e-11,1.2152458737913709e-5,7.134740728334683e-9,56,2023-10-25,5.6893163465323624e-6,arcter,Arctic Tern
arcter,state,PRT-749,Braga,EU,Europe,postbreeding_migration,7.706942103693267e-4,1.0411024137459549e-7,1.9973533431589618e-7,0.0178541945432223,4.279913353026857e-6,56,2023-10-11,1.5007150575061534e-5,arcter,Arctic Tern
arcter,state,PRT-752,Coimbra,EU,Europe,postbreeding_migration,0.0010444067212150466,2.111601075744793e-7,4.051103342351951e-7,0.04450419800424894,1.596711866768891e-5,70,2023-10-25,6.203559832547923e-5,arcter,Arctic Tern
arcter,state,PRT-754,Porto,EU,Europe,postbreeding_migration,0.001495206269792809,1.8138150442258538e-7,3.47980130928844e-7,0.06747207417844746,1.4524437049839484e-5,56,2023-10-11,1.457412730967727e-5,arcter,Arctic Tern
arcter,state,RUS-2321,Chukchi Autonomous Okrug,AS,Asia,breeding,0.050938257845481755,0.001122397015374242,0.04098339116127358,0.024552846812528156,0.003830493592920087,28,2023-06-14,0.0013028493403393726,arcter,Arctic Tern
arcter,state,RUS-2321,Chukchi Autonomous Okrug,AS,Asia,postbreeding_migration,0.026631219069956788,9.728934125286088e-4,0.019884886309887505,0.014782432119298802,9.583043649824312e-4,28,2023-07-12,6.470260659682888e-4,arcter,Arctic Tern
arcter,state,RUS-2321,Chukchi Autonomous Okrug,AS,Asia,prebreeding_migration,0.026188829164560223,0.0010457176360161263,0.034295570477173826,0.007439524661346455,0.0014872976092173819,14,2023-06-07,0.0012023959949855373,arcter,Arctic Tern
arcter,state,RUS-2324,Kaliningrad,AS,Asia,breeding,0.021226185405643947,8.810535206104355e-6,3.2170934682283504e-4,0.0371094922992652,1.0906008218014424e-4,14,2023-06-14,4.493536822847005e-5,arcter,Arctic Tern
arcter,state,RUS-2324,Kaliningrad,AS,Asia,postbreeding_migration,1.961198563196617e-4,1.3496579086437518e-7,2.758554403289512e-6,0.01520447335372654,1.856764724290492e-5,28,2023-10-11,2.0415802339918156e-4,arcter,Arctic Tern
arcter,state,RUS-2324,Kaliningrad,AS,Asia,prebreeding_migration,0.014884865113571025,1.119621359406889e-5,3.6719332176105696e-4,0.05060461968174678,1.905771285914308e-4,21,2023-06-07,3.9333622993176426e-5,arcter,Arctic Tern
arcter,state,RUS-2333,Murmansk,AS,Asia,breeding,0.29381107212307933,0.0012966840571464885,0.04734733717097635,0.06126021863945268,0.0019142340012341377,28,2023-06-14,0.0019113114692638656,arcter,Arctic Tern
arcter,state,RUS-2333,Murmansk,AS,Asia,postbreeding_migration,0.25702216412490053,0.001880651779270871,0.03843848291879481,0.05993216991342608,7.781819849095983e-4,56,2023-07-26,0.0024212766916978747,arcter,Arctic Tern
arcter,state,RUS-2333,Murmansk,AS,Asia,prebreeding_migration,0.18645829931742597,0.0014912266829342372,0.04890657672835174,0.06386860671511492,0.0025574298611200533,28,2023-06-07,0.0025217945102696477,arcter,Arctic Tern
arcter,state,RUS-2336,Leningrad,AS,Asia,breeding,0.15275788730324455,3.489170480155973e-4,0.012740415081103991,0.02793116307948109,4.517082650073013e-4,28,2023-07-05,4.591704470622956e-4,arcter,Arctic Tern
arcter,state,RUS-2336,Leningrad,AS,Asia,postbreeding_migration,0.09902793584914885,3.75014510939889e-4,0.007664889923775152,0.02723812571561708,1.8304207206255675e-4,49,2023-07-19,6.068232832867967e-4,arcter,Arctic Tern
arcter,state,RUS-2336,Leningrad,AS,Asia,prebreeding_migration,0.06459334877206027,2.673636004009219e-4,0.008768511579773486,0.02804766909375692,5.812535221386183e-4,49,2023-05-03,5.094597108705002e-4,arcter,Arctic Tern
arcter,state,RUS-2337,City of St. Petersburg,AS,Asia,breeding,0.759672123696991,5.518087758739199e-5,0.0020148837352640197,0.2376969369156857,1.2224650975569806e-4,28,2023-07-05,7.628121096744119e-5,arcter,Arctic Tern
arcter,state,RUS-2337,City of St. Petersburg,AS,Asia,postbreeding_migration,0.5159197019854183,6.213214197356365e-5,0.0012699136035087214,0.2376969369156857,5.079736155809716e-5,42,2023-07-19,8.715437781977143e-5,arcter,Arctic Tern
arcter,state,RUS-2337,City of St. Petersburg,AS,Asia,prebreeding_migration,0.3710777839645123,4.884535849452291e-5,0.001601942414506528,0.2376969369156857,1.5665211924034087e-4,42,2023-05-03,8.557464994652624e-5,arcter,Arctic Tern
arcter,state,RUS-2353,Karelia,AS,Asia,breeding,0.1428513294287425,6.899331443060643e-4,0.02519233349778181,0.026105610576822733,8.927031105026143e-4,28,2023-06-14,9.159674057126724e-4,arcter,Arctic Tern
arcter,state,RUS-2353,Karelia,AS,Asia,postbreeding_migration,0.11802560830508456,9.450847814499216e-4,0.01931650804736428,0.02566481811805155,3.6468346327695313e-4,42,2023-07-26,0.001274770437439626,arcter,Arctic Tern
arcter,state,RUS-2353,Karelia,AS,Asia,prebreeding_migration,0.09627447585215314,8.426162288043781e-4,0.0276346149905856,0.02682189832232591,0.001175337277499959,35,2023-06-07,0.001191072610595694,arcter,Arctic Tern
arcter,state,RUS-2354,Arkhangel'sk,AS,Asia,breeding,0.056255164953719974,7.339799756762855e-4,0.02680066681899839,0.01278633969553979,0.0011811866170625405,28,2023-06-14,0.001042802547808258,arcter,Arctic Tern
arcter,state,RUS-2354,Arkhangel'sk,AS,Asia,postbreeding_migration,0.04919814197101165,0.001064246696026626,0.02175204835765147,0.01027763124051801,3.945208840877551e-4,28,2023-07-19,7.074409648313484e-4,arcter,Arctic Tern
arcter,state,RUS-2354,Arkhangel'sk,AS,Asia,prebreeding_migration,0.04864063768109163,0.0011500507439117318,0.03771730052331521,0.01264356766964424,0.0014967240008459965,28,2023-06-07,0.0013426841413836552,arcter,Arctic Tern
arcter,state,RUS-2381,Nenets,AS,Asia,breeding,0.05201098735711921,2.9149280859933985e-4,0.01064361685917501,0.010256233412859184,4.069781682590944e-4,28,2023-06-28,2.756219683601019e-4,arcter,Arctic Tern
arcter,state,RUS-2381,Nenets,AS,Asia,postbreeding_migration,0.007998486159001969,7.432113681172926e-5,0.0015190434397965183,0.001899302483862812,3.131713611053696e-5,7,2023-07-12,5.0938368997452174e-5,arcter,Arctic Tern
arcter,state,RUS-2381,Nenets,AS,Asia,prebreeding_migration,0.010993947573631308,1.1165607112570196e-4,0.003661895453044451,0.001756854797573101,8.933443431987523e-5,7,2023-06-07,1.0538072727489146e-4,arcter,Arctic Tern
arcter,state,RUS-3468,Kamchatka,AS,Asia,breeding,6.319432505931657e-4,9.048709553449484e-6,3.304060845262686e-4,3.716963687694548e-4,3.768316372769392e-5,0,2023-07-05,8.179540370465485e-6,arcter,Arctic Tern
arcter,state,SCT-2005,Inverclyde,EU,Europe,breeding,0.05312917543574226,3.347125335508021e-7,1.22559085575026e-6,0.04980196270447485,2.2214463466878837e-6,28,2023-07-05,8.248440255965209e-7,arcter,Arctic Tern
arcter,state,SCT-2005,Inverclyde,EU,Europe,postbreeding_migration,0.0281269979905781,2.937880194669589e-7,5.63631853230501e-7,0.09204235976270976,1.706010897962095e-6,105,2023-10-11,3.560990719932696e-5,arcter,Arctic Tern
arcter,state,SCT-2005,Inverclyde,EU,Europe,prebreeding_migration,0.04915269778545736,5.611541678669849e-7,6.661324592193704e-7,0.04980196270447485,2.8466602333499303e-6,56,2023-04-19,3.892562659119802e-5,arcter,Arctic Tern
arcter,state,SCT-2006,North Ayshire,EU,Europe,breeding,0.1802507210716726,3.3281567335550715e-6,1.2186452702792658e-5,0.15291261016921912,1.9990356150200375e-5,28,2023-07-05,4.872224661907505e-6,arcter,Arctic Tern
arcter,state,SCT-2006,North Ayshire,EU,Europe,postbreeding_migration,0.07809223946614123,2.390597367659696e-6,4.586357289540632e-6,0.16732513709405322,9.08956514082807e-6,105,2023-10-11,9.59009941749634e-5,arcter,Arctic Tern
arcter,state,SCT-2006,North Ayshire,EU,Europe,prebreeding_migration,0.2511816989824198,8.40447689142047e-6,9.97675002827627e-6,0.19615019094372144,3.2859864727176256e-5,56,2023-04-19,1.5988705089265532e-4,arcter,Arctic Tern
arcter,state,SCT-2009,South Ayrshire,EU,Europe,breeding,0.15855288448760402,6.972637606159546e-6,2.553116490713213e-5,0.13548893407243295,4.2186864000494595e-5,28,2023-07-05,1.0718095666746604e-5,arcter,Arctic Tern
arcter,state,SCT-2009,South Ayrshire,EU,Europe,postbreeding_migration,0.08064625815881464,5.880022232471833e-6,1.1280813403956312e-5,0.1657451038951197,2.144464256694547e-5,105,2023-10-04,1.2111567500092516e-4,arcter,Arctic Tern
arcter,state,SCT-2009,South Ayrshire,EU,Europe,prebreeding_migration,0.20718278163613257,1.6510968171201233e-5,1.9599768587270108e-5,0.1475914020015077,5.8889013763506405e-5,56,2023-04-19,2.2407919815190327e-4,arcter,Arctic Tern
arcter,state,SCT-2012,Aberdeen,EU,Europe,breeding,1.3476664329969592,1.0584719239284752e-5,3.875724333574229e-5,0.18290423254034463,1.0171175718108471e-5,28,2023-06-14,1.868433851793835e-5,arcter,Arctic Tern
arcter,state,SCT-2012,Aberdeen,EU,Europe,postbreeding_migration,0.3891361322755863,5.067226175380397e-6,9.721465446922233e-6,0.26204737283612645,6.055247495570343e-6,112,2023-10-11,4.223264753351438e-4,arcter,Arctic Tern
arcter,state,SCT-2012,Aberdeen,EU,Europe,prebreeding_migration,0.8362117843868963,1.190170411395741e-5,1.4128223373030378e-5,0.25066837635544914,1.786268566304164e-5,56,2023-05-03,4.431985152309904e-5,arcter,Arctic Tern
arcter,state,SCT-2013,Aberdeenshire,EU,Europe,breeding,0.493560261457725,9.996924737902612e-5,3.660496191887418e-4,0.0723714776263208,1.037872839843095e-4,28,2023-06-14,1.6884999048581012e-4,arcter,Arctic Tern
arcter,state,SCT-2013,Aberdeenshire,EU,Europe,postbreeding_migration,0.14716959993953593,4.9421525436942355e-5,9.481511881268176e-5,0.0949376146826362,5.657436784880528e-5,112,2023-10-04,0.002549737451214872,arcter,Arctic Tern
arcter,state,SCT-2013,Aberdeenshire,EU,Europe,prebreeding_migration,0.32418736683160715,1.1899213528713604e-4,1.4125266859885943e-4,0.08486817864047934,1.559629334639336e-4,56,2023-05-03,3.843983349626083e-4,arcter,Arctic Tern
arcter,state,SCT-2014,Moray,EU,Europe,breeding,0.26052049097046703,1.899575844488305e-5,6.955529152467752e-5,0.076642812914414285,3.956732191407862e-5,28,2023-06-14,3.0186994085693623e-5,arcter,Arctic Tern
arcter,state,SCT-2014,Moray,EU,Europe,postbreeding_migration,0.1091945797587132,1.3200416416033051e-5,2.5324978130429872e-5,0.11347821899314198,2.434346633027373e-5,105,2023-10-04,7.7836745279437e-4,arcter,Arctic Tern
arcter,state,SCT-2014,Moray,EU,Europe,prebreeding_migration,0.2332954633683224,3.0825986089127274e-5,3.659277805859557e-5,0.09887958796182496,6.541414582069397e-5,56,2023-05-03,1.2532888236317893e-4,arcter,Arctic Tern
arcter,state,SCT-2015,Falkirk,EU,Europe,breeding,0.10577108030261705,9.302190002669432e-7,3.4061105763739707e-6,0.07574139074708126,4.716306397065209e-6,21,2023-07-05,2.990609151718253e-6,arcter,Arctic Tern
arcter,state,SCT-2015,Falkirk,EU,Europe,postbreeding_migration,0.09499360559947934,1.385110552593788e-6,2.657332416427421e-6,0.1846404958485333,4.77749653637469e-6,105,2023-10-11,8.190635843461878e-5,arcter,Arctic Tern
arcter,state,SCT-2015,Falkirk,EU,Europe,prebreeding_migration,0.024449169996582015,3.896532654905151e-7,4.625479108008354e-7,0.13625856219848562,1.0872573298866628e-5,28,2023-04-19,2.259834581863073e-5,arcter,Arctic Tern
arcter,state,SCT-2016,Stirling,EU,Europe,postbreeding_migration,8.80620062762761e-5,9.895492848791656e-9,1.8984487465190458e-8,0.001099087076664264,2.1916152429630621e-7,28,2023-09-27,2.299374363656246e-6,arcter,Arctic Tern
arcter,state,SCT-2018,Perthshire and Kinross,EU,Europe,postbreeding_migration,0.0010728903326568877,2.8704234868162626e-7,5.506902944395121e-7,0.003419550536280351,1.6234653601491107e-6,77,2023-10-18,1.147721161846514e-5,arcter,Arctic Tern
arcter,state,SCT-2018,Perthshire and Kinross,EU,Europe,prebreeding_migration,9.354134463616016e-5,2.7353845241360376e-8,3.2471084138953783e-8,0.00307470880860643,4.501664360588711e-6,14,2023-04-19,9.393091883610016e-6,arcter,Arctic Tern
arcter,state,SCT-2019,Angus,EU,Europe,breeding,0.7093817811275619,4.718592747167938e-5,1.7277704128939588e-4,0.06208093181458009,2.9237562462818933e-5,28,2023-06-14,6.77821339333745e-5,arcter,Arctic Tern
arcter,state,SCT-2019,Angus,EU,Europe,postbreeding_migration,0.18231327112559745,2.0105855118744963e-5,3.857305141960249e-5,0.0835733463600217,1.6355183258336693e-5,112,2023-10-04,5.541180585798732e-4,arcter,Arctic Tern
arcter,state,SCT-2019,Angus,EU,Europe,prebreeding_migration,0.42646122722563856,5.1405306368790946e-5,6.102198844664863e-5,0.09008573119958582,5.43674232063794e-5,56,2023-05-03,1.334005025322394e-4,arcter,Arctic Tern
arcter,state,SCT-2020,Dundee,EU,Europe,postbreeding_migration,0.03999006149988798,2.0655047943355365e-7,3.962667698975909e-7,0.23670222626754436,2.1695009031705905e-6,77,2023-09-27,1.4987502980095112e-5,arcter,Arctic Tern
arcter,state,SCT-2020,Dundee,EU,Europe,prebreeding_migration,0.007018414357273636,3.96220803414891e-8,4.7034407527593904e-8,0.18241886861192336,5.156112322641043e-6,14,2023-04-19,2.8123607357678373e-5,arcter,Arctic Tern
arcter,state,SCT-2021,Fife,EU,Europe,breeding,2.3636653957662723,1.1917345336493163e-4,4.363681668648117e-4,0.20752517937971293,7.408235769247355e-5,28,2023-07-05,1.759845679985201e-4,arcter,Arctic Tern
arcter,state,SCT-2021,Fife,EU,Europe,postbreeding_migration,0.6575843163325401,5.496886550114845e-5,1.0545768200011608e-4,0.28619108016690276,4.245264736532984e-5,112,2023-10-04,0.0011334394602339109,arcter,Arctic Tern
arcter,state,SCT-2021,Fife,EU,Europe,prebreeding_migration,1.560849991529165,1.426102127075798e-4,1.6928911365265964e-4,0.22863737277033788,1.0459020750713735e-4,56,2023-05-03,3.89864483791406e-4,arcter,Arctic Tern
arcter,state,SCT-2022,East Lothian,EU,Europe,breeding,3.881695411313453,1.0578750930251884e-4,3.873538964267207e-4,0.21006452125783737,4.053368767877895e-5,28,2023-07-05,1.487006691903916e-4,arcter,Arctic Tern
arcter,state,SCT-2022,East Lothian,EU,Europe,postbreeding_migration,0.9183584915206204,4.149511607836764e-5,7.960831492618257e-5,0.24912287593146365,1.997476616459255e-5,119,2023-10-04,3.661659762292038e-4,arcter,Arctic Tern
arcter,state,SCT-2022,East Lothian,EU,Europe,prebreeding_migration,2.135919926240178,1.054857607478314e-4,1.2521958000717397e-4,0.2295936985946505,5.677056003593374e-5,56,2023-05-03,2.5329896155892824e-4,arcter,Arctic Tern
arcter,state,SCT-2023,Edinburgh,EU,Europe,breeding,0.2640490326492028,2.732061779589331e-6,1.0003778164169804e-5,0.15318943680006722,1.1222386577194367e-5,14,2023-07-05,6.558471124917287e-6,arcter,Arctic Tern
arcter,state,SCT-2023,Edinburgh,EU,Europe,postbreeding_migration,0.15139126477337608,2.59703948197437e-6,4.982416161128107e-6,0.17890884411410996,5.446191424715732e-6,112,2023-10-11,1.3064966636268534e-4,arcter,Arctic Tern
arcter,state,SCT-2023,Edinburgh,EU,Europe,prebreeding_migration,0.2118669543775259,3.972510855028056e-6,4.715670980746843e-6,0.15318943680006722,1.4380865709500635e-5,56,2023-04-19,6.989416853094201e-5,arcter,Arctic Tern
arcter,state,SCT-2024,Midlothian,EU,Europe,breeding,0.08151227613125614,8.36868215152072e-7,3.0642952657843874e-6,0.009976867622930508,7.252349632579165e-7,28,2023-07-05,3.6034914338079183e-6,arcter,Arctic Tern
arcter,state,SCT-2024,Midlothian,EU,Europe,postbreeding_migration,0.015273962727679946,2.599905599144579e-7,4.987914802410863e-7,0.009976867622930508,3.01358482273303e-7,105,2023-10-11,4.081729994722344e-5,arcter,Arctic Tern
arcter,state,SCT-2024,Midlothian,EU,Europe,prebreeding_migration,0.026997631254886936,5.022912910592011e-7,5.962577703549188e-7,0.009976867622930508,9.293483647801886e-7,56,2023-04-19,2.3855096818462384e-5,arcter,Arctic Tern
arcter,state,SCT-2025,West Lothian,EU,Europe,breeding,0.015033329492066412,1.867820598158157e-7,6.839253436373544e-7,0.0038192899786263015,3.359797386184633e-7,21,2023-06-14,2.634864676370796e-6,arcter,Arctic Tern
arcter,state,SCT-2025,West Lothian,EU,Europe,postbreeding_migration,0.005162897847274434,1.0635191550789445e-7,2.0403598261456605e-7,0.0038192899786263015,1.396104010896029e-7,98,2023-10-11,2.182480019759433e-5,arcter,Arctic Tern
arcter,state,SCT-2025,West Lothian,EU,Europe,prebreeding_migration,0.004209881962562583,9.478635820243057e-8,1.1251857957294881e-7,0.0038192899786263015,4.3053939275305026e-7,14,2023-06-07,4.375914768025966e-6,arcter,Arctic Tern
arcter,state,SCT-2026,Scottish Borders,EU,Europe,breeding,0.49307539212454105,6.958849386712107e-5,2.5480677656198946e-4,0.015359890509477413,1.534838549061782e-5,28,2023-06-14,9.813877303550956e-5,arcter,Arctic Tern
arcter,state,SCT-2026,Scottish Borders,EU,Europe,postbreeding_migration,0.11707379183812018,2.739400891994256e-5,5.255536302322427e-5,0.02303888984999047,9.566229899167889e-6,119,2023-07-19,1.4290779917440849e-4,arcter,Arctic Tern
arcter,state,SCT-2026,Scottish Borders,EU,Europe,prebreeding_migration,0.2807437550717008,7.18009427801797e-5,8.523315218388915e-5,0.01926774877940748,2.46720570004191e-5,56,2023-05-31,1.6447311618457465e-4,arcter,Arctic Tern
arcter,state,SCT-2138,Dumfries and Galloway,EU,Europe,breeding,0.09357899534372524,2.0148336192943623e-5,7.37755958364964e-5,0.07044999011035845,1.0739701662392769e-4,28,2023-07-05,3.104418544470449e-5,arcter,Arctic Tern
arcter,state,SCT-2138,Dumfries and Galloway,EU,Europe,postbreeding_migration,0.04088274916522536,1.4593944916679845e-5,2.799846036695589e-5,0.1067262635706096,6.760631630385e-5,112,2023-10-11,2.84271597564707e-4,arcter,Arctic Tern
arcter,state,SCT-2138,Dumfries and Galloway,EU,Europe,prebreeding_migration,0.1198295899612872,4.675422018699657e-5,5.5500797205930055e-5,0.09791398391650996,1.9127394195844597e-4,63,2023-04-12,0.0013041135986238902,arcter,Arctic Tern
arcter,state,SCT-2744,Orkney,EU,Europe,breeding,5.745688312731612,4.785786187362047e-4,0.00175237411237144,0.8370607028753994,4.936494448327904e-4,28,2023-07-05,5.622567599695183e-4,arcter,Arctic Tern
arcter,state,SCT-2744,Orkney,EU,Europe,postbreeding_migration,1.7807589154273935,2.4591677576041673e-4,4.717909474790607e-4,0.7667731629392971,1.879028166632218e-4,105,2023-10-11,0.0014360483068605314,arcter,Arctic Tern
arcter,state,SCT-2744,Orkney,EU,Europe,prebreeding_migration,2.517683447740329,3.800216047955194e-4,4.511144007379734e-4,0.8562300319488818,6.470710377763935e-4,49,2023-05-03,0.0012541704848103182,arcter,Arctic Tern
arcter,state,SCT-2745,Highland,EU,Europe,breeding,0.23714486481901345,2.1746157762965197e-4,7.962621482755888e-4,0.0825791247384538,5.361540061160963e-4,28,2023-06-14,2.809941364962252e-4,arcter,Arctic Tern
arcter,state,SCT-2745,Highland,EU,Europe,postbreeding_migration,0.10269780277384848,1.5613553707318175e-4,2.9954578227991486e-4,0.14450660546763347,3.898626820414608e-4,105,2023-10-04,0.0035145548121735073,arcter,Arctic Tern
arcter,state,SCT-2745,Highland,EU,Europe,prebreeding_migration,0.1549474623610311,2.574833860401312e-4,3.056522627337938e-4,0.08733711679696661,7.266377170308811e-4,56,2023-05-03,0.0013667508796953143,arcter,Arctic Tern
arcter,state,SCT-2746,Argyll and Bute,EU,Europe,breeding,0.5428634478969785,1.8850729572614483e-4,6.902425058101609e-4,0.29141529452341514,7.164738996694235e-4,28,2023-07-05,2.4190794760620775e-4,arcter,Arctic Tern
arcter,state,SCT-2746,Argyll and Bute,EU,Europe,postbreeding_migration,0.16478025239506242,9.48668600120968e-5,1.8200192171141335e-4,0.30904143247561244,3.157253314797108e-4,105,2023-10-11,0.0034971772413729028,arcter,Arctic Tern
arcter,state,SCT-2746,Argyll and Bute,EU,Europe,prebreeding_migration,0.4038928965792119,2.541556166285238e-4,3.017019486333121e-4,0.30520966335556954,9.615815429854348e-4,56,2023-05-03,0.001855382645808497,arcter,Arctic Tern
arcter,state,SCT-2747,Shetland Islands,EU,Europe,breeding,5.755566986401876,5.743627575045498e-4,0.002103099444808327,0.864,6.104672523886415e-4,28,2023-06-14,9.060168756054402e-4,arcter,Arctic Tern
arcter,state,SCT-2747,Shetland Islands,EU,Europe,postbreeding_migration,2.915024682919184,4.822943735354747e-4,9.252809969979578e-4,0.9653333333333334,2.834200818003595e-4,98,2023-08-02,0.001183730005857642,arcter,Arctic Tern
arcter,state,SCT-2747,Shetland Islands,EU,Europe,prebreeding_migration,2.8597576320171356,5.171580875951126e-4,6.13905782798316e-4,0.8106666666666666,7.339910279254612e-4,42,2023-05-17,0.0010004454560819385,arcter,Arctic Tern
arcter,state,SCT-2772,Eilean Siar,EU,Europe,breeding,2.183438369753219,3.7070505481081814e-4,0.0013573818719506657,0.6912225705329154,8.30913760195651e-4,28,2023-07-05,5.593066597799603e-4,arcter,Arctic Tern
arcter,state,SCT-2772,Eilean Siar,EU,Europe,postbreeding_migration,0.7451979357203276,2.097640275950015e-4,4.0243195699054526e-4,0.6833855799373041,3.413567836048529e-4,98,2023-10-04,0.0014488961622357052,arcter,Arctic Tern
arcter,state,SCT-2772,Eilean Siar,EU,Europe,prebreeding_migration,0.9751134604379116,3.00012020321049e-4,3.561369697234499e-4,0.6206896551724138,9.561198916397456e-4,49,2023-05-03,0.001792596493343997,arcter,Arctic Tern
arcter,state,SPM-4866,Saint-Pierre,NA,North America,breeding,0.07705724934736888,3.075896037727404e-7,4.425609879409964e-7,0.2,5.652474559154088e-6,28,2023-07-05,6.866633040485818e-7,arcter,Arctic Tern
arcter,state,SPM-4866,Saint-Pierre,NA,North America,postbreeding_migration,0.11130050991972287,7.365921807860018e-7,1.8912007627684408e-6,0.4,4.6975704165805445e-6,56,2023-08-09,5.129719649647964e-6,arcter,Arctic Tern
arcter,state,SPM-4866,Saint-Pierre,NA,North America,prebreeding_migration,0.005414586762587229,3.916691825778675e-8,3.325992228988573e-7,0.06666666666666667,2.4144441708074384e-6,21,2023-06-07,1.5909382550274437e-7,arcter,Arctic Tern
arcter,state,SPM-4867,Miquelon-Langlade,NA,North America,breeding,0.20873721184269076,3.443962857295832e-6,4.955185695037514e-6,0.2258064516129032,2.6378214609385744e-5,28,2023-07-05,6.5308085530042684e-06,arcter,Arctic Tern
arcter,state,SPM-4867,Miquelon-Langlade,NA,North America,postbreeding_migration,0.16155744593350158,4.419339434298966e-6,1.134665602906667e-5,0.3709677419354839,1.8007353263558755e-5,56,2023-08-02,2.394763828947858e-5,arcter,Arctic Tern
arcter,state,SPM-4867,Miquelon-Langlade,NA,North America,prebreeding_migration,0.00738560029816243,2.2082097098670933e-7,1.8751764656732755e-6,0.12903225806451613,1.9315553366459508e-5,21,2023-06-07,1.2585634041655197e-6,arcter,Arctic Tern
arcter,state,SWE-178,Gävleborg,EU,Europe,breeding,0.5534680811790491,3.396062495468352e-4,0.0012435097950614067,0.07477552440833772,3.2485760002825257e-4,28,2023-06-14,4.957861549477437e-4,arcter,Arctic Tern
arcter,state,SWE-178,Gävleborg,EU,Europe,postbreeding_migration,0.20930825587606516,2.1293215650244532e-4,4.085100073161355e-4,0.07207129377111904,1.3010697189053916e-4,56,2023-08-02,6.963276426901921e-4,arcter,Arctic Tern
arcter,state,SWE-178,Gävleborg,EU,Europe,prebreeding_migration,0.4478345920901506,4.979625297395132e-4,5.911192031155129e-4,0.07564291317463363,4.2111587761809e-4,49,2023-04-26,0.003780621395067161,arcter,Arctic Tern
arcter,state,SWE-179,Jönköping,EU,Europe,breeding,0.002494958258803653,8.092924167899926e-7,2.96332310930717e-6,0.0048097351583954295,1.1046223352108668e-5,14,2023-06-14,2.4241723626308743e-6,arcter,Arctic Tern
arcter,state,SWE-179,Jönköping,EU,Europe,prebreeding_migration,1.936591315145294e-4,1.1383507572075493e-7,1.351308486641485e-7,0.0016407964213946652,4.828888341614877e-6,7,2023-06-07,9.669353882439235e-7,arcter,Arctic Tern
arcter,state,SWE-180,Kalmar,EU,Europe,breeding,0.6691566858282071,2.6456052886639176e-4,9.687207154490658e-4,0.17728786778339192,4.962799338733749e-4,28,2023-06-14,4.5821139065175225e-4,arcter,Arctic Tern
arcter,state,SWE-180,Kalmar,EU,Europe,postbreeding_migration,0.2224874465892316,1.458392896391298e-4,2.7979244777327344e-4,0.17459552932978042,2.0308858082004617e-4,105,2023-08-09,8.28614172722718e-4,arcter,Arctic Tern
arcter,state,SWE-180,Kalmar,EU,Europe,prebreeding_migration,0.45365070753966674,3.250234943825412e-4,3.858274820270716e-4,0.1713042960281518,6.144913295349377e-4,63,2023-04-12,0.25875217694257036,arcter,Arctic Tern
arcter,state,SWE-181,Dalarna,EU,Europe,breeding,0.0054944995553670075,4.90592319887465e-6,1.7963637476519072e-5,0.021993416487491143,1.3903872332702243e-4,14,2023-06-14,2.481365221496313e-5,arcter,Arctic Tern
arcter,state,SWE-181,Dalarna,EU,Europe,postbreeding_migration,3.431151424084377e-4,5.079304945860261e-7,9.744638549088428e-7,0.0022013780321052047,5.782856133762392e-6,14,2023-07-12,2.929947431984591e-6,arcter,Arctic Tern
arcter,state,SWE-181,Dalarna,EU,Europe,prebreeding_migration,0.006334903786543344,1.025011079825646e-5,1.2167657132918388e-5,0.027292385715421048,2.2109777867158504e-4,21,2023-06-07,3.246501310519238e-5,arcter,Arctic Tern
arcter,state,SWE-183,Orebro,EU,Europe,breeding,0.005259172397271508,1.5136326947948238e-6,5.542351133449854e-6,0.00755551321940815,1.5396341404210003e-5,14,2023-06-14,5.935829654584935e-6,arcter,Arctic Tern
arcter,state,SWE-183,Orebro,EU,Europe,prebreeding_migration,0.0020843215017354957,1.087085581238092e-6,1.2904528435823691e-6,0.009156304247537082,2.3909670111814187e-5,14,2023-06-07,8.717931838206108e-6,arcter,Arctic Tern
arcter,state,SWE-184,Östergötland,EU,Europe,breeding,0.33953823090463303,1.262694102161298e-4,4.623508802617896e-4,0.07394347024630844,1.946972284733618e-4,28,2023-06-14,2.439125186624515e-4,arcter,Arctic Tern
arcter,state,SWE-184,Östergötland,EU,Europe,postbreeding_migration,0.0373338766752384,2.3018889010299267e-5,4.416170235846307e-5,0.05045004853032061,5.519836526044593e-5,56,2023-08-02,9.63292203367844e-5,arcter,Arctic Tern
arcter,state,SWE-184,Östergötland,EU,Europe,prebreeding_migration,0.28525766363875815,1.922395429935235e-4,2.2820288410267697e-4,0.0719174103238148,2.426575381822522e-4,56,2023-04-26,0.0011628931988631962,arcter,Arctic Tern
arcter,state,SWE-185,Södermanland,EU,Europe,breeding,0.6395424855012948,1.366370870287758e-4,5.003133962218453e-4,0.07116112424591094,1.0764465378595196e-4,28,2023-06-14,2.8253784452990014e-4,arcter,Arctic Tern
arcter,state,SWE-185,Södermanland,EU,Europe,postbreeding_migration,0.15200041912623383,5.3841330035756294e-5,1.0329450698332962e-4,0.0646962982480398,4.066621792679443e-5,56,2023-08-02,1.391291623830228e-4,arcter,Arctic Tern
arcter,state,SWE-185,Södermanland,EU,Europe,prebreeding_migration,0.5520386752975672,2.1372958052383572e-4,2.537131847802917e-4,0.10137534196199507,1.9650870915354095e-4,56,2023-04-26,0.0012760421293990809,arcter,Arctic Tern
arcter,state,SWE-186,Västmanland,EU,Europe,breeding,0.00208525671688974,4.30012714916531e-7,1.574544119000114e-6,0.0029839048539763795,4.3566955263867716e-6,14,2023-06-14,4.535500555406873e-6,arcter,Arctic Tern
arcter,state,SWE-186,Västmanland,EU,Europe,postbreeding_migration,4.481934378152171e-5,1.5323538434906017e-8,2.9398184384051232e-8,0.0012904617097893366,7.829284027634241e-7,7,2023-08-09,5.06195399289491e-7,arcter,Arctic Tern
arcter,state,SWE-186,Västmanland,EU,Europe,prebreeding_migration,0.00493908494695325,1.8457131150706053e-6,2.1910011308102115e-6,0.027421066763673205,5.130461004974752e-5,28,2023-05-03,6.404178106955328e-5,arcter,Arctic Tern
arcter,state,SWE-187,Halland,EU,Europe,breeding,0.06277351780843907,1.1987669242460116e-5,4.3894316264341034e-5,0.09257607574889576,1.2517209532153688e-4,28,2023-06-14,2.1739485035431527e-5,arcter,Arctic Tern
arcter,state,SWE-187,Halland,EU,Europe,postbreeding_migration,0.027449229354645877,8.690809701405108e-6,1.6673304741848006e-5,0.09675659147496686,5.436182178282804e-5,105,2023-10-11,5.078615467757428e-4,arcter,Arctic Tern
arcter,state,SWE-187,Halland,EU,Europe,prebreeding_migration,0.08271693878847439,2.8625209390103456e-5,3.398028958633507e-5,0.09675659147496686,1.676444273253459e-4,63,2023-04-12,0.010628371279379802,arcter,Arctic Tern
arcter,state,SWE-188,Värmland,EU,Europe,breeding,0.011571104414847865,6.985076578794929e-6,2.557671172593549e-5,0.0188416417150955,8.053145961142858e-5,28,2023-06-14,1.2355322743728931e-5,arcter,Arctic Tern
arcter,state,SWE-188,Värmland,EU,Europe,postbreeding_migration,4.486085713548655e-5,4.4898902598340447e-8,8.613847401072968e-8,0.0013224881426607046,2.348785208290272e-6,0,2023-07-26,4.032895734611488e-7,arcter,Arctic Tern
arcter,state,SWE-188,Värmland,EU,Europe,prebreeding_migration,0.001991500463168142,2.178575949861904e-6,2.5861345030973393e-6,0.01664403033107272,9.116017160823226e-5,21,2023-06-07,1.2058534870823058e-5,arcter,Arctic Tern
arcter,state,SWE-189,Jämtland,EU,Europe,breeding,0.019482980013048004,3.106231165072143e-5,1.137384510634431e-4,0.04372036305228485,4.935289324474077e-4,28,2023-06-14,9.849494541997496e-5,arcter,Arctic Tern
arcter,state,SWE-189,Jämtland,EU,Europe,postbreeding_migration,0.003092617823228847,8.174786933469033e-6,1.5683315873245914e-5,0.016822670826985322,7.890935472205781e-5,14,2023-07-12,3.5002110321252345e-5,arcter,Arctic Tern
arcter,state,SWE-189,Jämtland,EU,Europe,prebreeding_migration,0.016208819874189,4.6830168218649145e-5,5.559095326641145e-5,0.03896188608704629,5.635969527651226e-4,28,2023-06-07,8.908147424038932e-5,arcter,Arctic Tern
arcter,state,SWE-190,Norrbotten,EU,Europe,breeding,0.13290629759732206,4.232670861667203e-4,0.001549844174769316,0.03408134292730097,7.684862617636568e-4,28,2023-06-14,5.447995638031448e-4,arcter,Arctic Tern
arcter,state,SWE-190,Norrbotten,EU,Europe,postbreeding_migration,0.05276041198073857,2.785793473088551e-4,5.344540396178149e-4,0.029713540825242732,2.7840594412661366e-4,63,2023-07-19,5.907781211898542e-4,arcter,Arctic Tern
arcter,state,SWE-190,Norrbotten,EU,Europe,prebreeding_migration,0.0652047981847733,3.7630884611107574e-4,4.4670707523889104e-4,0.02657954718745686,7.680098549438391e-4,35,2023-06-07,5.917605977978733e-4,arcter,Arctic Tern
arcter,state,SWE-191,Västernorrland,EU,Europe,breeding,0.30396377298085875,2.1944142565068605e-4,8.035116038146845e-4,0.07708639032362934,3.940260812998614e-4,28,2023-06-14,2.8282533463155744e-4,arcter,Arctic Tern
arcter,state,SWE-191,Västernorrland,EU,Europe,postbreeding_migration,0.1615647651263676,1.9338164178733143e-4,3.7100237558737093e-4,0.06552940847774316,1.391836413408143e-4,63,2023-07-26,3.5424477301742625e-4,arcter,Arctic Tern
arcter,state,SWE-191,Västernorrland,EU,Europe,prebreeding_migration,0.16471176809287935,2.1548515310563655e-4,2.557971822772688e-4,0.0734002649557865,4.807781184119952e-4,49,2023-05-03,9.349293654624487e-4,arcter,Arctic Tern
arcter,state,SWE-192,Västerbotten,EU,Europe,breeding,0.23642718964862017,4.221599927349309e-4,0.0015457904168413763,0.04550374898353408,5.752773869455211e-4,28,2023-07-05,5.388398330935886e-4,arcter,Arctic Tern
arcter,state,SWE-192,Västerbotten,EU,Europe,postbreeding_migration,0.09623805473335524,2.8490383141204195e-4,5.465875524216171e-4,0.04227017309955657,2.22059233960013e-4,63,2023-07-19,6.664134722571573e-4,arcter,Arctic Tern
arcter,state,SWE-192,Västerbotten,EU,Europe,prebreeding_migration,0.12417439197933457,4.017978698662733e-4,4.769644751646373e-4,0.03907533594011568,6.330421833294112e-4,42,2023-05-03,9.282876562135008e-4,arcter,Arctic Tern
arcter,state,SWE-193,Gotland,EU,Europe,breeding,2.417504734836007,3.371052464825071e-4,0.0012343520666270198,0.4389312977099237,4.333563828684801e-4,28,2023-06-14,6.412848993380708e-4,arcter,Arctic Tern
arcter,state,SWE-193,Gotland,EU,Europe,postbreeding_migration,0.6671025651357784,1.5422777344843851e-4,2.9588574076668114e-4,0.44083969465648853,1.8085646103835096e-4,63,2023-08-09,8.954916655106051e-4,arcter,Arctic Tern
arcter,state,SWE-193,Gotland,EU,Europe,prebreeding_migration,1.8480646324535932,4.669939649288026e-4,5.54357173325612e-4,0.43320610687022904,5.480788267732885e-4,56,2023-04-19,0.009266584872330738,arcter,Arctic Tern
arcter,state,SWE-194,Stockholm,EU,Europe,breeding,2.8185617296389607,7.96560169788315e-4,0.0029167024305627293,0.26933824912799703,5.389389089225808e-4,28,2023-06-14,0.001552864355478421,arcter,Arctic Tern
arcter,state,SWE-194,Stockholm,EU,Europe,postbreeding_migration,0.5596817848177732,2.622430628582262e-4,5.031129035956085e-4,0.2373231557799793,1.973269066345975e-4,56,2023-08-02,0.0010619920888662962,arcter,Arctic Tern
arcter,state,SWE-194,Stockholm,EU,Europe,prebreeding_migration,2.2882452786628193,0.001171897276406042,0.001391130743360852,0.30970899108787003,7.941364418870913e-4,56,2023-04-26,0.006417717303731886,arcter,Arctic Tern
arcter,state,SWE-195,Uppsala,EU,Europe,breeding,1.193057824777176,2.755086305908409e-4,0.0010088085281729116,0.127938616769364,2.09182734507443e-4,28,2023-06-14,4.74423740925163e-4,arcter,Arctic Tern
arcter,state,SWE-195,Uppsala,EU,Europe,postbreeding_migration,0.321485303637217,1.230854276767198e-4,2.3613919938930895e-4,0.12217675041102566,8.300752057161195e-5,56,2023-07-26,5.092068986299303e-4,arcter,Arctic Tern
arcter,state,SWE-195,Uppsala,EU,Europe,prebreeding_migration,1.0575818123799583,4.425716821402792e-4,5.253660756465047e-4,0.14845925089764084,3.110507521694928e-4,56,2023-04-26,0.0033669608094784725,arcter,Arctic Tern
arcter,state,SWE-262,Blekinge,EU,Europe,breeding,0.2642592271423824,3.09299931871615e-5,1.1325395083494667e-4,0.18211998109793656,1.5092379973850707e-4,28,2023-06-14,5.511973780918815e-5,arcter,Arctic Tern
arcter,state,SWE-262,Blekinge,EU,Europe,postbreeding_migration,0.10901877563178196,2.1155474176296647e-5,4.058674393050639e-5,0.19348806399422055,6.662834106632889e-5,105,2023-10-18,4.148765150476866e-4,arcter,Arctic Tern
arcter,state,SWE-262,Blekinge,EU,Europe,prebreeding_migration,0.2119283548143858,4.4950514256177344e-5,5.335966178146685e-5,0.19551107451707173,2.0762101160889043e-4,63,2023-04-12,0.025771795667066708,arcter,Arctic Tern
arcter,state,SWE-3428,Västra Götaland,EU,Europe,breeding,0.037708858177328074,3.164771545598847e-5,1.1588197865425496e-4,0.05417032756485701,3.218925423933983e-4,28,2023-06-14,5.410181745062197e-5,arcter,Arctic Tern
arcter,state,SWE-3428,Västra Götaland,EU,Europe,postbreeding_migration,0.00796718409233431,1.1086019423450174e-5,2.126851082602192e-5,0.036765652719829935,9.078130485864684e-5,98,2023-10-11,5.953057491873566e-4,arcter,Arctic Tern
arcter,state,SWE-3428,Västra Götaland,EU,Europe,prebreeding_migration,0.02916552684159519,4.435726321954941e-5,5.265542791029103e-5,0.05324688187637768,4.0545572784656106e-4,56,2023-04-19,0.0018220619443655949,arcter,Arctic Tern
arcter,state,SWE-3429,Skåne,EU,Europe,breeding,0.059449786842159257,2.2791931300007095e-5,8.345544246533906e-5,0.09690994929096104,2.6305687828604986e-4,28,2023-06-14,3.9496838288160685e-5,arcter,Arctic Tern
arcter,state,SWE-3429,Skåne,EU,Europe,postbreeding_migration,0.033200204489911234,2.1102960399390687e-5,4.048599633211439e-5,0.10523941820985254,1.1870374508979908e-4,105,2023-10-18,7.114809049510021e-4,arcter,Arctic Tern
arcter,state,SWE-3429,Skåne,EU,Europe,prebreeding_migration,0.06855981625142021,4.763173536192576e-5,5.654247411924571e-5,0.10871003025939067,3.7813834436351966e-4,63,2023-04-12,0.1113479389367868,arcter,Arctic Tern
arcter,state,USA-AK,Alaska,NA,North America,breeding,0.3208191743067416,0.01536767824806821,0.02211106872405668,0.1454513437332136,0.04933057191514672,28,2023-06-14,0.021668296517871066,arcter,Arctic Tern
arcter,state,USA-AK,Alaska,NA,North America,postbreeding_migration,0.19322177908788143,0.01534531539163914,0.03939910432204489,0.1774242546412247,0.025004379922354797,63,2023-07-19,0.030358940453435616,arcter,Arctic Tern
arcter,state,USA-AK,Alaska,NA,North America,prebreeding_migration,0.24099281979480008,0.020919340059565018,0.17764369924572743,0.14225626528825783,0.06182578247687525,49,2023-06-07,0.02916584856058784,arcter,Arctic Tern
arcter,state,USA-CA,California,NA,North America,postbreeding_migration,3.293313573716713e-4,6.718515211895468e-6,1.724979089494232e-5,0.00871572495669505,3.1552014631365993e-4,70,2023-10-11,3.465777381523811e-4,arcter,Arctic Tern
arcter,state,USA-CT,Connecticut,NA,North America,breeding,1.775622479385942e-4,7.051030502091746e-8,1.0145047123612745e-7,0.010722224968190686,3.014653098215514e-5,28,2023-06-14,1.510510702295574e-7,arcter,Arctic Tern
arcter,state,USA-CT,Connecticut,NA,North America,postbreeding_migration,7.754113894813498e-6,5.105119759561758e-9,1.310739732942182e-8,0.0067013906051191785,7.82928402763424e-6,14,2023-07-12,5.1115384045750296e-8,arcter,Arctic Tern
arcter,state,USA-CT,Connecticut,NA,North America,prebreeding_migration,4.489715228862204e-4,3.230849206077676e-7,2.7435856152179885e-6,0.020774310875869458,7.484776929503059e-5,21,2023-05-31,8.18963032922403e-7,arcter,Arctic Tern
arcter,state,USA-FL,Florida,NA,North America,prebreeding_migration,8.668483498588473e-5,7.379251299370379e-7,6.266342507705535e-6,0.015521876175320876,6.615577028012381e-4,28,2023-05-17,2.1543193578796823e-6,arcter,Arctic Tern
arcter,state,USA-MA,Massachusetts,NA,North America,breeding,0.017957935119721893,1.2746343582824226e-5,1.833948332277801e-5,0.0922340816107276,4.635228208118571e-4,28,2023-06-14,2.850461868906184e-5,arcter,Arctic Tern
arcter,state,USA-MA,Massachusetts,NA,North America,postbreeding_migration,0.001199550883659479,1.4116261587536626e-6,3.624350811503408e-6,0.08810997053484226,1.839964466328644e-4,42,2023-07-19,7.190166116441576e-6,arcter,Arctic Tern
arcter,state,USA-MA,Massachusetts,NA,North America,prebreeding_migration,0.01165637128848814,1.4992999595695874e-5,1.273181612510434e-4,0.09973246538506456,6.422676591010199e-4,42,2023-05-31,3.2431794530335474e-5,arcter,Arctic Tern
arcter,state,USA-ME,Maine,NA,North America,breeding,0.13504301800844817,3.553040348508355e-4,5.112126767430864e-4,0.026499652472977385,4.936494448327904e-4,28,2023-06-14,5.555734376180621e-4,arcter,Arctic Tern
arcter,state,USA-ME,Maine,NA,North America,postbreeding_migration,0.023742607120018727,1.0356862492698093e-4,2.659124921089675e-4,0.02919707690538801,2.2600733546502684e-4,63,2023-07-19,4.316440051726012e-4,arcter,Arctic Tern
arcter,state,USA-ME,Maine,NA,North America,prebreeding_migration,0.05328542345405593,2.54057698586078e-4,0.002157417455339428,0.025083640508772487,5.987821543602447e-4,42,2023-06-07,6.573357675387643e-4,arcter,Arctic Tern
arcter,state,USA-NC,North Carolina,NA,North America,breeding,2.14985517220134e-6,8.534994402203546e-9,1.2280179526161308e-8,2.0109168329122327e-4,5.652474559154088e-6,0,2023-06-14,4.872872340430022e-8,arcter,Arctic Tern
arcter,state,USA-NC,North Carolina,NA,North America,prebreeding_migration,9.580279956648804e-4,6.892363452730726e-6,5.852885113980024e-5,0.013137989975026588,4.732310574782579e-4,35,2023-05-31,1.6313432225915637e-5,arcter,Arctic Tern
arcter,state,USA-NH,New Hampshire,NA,North America,breeding,5.260549950259244e-4,3.784193785298234e-7,5.444711133407253e-7,0.0029555663660892463,1.5053358529855698e-5,28,2023-06-14,6.413942045388286e-7,arcter,Arctic Tern
arcter,state,USA-NH,New Hampshire,NA,North America,postbreeding_migration,4.580982859783322e-5,5.463521874262003e-8,1.402759492366678e-7,0.0029555663660892463,6.25515523864765e-6,28,2023-07-19,3.475433792178663e-7,arcter,Arctic Tern
arcter,state,USA-NH,New Hampshire,NA,North America,prebreeding_migration,9.807329674605884e-5,1.278465249925131e-7,1.085652299294073e-6,0.003325500726785278,2.1704487871025565e-5,35,2023-06-07,4.450700944187356e-7,arcter,Arctic Tern
arcter,state,USA-NJ,New Jersey,NA,North America,breeding,2.344979755050811e-5,1.4764447984418246e-8,2.124313893006377e-8,0.005917207656435438,2.6378214609385744e-5,14,2023-06-14,6.589154074995048e-8,arcter,Arctic Tern
arcter,state,USA-NJ,New Jersey,NA,North America,prebreeding_migration,2.1266572971417145e-4,2.4264511988555537e-7,2.060503657269261e-6,0.03127666904115874,1.7866886863975045e-4,21,2023-06-07,6.539353868596524e-7,arcter,Arctic Tern
arcter,state,USA-NY,New York,NA,North America,breeding,5.348187596778121e-4,2.07108294055577e-6,2.979881312755005e-6,0.011407333022798196,3.1277025893985955e-4,28,2023-06-14,5.7756521456470976e-6,arcter,Arctic Tern
arcter,state,USA-NY,New York,NA,North America,postbreeding_migration,1.0652631411189408e-5,6.83942449171339e-8,1.7560225526455019e-7,0.007559076099444587,8.612212430397664e-5,14,2023-07-12,6.44811497588285e-7,arcter,Arctic Tern
arcter,state,USA-NY,New York,NA,North America,prebreeding_migration,4.919224189694833e-4,3.452100324488665e-6,2.9314685361173576e-5,0.012300678380005285,4.321855065745315e-4,28,2023-05-31,8.536648815515199e-6,arcter,Arctic Tern
arcter,state,USA-OR,Oregon,NA,North America,postbreeding_migration,4.174762829821843e-4,5.194494345727414e-6,1.33368666204863e-5,0.005957122119878522,1.3153197166425524e-4,49,2023-09-27,1.6458336983878047e-4,arcter,Arctic Tern
arcter,state,USA-OR,Oregon,NA,North America,prebreeding_migration,2.779654754105176e-5,3.7803017023441233e-7,3.210171911528717e-6,0.003474987903262471,2.3661552873912895e-4,7,2023-05-03,1.9483933045676897e-5,arcter,Arctic Tern
arcter,state,USA-RI,Rhode Island,NA,North America,breeding,0.007519225237092395,7.93023464975278e-7,1.1410049098380956e-6,0.06812675634041426,5.08722710323868e-5,28,2023-06-14,2.1867461542276622e-6,arcter,Arctic Tern
arcter,state,USA-RI,Rhode Island,NA,North America,postbreeding_migration,2.809646943623175e-4,4.9128838209331266e-8,1.2613831468624832e-7,0.06055711674703491,1.8790281666322175e-5,28,2023-07-12,3.286675797078458e-7,arcter,Arctic Tern
arcter,state,USA-RI,Rhode Island,NA,North America,prebreeding_migration,0.0065133817564899795,1.24484537811032e-6,1.0571028403706812e-5,0.08578924872496611,8.20911018074529e-5,35,2023-05-31,3.0926406360292475e-6,arcter,Arctic Tern
arcter,state,USA-WA,Washington,NA,North America,postbreeding_migration,1.9367137889460704e-4,1.7118297015018985e-6,4.39512354550857e-6,0.00534105876262371,8.377333909568638e-5,49,2023-09-20,5.0315711909166656e-5,arcter,Arctic Tern
arcter,state,WLS-2104,Carmarthenshire,EU,Europe,postbreeding_migration,0.00258486775351338,3.196323025374809e-7,6.132140696492691e-7,0.04026300670930709,8.834905231239667e-6,77,2023-07-26,1.8662287705024163e-6,arcter,Arctic Tern
arcter,state,WLS-2104,Carmarthenshire,EU,Europe,prebreeding_migration,0.0034365709329215424,4.644743987382722e-7,5.513662576044588e-7,0.02441331819483024,1.652028832344726e-5,35,2023-04-12,0.008456306783024507,arcter,Arctic Tern
arcter,state,WLS-2105,Ceredigion,EU,Europe,postbreeding_migration,0.015651304911524107,1.6142236822222528e-6,3.096885595233799e-6,0.11353518827024706,2.0779112960926426e-5,112,2023-10-11,5.5477815791549654e-5,arcter,Arctic Tern
arcter,state,WLS-2105,Ceredigion,EU,Europe,prebreeding_migration,5.31972245160955e-4,5.996892595296812e-8,7.118765289339169e-8,0.004277849770441119,2.4144441708074384e-6,21,2023-04-19,1.8570849624956605e-5,arcter,Arctic Tern
arcter,state,WLS-2106,Pembrokeshire,EU,Europe,breeding,0.003868113655388625,2.607413290443663e-7,9.547362484543543e-7,0.03947809999634519,1.884158186384696e-5,7,2023-07-05,1.1198114517979813e-6,arcter,Arctic Tern
arcter,state,WLS-2106,Pembrokeshire,EU,Europe,postbreeding_migration,0.05010576315633553,5.59976922831432e-6,1.0743148456306942e-5,0.2928300604681797,5.807396291733741e-5,112,2023-10-25,1.770251618789793e-4,arcter,Arctic Tern
arcter,state,WLS-2106,Pembrokeshire,EU,Europe,prebreeding_migration,0.004735325951068703,5.784375276371492e-7,6.86649115080691e-7,0.03947809999634519,2.4144441708074384e-5,56,2023-04-12,0.0014820422741430308,arcter,Arctic Tern
arcter,state,WLS-2112,Bridgend,EU,Europe,postbreeding_migration,0.006420386228104388,1.1283340961900641e-7,2.1647071887160213e-7,0.14723308438375088,4.5916135085484035e-6,56,2023-08-16,7.319994774826841e-7,arcter,Arctic Tern
arcter,state,WLS-2112,Bridgend,EU,Europe,prebreeding_migration,0.01065123467480032,2.045976518342356e-7,2.428728944220435e-7,0.10199762017733809,9.80945936995498e-6,35,2023-04-12,0.005094931245189681,arcter,Arctic Tern
arcter,state,WLS-2116,Cardiff,EU,Europe,postbreeding_migration,0.0035887456357075777,2.4006433761856925e-8,4.6056305410957854e-8,0.22886332189596673,2.7167177867934883e-6,42,2023-08-09,2.3397433919531506e-7,arcter,Arctic Tern
arcter,state,WLS-2116,Cardiff,EU,Europe,prebreeding_migration,0.04864061815491685,3.556380262362992e-7,4.2216924790775827e-7,0.22691207522777523,8.30655711646158e-6,35,2023-04-12,0.009328789777427304,arcter,Arctic Tern
arcter,state,WLS-2117,Vale of Glamorgan,EU,Europe,postbreeding_migration,0.008614515024629866,1.7745826107422245e-7,3.404533947361153e-7,0.35936263829945586,1.3136560461443784e-5,77,2023-10-11,2.22091795118445e-6,arcter,Arctic Tern
arcter,state,WLS-2117,Vale of Glamorgan,EU,Europe,prebreeding_migration,0.043451993241514206,9.78361211566222e-7,1.1613887897201403e-6,0.2522740220507698,2.843913589153795e-5,42,2023-04-12,0.01548717289265538,arcter,Arctic Tern
arcter,state,WLS-2118,Neath Port Talbot,EU,Europe,postbreeding_migration,0.0017734682858608585,4.206487822467425e-8,8.070140270765863e-8,0.0744050603281256,3.1317136110536963e-6,56,2023-09-13,2.2611303098355037e-7,arcter,Arctic Tern
arcter,state,WLS-2118,Neath Port Talbot,EU,Europe,prebreeding_migration,0.01667117348049194,4.322017433670033e-7,5.130561736399779e-7,0.08932035226306251,1.159378154684448e-5,35,2023-04-12,0.007404854072499654,arcter,Arctic Tern
arcter,state,WLS-2119,Swansea,EU,Europe,postbreeding_migration,0.018748587474951568,5.36856860183865e-7,1.0299590418082751e-6,0.32356983860448246,1.6441496458031905e-5,91,2023-10-11,1.2631913683441865e-5,arcter,Arctic Tern
arcter,state,WLS-2119,Swansea,EU,Europe,prebreeding_migration,0.019265685292594713,6.029739495134273e-7,7.157757044937511e-7,0.14110304559194878,2.2110818409471754e-5,35,2023-04-12,0.009764079436159551,arcter,Arctic Tern
arcter,state,WLS-2125,Denbighshire,EU,Europe,breeding,0.035734394175984806,9.213297366072744e-7,3.3735614508898796e-6,0.06328188299120753,1.1552035865441034e-5,28,2023-06-14,1.7690846652700812e-6,arcter,Arctic Tern
arcter,state,WLS-2125,Denbighshire,EU,Europe,postbreeding_migration,0.01228212599600986,5.250177822072218e-7,1.0072457893324836e-6,0.06328188299120753,4.800242917050333e-6,91,2023-08-09,2.803964409035422e-6,arcter,Arctic Tern
arcter,state,WLS-2125,Denbighshire,EU,Europe,prebreeding_migration,0.07160521652476397,3.345563376182865e-6,3.971436882883872e-6,0.06328188299120753,1.480329298135576e-5,56,2023-04-19,1.3446805741919248e-4,arcter,Arctic Tern
arcter,state,WLS-2126,Flintshire,EU,Europe,breeding,0.07938721212708397,1.2332086683200974e-6,4.515544282406346e-6,0.12127015813364846,1.3337991368108908e-5,28,2023-06-14,2.0688258482249895e-6,arcter,Arctic Tern
arcter,state,WLS-2126,Flintshire,EU,Europe,postbreeding_migration,0.03151141006713492,8.115693839092538e-7,1.5569945864635692e-6,0.1726629402038193,7.891150150558299e-6,91,2023-08-02,4.307021224012923e-6,arcter,Arctic Tern
arcter,state,WLS-2126,Flintshire,EU,Europe,prebreeding_migration,0.16541678516275285,4.656520594539286e-6,5.527642299863234e-6,0.18979386756054292,2.6749672545117485e-5,63,2023-04-12,0.004911020267509744,arcter,Arctic Tern
arcter,state,WLS-2128,Anglesey,EU,Europe,breeding,1.1901309450250177,3.94025515990566e-5,1.4427725911764214e-4,0.40189008955880207,9.42079093192348e-5,28,2023-06-14,7.026164151435895e-5,arcter,Arctic Tern
arcter,state,WLS-2128,Anglesey,EU,Europe,postbreeding_migration,0.3138110822281817,1.7225414267168033e-5,3.304693017667094e-5,0.41285201775038965,4.021417537190549e-5,112,2023-10-11,1.046564912162042e-4,arcter,Arctic Tern
arcter,state,WLS-2128,Anglesey,EU,Europe,prebreeding_migration,2.024448143211476,1.2145969594103132e-4,1.4418184981282103e-4,0.4594910433380749,1.3802473610928894e-4,63,2023-04-12,0.03257984459792741,arcter,Arctic Tern
arcter,state,WLS-2129,Conwy,EU,Europe,breeding,0.07338261286796544,2.8127301312132464e-6,1.0299155194273491e-5,0.0720010430676769,1.953998170123986e-5,28,2023-06-14,6.948864341652906e-6,arcter,Arctic Tern
arcter,state,WLS-2129,Conwy,EU,Europe,postbreeding_migration,0.022914938215822283,1.456214613122646e-6,2.793745444708179e-6,0.10671483062347398,1.203413366474516e-5,98,2023-10-11,9.987079435929296e-6,arcter,Arctic Tern
arcter,state,WLS-2129,Conwy,EU,Europe,prebreeding_migration,0.16909995114256632,1.1745575762046244e-5,1.394288720523931e-5,0.08588655808999573,2.986829068965639e-5,63,2023-04-12,0.0024479890129798596,arcter,Arctic Tern
arcter,state,WLS-2130,Gwynedd,EU,Europe,breeding,0.024778029476973894,2.3265356187680593e-6,8.518894556144934e-6,0.08832231083421005,5.871699674266565e-5,28,2023-07-05,7.714514143213638e-6,arcter,Arctic Tern
arcter,state,WLS-2130,Gwynedd,EU,Europe,postbreeding_migration,0.04827133151037665,7.514568004698649e-6,1.4416686896898026e-5,0.18365260176437884,5.073354189714559e-5,112,2023-10-11,1.2371889931669773e-4,arcter,Arctic Tern
arcter,state,WLS-2130,Gwynedd,EU,Europe,prebreeding_migration,0.04422126720519347,7.524368528074843e-6,8.931994804086388e-6,0.06517785378639056,5.552560159466908e-5,63,2023-04-12,0.003635550894203269,arcter,Arctic Tern
arcter,state,WLS-2132,Monmouthshire,EU,Europe,postbreeding_migration,4.0090273340933247e-4,1.6479561031538612e-8,3.1616011917313346e-8,0.04267179474211593,3.1126542928323815e-6,49,2023-09-13,1.7586579255329905e-7,arcter,Arctic Tern
arcter,state,WLS-2132,Monmouthshire,EU,Europe,prebreeding_migration,0.016215955025380573,7.285733595712768e-7,8.648717082111637e-7,0.04267179474211593,9.599000351171045e-6,35,2023-04-12,0.013123952739380728,arcter,Arctic Tern
arcter,state,WLS-2133,Newport,EU,Europe,postbreeding_migration,0.0025822960988138776,3.46203205904457e-8,6.641903059638397e-8,0.2932508357429934,6.976661658155485e-6,56,2023-08-16,3.3077901338981104e-7,arcter,Arctic Tern
arcter,state,WLS-2133,Newport,EU,Europe,prebreeding_migration,0.06892109134116814,1.0099533775992091e-6,1.1988910813481496e-6,0.26131549561027484,1.917205587309775e-5,35,2023-04-12,0.017781183054072662,arcter,Arctic Tern
