species_code,region_type,region_code,region_name,continent_code,continent_name,season,abundance_mean,total_pop_percent,continent_pop_percent,range_occupied_percent,range_total_percent,range_days_occupation,max_week,max_week_percent_pop,speciesCode,commonName
bkpwar,country,ABW,Aruba,NA,North America,nonbreeding,0.00898959754925707,4.889066301531517e-5,0.07842451937113074,0.34782608695652173,9.71575348704465e-5,98,2023-01-18,1.8084396343320656e-4,bkpwar,Blackpoll Warbler
bkpwar,country,ABW,Aruba,NA,North America,postbreeding_migration,0.42861896882886474,3.8396032610386535e-4,4.793024453440053e-4,0.7391304347826086,6.723805832308282e-5,84,2023-10-18,0.0056139763454045016,bkpwar,Blackpoll Warbler
bkpwar,country,ABW,Aruba,NA,North America,prebreeding_migration,0.03998956475001962,1.0941234297367644e-5,1.1299787158665084e-5,0.5869565217391305,2.981613384131191e-5,35,2023-04-19,4.058628434487165e-4,bkpwar,Blackpoll Warbler
bkpwar,country,ATG,Antigua and Barbuda,NA,North America,postbreeding_migration,0.1164339704568996,9.750015272757784e-5,1.2171065197788308e-4,0.6976744186046512,5.93276985203672e-5,28,2023-10-18,0.0032516670597033683,bkpwar,Blackpoll Warbler
bkpwar,country,BHS,The Bahamas,NA,North America,postbreeding_migration,0.044687406797381805,0.002764773137531915,0.0034513006567298164,0.4796978281397545,0.0030138470848346537,56,2023-10-18,0.08334480899309885,bkpwar,Blackpoll Warbler
bkpwar,country,BHS,The Bahamas,NA,North America,prebreeding_migration,0.03728546458442237,6.168375619555204e-4,6.370518144597466e-4,0.2559826612595134,7.862624924079289e-4,49,2023-04-26,0.01110367631541214,bkpwar,Blackpoll Warbler
bkpwar,country,BLM,Saint Barthelemy,NA,North America,postbreeding_migration,0.025953260117343495,7.075825079038987e-6,8.832840355210033e-6,0.6428571428571429,1.779830955611016e-5,7,2023-10-25,5.382536644213981e-4,bkpwar,Blackpoll Warbler
bkpwar,country,BMU,Bermuda,NA,North America,postbreeding_migration,0.34879066838937645,2.309409283602112e-4,2.882864300493406e-4,0.6176470588235294,4.152938896425704e-5,49,2023-10-18,0.006675669729895877,bkpwar,Blackpoll Warbler
bkpwar,country,BON,Caribbean Netherlands,NA,North America,nonbreeding,0.0014962363334845251,1.185230571525478e-5,0.0190120428284515,0.208955223880597,8.501284301164068e-5,35,2023-01-18,1.1892090778346532e-4,bkpwar,Blackpoll Warbler
bkpwar,country,BON,Caribbean Netherlands,NA,North America,postbreeding_migration,0.11997833291986096,1.565433988498584e-4,1.9541506965722863e-4,0.8805970149253731,1.166778070900555e-4,77,2023-10-18,0.003875472114182293,bkpwar,Blackpoll Warbler
bkpwar,country,BON,Caribbean Netherlands,NA,North America,prebreeding_migration,0.004800422089313393,1.9130047018201207e-6,1.975695371891786e-6,0.1791044776119403,1.3251615040583073e-5,21,2023-04-19,1.2346639168019896e-4,bkpwar,Blackpoll Warbler
bkpwar,country,BRA,Brazil,SA,South America,nonbreeding,0.0014430378257611711,0.05759878992271042,0.05763472000805223,0.05733031767307719,0.11752997704725046,112,2023-02-01,0.10406466000712344,bkpwar,Blackpoll Warbler
bkpwar,country,BRA,Brazil,SA,South America,postbreeding_migration,0.0029157408472172144,0.01916963539270169,0.09637820074525302,0.04810710536779143,0.032118353303169034,49,2023-11-08,0.08617631483328408,bkpwar,Blackpoll Warbler
bkpwar,country,BRA,Brazil,SA,South America,prebreeding_migration,8.635137687163671e-5,1.0217730111056876e-4,0.003220115859118643,9.2621827933117e-4,2.034811877186357e-4,0,2023-04-12,0.004091792915504694,bkpwar,Blackpoll Warbler
bkpwar,country,BRB,Barbados,NA,North America,postbreeding_migration,0.006987672495365128,6.093765385477483e-6,7.606923038767076e-6,0.22330782694507265,1.9775899506789067e-5,35,2023-10-25,2.559425981155266e-4,bkpwar,Blackpoll Warbler
bkpwar,country,CAN,Canada,NA,North America,breeding,0.14449755498876254,0.9104033839165078,0.9104033839165078,0.29913194374422925,0.8553542457660119,56,2023-07-12,0.9365633909329492,bkpwar,Blackpoll Warbler
bkpwar,country,CAN,Canada,NA,North America,postbreeding_migration,0.015971104866937404,0.3531843418708537,0.44088440186948047,0.1246076015323926,0.2798273309856149,77,2023-08-30,0.7812151831415023,bkpwar,Blackpoll Warbler
bkpwar,country,CAN,Canada,NA,North America,prebreeding_migration,0.09378503825883153,0.6334388793649016,0.6541971701098475,0.34618932298761346,0.43412078679799393,28,2023-06-07,0.8199490555686774,bkpwar,Blackpoll Warbler
bkpwar,country,COL,Colombia,SA,South America,nonbreeding,0.04307644954642751,0.6193766957450985,0.6197630624997944,0.418368658236547,0.3089603591284703,119,2023-01-04,0.857566479712331,bkpwar,Blackpoll Warbler
bkpwar,country,COL,Colombia,SA,South America,postbreeding_migration,0.03426041581847245,0.08481398849579914,0.4264149756528921,0.3527344478711246,0.08867513237952904,77,2023-12-06,0.6012077021833375,bkpwar,Blackpoll Warbler
bkpwar,country,COL,Colombia,SA,South America,prebreeding_migration,0.027944310009995497,0.01903321563247124,0.5998314580830718,0.3684970487162834,0.04659920923737419,28,2023-04-12,0.7720449420442436,bkpwar,Blackpoll Warbler
bkpwar,country,CUB,Cuba,NA,North America,postbreeding_migration,0.0011576076797107124,1.4777085976811017e-4,1.8446420013270293e-4,0.04378361627028696,5.675683158448462e-4,35,2023-10-18,0.007656377662363992,bkpwar,Blackpoll Warbler
bkpwar,country,CUB,Cuba,NA,North America,prebreeding_migration,0.002095392093793352,1.737878969715841e-4,1.794830631680541e-4,0.10448817267137916,0.0016089669261774612,28,2023-04-26,0.006361464942019676,bkpwar,Blackpoll Warbler
bkpwar,country,CUW,Curaçao,NA,North America,nonbreeding,0.0031409690622240306,3.7135690572714914e-5,0.0595686068681027,0.29,1.7609803195268428e-4,77,2023-12-13,1.6371073527403224e-4,bkpwar,Blackpoll Warbler
bkpwar,country,CUW,Curaçao,NA,North America,postbreeding_migration,0.234061829559505,4.5581407173476475e-4,5.68998368715786e-4,0.8,1.5820719605431254e-4,84,2023-10-18,0.007300591313135676,bkpwar,Blackpoll Warbler
bkpwar,country,CUW,Curaçao,NA,North America,prebreeding_migration,0.02295964731834829,1.3656110487024756e-5,1.4103631978315256e-5,0.45,4.969355640218652e-5,35,2023-04-19,5.293313973290186e-4,bkpwar,Blackpoll Warbler
bkpwar,country,CYM,Cayman Islands,NA,North America,postbreeding_migration,0.0030630612119029346,6.2036337228576805e-6,7.744073049307394e-6,0.375,7.712600807647736e-5,35,2023-11-15,1.7573218586792194e-4,bkpwar,Blackpoll Warbler
bkpwar,country,CYM,Cayman Islands,NA,North America,prebreeding_migration,0.00999288804954491,6.181390360783062e-6,6.383959389141081e-6,0.4615384615384616,5.300646016233229e-5,21,2023-04-26,2.1713966329154504e-4,bkpwar,Blackpoll Warbler
bkpwar,country,DOM,Dominican Republic,NA,North America,postbreeding_migration,0.009876255470987532,6.523062820891868e-4,8.14282036092521e-4,0.11322155408562856,7.593945410607002e-4,42,2023-10-18,0.027438174516639886,bkpwar,Blackpoll Warbler
bkpwar,country,ECU,Ecuador,SA,South America,nonbreeding,0.03544384355637435,0.05861647695600323,0.05865304187381299,0.5558782298175017,0.04721578624067958,119,2023-03-01,0.12314925285910772,bkpwar,Blackpoll Warbler
bkpwar,country,ECU,Ecuador,SA,South America,postbreeding_migration,0.010795929863168775,0.002918501904554034,0.014673203567533762,0.5087595887206897,0.013966630628388646,63,2023-11-15,0.06313717737775194,bkpwar,Blackpoll Warbler
bkpwar,country,ECU,Ecuador,SA,South America,prebreeding_migration,0.015469746673811974,0.0011988132112213238,0.03778057740434328,0.5841775199057173,0.008405023167400397,28,2023-04-12,0.09326364000671154,bkpwar,Blackpoll Warbler
bkpwar,country,GLP,Guadeloupe,NA,North America,postbreeding_migration,0.08628512893079056,5.444250449194111e-4,6.796125474323238e-4,0.43209876543209874,2.7686259309504693e-4,56,2023-10-18,0.01443564984130078,bkpwar,Blackpoll Warbler
bkpwar,country,GRD,Grenada,NA,North America,postbreeding_migration,0.003515074578021529,4.176716556493592e-6,5.21384716840415e-6,0.3113940241093771,3.7574209062899225e-5,14,2023-10-25,3.086088267996333e-4,bkpwar,Blackpoll Warbler
bkpwar,country,GUY,Guyana,SA,South America,nonbreeding,0.0170313165551209,0.0477225278119189,0.04775229709178243,0.791921584510345,0.11396882153729386,105,2023-02-22,0.12782853685875725,bkpwar,Blackpoll Warbler
bkpwar,country,GUY,Guyana,SA,South America,postbreeding_migration,0.02304090533327053,0.01063418093985913,0.05346493057313391,0.6942998003834914,0.03254098238713688,49,2023-11-29,0.06479259403963535,bkpwar,Blackpoll Warbler
bkpwar,country,HTI,Haiti,NA,North America,postbreeding_migration,0.003557266370059587,2.133199228464156e-4,2.6628990994560005e-4,0.06040251834801509,3.678317308262766e-4,14,2023-10-18,0.016591356789003003,bkpwar,Blackpoll Warbler
bkpwar,country,HTI,Haiti,NA,North America,prebreeding_migration,3.101726369573933e-4,2.6274836356251805e-6,2.7135883428237345e-6,0.05125640372607906,8.061399149688035e-5,7,2023-04-26,1.832987185334639e-4,bkpwar,Blackpoll Warbler
bkpwar,country,JAM,Jamaica,NA,North America,postbreeding_migration,1.224180513282812e-4,1.27339419910699e-6,1.5895937992139006e-6,0.009360730293631912,9.887949753394534e-6,21,2023-11-01,3.690057893294223e-5,bkpwar,Blackpoll Warbler
bkpwar,country,JAM,Jamaica,NA,North America,prebreeding_migration,0.001578482555004058,1.3425721475574482e-5,1.3865692937588408e-5,0.15104895104895105,2.385290707304953e-4,14,2023-04-26,7.255140611751426e-4,bkpwar,Blackpoll Warbler
bkpwar,country,KNA,Saint Kitts and Nevis,NA,North America,postbreeding_migration,0.02336026521798896,8.72272568508399e-6,1.08886868425952e-5,0.36507385128823966,1.3843129654752347e-5,14,2023-10-25,4.2046818082461257e-4,bkpwar,Blackpoll Warbler
bkpwar,country,LCA,Saint Lucia,NA,North America,postbreeding_migration,0.005908900209055405,6.380692646861088e-6,7.965097903895768e-6,0.19837578041016532,2.1753489457467978e-5,21,2023-10-18,1.998095544473296e-4,bkpwar,Blackpoll Warbler
bkpwar,country,MEX,Mexico,NA,North America,postbreeding_migration,3.101967725438376e-5,8.474491966924935e-6,1.0578813608196798e-5,0.00868361431923345,2.409106709006668e-4,0,2023-10-18,2.8858675384260717e-4,bkpwar,Blackpoll Warbler
bkpwar,country,MEX,Mexico,NA,North America,prebreeding_migration,3.504248651592962e-5,2.0057197565350366e-6,2.0714487719386707e-6,0.01309353811871148,1.3914195792612226e-4,0,2023-04-26,1.0011871254818732e-4,bkpwar,Blackpoll Warbler
bkpwar,country,MTQ,Martinique,NA,North America,postbreeding_migration,0.004419791093566502,1.704213752907365e-5,2.127391200663847e-5,0.19696969696969696,7.712600807647736e-5,21,2023-10-18,0.00123993097950448,bkpwar,Blackpoll Warbler
bkpwar,country,NLD,Netherlands,EU,Europe,postbreeding_migration,0.07061475846502516,1.2376422322672852e-5,1,0.4444444444444444,7.910359802715627e-6,0,2023-10-18,5.741951969124338e-4,bkpwar,Blackpoll Warbler
bkpwar,country,PAN,Panama,NA,North America,nonbreeding,6.022432430873153e-4,4.3920699790144185e-4,0.7045230232215896,0.18659751437756944,0.006989270164742745,91,2023-12-27,0.002037100992130742,bkpwar,Blackpoll Warbler
bkpwar,country,PAN,Panama,NA,North America,postbreeding_migration,2.043950838362892e-4,3.0202065658446924e-5,3.7701613787612855e-5,0.11597746281071317,0.001740279156597438,35,2023-11-15,0.001136826730929757,bkpwar,Blackpoll Warbler
bkpwar,country,PER,Peru,SA,South America,nonbreeding,9.871121491819832e-4,0.00537496308027179,0.0053783159785261185,0.028519811646035485,0.00797598447727293,35,2023-12-20,0.008091434165861146,bkpwar,Blackpoll Warbler
bkpwar,country,PER,Peru,SA,South America,postbreeding_migration,7.091812701868931e-5,5.735635064009276e-5,2.8836760651747067e-4,0.0015600128021533283,1.2812430711165929e-4,0,2023-12-06,3.8099538681201896e-4,bkpwar,Blackpoll Warbler
bkpwar,country,PER,Peru,SA,South America,prebreeding_migration,0.003299732186755668,9.039026194092792e-4,0.028486475256466103,0.04835232161342319,0.002459155770096858,14,2023-04-12,0.02635337909560781,bkpwar,Blackpoll Warbler
bkpwar,country,PRI,Puerto Rico,NA,North America,nonbreeding,2.0596939448943863e-5,3.009878804728043e-6,0.0048280854475671,0.01699029126213592,1.2751926451746103e-4,14,2023-12-20,1.792883926512353e-5,bkpwar,Blackpoll Warbler
bkpwar,country,PRI,Puerto Rico,NA,North America,postbreeding_migration,0.09075839053025668,0.0021845520130043218,0.00272700341839719,0.4692556634304207,0.0011470021713937658,77,2023-10-25,0.05014108715880298,bkpwar,Blackpoll Warbler
bkpwar,country,SPM,Saint Pierre and Miquelon,NA,North America,breeding,0.3624159784673096,1.5495734367703675e-4,1.5495734367703675e-4,0.4675324675324675,9.07248918861705e-5,56,2023-06-14,2.4249202465394744e-4,bkpwar,Blackpoll Warbler
bkpwar,country,SPM,Saint Pierre and Miquelon,NA,North America,postbreeding_migration,0.12638822690184628,1.8951975199267977e-4,2.3657986097893975e-4,0.4805194805194805,7.317082817511954e-5,70,2023-08-30,0.001189387593237887,bkpwar,Blackpoll Warbler
bkpwar,country,SPM,Saint Pierre and Miquelon,NA,North America,prebreeding_migration,0.19474174082279205,8.918905909236052e-5,9.21118547719747e-5,0.4935064935064935,4.196344762851306e-5,28,2023-05-31,5.01697406913128e-4,bkpwar,Blackpoll Warbler
bkpwar,country,SUR,Suriname,SA,South America,nonbreeding,0.009422261959438828,0.016546665021019168,0.016556986819222314,0.4406429145620954,0.03974392461786713,98,2023-02-22,0.03605256055057914,bkpwar,Blackpoll Warbler
bkpwar,country,SUR,Suriname,SA,South America,postbreeding_migration,0.01002218993104346,0.0028989933335351447,0.014575121317381664,0.3630161280495222,0.010663250741507924,42,2023-11-29,0.021948726222640783,bkpwar,Blackpoll Warbler
bkpwar,country,TCA,Turks and Caicos Islands,NA,North America,postbreeding_migration,0.23380483147294837,0.0012612186481608656,0.0015743949077005382,0.8808664259927798,4.825319479656532e-4,56,2023-10-18,0.03589308150010368,bkpwar,Blackpoll Warbler
bkpwar,country,TCA,Turks and Caicos Islands,NA,North America,prebreeding_migration,3.3307148477257185e-4,1.3273151913674185e-7,1.3708123551035838e-7,0.04477611940298507,3.312903760145768e-6,7,2023-04-26,9.259626570013015e-6,bkpwar,Blackpoll Warbler
bkpwar,country,TTO,Trinidad and Tobago,NA,North America,nonbreeding,0.001049516731922546,8.331488980327357e-5,0.13364372226315838,0.1802104447596835,7.347538574577516e-4,77,2023-03-08,3.3760364903259445e-4,bkpwar,Blackpoll Warbler
bkpwar,country,TTO,Trinidad and Tobago,NA,North America,postbreeding_migration,0.0011275165297252672,1.666724135991062e-5,2.0805924461015512e-5,0.1370091794370444,2.056693548706063e-4,49,2023-10-18,7.409639970113624e-4,bkpwar,Blackpoll Warbler
bkpwar,country,USA,United States,NA,North America,breeding,0.07139472407617815,0.08944165873981513,0.08944165873981513,0.25424336220338856,0.14455502934210193,56,2023-08-02,0.29572506759228906,bkpwar,Blackpoll Warbler
bkpwar,country,USA,United States,NA,North America,postbreeding_migration,0.035733438934269786,0.4381408809777748,0.546936705124624,0.3407553363205659,0.42428799348684,91,2023-09-27,0.7972451627440824,bkpwar,Blackpoll Warbler
bkpwar,country,USA,United States,NA,North America,prebreeding_migration,0.06908587296927024,0.33389948334447905,0.344841632272567,0.5222283704707272,0.46861125450287294,56,2023-05-10,0.9951508357384296,bkpwar,Blackpoll Warbler
bkpwar,country,VCT,Saint Vincent and the Grenadines,NA,North America,postbreeding_migration,0.03067390430394722,4.1216895970339485e-5,5.145156331263548e-5,0.6956521739130435,9.492431763258752e-5,21,2023-10-18,0.0017209216149340688,bkpwar,Blackpoll Warbler
bkpwar,country,VEN,Venezuela,SA,South America,nonbreeding,0.015966882567628866,0.19414047103716528,0.19426157572880945,0.5706993848948035,0.356395335254613,119,2023-02-01,0.3002884797517867,bkpwar,Blackpoll Warbler
bkpwar,country,VEN,Venezuela,SA,South America,postbreeding_migration,0.039101367896473505,0.07840746046069827,0.39420520053728814,0.5299406995107827,0.10791251769019232,70,2023-11-01,0.3834328412388275,bkpwar,Blackpoll Warbler
bkpwar,country,VEN,Venezuela,SA,South America,prebreeding_migration,0.01795701014277148,0.0104928306121537,0.33068137339700027,0.3369617340996396,0.036556530780969085,35,2023-04-19,0.3536669473584139,bkpwar,Blackpoll Warbler
bkpwar,country,VGB,British Virgin Islands,NA,North America,postbreeding_migration,0.023150376895574303,4.463241571287742e-5,5.5715199041177696e-5,0.13131313131313133,2.5708669358825788e-5,28,2023-10-18,0.0015521121159442577,bkpwar,Blackpoll Warbler
bkpwar,country,VIR,United States Virgin Islands,NA,North America,postbreeding_migration,0.12518538336838242,2.7547944552554253e-4,3.438844143670343e-4,0.6460176991150443,1.4436406639956018e-4,56,2023-10-18,0.007189253192842899,bkpwar,Blackpoll Warbler
bkpwar,state,ABW-5150,Aruba,NA,North America,nonbreeding,0.00898959754925707,4.889066301531517e-5,0.07842451937113074,0.34782608695652173,9.71575348704465e-5,98,2023-01-18,1.8084396343320656e-4,bkpwar,Blackpoll Warbler
bkpwar,state,ABW-5150,Aruba,NA,North America,postbreeding_migration,0.42861896882886474,3.8396032610386535e-4,4.793024453440053e-4,0.7391304347826086,6.723805832308282e-5,84,2023-10-18,0.0056139763454045016,bkpwar,Blackpoll Warbler
bkpwar,state,ABW-5150,Aruba,NA,North America,prebreeding_migration,0.03998956475001962,1.0941234297367644e-5,1.1299787158665084e-5,0.5869565217391305,2.981613384131191e-5,35,2023-04-19,4.058628434487165e-4,bkpwar,Blackpoll Warbler
bkpwar,state,ATG-5091,Barbuda,NA,North America,postbreeding_migration,0.1164339704568996,9.750015272757784e-5,1.2171065197788308e-4,0.6976744186046512,5.93276985203672e-5,28,2023-10-18,0.0032516670597033683,bkpwar,Blackpoll Warbler
bkpwar,state,BHS-5009,New Providence,NA,North America,postbreeding_migration,0.010992918133002813,1.3058700507329051e-5,1.6301338082738978e-5,0.3442622950819672,4.152938896425704e-5,28,2023-10-18,5.828201711323243e-4,bkpwar,Blackpoll Warbler
bkpwar,state,BHS-5009,New Providence,NA,North America,prebreeding_migration,0.13743619999436082,4.986465090991884e-5,5.149875477566378e-5,0.5901639344262295,3.975484512174921e-5,28,2023-04-26,6.796610875686354e-4,bkpwar,Blackpoll Warbler
bkpwar,state,BHS-5010,City of Freeport,NA,North America,postbreeding_migration,0.031287573917748814,2.513657572146003e-6,3.1378299766344685e-6,0.899193925371663,7.33612468296516e-6,42,2023-10-18,8.969424343732389e-5,bkpwar,Blackpoll Warbler
bkpwar,state,BHS-5010,City of Freeport,NA,North America,prebreeding_migration,0.4673050928831592,1.146672550973101e-5,1.1842499131745082e-5,0.7576054187498104,3.4514988296327584e-6,42,2023-04-26,3.1737813356737943e-4,bkpwar,Blackpoll Warbler
bkpwar,state,BHS-5011,West Grand Bahama,NA,North America,postbreeding_migration,0.015962051451111053,3.830854377694151e-5,4.782103113666227e-5,0.6321352987396568,1.5406219911744018e-4,56,2023-10-18,0.0012905008067712331,bkpwar,Blackpoll Warbler
bkpwar,state,BHS-5011,West Grand Bahama,NA,North America,prebreeding_migration,0.21085353263440035,1.5455835787419377e-4,1.59623356936188e-4,0.49893222169937407,6.790143011173521e-5,42,2023-04-26,0.0027728750824479948,bkpwar,Blackpoll Warbler
bkpwar,state,BHS-5012,East Grand Bahama,NA,North America,postbreeding_migration,0.011244622173247615,2.816833996702695e-5,3.516288874029421e-5,0.5083090899990196,1.2930739894939395e-4,42,2023-10-18,0.0011224110484492566,bkpwar,Blackpoll Warbler
bkpwar,state,BHS-5012,East Grand Bahama,NA,North America,prebreeding_migration,0.1176154257285667,8.998815492366554e-5,9.293713760275144e-5,0.4616654969925184,6.558042647799043e-5,35,2023-04-26,0.0017649978937889354,bkpwar,Blackpoll Warbler
bkpwar,state,BHS-5014,North Abaco,NA,North America,postbreeding_migration,0.02012290731319551,5.199276305442219e-5,6.490321207153787e-5,0.7889608672890851,2.0700781770875424e-4,35,2023-10-18,0.001984072963922312,bkpwar,Blackpoll Warbler
bkpwar,state,BHS-5014,North Abaco,NA,North America,prebreeding_migration,0.021700905236843267,1.7125162360708282e-5,1.7686367412874335e-5,0.15827934953318615,2.3190326321020376e-5,28,2023-04-26,5.598199096311627e-4,bkpwar,Blackpoll Warbler
bkpwar,state,BHS-5015,Central Abaco,NA,North America,postbreeding_migration,0.012522515776243338,4.4046667215580506e-5,5.4984001914745835e-5,0.5497483422971416,1.9636519247090103e-4,35,2023-10-18,0.0019153656392969988,bkpwar,Blackpoll Warbler
bkpwar,state,BHS-5015,Central Abaco,NA,North America,prebreeding_migration,0.005511356532386492,5.920858041050541e-6,6.114889220189571e-6,0.059038616612952746,1.1775736261421632e-5,28,2023-04-26,2.230277966234909e-4,bkpwar,Blackpoll Warbler
bkpwar,state,BHS-5016,South Abaco,NA,North America,postbreeding_migration,0.013763753253501494,3.208499590558017e-5,4.005209900836721e-5,0.7604434875552032,1.8001602527062218e-4,28,2023-10-18,0.0013803972397876997,bkpwar,Blackpoll Warbler
bkpwar,state,BHS-5016,South Abaco,NA,North America,prebreeding_migration,0.03781069359260186,2.6920581096932894e-5,2.780278973242637e-5,0.34532302453577934,4.564792891443834e-5,28,2023-04-26,8.909639693071416e-4,bkpwar,Blackpoll Warbler
bkpwar,state,BHS-5017,Moore's Island,NA,North America,postbreeding_migration,0.01497120804646436,4.956360645899739e-6,6.187086571397261e-6,0.5294117647058824,1.779830955611016e-5,21,2023-10-18,1.9583308975234815e-4,bkpwar,Blackpoll Warbler
bkpwar,state,BHS-5018,Berry Islands,NA,North America,postbreeding_migration,0.019937291261157952,2.484867640647064e-5,3.1018911474623235e-5,0.640625,8.108118797783517e-5,28,2023-10-18,0.001118294548650794,bkpwar,Blackpoll Warbler
bkpwar,state,BHS-5018,Berry Islands,NA,North America,prebreeding_migration,0.08031378604937345,3.0572565390793826e-5,3.157445242658371e-5,0.203125,1.4355916293964991e-5,35,2023-04-26,4.376121386157989e-4,bkpwar,Blackpoll Warbler
bkpwar,state,BHS-5019,North Andros,NA,North America,postbreeding_migration,0.0032849152191587712,2.5082925563391627e-5,3.131132760748596e-5,0.1300688453935282,1.0085708748462424e-4,21,2023-10-18,0.0013441289556059071,bkpwar,Blackpoll Warbler
bkpwar,state,BHS-5019,North Andros,NA,North America,prebreeding_migration,0.03942619511596666,9.19482709925174e-5,9.496148821826053e-5,0.2361976925362393,1.022727907159536e-4,28,2023-04-26,8.174618466015966e-4,bkpwar,Blackpoll Warbler
bkpwar,state,BHS-5020,Central Andros,NA,North America,postbreeding_migration,0.002736215453828633,1.2289688883531586e-5,1.5341371318661427e-5,0.09234044962906689,4.211741380307418e-5,14,2023-10-18,7.96190635040886e-4,bkpwar,Blackpoll Warbler
bkpwar,state,BHS-5020,Central Andros,NA,North America,prebreeding_migration,0.02392794544423219,3.282469378832898e-5,3.390038484467071e-5,0.19678718403728843,5.0120782250751704e-5,28,2023-04-26,3.009161056157696e-4,bkpwar,Blackpoll Warbler
bkpwar,state,BHS-5021,Mangrove Cay,NA,North America,postbreeding_migration,0.03409535834151583,5.101683428695415e-5,6.368494806630714e-5,0.9439306065099738,1.4342915125444317e-4,21,2023-10-18,0.0015692159034283127,bkpwar,Blackpoll Warbler
bkpwar,state,BHS-5022,South Andros,NA,North America,postbreeding_migration,0.004054802979474788,1.4878731809847849e-5,1.857330576948356e-5,0.10176668956276214,3.7921099369199106e-5,21,2023-10-18,9.681593197398267e-4,bkpwar,Blackpoll Warbler
bkpwar,state,BHS-5022,South Andros,NA,North America,prebreeding_migration,0.023550288565106724,2.639350502887346e-5,2.7258440966681483e-5,0.2865858437864471,5.963226768262382e-5,28,2023-04-26,8.246941961743972e-4,bkpwar,Blackpoll Warbler
bkpwar,state,BHS-5023,Black Point,NA,North America,postbreeding_migration,0.022943528615595662,4.557403863020998e-5,5.6890638627473304e-5,0.5490196078431373,1.1074503723801878e-4,21,2023-10-18,0.002595256283832612,bkpwar,Blackpoll Warbler
bkpwar,state,BHS-5023,Black Point,NA,North America,prebreeding_migration,0.008908043232034235,5.4043603253735045e-6,5.5814654677623526e-6,0.0784313725490196,8.834410027055381e-6,28,2023-04-26,1.239768938143458e-4,bkpwar,Blackpoll Warbler
bkpwar,state,BHS-5024,Exuma,NA,North America,postbreeding_migration,0.025320577624616987,5.818522916281848e-5,7.263334444896826e-5,0.7033898305084746,1.6413996590634926e-4,21,2023-10-18,0.003865831831480633,bkpwar,Blackpoll Warbler
bkpwar,state,BHS-5024,Exuma,NA,North America,prebreeding_migration,0.0048498170987024145,3.40384030833091e-6,3.515386834872732e-6,0.2288135593220339,2.981613384131191e-5,7,2023-04-26,2.3745897275623485e-4,bkpwar,Blackpoll Warbler
bkpwar,state,BHS-5025,Spanish Wells,NA,North America,postbreeding_migration,0.010167572129931714,1.7820377696059063e-6,2.2245398875831652e-6,0.4444444444444444,7.910359802715627e-6,14,2023-10-18,9.942405836491596e-5,bkpwar,Blackpoll Warbler
bkpwar,state,BHS-5026,Harbour Island,NA,North America,postbreeding_migration,0.012933848902678236,1.190425735696085e-6,1.4860232355496642e-6,0.6347516866743479,5.93276985203672e-6,14,2023-10-18,6.798325421801136e-5,bkpwar,Blackpoll Warbler
bkpwar,state,BHS-5027,North Eleuthera,NA,North America,postbreeding_migration,0.010445808435406186,1.6026263378825536e-5,2.000578368380762e-5,0.4061784637833013,6.328287842172502e-5,21,2023-10-18,8.31998842340755e-4,bkpwar,Blackpoll Warbler
bkpwar,state,BHS-5027,North Eleuthera,NA,North America,prebreeding_migration,0.008335328704158467,3.905868572899711e-6,4.0338669608879735e-6,0.11423769293905348,9.938711280437303e-6,14,2023-04-26,1.4773313667261164e-4,bkpwar,Blackpoll Warbler
bkpwar,state,BHS-5028,Central Eleuthera,NA,North America,postbreeding_migration,0.007818397203726154,6.0422278228884485e-6,7.542588059091828e-6,0.32758282165606056,2.5708669358825788e-5,14,2023-10-18,3.612690584955188e-4,bkpwar,Blackpoll Warbler
bkpwar,state,BHS-5028,Central Eleuthera,NA,North America,prebreeding_migration,0.02843831165940715,6.712554913128266e-6,6.932530622020398e-6,0.5088616585264863,2.230023948778476e-5,21,2023-04-26,2.0613971876851765e-4,bkpwar,Blackpoll Warbler
bkpwar,state,BHS-5029,South Eleuthera,NA,North America,postbreeding_migration,0.012232592169635905,1.7820183343632176e-5,2.224515626328256e-5,0.3609335274658756,5.339492866833048e-5,21,2023-10-18,9.33960806658432e-4,bkpwar,Blackpoll Warbler
bkpwar,state,BHS-5029,South Eleuthera,NA,North America,prebreeding_migration,0.027614317780565823,1.2286626764867415e-5,1.2689269196471028e-5,0.4652836630135177,3.843632944822098e-5,21,2023-04-26,4.112618331401491e-4,bkpwar,Blackpoll Warbler
bkpwar,state,BHS-5030,Cat Island,NA,North America,postbreeding_migration,0.015683542289163754,3.5123608902942847e-5,4.384523736427128e-5,0.3391304347826087,7.712600807647736e-5,21,2023-10-18,0.002013791206179877,bkpwar,Blackpoll Warbler
bkpwar,state,BHS-5030,Cat Island,NA,North America,prebreeding_migration,8.531121780043063e-4,5.835334967904436e-7,6.02656348860932e-7,0.02608695652173913,3.312903760145768e-6,7,2023-05-03,2.3578964760770787e-5,bkpwar,Blackpoll Warbler
bkpwar,state,BHS-5031,San Salvador,NA,North America,postbreeding_migration,0.039991036036305806,3.426671440310635e-5,4.277556531418984e-5,0.9090909090909092,7.910359802715627e-5,42,2023-10-18,0.001290706720374995,bkpwar,Blackpoll Warbler
bkpwar,state,BHS-5032,Rum Cay,NA,North America,postbreeding_migration,0.030917464728866303,2.107313024642161e-5,2.630585029618485e-5,0.34285714285714286,2.373107940814688e-5,21,2023-10-18,9.475800890838804e-4,bkpwar,Blackpoll Warbler
bkpwar,state,BHS-5033,Long Island,NA,North America,postbreeding_migration,0.08587671602083967,2.558727237824906e-4,3.194091000240568e-4,0.9084967320261438,2.74885003144368e-4,49,2023-10-18,0.008274673897339848,bkpwar,Blackpoll Warbler
bkpwar,state,BHS-5033,Long Island,NA,North America,prebreeding_migration,0.004468831099764584,4.06674724189363e-6,4.20001775051488e-6,0.20261437908496732,3.42333388548396e-5,14,2023-05-03,1.1557371218675164e-4,bkpwar,Blackpoll Warbler
bkpwar,state,BHS-5034,Ragged Island,NA,North America,postbreeding_migration,0.0201627297533883,1.413542800571646e-5,1.7645430396085472e-5,0.3888888888888889,2.7686259309504694e-5,14,2023-10-18,0.001084031418975051,bkpwar,Blackpoll Warbler
bkpwar,state,BHS-5035,Crooked Island and Long Cay,NA,North America,postbreeding_migration,0.038926864564418795,7.580651945841769e-5,9.46302200493723e-5,0.31,6.13052884710461e-5,21,2023-10-18,0.0030930303522955656,bkpwar,Blackpoll Warbler
bkpwar,state,BHS-5036,Acklins,NA,North America,postbreeding_migration,0.04696845823207741,1.4543219595416896e-4,1.8154481703853308e-4,0.3584905660377358,1.1272262718869767e-4,21,2023-10-18,0.005847154498062634,bkpwar,Blackpoll Warbler
bkpwar,state,BHS-5036,Acklins,NA,North America,prebreeding_migration,2.6531849033052814e-4,2.509148996527042e-7,2.591375784444638e-7,0.01257861635220126,2.2086025067638453e-6,7,2023-04-26,5.834781514691792e-6,bkpwar,Blackpoll Warbler
bkpwar,state,BHS-5037,Mayaguana,NA,North America,postbreeding_migration,0.04617932984886104,6.564892506328035e-5,8.195036876941247e-5,0.3013698630136986,4.350697891493595e-5,28,2023-10-18,0.0021887967376119973,bkpwar,Blackpoll Warbler
bkpwar,state,BHS-5038,Inagua,NA,North America,postbreeding_migration,0.2922543285316543,0.001622045174150579,0.002024819142951001,0.9228070175438596,5.201061570285525e-4,56,2023-10-18,0.03553892703360649,bkpwar,Blackpoll Warbler
bkpwar,state,BHS-5038,Inagua,NA,North America,prebreeding_migration,0.008125150035413212,1.3773301629853994e-5,1.4224663567152514e-5,0.4526315789473685,1.4245486168626802e-4,21,2023-04-26,4.246550374610256e-4,bkpwar,Blackpoll Warbler
bkpwar,state,BHS-5039,Bimini,NA,North America,postbreeding_migration,0.009112896938477793,5.501426125992733e-6,6.867498582013444e-6,0.3870967741935484,2.373107940814688e-5,35,2023-10-18,2.4480470053614493e-4,bkpwar,Blackpoll Warbler
bkpwar,state,BHS-5039,Bimini,NA,North America,prebreeding_migration,0.15655517770398047,2.8866287886015222e-5,2.981225886472433e-5,0.3225806451612903,1.1043012533819224e-5,35,2023-05-03,3.148977764186119e-4,bkpwar,Blackpoll Warbler
bkpwar,state,BLM-5113,Saint Barthélemy,NA,North America,postbreeding_migration,0.025953260117343495,7.075825079038987e-6,8.832840355210033e-6,0.6428571428571429,1.779830955611016e-5,7,2023-10-25,5.382536644213981e-4,bkpwar,Blackpoll Warbler
bkpwar,state,BMU-5134,City of Hamilton,NA,North America,postbreeding_migration,0.6061214208602905,1.4021208340889042e-6,1.7502848569432518e-6,1,2.3491184907329669e-07,35,2023-10-18,2.831779055070346e-4,bkpwar,Blackpoll Warbler
bkpwar,state,BMU-5135,City of Saint George,NA,North America,postbreeding_migration,0.4406654238700866,9.289253619176356e-7,1.159589070118528e-6,1,2.1406760895017638e-7,28,2023-10-18,2.742701507866619e-4,bkpwar,Blackpoll Warbler
bkpwar,state,BMU-5136,Devonshire,NA,North America,postbreeding_migration,0.43267146506893295,1.9911666213333347e-5,2.4855980313816612e-5,1,4.673351667530726e-6,35,2023-10-18,0.0015287708382016477,bkpwar,Blackpoll Warbler
bkpwar,state,BMU-5137,Hamilton,NA,North America,postbreeding_migration,0.6894358841236818,2.8929074298065415e-5,3.611252285698478e-5,1,4.261080768362506e-6,42,2023-10-18,0.0012708526327463933,bkpwar,Blackpoll Warbler
bkpwar,state,BMU-5138,Paget,NA,North America,postbreeding_migration,0.27105119263788097,1.1189141044666348e-5,1.3967543778355932e-5,0.528250219029463,2.214441567831574e-6,35,2023-10-18,0.0014340112146145126,bkpwar,Blackpoll Warbler
bkpwar,state,BMU-5139,Pembroke,NA,North America,postbreeding_migration,0.3750577188395852,1.9624080894810067e-5,2.449698398778486e-5,0.6278089586596307,3.335783373829454e-6,35,2023-10-18,8.698781303189564e-4,bkpwar,Blackpoll Warbler
bkpwar,state,BMU-5140,Saint George's,NA,North America,postbreeding_migration,0.325850363856188,6.133236657875024e-5,7.656195518486408e-5,0.4826843406156632,9.226008183162602e-6,49,2023-10-18,0.0020174237314022837,bkpwar,Blackpoll Warbler
bkpwar,state,BMU-5141,Sandys,NA,North America,postbreeding_migration,0.2941150523633319,3.02892291036939e-5,3.781042099922092e-5,0.43270700719324257,4.5252649329225535e-6,49,2023-10-18,0.0010023904348620545,bkpwar,Blackpoll Warbler
bkpwar,state,BMU-5142,Smith's,NA,North America,postbreeding_migration,0.29562189408221456,1.4762055828149051e-5,1.842765769196313e-5,0.6100159143415961,3.0933604378226476e-6,35,2023-10-18,8.813275767098886e-4,bkpwar,Blackpoll Warbler
bkpwar,state,BMU-5143,Southampton,NA,North America,postbreeding_migration,0.34566553104150843,2.4299643409169848e-5,3.033354676298469e-5,0.7229786078695275,5.1611726389896e-6,49,2023-10-18,0.0015218593177144973,bkpwar,Blackpoll Warbler
bkpwar,state,BMU-5144,Warwick,NA,North America,postbreeding_migration,0.2825384742084435,1.8272624793566467e-5,2.280994454630384e-5,0.6988840282158528,4.589945935781902e-6,35,2023-10-18,0.001517625011986619,bkpwar,Blackpoll Warbler
bkpwar,state,BON-5149,Bonaire,NA,North America,nonbreeding,0.0014962363334845251,1.185230571525478e-5,0.0190120428284515,0.208955223880597,8.501284301164068e-5,35,2023-01-18,1.1892090778346532e-4,bkpwar,Blackpoll Warbler
bkpwar,state,BON-5149,Bonaire,NA,North America,postbreeding_migration,0.11997833291986096,1.565433988498584e-4,1.9541506965722863e-4,0.8805970149253731,1.166778070900555e-4,77,2023-10-18,0.003875472114182293,bkpwar,Blackpoll Warbler
bkpwar,state,BON-5149,Bonaire,NA,North America,prebreeding_migration,0.004800422089313393,1.9130047018201207e-6,1.975695371891786e-6,0.1791044776119403,1.3251615040583073e-5,21,2023-04-19,1.2346639168019896e-4,bkpwar,Blackpoll Warbler
bkpwar,state,BRA-592,Amazonas,SA,South America,nonbreeding,6.167830448731916e-4,0.01268610895786122,0.012694022543860563,0.025679506314470885,0.027127597901352895,56,2023-12-13,0.047073459643989915,bkpwar,Blackpoll Warbler
bkpwar,state,BRA-592,Amazonas,SA,South America,postbreeding_migration,0.0018088750312273175,0.006128213142269139,0.03081050548620123,0.02371797807193362,0.008159848105694404,42,2023-12-06,0.042734373549408795,bkpwar,Blackpoll Warbler
bkpwar,state,BRA-592,Amazonas,SA,South America,prebreeding_migration,9.53901239217517e-5,9.870368957113266e-5,0.003110645052148985,0.0010189395850896202,1.9575107894496225e-4,7,2023-04-12,0.004025991789179942,bkpwar,Blackpoll Warbler
bkpwar,state,BRA-594,Pará,SA,South America,nonbreeding,3.714824128839454e-4,0.006090158219106807,0.006093957255594402,0.014498094432768309,0.01220758904251796,35,2023-02-22,0.01472229692124959,bkpwar,Blackpoll Warbler
bkpwar,state,BRA-594,Pará,SA,South America,postbreeding_migration,2.503085401797947e-4,6.759199616854116e-4,0.003398288408753047,0.008059750543036941,0.0022101427178819293,35,2023-11-29,0.004550470931837589,bkpwar,Blackpoll Warbler
bkpwar,state,BRA-670,Roraima,SA,South America,nonbreeding,0.013148745575392062,0.03882252274574239,0.03884674020859727,0.5156437146354923,0.07819479010337961,105,2023-03-15,0.08986201230210941,bkpwar,Blackpoll Warbler
bkpwar,state,BRA-670,Roraima,SA,South America,postbreeding_migration,0.025426292792878325,0.012365502288747145,0.06216940685029874,0.4403710197477026,0.0217483624795927,49,2023-11-08,0.0582833883331251,bkpwar,Blackpoll Warbler
bkpwar,state,BRA-670,Roraima,SA,South America,prebreeding_migration,2.3385564310983983e-5,3.4736115394360874e-6,1.0947080696965776e-4,2.8030216657843384e-4,7.730108773673458e-6,0,2023-04-12,6.580112632475174e-5,bkpwar,Blackpoll Warbler
bkpwar,state,BRB-1990,Saint Andrew,NA,North America,postbreeding_migration,0.007230057008608705,8.302682702681758e-7,1.0364341969108146e-6,0.31303858117010763,3.65051131905484e-6,14,2023-10-25,6.652362992465073e-5,bkpwar,Blackpoll Warbler
bkpwar,state,BRB-1993,Saint John,NA,North America,postbreeding_migration,0.0046626433388771375,4.963024099852529e-7,6.195404643752335e-7,0.15200333474920608,1.643033495973327e-6,14,2023-10-25,2.699531975258081e-5,bkpwar,Blackpoll Warbler
bkpwar,state,BRB-1994,Saint Joseph,NA,North America,postbreeding_migration,0.0020658801017369895,1.69598420426675e-7,2.117118152853024e-7,0.157149574045708,1.310113772462841e-6,7,2023-10-25,1.9474169157122995e-5,bkpwar,Blackpoll Warbler
bkpwar,state,BRB-1995,Saint Lucy,NA,North America,postbreeding_migration,0.018454990107948977,3.9481438566491984e-06,4.928517027433638e-6,0.4365698112927068,9.484445956792988e-6,35,2023-10-25,1.596638298033182e-4,bkpwar,Blackpoll Warbler
bkpwar,state,BRB-1997,Saint Peter,NA,North America,postbreeding_migration,0.0027784471318514394,2.584646053657995e-7,3.226445780056698e-7,0.14562282189281583,1.375648557120584e-6,14,2023-10-25,4.800555067552671e-5,bkpwar,Blackpoll Warbler
bkpwar,state,BRB-1998,Saint Philip,NA,North America,postbreeding_migration,0.001493789482032648,3.9098782278238154e-7,4.880749567564176e-7,0.08698860820683249,2.312146405384486e-6,14,2023-10-25,4.905012668476674e-5,bkpwar,Blackpoll Warbler
bkpwar,state,CAN-AB,Alberta,NA,North America,breeding,0.005748458234648133,0.002344151413743892,0.002344151413743892,0.260599619938031,0.04823007259397351,56,2023-06-28,0.005193268502206695,bkpwar,Blackpoll Warbler
bkpwar,state,CAN-AB,Alberta,NA,North America,postbreeding_migration,0.002330409610609564,0.003332802472034021,0.0041603787321045586,0.0771330663981561,0.01120203750749952,42,2023-08-23,0.012116753896517684,bkpwar,Blackpoll Warbler
bkpwar,state,CAN-AB,Alberta,NA,North America,prebreeding_migration,0.026233918484956965,0.011458958670345867,0.011834477766918924,0.5526597191214528,0.0448193502349643,35,2023-05-24,0.051682743730525574,bkpwar,Blackpoll Warbler
bkpwar,state,CAN-BC,British Columbia,NA,North America,breeding,0.053858253700927734,0.03242559160596631,0.03242559160596631,0.3685263597135364,0.1006964258241772,56,2023-06-28,0.042012731076393035,bkpwar,Blackpoll Warbler
bkpwar,state,CAN-BC,British Columbia,NA,North America,postbreeding_migration,0.007310066929569022,0.015434765166416176,0.019267409116567245,0.19447733732723335,0.04169911004131249,28,2023-08-16,0.04612322983722842,bkpwar,Blackpoll Warbler
bkpwar,state,CAN-BC,British Columbia,NA,North America,prebreeding_migration,0.053360997896632234,0.034411792211022293,0.03553949373210238,0.3818690788900056,0.045721829379058415,28,2023-05-31,0.05723068687815393,bkpwar,Blackpoll Warbler
bkpwar,state,CAN-MB,Manitoba,NA,North America,breeding,0.2117907271741153,0.0817419506406762,0.0817419506406762,0.2903826193961829,0.05086493945976786,56,2023-08-02,0.1439163588389047,bkpwar,Blackpoll Warbler
bkpwar,state,CAN-MB,Manitoba,NA,North America,postbreeding_migration,0.028395136180030044,0.03843483701619783,0.0479786845562752,0.12300455139578718,0.01690757734508039,42,2023-08-09,0.04703087338171885,bkpwar,Blackpoll Warbler
bkpwar,state,CAN-MB,Manitoba,NA,North America,prebreeding_migration,0.14393322581247334,0.0595040906972588,0.0614540865933834,0.3621808217804144,0.027799499038161597,35,2023-06-07,0.07472237440592855,bkpwar,Blackpoll Warbler
bkpwar,state,CAN-NB,New Brunswick,NA,North America,breeding,0.029150286634081098,0.001389327457771796,0.001389327457771796,0.1087394216495392,0.002352115619383931,56,2023-06-14,0.0024976571913185295,bkpwar,Blackpoll Warbler
bkpwar,state,CAN-NB,New Brunswick,NA,North America,postbreeding_migration,0.04791300856644481,0.008008630626153064,0.00999727310871615,0.6956089679188564,0.011807259476074895,77,2023-09-20,0.04242277527345218,bkpwar,Blackpoll Warbler
bkpwar,state,CAN-NB,New Brunswick,NA,North America,prebreeding_migration,0.05655339366135319,0.002887142162351081,0.0029817560838839123,0.772173983529116,0.007318977611612987,28,2023-05-31,0.02419370510274353,bkpwar,Blackpoll Warbler
bkpwar,state,CAN-NL,Newfoundland and Labrador,NA,North America,breeding,0.7934160541253766,0.2173804562828392,0.2173804562828392,0.8892114605447345,0.1105692646575756,56,2023-07-26,0.2875541264819025,bkpwar,Blackpoll Warbler
bkpwar,state,CAN-NL,Newfoundland and Labrador,NA,North America,postbreeding_migration,0.15808175139061514,0.15189528153511134,0.18961276706568067,0.428238157758359,0.04178563630275978,63,2023-08-23,0.501308973898373,bkpwar,Blackpoll Warbler
bkpwar,state,CAN-NL,Newfoundland and Labrador,NA,North America,prebreeding_migration,0.3790411937828635,0.11123811778587556,0.11488347847676796,0.7324745533444639,0.039910348308620926,21,2023-06-07,0.20792050518563832,bkpwar,Blackpoll Warbler
bkpwar,state,CAN-NS,Nova Scotia,NA,North America,breeding,0.0115148248511042,4.7412588858929e-4,4.7412588858929e-4,0.04072721474963554,7.610810374895415e-4,56,2023-08-02,0.0010785450488939312,bkpwar,Blackpoll Warbler
bkpwar,state,CAN-NS,Nova Scotia,NA,North America,postbreeding_migration,0.1321238141127202,0.01907921349215387,0.02381681923969392,0.7283640368627742,0.010680878459141062,84,2023-10-04,0.118379707260613,bkpwar,Blackpoll Warbler
bkpwar,state,CAN-NS,Nova Scotia,NA,North America,prebreeding_migration,0.05819441147249819,0.002566642150013536,0.0026507530338317703,0.6713502571362192,0.005497420492938866,28,2023-05-24,0.016929850606447278,bkpwar,Blackpoll Warbler
bkpwar,state,CAN-NT,Northwest Territories,NA,North America,breeding,0.05710955681176363,0.047445029000924455,0.047445029000924455,0.36884457614334337,0.13907055433727636,56,2023-07-05,0.05846680770213681,bkpwar,Blackpoll Warbler
bkpwar,state,CAN-NT,Northwest Territories,NA,North America,postbreeding_migration,0.007088042679036794,0.02065148482702478,0.025779505080688995,0.06322491178604896,0.018706489918208877,35,2023-08-16,0.05189484115921488,bkpwar,Blackpoll Warbler
bkpwar,state,CAN-NT,Northwest Territories,NA,North America,prebreeding_migration,0.08280974041311731,0.07369042446840345,0.0761053176902519,0.28049002883427093,0.04634179138426534,14,2023-06-07,0.07640180573455199,bkpwar,Blackpoll Warbler
bkpwar,state,CAN-NU,Nunavut,NA,North America,breeding,0.028589510895831297,0.0415008000446512,0.0415008000446512,0.05851107466240973,0.03854762948426523,56,2023-07-19,0.05920881370098312,bkpwar,Blackpoll Warbler
bkpwar,state,CAN-NU,Nunavut,NA,North America,postbreeding_migration,2.0997900961111925e-4,0.0010689777323563503,0.0013344181841279316,8.262113483761015e-4,4.2713292030780906e-4,0,2023-08-16,8.238395736389582e-4,bkpwar,Blackpoll Warbler
bkpwar,state,CAN-NU,Nunavut,NA,North America,prebreeding_migration,0.006708637022332791,0.010431139330434809,0.010772975978098911,0.009416248096572053,0.002718323253924804,7,2023-06-07,0.010548149396311402,bkpwar,Blackpoll Warbler
bkpwar,state,CAN-ON,Ontario,NA,North America,breeding,0.07033561801515986,0.04339173697573538,0.04339173697573538,0.13297993044720224,0.037232970537988186,49,2023-07-05,0.04404478949094347,bkpwar,Blackpoll Warbler
bkpwar,state,CAN-ON,Ontario,NA,North America,postbreeding_migration,0.008330010622118746,0.01802271914139729,0.02249798421590873,0.18839084266889783,0.041391737949251634,63,2023-09-06,0.11182257682785245,bkpwar,Blackpoll Warbler
bkpwar,state,CAN-ON,Ontario,NA,North America,prebreeding_migration,0.07419177326742289,0.04902698509656569,0.05063363799416335,0.32333739274737683,0.039669901649980126,28,2023-06-07,0.04646040718720337,bkpwar,Blackpoll Warbler
bkpwar,state,CAN-PE,Prince Edward Island,NA,North America,postbreeding_migration,0.012451734269658723,2.2187484704741772e-4,2.769691281108741e-4,0.23934426229508196,4.3309219919868055e-4,42,2023-10-04,0.002283106441171772,bkpwar,Blackpoll Warbler
bkpwar,state,CAN-PE,Prince Edward Island,NA,North America,prebreeding_migration,0.05429603661629346,2.954956094291098e-4,3.051792331759415e-4,0.8633879781420765,8.723979901717188e-4,21,2023-05-31,0.002361827883924262,bkpwar,Blackpoll Warbler
bkpwar,state,CAN-QC,Québec,NA,North America,breeding,0.4391962712209134,0.4165987125703679,0.4165987125703679,0.590326165439157,0.2541330625050256,56,2023-06-21,0.4127642460043185,bkpwar,Blackpoll Warbler
bkpwar,state,CAN-QC,Québec,NA,North America,postbreeding_migration,0.021471219426595467,0.07142644277071959,0.08916251590266819,0.22090150714332912,0.07462427137977089,63,2023-08-23,0.18193675712600677,bkpwar,Blackpoll Warbler
bkpwar,state,CAN-QC,Québec,NA,North America,prebreeding_migration,0.2063554076126792,0.2096635050153234,0.21653434313008543,0.6024420925521011,0.11364440306225138,21,2023-06-07,0.2593259510533256,bkpwar,Blackpoll Warbler
bkpwar,state,CAN-SK,Saskatchewan,NA,North America,breeding,0.006699668425765539,0.0026437153158503104,0.0026437153158503104,0.05843826168655478,0.01046570584617679,49,2023-07-05,0.008166645091795644,bkpwar,Blackpoll Warbler
bkpwar,state,CAN-SK,Saskatchewan,NA,North America,postbreeding_migration,0.002829571294242357,0.003915841012531846,0.004888192985796001,0.048486637772031,0.006814054344121652,42,2023-08-30,0.010299156635341426,bkpwar,Blackpoll Warbler
bkpwar,state,CAN-SK,Saskatchewan,NA,North America,prebreeding_migration,0.014824272696289845,0.00626588588574659,0.006471223898975886,0.30459701386162735,0.023903444257739465,35,2023-05-24,0.041296710611762974,bkpwar,Blackpoll Warbler
bkpwar,state,CAN-YT,Yukon,NA,North America,breeding,0.07704573542995179,0.023067786719391893,0.023067786719391893,0.45944031761065657,0.06243042386291209,56,2023-06-14,0.05096412574036246,bkpwar,Blackpoll Warbler
bkpwar,state,CAN-YT,Yukon,NA,North America,postbreeding_migration,0.0016108839753088437,0.0016914712317101035,0.0021114845531420325,0.031398787301687145,0.0033480531428872018,35,2023-08-09,0.006492650646992769,bkpwar,Blackpoll Warbler
bkpwar,state,CAN-YT,Yukon,NA,North America,prebreeding_migration,0.1933203418824237,0.06199870028213133,0.0640304464982076,0.6029775791004945,0.03590310013430401,21,2023-05-31,0.11239505408370944,bkpwar,Blackpoll Warbler
bkpwar,state,COL-1283,Amazonas,SA,South America,nonbreeding,0.0031160348348449494,0.004472271995992381,0.004475061796172271,0.07152091038356005,0.005272148048908106,56,2023-12-20,0.01248529706637412,bkpwar,Blackpoll Warbler
bkpwar,state,COL-1283,Amazonas,SA,South America,postbreeding_migration,0.0035700993410349253,8.439864862752173e-4,0.004243267925246106,0.03515777017031071,8.440256172470199e-4,14,2023-12-06,0.008271308417097967,bkpwar,Blackpoll Warbler
bkpwar,state,COL-1283,Amazonas,SA,South America,prebreeding_migration,0.003843531151925363,2.775174354722484e-4,0.008745957129745402,0.03358389059335518,4.5021154791145346e-4,7,2023-04-12,0.007566182637970166,bkpwar,Blackpoll Warbler
bkpwar,state,COL-1314,Antioquia,SA,South America,nonbreeding,0.0010578939336658942,8.89502576608934e-4,8.900574477014033e-4,0.06864277312034625,0.002964343744194759,105,2023-04-05,0.003770209018790242,bkpwar,Blackpoll Warbler
bkpwar,state,COL-1314,Antioquia,SA,South America,postbreeding_migration,1.9683875305893624e-4,2.726120045533591e-5,1.3705975080993205e-4,0.0901850310034544,0.0012683757886033074,49,2023-11-01,5.969478690793716e-4,bkpwar,Blackpoll Warbler
bkpwar,state,COL-1314,Antioquia,SA,South America,prebreeding_migration,0.0011762685207162848,4.9756007180134955e-5,0.001568059696877247,0.08302890116401995,6.520698100366391e-4,21,2023-04-19,0.004200121972732627,bkpwar,Blackpoll Warbler
bkpwar,state,COL-1315,Boyacá,SA,South America,nonbreeding,0.021812073912381505,0.006561168705995278,0.006565261558499034,0.15303833791460922,0.002364357495112328,119,2023-03-08,0.017018516946447324,bkpwar,Blackpoll Warbler
bkpwar,state,COL-1315,Boyacá,SA,South America,postbreeding_migration,0.006205410872937673,3.0745677950787747e-4,0.0015457848106584658,0.11047954477946116,5.558716447494348e-4,70,2023-11-15,0.006783796822171586,bkpwar,Blackpoll Warbler
bkpwar,state,COL-1315,Boyacá,SA,South America,prebreeding_migration,0.006922801971039493,1.047611160279348e-4,0.0033015447410915015,0.10187224202042922,2.862199014331773e-4,28,2023-04-12,0.006087852264103794,bkpwar,Blackpoll Warbler
bkpwar,state,COL-1316,Córdoba,SA,South America,postbreeding_migration,2.728306670465514e-4,1.5078927433231746e-5,7.581155642305059e-5,0.038480313237700306,2.1597077088282544e-4,28,2023-11-01,4.811851556102665e-4,bkpwar,Blackpoll Warbler
bkpwar,state,COL-1317,Santander,SA,South America,nonbreeding,0.01136786977734276,0.004594776725781424,0.004597642944327082,0.25356327149618385,0.005263811490676883,119,2023-03-01,0.01110758944212401,bkpwar,Blackpoll Warbler
bkpwar,state,COL-1317,Santander,SA,South America,postbreeding_migration,0.0012842868697356222,8.550207457834955e-5,4.298744310486533e-4,0.1912004368746397,0.001292654920387882,70,2023-12-06,0.001955909769330963,bkpwar,Blackpoll Warbler
bkpwar,state,COL-1317,Santander,SA,South America,prebreeding_migration,0.008169386775924426,1.661149593034927e-4,0.005235110039862819,0.3891065324858906,0.001468972156061052,28,2023-04-19,0.01262638474890158,bkpwar,Blackpoll Warbler
bkpwar,state,COL-1318,La Guajira,SA,South America,nonbreeding,0.02030963729423941,0.005720905532882458,0.005724474229799612,0.8345937557606058,0.012074423348941953,119,2023-01-04,0.01778393454303408,bkpwar,Blackpoll Warbler
bkpwar,state,COL-1318,La Guajira,SA,South America,postbreeding_migration,0.1318976568809413,0.0061196837128831795,0.0307676225079514,0.6232260228813212,0.002936409286323669,77,2023-10-18,0.12465102868780846,bkpwar,Blackpoll Warbler
bkpwar,state,COL-1318,La Guajira,SA,South America,prebreeding_migration,0.023913510278194217,3.38875291104459e-4,0.010679648877866522,0.7893458400273263,0.0020767759837537992,28,2023-04-19,0.022052822622008767,bkpwar,Blackpoll Warbler
bkpwar,state,COL-1342,San Andrés y Providencia,SA,South America,postbreeding_migration,0.008493867819197476,5.2931305991843685e-6,2.661200346320906e-5,0.4375,2.7686259309504694e-5,28,2023-11-01,1.3989895534969433e-4,bkpwar,Blackpoll Warbler
bkpwar,state,COL-1397,Caldas,SA,South America,nonbreeding,0.006233346712391982,6.030619475535697e-4,6.034381371796204e-4,0.10893604496091812,5.413035862560579e-4,119,2023-03-08,0.0018005545252778147,bkpwar,Blackpoll Warbler
bkpwar,state,COL-1397,Caldas,SA,South America,postbreeding_migration,4.8016728480518566e-4,7.651780375541189e-6,3.847046696429425e-5,0.13075141636727292,2.115901491941316e-4,70,2023-11-29,1.4014860438567187e-4,bkpwar,Blackpoll Warbler
bkpwar,state,COL-1397,Caldas,SA,South America,prebreeding_migration,0.0018564212673241292,9.035478161333108e-6,2.847529363742356e-4,0.0936331727140601,8.461163763807787e-5,28,2023-04-12,7.054599032910591e-4,bkpwar,Blackpoll Warbler
bkpwar,state,COL-1398,Cundinamarca,SA,South America,nonbreeding,0.06108368404881808,0.018171723446433103,0.018183058954958795,0.3020583513348507,0.004615198693358281,119,2023-03-08,0.044813179477675755,bkpwar,Blackpoll Warbler
bkpwar,state,COL-1398,Cundinamarca,SA,South America,postbreeding_migration,0.018706439354874996,9.166241900270512e-4,0.004608464813473504,0.21714890934051104,0.00108053029998375,70,2023-11-15,0.019910354177448585,bkpwar,Blackpoll Warbler
bkpwar,state,COL-1398,Cundinamarca,SA,South America,prebreeding_migration,0.018292107546719023,2.737591263464813e-4,0.008627514083317148,0.16964466917430285,4.7137965381219233e-4,28,2023-04-12,0.015938331071647445,bkpwar,Blackpoll Warbler
bkpwar,state,COL-1399,Bogota,SA,South America,nonbreeding,3.4664419575164426e-5,7.604653878343256e-7,7.609397656176271e-7,0.005389299585853223,6.072345929402906e-6,7,2023-12-13,5.012530288301956e-6,bkpwar,Blackpoll Warbler
bkpwar,state,COL-1399,Bogota,SA,South America,postbreeding_migration,1.4777395061309765e-4,5.339771717535892e-7,2.6846498641410396e-6,0.010778599171706446,3.9551799013578135e-6,28,2023-11-08,1.24939727036946e-5,bkpwar,Blackpoll Warbler
bkpwar,state,COL-1399,Bogota,SA,South America,prebreeding_migration,5.545751358627337e-4,6.120541926397017e-7,1.9288877186395964e-5,0.026946497929266112,5.521506266909613e-6,28,2023-04-12,1.7624831457287825e-5,bkpwar,Blackpoll Warbler
bkpwar,state,COL-1400,Quindío,SA,South America,postbreeding_migration,8.656488332367222e-6,3.53237032143803e-8,1.7759518580919014e-7,0.009544708063079584,3.9551799013578135e-6,7,2023-10-04,1.0352743665862976e-6,bkpwar,Blackpoll Warbler
bkpwar,state,COL-1401,Risaralda,SA,South America,nonbreeding,7.494020938364025e-6,3.480188523125497e-7,3.482359462320735e-7,0.002123270509490243,5.064328339393429e-6,21,2023-02-08,3.513662313509393e-6,bkpwar,Blackpoll Warbler
bkpwar,state,COL-1401,Risaralda,SA,South America,postbreeding_migration,3.754721669261312e-5,2.872069233408886e-7,1.4439756388748654e-6,0.026413501953125248,2.0517396613998124e-5,28,2023-11-01,1.8162601348949087e-5,bkpwar,Blackpoll Warbler
bkpwar,state,COL-1402,Tolima,SA,South America,nonbreeding,0.046093845249375626,0.014539558778007595,0.014548628544723654,0.25744418098486993,0.004170806356301012,119,2023-03-08,0.03542845943937345,bkpwar,Blackpoll Warbler
bkpwar,state,COL-1402,Tolima,SA,South America,postbreeding_migration,0.008534750739419887,4.434334159630381e-4,0.002229427628921415,0.15607452187701842,8.234717446097675e-4,70,2023-11-15,0.007924229814333498,bkpwar,Blackpoll Warbler
bkpwar,state,COL-1402,Tolima,SA,South America,prebreeding_migration,0.015781578705392794,2.5043365800193093e-4,0.007892412356012986,0.2389753296382061,7.040784903177425e-4,28,2023-04-12,0.01377124394830529,bkpwar,Blackpoll Warbler
bkpwar,state,COL-1403,Caquetá,SA,South America,nonbreeding,0.09816803134800896,0.11613577999081118,0.11620822541009702,0.7974511672242734,0.04845389748528138,119,2023-12-27,0.1907044522218179,bkpwar,Blackpoll Warbler
bkpwar,state,COL-1403,Caquetá,SA,South America,postbreeding_migration,0.04255398382067342,0.008292117944923136,0.041689859589263883,0.5633391175638403,0.011147417560196538,70,2023-12-06,0.08476355965152307,bkpwar,Blackpoll Warbler
bkpwar,state,COL-1403,Caquetá,SA,South America,prebreeding_migration,0.039907543958017426,0.0023751165372017952,0.07485175616864445,0.4590997645223279,0.005072975310808951,28,2023-04-12,0.11701505941129528,bkpwar,Blackpoll Warbler
bkpwar,state,COL-1404,Cauca,SA,South America,nonbreeding,0.005875210621895662,0.00241558136236388,0.002417088200348086,0.044573631584039354,9.412498233097264e-4,119,2023-03-08,0.006148477367056574,bkpwar,Blackpoll Warbler
bkpwar,state,COL-1404,Cauca,SA,South America,postbreeding_migration,0.0013839354985629466,9.372239247363032e-5,4.712033051806462e-4,0.060724423397066234,4.1760917361875706e-4,63,2023-11-15,0.0022173949643092216,bkpwar,Blackpoll Warbler
bkpwar,state,COL-1404,Cauca,SA,South America,prebreeding_migration,0.0015726349034565386,3.2528205392857566e-5,0.0010251258245788108,0.02713971634699763,1.0422292404257742e-4,28,2023-04-12,0.0025708092149232874,bkpwar,Blackpoll Warbler
bkpwar,state,COL-1405,Huila,SA,South America,nonbreeding,0.004977776541671025,0.0012447644345926767,0.0012455409177866011,0.1051166623848568,0.0013500566616299603,119,2023-03-08,0.0026118847286202953,bkpwar,Blackpoll Warbler
bkpwar,state,COL-1405,Huila,SA,South America,postbreeding_migration,6.816614326242662e-4,2.807694070011447e-5,1.411610065436317e-4,0.068460910914696,2.8635373270197547e-4,70,2023-10-18,4.961810485787342e-4,bkpwar,Blackpoll Warbler
bkpwar,state,COL-1405,Huila,SA,South America,prebreeding_migration,0.0025544917415164852,3.213588325226819e-5,0.001012761799173323,0.07587810336294946,1.772262142743352e-4,28,2023-04-12,0.0012199228893732305,bkpwar,Blackpoll Warbler
bkpwar,state,COL-1406,Nariño,SA,South America,nonbreeding,0.002247482060116691,9.448113958352732e-4,9.454007685309468e-4,0.02906223821785425,6.274897067988505e-4,119,2023-03-08,0.002409780185431291,bkpwar,Blackpoll Warbler
bkpwar,state,COL-1406,Nariño,SA,South America,postbreeding_migration,6.276591971854062e-4,4.3461236028930405e-5,2.1850784560189469e-4,0.02197205812205245,1.544998382400733e-4,63,2023-11-15,9.446925245561954e-4,bkpwar,Blackpoll Warbler
bkpwar,state,COL-1406,Nariño,SA,South America,prebreeding_migration,5.707164701298115e-4,1.206988851000079e-5,3.803823254911483e-4,0.016092278927362112,6.318677065744427e-5,28,2023-04-12,0.0010966801168002898,bkpwar,Blackpoll Warbler
bkpwar,state,COL-1407,Putumayo,SA,South America,nonbreeding,0.0939189059934671,0.031327389152522006,0.03134693115622203,0.816165218554782,0.013982277551348557,119,2023-03-22,0.06242217646948442,bkpwar,Blackpoll Warbler
bkpwar,state,COL-1407,Putumayo,SA,South America,postbreeding_migration,0.02169712920232912,0.001192072692200255,0.005993323236369508,0.6129266804292338,0.003419700753607945,63,2023-11-15,0.019393751237615876,bkpwar,Blackpoll Warbler
bkpwar,state,COL-1407,Putumayo,SA,South America,prebreeding_migration,0.031063748851387487,5.212655295961726e-4,0.016427674056962285,0.6699556886488817,0.0020872620422976757,28,2023-04-12,0.037702950599800555,bkpwar,Blackpoll Warbler
bkpwar,state,COL-1408,Valle del Cauca,SA,South America,postbreeding_migration,2.2114429437936866e-7,1.0450103632450308e-8,5.253945445829619e-8,9.276947934214332e-5,4.451732817300019e-7,0,2023-11-15,6.290151945180259e-6,bkpwar,Blackpoll Warbler
bkpwar,state,COL-1412,Atlántico,SA,South America,nonbreeding,0.0012385731983571195,5.713633543939386e-5,5.7171977045948635e-5,0.17512603229213572,4.1492544798736857e-4,98,2023-03-08,3.663056149332816e-4,bkpwar,Blackpoll Warbler
bkpwar,state,COL-1412,Atlántico,SA,South America,postbreeding_migration,0.004844234556058685,3.680824874816782e-5,1.850589598737357e-4,0.10315409735271246,7.95949635950196e-5,56,2023-10-18,8.280913758579439e-4,bkpwar,Blackpoll Warbler
bkpwar,state,COL-1412,Atlántico,SA,South America,prebreeding_migration,1.9109959493374828e-4,4.434906156925336e-7,1.3976599004278296e-5,0.03258520656910757,1.4040122673099615e-5,7,2023-04-19,6.828015604356888e-5,bkpwar,Blackpoll Warbler
bkpwar,state,COL-1413,Bolívar,SA,South America,nonbreeding,8.959329134142653e-4,3.178206303071984e-4,3.180188865967081e-4,0.16297528036669742,0.002969319900062666,105,2023-03-08,0.0012353282793823896,bkpwar,Blackpoll Warbler
bkpwar,state,COL-1413,Bolívar,SA,South America,postbreeding_migration,0.0014992487573262433,8.760110374257648e-5,4.404276132044821e-4,0.09668665452938992,5.736956111456885e-4,63,2023-11-01,0.003543206241538382,bkpwar,Blackpoll Warbler
bkpwar,state,COL-1413,Bolívar,SA,South America,prebreeding_migration,0.0019474731092718404,3.4754578553434517e-5,0.00109528993583217,0.16358128081834106,5.420007868191684e-4,14,2023-04-19,0.0043064659134917594,bkpwar,Blackpoll Warbler
bkpwar,state,COL-1414,Cesar,SA,South America,nonbreeding,0.010258344442085189,0.002982088655417506,0.0029839488802595516,0.4669331546254733,0.006971506623323795,119,2023-01-11,0.008703587529112333,bkpwar,Blackpoll Warbler
bkpwar,state,COL-1414,Cesar,SA,South America,postbreeding_migration,0.003880543652023163,1.8580831026453936e-4,9.341789898429656e-4,0.14185133581907547,6.897395099000101e-4,56,2023-10-25,0.00784312407092124,bkpwar,Blackpoll Warbler
bkpwar,state,COL-1414,Cesar,SA,South America,prebreeding_migration,0.013149618429160678,1.9230491655147867e-4,0.006060486084906503,0.8025604065521138,0.0021791178754510788,28,2023-04-19,0.018685943426598437,bkpwar,Blackpoll Warbler
bkpwar,state,COL-1415,Chocó,SA,South America,nonbreeding,2.4133177107518492e-6,1.5579805130341656e-6,1.5589523802013286e-6,0.002380804182508566,7.894049708223778e-5,7,2023-01-11,1.5846070136481875e-5,bkpwar,Blackpoll Warbler
bkpwar,state,COL-1415,Chocó,SA,South America,postbreeding_migration,1.7658267917348233e-6,1.877694396908373e-7,9.440388605010756e-7,8.441460538160126e-4,9.115353521114436e-6,0,2023-11-01,1.5844020937619256e-5,bkpwar,Blackpoll Warbler
bkpwar,state,COL-1416,Magdalena,SA,South America,nonbreeding,0.007576351409330132,0.002366735347778942,0.002368211715653012,0.3270453342888307,0.005247182911986105,112,2023-01-11,0.00588995484853362,bkpwar,Blackpoll Warbler
bkpwar,state,COL-1416,Magdalena,SA,South America,postbreeding_migration,0.008330070190133872,4.286151672608072e-4,0.002154926673694044,0.18993029144316337,9.924124923907371e-4,70,2023-10-25,0.009419347656335864,bkpwar,Blackpoll Warbler
bkpwar,state,COL-1416,Magdalena,SA,South America,prebreeding_migration,0.004201271472234318,6.602437453040863e-5,0.002080757009658057,0.35043763665960453,0.0010224923071597794,21,2023-04-19,0.007520699751230787,bkpwar,Blackpoll Warbler
bkpwar,state,COL-1417,Sucre,SA,South America,nonbreeding,9.557272725944587e-5,1.4105120937737592e-5,1.4113919702429167e-5,0.020230799371535105,1.533502671679824e-4,21,2023-12-20,1.1686626088215324e-4,bkpwar,Blackpoll Warbler
bkpwar,state,COL-1417,Sucre,SA,South America,postbreeding_migration,0.0024672772261085307,5.997773656398222e-5,3.01547015182676e-4,0.1891247685242601,4.6687395302244425e-4,56,2023-11-01,0.002127398441126672,bkpwar,Blackpoll Warbler
bkpwar,state,COL-1420,Arauca,SA,South America,nonbreeding,0.0227598554645703,0.007112996660150701,0.007117433742550839,0.4030729363111216,0.006469867742867778,119,2023-02-08,0.01880020715694831,bkpwar,Blackpoll Warbler
bkpwar,state,COL-1420,Arauca,SA,South America,postbreeding_migration,0.04486371342790664,0.0023094449272623697,0.011611078784239169,0.8007766796589576,0.004186035652145273,63,2023-11-01,0.02541301336354557,bkpwar,Blackpoll Warbler
bkpwar,state,COL-1420,Arauca,SA,South America,prebreeding_migration,0.051790049970193146,8.14260558196356e-4,0.02566140726368898,0.871650832299002,0.002544399921911994,28,2023-04-19,0.02539236041911955,bkpwar,Blackpoll Warbler
bkpwar,state,COL-1421,Norte de Santander,SA,South America,nonbreeding,0.021507358202668785,0.006178043899484105,0.006181897758998372,0.6379919892953109,0.009412561051596014,119,2023-01-18,0.01458240617946616,bkpwar,Blackpoll Warbler
bkpwar,state,COL-1421,Norte de Santander,SA,South America,postbreeding_migration,0.005056916878370128,2.3926491736130795e-4,0.001202940054119336,0.2677575934720176,0.0012865128206774026,63,2023-10-25,0.0058981586288333375,bkpwar,Blackpoll Warbler
bkpwar,state,COL-1421,Norte de Santander,SA,South America,prebreeding_migration,0.01665118595840422,2.4062627950878672e-4,0.007583332994169418,0.4714334146704244,0.0012648644967813687,28,2023-04-19,0.015991574953464947,bkpwar,Blackpoll Warbler
bkpwar,state,COL-1422,Casanare,SA,South America,nonbreeding,0.043277302104607535,0.02488331391704342,0.02489883611106566,0.27482317398658307,0.008115775951366668,119,2023-01-11,0.04412918038972004,bkpwar,Blackpoll Warbler
bkpwar,state,COL-1422,Casanare,SA,South America,postbreeding_migration,0.03002049286774372,0.002843119701012173,0.01429420829731892,0.4971249895487742,0.00478103623275516,70,2023-11-15,0.04458954452480573,bkpwar,Blackpoll Warbler
bkpwar,state,COL-1422,Casanare,SA,South America,prebreeding_migration,0.05130848540086787,0.001484127449364378,0.04677225063402277,0.868770633161467,0.004665657889180838,28,2023-04-19,0.04941584801247144,bkpwar,Blackpoll Warbler
bkpwar,state,COL-1423,Guaviare,SA,South America,nonbreeding,0.10888006995417808,0.07872173880065103,0.07877084536690283,0.9289475610121044,0.034495793910089806,119,2023-12-27,0.18324460000044893,bkpwar,Blackpoll Warbler
bkpwar,state,COL-1423,Guaviare,SA,South America,postbreeding_migration,0.0883195462097412,0.010517981516127217,0.05288072064125482,0.7658110540272457,0.0092613931079855091,63,2023-12-06,0.10994619314348192,bkpwar,Blackpoll Warbler
bkpwar,state,COL-1423,Guaviare,SA,South America,prebreeding_migration,0.06411407051166622,0.002332027143204042,0.07349379466972182,0.6700785656160202,0.004525137002177957,28,2023-04-12,0.11204600862290542,bkpwar,Blackpoll Warbler
bkpwar,state,COL-1424,Guainía,SA,South America,nonbreeding,0.02992034495013352,0.02802788743625116,0.028045371213061172,0.7460625876197935,0.03589448192681959,91,2023-12-13,0.08875458723907798,bkpwar,Blackpoll Warbler
bkpwar,state,COL-1424,Guainía,SA,South America,postbreeding_migration,0.10267710028113218,0.015842607072346238,0.07965106969786546,0.8619230270586559,0.01350518857517746,49,2023-12-06,0.10802081740380254,bkpwar,Blackpoll Warbler
bkpwar,state,COL-1424,Guainía,SA,South America,prebreeding_migration,0.015147802949185264,7.138506822785268e-4,0.02249699177863666,0.19175419635511143,0.0016777543158949032,14,2023-04-12,0.03249938054293961,bkpwar,Blackpoll Warbler
bkpwar,state,COL-1425,Meta,SA,South America,nonbreeding,0.18452203940322087,0.2090998282600083,0.20923026458834823,0.7682262781482265,0.04471191259419752,119,2023-01-11,0.3362965793710006,bkpwar,Blackpoll Warbler
bkpwar,state,COL-1425,Meta,SA,South America,postbreeding_migration,0.08585187338110534,0.01602450023748798,0.08056556471172965,0.7085744617730392,0.013430720970912245,70,2023-11-15,0.20896749514161836,bkpwar,Blackpoll Warbler
bkpwar,state,COL-1425,Meta,SA,South America,prebreeding_migration,0.101721957093641,0.005799013248775182,0.18275580120689436,0.8356470694077799,0.008844800549772444,28,2023-04-12,0.2684413207073142,bkpwar,Blackpoll Warbler
bkpwar,state,COL-1426,Vaupés,SA,South America,nonbreeding,0.04380416233866947,0.029779118965945865,0.029797695159773655,0.7179330705516377,0.025067387967675405,84,2023-12-20,0.08215956836624613,bkpwar,Blackpoll Warbler
bkpwar,state,COL-1426,Vaupés,SA,South America,postbreeding_migration,0.05162198201770642,0.005780433741925029,0.029061992685890516,0.5055010489665668,0.0057481345697570204,42,2023-12-06,0.06708107276725345,bkpwar,Blackpoll Warbler
bkpwar,state,COL-1426,Vaupés,SA,South America,prebreeding_migration,0.01678413077424064,5.740229855442878e-4,0.01809032435931703,0.22795410733772417,0.0014474501184993124,14,2023-04-12,0.027003917980424,bkpwar,Blackpoll Warbler
bkpwar,state,COL-1427,Vichada,SA,South America,nonbreeding,0.01715317455962978,0.022211919205550143,0.022225774985397805,0.39581814229095424,0.02632485166986072,91,2023-12-13,0.0502854420458364,bkpwar,Blackpoll Warbler
bkpwar,state,COL-1427,Vichada,SA,South America,postbreeding_migration,0.05642710818361636,0.012035348183931052,0.060509507851752894,0.4133800921584827,0.008953638097188939,49,2023-11-08,0.06570312992675738,bkpwar,Blackpoll Warbler
bkpwar,state,COL-1427,Vichada,SA,South America,prebreeding_migration,0.03588623248402611,0.0023377787556049176,0.07367505663403541,0.3445079620321267,0.004166779901740215,21,2023-04-12,0.06107210200862097,bkpwar,Blackpoll Warbler
bkpwar,state,CUB-1319,Cienfuegos,NA,North America,prebreeding_migration,4.92555773212863e-4,1.4514740253878931e-6,1.4990399718576583e-6,0.032294453325113943,1.7668820054110763e-5,14,2023-04-19,1.0452553233692846e-4,bkpwar,Blackpoll Warbler
bkpwar,state,CUB-1320,Isla de la Juventud,NA,North America,prebreeding_migration,4.675231344277752e-4,1.4960537284688044e-6,1.5450805869034376e-6,0.026022304832713755,1.5460217547346915e-5,14,2023-04-26,7.181984880230009e-5,bkpwar,Blackpoll Warbler
bkpwar,state,CUB-1321,Pinar del Río,NA,North America,prebreeding_migration,3.350027463534325e-5,3.0288062034534856e-7,3.128062567136783e-7,0.0019736036753170475,3.312903760145768e-6,7,2023-04-26,1.7019988327434183e-5,bkpwar,Blackpoll Warbler
bkpwar,state,CUB-1322,Sancti Spíritus,NA,North America,prebreeding_migration,0.0014638973300495908,7.678851978620606e-6,7.930494003056217e-6,0.0826604690372811,8.050248717955398e-5,21,2023-04-19,3.6523697026410415e-4,bkpwar,Blackpoll Warbler
bkpwar,state,CUB-1363,Ciego de Ávila,NA,North America,prebreeding_migration,0.0023975185549807623,1.3677260732914522e-5,1.412547533441314e-5,0.1012010212434671,1.0718840290571312e-4,21,2023-04-19,5.672110114470051e-4,bkpwar,Blackpoll Warbler
bkpwar,state,CUB-1364,Camagüey,NA,North America,postbreeding_migration,6.638220810936556e-6,2.677868482068576e-7,3.342816495623836e-7,4.827470002708967e-4,1.9775899506789067e-6,0,2023-11-15,1.59297100805739e-5,bkpwar,Blackpoll Warbler
bkpwar,state,CUB-1364,Camagüey,NA,North America,prebreeding_migration,0.0031943770806409236,3.93575817872321e-5,4.06473607262459e-5,0.17849978781946754,4.0832473180948075e-4,28,2023-04-19,0.0019590675368161034,bkpwar,Blackpoll Warbler
bkpwar,state,CUB-1365,Guantánamo,NA,North America,postbreeding_migration,0.0033491986397959023,5.0562860330036394e-5,6.311824673577876e-5,0.09287501602756996,1.4238647644888129e-4,42,2023-10-18,0.0024251883870084895,bkpwar,Blackpoll Warbler
bkpwar,state,CUB-1365,Guantánamo,NA,North America,prebreeding_migration,0.0037979892021568367,1.7512539572095264e-5,1.8086439280437146e-5,0.2230312981957227,1.909356271753768e-4,21,2023-04-26,5.329923120502683e-4,bkpwar,Blackpoll Warbler
bkpwar,state,CUB-1366,Granma,NA,North America,postbreeding_migration,5.81151198488194e-4,1.1723913440591752e-5,1.4635106804125898e-5,0.04915281032804739,1.0069570174053548e-4,28,2023-11-22,3.946322992683686e-4,bkpwar,Blackpoll Warbler
bkpwar,state,CUB-1366,Granma,NA,North America,prebreeding_migration,0.004084047012630427,2.516395352848427e-5,2.5988596095672933e-5,0.19792193880906825,2.2641637565535595e-4,21,2023-04-26,9.424963225651584e-4,bkpwar,Blackpoll Warbler
bkpwar,state,CUB-1367,Holguín,NA,North America,postbreeding_migration,0.0018218519623990296,4.052190961761295e-5,5.058400321411522e-5,0.059764755113662145,1.3498983813093173e-4,14,2023-10-18,0.003304549381470341,bkpwar,Blackpoll Warbler
bkpwar,state,CUB-1367,Holguín,NA,North America,prebreeding_migration,0.004149604049994475,2.8189550695801888e-5,2.9113344464033395e-5,0.16303906187593703,2.0563589163446265e-4,21,2023-04-26,8.985055277281541e-4,bkpwar,Blackpoll Warbler
bkpwar,state,CUB-1368,Las Tunas,NA,North America,postbreeding_migration,5.077318086191208e-4,7.759590358555556e-6,9.68639304863327e-6,0.034073584614598834,5.288120718356441e-5,28,2023-10-18,5.248303678272689e-4,bkpwar,Blackpoll Warbler
bkpwar,state,CUB-1368,Las Tunas,NA,North America,prebreeding_migration,0.0027356565875446015,1.2769405469467791e-5,1.3187868939283663e-5,0.14581829740528984,1.2637084157256456e-4,21,2023-04-26,5.388070306641899e-4,bkpwar,Blackpoll Warbler
bkpwar,state,CUB-1369,Santiago de Cuba,NA,North America,postbreeding_migration,0.0025443900609370827,3.6934799173106654e-5,4.6106168680487406e-5,0.0913345054686249,1.3463750239025443e-4,42,2023-10-18,0.0014018095260578934,bkpwar,Blackpoll Warbler
bkpwar,state,CUB-1369,Santiago de Cuba,NA,North America,prebreeding_migration,0.003944375243433424,1.748779090929088e-5,1.806087958446953e-5,0.2102149918232442,1.7303986546763584e-4,21,2023-04-19,6.181851646635561e-4,bkpwar,Blackpoll Warbler
bkpwar,state,CUB-1429,Artemisa,NA,North America,prebreeding_migration,2.3613842550340808e-4,3.971996525072365e-7,4.102161978111866e-7,0.007072119788506617,2.2086025067638453e-6,14,2023-04-26,1.8858175224314182e-5,bkpwar,Blackpoll Warbler
bkpwar,state,CUB-1430,Matanzas,NA,North America,prebreeding_migration,7.227063164577082e-4,6.791065072460539e-6,7.013613621080294e-6,0.024685980114496135,4.306774888189498e-5,14,2023-04-26,3.2071263356718777e-4,bkpwar,Blackpoll Warbler
bkpwar,state,CUB-1431,Villa Clara,NA,North America,prebreeding_migration,2.246055001816867e-4,1.5122891985069396e-6,1.561848106075927e-6,0.00706703648001745,8.834410027055381e-6,7,2023-04-26,9.929057146617434e-5,bkpwar,Blackpoll Warbler
bkpwar,state,CUW-5151,Curaçao,NA,North America,nonbreeding,0.0031409690622240306,3.7135690572714914e-5,0.0595686068681027,0.29,1.7609803195268428e-4,77,2023-12-13,1.6371073527403224e-4,bkpwar,Blackpoll Warbler
bkpwar,state,CUW-5151,Curaçao,NA,North America,postbreeding_migration,0.234061829559505,4.5581407173476475e-4,5.68998368715786e-4,0.8,1.5820719605431254e-4,84,2023-10-18,0.007300591313135676,bkpwar,Blackpoll Warbler
bkpwar,state,CUW-5151,Curaçao,NA,North America,prebreeding_migration,0.02295964731834829,1.3656110487024756e-5,1.4103631978315256e-5,0.45,4.969355640218652e-5,35,2023-04-19,5.293313973290186e-4,bkpwar,Blackpoll Warbler
bkpwar,state,CYM-001,Cayman Islands,NA,North America,postbreeding_migration,0.0030630612119029346,6.2036337228576805e-6,7.744073049307394e-6,0.375,7.712600807647736e-5,35,2023-11-15,1.7573218586792194e-4,bkpwar,Blackpoll Warbler
bkpwar,state,CYM-001,Cayman Islands,NA,North America,prebreeding_migration,0.00999288804954491,6.181390360783062e-6,6.383959389141081e-6,0.4615384615384616,5.300646016233229e-5,21,2023-04-26,2.1713966329154504e-4,bkpwar,Blackpoll Warbler
bkpwar,state,DOM-1394,Santo Domingo,NA,North America,postbreeding_migration,0.008060016362614783,2.4806621388725125e-5,3.096641367348594e-5,0.10220275314182352,3.194283096390826e-5,35,2023-10-18,0.00147923583128662,bkpwar,Blackpoll Warbler
bkpwar,state,DOM-1396,San Pedro de Macorís,NA,North America,postbreeding_migration,0.009331966485100264,2.7124040599850863e-5,3.3859276866021295e-5,0.10709018364302492,3.1608944370613407e-5,21,2023-10-18,0.0013400397157798283,bkpwar,Blackpoll Warbler
bkpwar,state,DOM-1964,Monte Cristi,NA,North America,postbreeding_migration,0.005844642290112593,2.727935596975416e-5,3.405315897188768e-5,0.06675763441775415,3.164143921086251e-5,14,2023-10-18,0.001273291021993058,bkpwar,Blackpoll Warbler
bkpwar,state,DOM-1965,Puerto Plata,NA,North America,postbreeding_migration,0.014328863840629784,6.660604203855849e-5,8.314514978073751e-5,0.17332097788880113,8.18148456626753e-5,28,2023-10-25,0.0028290357686277696,bkpwar,Blackpoll Warbler
bkpwar,state,DOM-1967,Espaillat,NA,North America,postbreeding_migration,0.007096929887517778,1.4209128227107417e-5,1.7737431298088887e-5,0.09365738848425204,1.9042241821948935e-5,21,2023-10-25,6.324710146339607e-4,bkpwar,Blackpoll Warbler
bkpwar,state,DOM-1970,Barahona,NA,North America,postbreeding_migration,0.0038074640309505464,1.5402389607860598e-5,1.9226994304592978e-5,0.07209583755890758,2.961703649723916e-5,14,2023-10-18,0.0011721339054856768,bkpwar,Blackpoll Warbler
bkpwar,state,DOM-1971,Independencia,NA,North America,postbreeding_migration,1.7576583312002114e-4,7.629053868887713e-7,9.523442726814098e-7,0.0044866367425691845,1.9775899506789067e-6,7,2023-10-25,5.8033745746500995e-5,bkpwar,Blackpoll Warbler
bkpwar,state,DOM-1973,Pedernales,NA,North America,postbreeding_migration,0.00150226101877278,8.219673732854161e-6,1.0260720840780709e-5,0.032116723635040416,1.78451223190546e-5,14,2023-10-18,6.271049384932088e-4,bkpwar,Blackpoll Warbler
bkpwar,state,DOM-1974,Azua,NA,North America,postbreeding_migration,0.003285856878833777,2.020883346913478e-5,2.5226937891197315e-5,0.05382864558130271,3.361902916154141e-5,14,2023-10-18,0.0013107044689834584,bkpwar,Blackpoll Warbler
bkpwar,state,DOM-1977,Peravia,NA,North America,postbreeding_migration,0.013469120930166023,2.7405186993039575e-5,3.421023540156162e-5,0.16645711032135002,3.4393389818577795e-5,28,2023-10-18,0.001350006697514785,bkpwar,Blackpoll Warbler
bkpwar,state,DOM-1980,Hato Mayor,NA,North America,postbreeding_migration,0.0035621761549504624,1.1351873653627324e-5,1.4170684915888734e-5,0.05399089051347134,1.7472367702184213e-5,21,2023-10-18,6.003151746936674e-4,bkpwar,Blackpoll Warbler
bkpwar,state,DOM-1982,María Trinidad Sánchez,NA,North America,postbreeding_migration,0.01313120082331838,4.45836689650789e-5,5.565434787027813e-5,0.1557601211686983,5.3704014560295575e-5,42,2023-10-18,0.0017447688033841995,bkpwar,Blackpoll Warbler
bkpwar,state,DOM-1983,Samaná,NA,North America,postbreeding_migration,0.029618375719193978,8.85888923120086e-5,1.1058661488889444e-4,0.3569686603730047,1.0842445213093847e-4,35,2023-10-18,0.0034151978196946026,bkpwar,Blackpoll Warbler
bkpwar,state,DOM-1984,San Cristóbal,NA,North America,postbreeding_migration,0.006007262694442936,1.6951551282989725e-5,2.1160832070221257e-5,0.07289957356533638,2.088992714425232e-5,35,2023-10-18,8.909576295607863e-4,bkpwar,Blackpoll Warbler
bkpwar,state,DOM-1985,Distrito Nacional,NA,North America,postbreeding_migration,0.02302865407496766,5.720210837521705e-6,7.140610255565238e-6,0.26539740845657467,6.694517352629219e-6,28,2023-10-18,3.874323785391911e-4,bkpwar,Blackpoll Warbler
bkpwar,state,DOM-1986,El Seybo,NA,North America,postbreeding_migration,0.008470482906293788,3.6715986638492874e-5,4.583302227503317e-5,0.08873584055030967,3.905936816490753e-5,42,2023-10-18,0.0015484759031522911,bkpwar,Blackpoll Warbler
bkpwar,state,DOM-1987,La Altagracia,NA,North America,postbreeding_migration,0.023095077197604168,1.9192694992399743e-4,2.3958479606328876e-4,0.2041379698883316,1.7227388522515088e-4,42,2023-10-18,0.007143766842859151,bkpwar,Blackpoll Warbler
bkpwar,state,DOM-1988,La Romana,NA,North America,postbreeding_migration,0.017270595368463447,2.444297106169633e-5,3.051246445231589e-5,0.19046060135177484,2.7373539003241658e-5,28,2023-10-18,0.0011999391838782899,bkpwar,Blackpoll Warbler
bkpwar,state,ECU-1266,Azuay,SA,South America,nonbreeding,1.9172148164979156e-6,2.173765821112256e-7,2.175121814728971e-7,6.853450565446505e-4,3.9909834108369975e-6,0,2023-12-27,4.752005230457279e-6,bkpwar,Blackpoll Warbler
bkpwar,state,ECU-1279,Cotopaxi,SA,South America,postbreeding_migration,4.206794628234129e-5,5.449332663047787e-7,2.739733263402798e-6,0.009048862004937763,1.1903237225513802e-5,14,2023-11-29,2.8814051756494265e-5,bkpwar,Blackpoll Warbler
bkpwar,state,ECU-1281,Los Rios,SA,South America,postbreeding_migration,3.998540642785048e-6,6.165031124987365e-8,3.099561338506108e-7,0.0012389813692157564,1.939892429238545e-6,7,2023-11-29,4.272236640177313e-6,bkpwar,Blackpoll Warbler
bkpwar,state,ECU-1285,Morona Santiago,SA,South America,nonbreeding,0.014400536729026308,0.004435108196603113,0.004437874814030632,0.3699967398538399,0.0058526438396145145,119,2023-03-08,0.01138689722397964,bkpwar,Blackpoll Warbler
bkpwar,state,ECU-1285,Morona Santiago,SA,South America,postbreeding_migration,0.005528125812386551,2.8043534248999713e-4,0.0014099305062867725,0.43061787964369136,0.002218329215329429,49,2023-11-15,0.009205319689296172,bkpwar,Blackpoll Warbler
bkpwar,state,ECU-1285,Morona Santiago,SA,South America,prebreeding_migration,0.005785255888690581,8.96359192174817e-5,0.0028248744278981056,0.35528564951038544,0.0010220283089289917,28,2023-04-12,0.008724333065827532,bkpwar,Blackpoll Warbler
bkpwar,state,ECU-1286,Orellana,SA,South America,nonbreeding,0.054272365988432464,0.01515221867428851,0.0151616706178244,0.7647432624474171,0.010965837165525178,119,2023-03-08,0.032114130711495686,bkpwar,Blackpoll Warbler
bkpwar,state,ECU-1286,Orellana,SA,South America,postbreeding_migration,0.014260405118840146,6.557806912203622e-4,0.003297035223077828,0.5909365118484313,0.002759603579063518,63,2023-11-15,0.01380367368490524,bkpwar,Blackpoll Warbler
bkpwar,state,ECU-1286,Orellana,SA,South America,prebreeding_migration,0.023501255537646377,3.300825021268005e-4,0.010402544286875195,0.7947745355612901,0.002072531489136382,28,2023-04-12,0.027305039028898193,bkpwar,Blackpoll Warbler
bkpwar,state,ECU-1287,Pichincha,SA,South America,nonbreeding,1.5268174083030638e-5,1.8808908406365104e-6,1.882064139042838e-6,9.597350530815668e-4,6.072345929402906e-6,0,2023-04-05,1.271100807345194e-5,bkpwar,Blackpoll Warbler
bkpwar,state,ECU-1287,Pichincha,SA,South America,prebreeding_migration,7.785072503083399e-6,4.8247311014128164e-8,1.520513163567537e-6,9.597350530815668e-4,1.1043012533819229e-6,0,2023-04-12,8.225602602777804e-6,bkpwar,Blackpoll Warbler
bkpwar,state,ECU-1288,Pastaza,SA,South America,nonbreeding,0.048489563512997505,0.0185554727040826,0.01856704759512997,0.8686174429034141,0.017071864412137785,119,2023-03-01,0.047043180961646,bkpwar,Blackpoll Warbler
bkpwar,state,ECU-1288,Pastaza,SA,South America,postbreeding_migration,0.017362329907375934,0.0010943620877445592,0.005502068600678503,0.7814100214687164,0.005001624978898988,63,2023-11-15,0.024455009039579433,bkpwar,Blackpoll Warbler
bkpwar,state,ECU-1288,Pastaza,SA,South America,prebreeding_migration,0.023033414565107414,4.434207739178265e-4,0.013974397941968772,0.919983114193098,0.0032882386016474825,28,2023-04-12,0.032735064415483045,bkpwar,Blackpoll Warbler
bkpwar,state,ECU-1289,Napo,SA,South America,nonbreeding,3.514486554288774e-4,1.565208953032189e-5,1.5661853292952265e-5,0.022559790472833824,5.1602905803347034e-5,91,2023-12-27,5.881626130231343e-5,bkpwar,Blackpoll Warbler
bkpwar,state,ECU-1289,Napo,SA,South America,postbreeding_migration,4.693701259534182e-4,3.443143864524311e-6,1.7310919262254237e-5,0.06829364895330134,5.0874383085714085e-5,49,2023-11-15,1.6374095858292517e-4,bkpwar,Blackpoll Warbler
bkpwar,state,ECU-1289,Napo,SA,South America,prebreeding_migration,1.257893303436412e-4,2.8183063938027197e-7,8.881887675540595e-6,0.007964135917148847,3.312903760145768e-6,21,2023-04-12,1.7515941579892764e-5,bkpwar,Blackpoll Warbler
bkpwar,state,ECU-1290,Tungurahua,SA,South America,nonbreeding,0.028910238248765582,0.004776147753983852,0.004779127111651539,0.4717302675937371,0.004002658002059369,119,2023-03-08,0.010881004274962136,bkpwar,Blackpoll Warbler
bkpwar,state,ECU-1290,Tungurahua,SA,South America,postbreeding_migration,0.010673346426098304,2.9043969753801365e-4,0.0014602288932613944,0.5309241971404739,0.0014671246117333742,63,2023-11-15,0.007727684565031638,bkpwar,Blackpoll Warbler
bkpwar,state,ECU-1290,Tungurahua,SA,South America,prebreeding_migration,0.007514096422718759,6.245062802541977e-5,0.001968130450998698,0.30619958569731015,4.724875844029454e-4,28,2023-04-12,0.005290722058891157,bkpwar,Blackpoll Warbler
bkpwar,state,ECU-1411,Sucumbios,SA,South America,nonbreeding,0.06598382303203851,0.01567977927009208,0.015689560305562983,0.7588085618851284,0.00926111658619915,119,2023-03-22,0.03259453876679726,bkpwar,Blackpoll Warbler
bkpwar,state,ECU-1411,Sucumbios,SA,South America,postbreeding_migration,0.01515924914098583,5.933479525775585e-4,0.0029831453188242023,0.6172079231985762,0.0024532531406721908,63,2023-11-15,0.011192835331147358,bkpwar,Blackpoll Warbler
bkpwar,state,ECU-1411,Sucumbios,SA,South America,prebreeding_migration,0.022827400334299586,0.00027289330998340095,0.008600227895763394,0.696235606145155,0.001545319978271067,28,2023-04-12,0.02334533495427736,bkpwar,Blackpoll Warbler
bkpwar,state,ECU-5508,Santo Domingo de los Tsáchilas,SA,South America,postbreeding_migration,1.0132487527908952e-5,8.640554146424624e-8,4.344167455534347e-7,0.0022836608930879437,1.9775899506789067e-6,7,2023-11-29,5.873581614754765e-6,bkpwar,Blackpoll Warbler
bkpwar,state,GLP-4603,Guadeloupe,NA,North America,postbreeding_migration,0.08628512893079056,5.444250449194111e-4,6.796125474323238e-4,0.43209876543209874,2.7686259309504693e-4,56,2023-10-18,0.01443564984130078,bkpwar,Blackpoll Warbler
bkpwar,state,GRD-5070,Saint Andrew,NA,North America,postbreeding_migration,0.003725420911277344,9.632830836071298e-7,1.2024782409589772e-6,0.3765724567920075,9.887949753394534e-6,7,2023-10-25,7.327635413912838e-5,bkpwar,Blackpoll Warbler
bkpwar,state,GRD-5071,Saint David,NA,North America,postbreeding_migration,0.001211038166112598,1.926257807755324e-7,2.404571552974351e-7,0.12243358073615147,1.9775899506789067e-6,7,2023-10-25,1.4652925064396706e-5,bkpwar,Blackpoll Warbler
bkpwar,state,GRD-5072,Saint George,NA,North America,postbreeding_migration,0.005196848832171869,2.258586293004469e-6,2.8194213299127524e-6,0.4032766143799455,1.779830955611016e-5,14,2023-10-25,1.6269783345289264e-4,bkpwar,Blackpoll Warbler
bkpwar,state,GRD-5075,Saint Patrick,NA,North America,postbreeding_migration,0.0022685544842464,7.622213991064609e-7,9.514904422349846e-7,0.23183830947661452,7.910359802715627e-6,7,2023-10-25,5.7981714143215584e-5,bkpwar,Blackpoll Warbler
bkpwar,state,GUY-671,Mahaica-Berbice,SA,South America,nonbreeding,0.013985568974786856,0.006729102392706093,0.006733300002127545,0.7964215231989483,0.01968106720467918,105,2023-02-22,0.02090107710470448,bkpwar,Blackpoll Warbler
bkpwar,state,GUY-671,Mahaica-Berbice,SA,South America,postbreeding_migration,0.013700957672693298,0.0010858184310598934,0.005459114092562677,0.6270857146747763,0.005046755970957917,42,2023-11-29,0.010658784089182,bkpwar,Blackpoll Warbler
bkpwar,state,GUY-672,Potaro-Siparuni,SA,South America,nonbreeding,0.02599602901536704,0.0070266188737891375,0.007031002073785846,0.9414283510010164,0.01306938996115391,105,2023-02-22,0.019853156268366045,bkpwar,Blackpoll Warbler
bkpwar,state,GUY-672,Potaro-Siparuni,SA,South America,postbreeding_migration,0.04246288807623079,0.001890506614402462,0.0095048039391755,0.8932876226763682,0.004038676823403463,49,2023-11-15,0.012655968994479698,bkpwar,Blackpoll Warbler
bkpwar,state,GUY-673,Upper Takutu-Upper Essequibo,SA,South America,nonbreeding,0.011015151275177016,0.002389172545837009,0.002390662910019719,0.7598423114568429,0.008464653439281756,105,2023-02-22,0.008555396078974292,bkpwar,Blackpoll Warbler
bkpwar,state,GUY-673,Upper Takutu-Upper Essequibo,SA,South America,postbreeding_migration,0.014345899799824985,5.125239094428587e-4,0.002576790388503264,0.6237741656905428,0.002263043148408589,42,2023-11-29,0.004550814997656929,bkpwar,Blackpoll Warbler
bkpwar,state,GUY-674,Upper Demerara-Berbice,SA,South America,nonbreeding,0.014159576831408435,0.010297570399173978,0.010303994016471358,0.7739903691098168,0.02891004121484264,105,2023-03-15,0.032458222633150235,bkpwar,Blackpoll Warbler
bkpwar,state,GUY-674,Upper Demerara-Berbice,SA,South America,postbreeding_migration,0.017440543040752203,0.0020891700245909747,0.0105036138609946,0.5722806011963013,0.006961485467104388,49,2023-11-29,0.012657590097557018,bkpwar,Blackpoll Warbler
bkpwar,state,GUY-675,Barima-Waini,SA,South America,nonbreeding,0.013538734538016264,0.003613927656926899,0.0036161820225013622,0.6580110121860964,0.00902117696766223,105,2023-02-15,0.008544154043000962,bkpwar,Blackpoll Warbler
bkpwar,state,GUY-675,Barima-Waini,SA,South America,postbreeding_migration,0.015273640875429912,6.715420994607839e-4,0.003376278053538838,0.7386521953040835,0.003297993349274926,42,2023-11-29,0.006141629556605331,bkpwar,Blackpoll Warbler
bkpwar,state,GUY-676,Pomeroon-Supenaam,SA,South America,nonbreeding,0.02659861574272445,0.016772194452060275,0.01678265693536662,0.944096107591498,0.030575651469452993,105,2023-02-22,0.04155597554599949,bkpwar,Blackpoll Warbler
bkpwar,state,GUY-676,Pomeroon-Supenaam,SA,South America,postbreeding_migration,0.04069045259578391,0.004226225452177425,0.021247978726800815,0.9326665082437704,0.009837067146583117,49,2023-11-15,0.027754569074785553,bkpwar,Blackpoll Warbler
bkpwar,state,GUY-677,East Berbice-Corentyne,SA,South America,nonbreeding,5.51649219518486e-4,1.6017406602026085e-5,1.6027398249193288e-5,0.16990631054298946,2.5337709956545955e-4,28,2023-02-01,1.3777936683369483e-4,bkpwar,Blackpoll Warbler
bkpwar,state,GUY-677,East Berbice-Corentyne,SA,South America,postbreeding_migration,0.0010269794151270726,4.911568644850898e-6,2.4693643834652793e-5,0.10712002118201164,5.202453928308735e-5,14,2023-11-29,7.861567931561006e-5,bkpwar,Blackpoll Warbler
bkpwar,state,GUY-678,Demerara-Mahaica,SA,South America,nonbreeding,0.0045597297608387126,2.2863707096070884e-4,2.2877969460754143e-4,0.41797619835435446,0.0010764348600603073,105,2023-02-22,8.94843863328932e-4,bkpwar,Blackpoll Warbler
bkpwar,state,GUY-678,Demerara-Mahaica,SA,South America,postbreeding_migration,0.0047553778641142444,3.927551266836666e-5,1.9746349718084463e-4,0.2997122356795661,2.5137403566363736e-4,49,2023-11-29,4.901887927901825e-4,bkpwar,Blackpoll Warbler
bkpwar,state,GUY-679,Essequibo Islands-West Demerara,SA,South America,nonbreeding,2.6110880009534444e-4,1.3723236935043295e-5,1.3731797480757949e-5,0.08690158657097978,2.3458023490655644e-4,28,2023-02-01,1.3527936669987666e-4,bkpwar,Blackpoll Warbler
bkpwar,state,GUY-679,Essequibo Islands-West Demerara,SA,South America,postbreeding_migration,3.709887441164579e-4,3.211626798837558e-6,1.6146932687882304e-5,0.04636757688122924,4.0762222395017706e-5,14,2023-12-06,5.5738133670798125e-5,bkpwar,Blackpoll Warbler
bkpwar,state,GUY-680,Cuyuni-Mazaruni,SA,South America,nonbreeding,0.008230654975211034,6.355637769277329e-4,6.359602411724822e-4,0.6763602690853573,0.0026824490856888275,105,2023-02-22,0.001924942231235231,bkpwar,Blackpoll Warbler
bkpwar,state,GUY-680,Cuyuni-Mazaruni,SA,South America,postbreeding_migration,0.00872674184732182,1.1099570061267788e-4,5.580474378548418e-4,0.5820616653169549,7.517996840627355e-4,42,2023-11-29,0.001290096017924773,bkpwar,Blackpoll Warbler
bkpwar,state,HTI-1359,Grand'Anse,NA,North America,postbreeding_migration,0.003748625647963357,1.8986429323185795e-5,2.3700995608833732e-5,0.08074305978111222,4.152938896425704e-5,7,2023-10-18,0.0016512887636298702,bkpwar,Blackpoll Warbler
bkpwar,state,HTI-1359,Grand'Anse,NA,North America,prebreeding_migration,9.698808264867432e-5,1.5003558458246888e-7,1.5495236880318714e-7,0.015379630434497565,4.417205013527691e-6,7,2023-04-26,1.0466794240752129e-5,bkpwar,Blackpoll Warbler
bkpwar,state,HTI-1360,Nippes,NA,North America,postbreeding_migration,0.0035682043095598896,1.1636203500875246e-5,1.4525617396681952e-5,0.07165999683617483,2.373107940814688e-5,7,2023-10-18,0.0010120245202034665,bkpwar,Blackpoll Warbler
bkpwar,state,HTI-1361,Nord-Ouest,NA,North America,postbreeding_migration,0.009702810756473943,5.972310447775606e-5,7.45530933109493e-5,0.1297167849161587,8.108118797783517e-5,14,2023-10-18,0.003939870572666629,bkpwar,Blackpoll Warbler
bkpwar,state,HTI-1361,Nord-Ouest,NA,North America,prebreeding_migration,0.001020831545985271,1.919126366901476e-6,1.9820176487570746e-6,0.16732538614457632,5.840325894772575e-5,7,2023-04-26,1.3684229806286947e-4,bkpwar,Blackpoll Warbler
bkpwar,state,HTI-1362,Sud,NA,North America,postbreeding_migration,0.002793974169809336,2.1007535468060534e-5,2.6223967519416515e-5,0.0621606655895921,4.746215881629376e-5,7,2023-10-18,0.0018270685248280036,bkpwar,Blackpoll Warbler
bkpwar,state,HTI-1384,L'Artibonite,NA,North America,postbreeding_migration,0.002073294937550308,2.391153615459216e-5,2.9849067655305957e-5,0.035459290166768555,4.152938896425704e-5,7,2023-10-18,0.002079635441508369,bkpwar,Blackpoll Warbler
bkpwar,state,HTI-1384,L'Artibonite,NA,North America,prebreeding_migration,1.5199077224985734e-4,5.353875749666468e-7,5.52932647276594e-7,0.02617217306379937,1.7116564686580644e-5,7,2023-04-26,4.101251051196585e-5,bkpwar,Blackpoll Warbler
bkpwar,state,HTI-1386,Nord-Est,NA,North America,postbreeding_migration,0.0025850270076878987,9.398030651207631e-6,1.1731678421700316e-5,0.03213931462604417,1.186553970407344e-5,14,2023-10-18,5.782008060259922e-4,bkpwar,Blackpoll Warbler
bkpwar,state,HTI-1387,Nord,NA,North America,postbreeding_migration,0.0030889812042141267,1.538925906242256e-5,1.921060328159064e-5,0.03518011036659604,1.779830955611016e-5,14,2023-10-18,8.756811589839061e-4,bkpwar,Blackpoll Warbler
bkpwar,state,HTI-1387,Nord,NA,North America,prebreeding_migration,1.5072134273539504e-5,2.2934109174588946e-8,2.3685677986878723e-8,0.002396249078128452,6.769628490462606e-7,7,2023-04-26,2.609900791382029e-6,bkpwar,Blackpoll Warbler
bkpwar,state,HTI-1388,Ouest,NA,North America,postbreeding_migration,0.0034796908843410333,4.373666047611692e-5,5.459701665039375e-5,0.06507309597187674,8.305877792851408e-5,7,2023-10-18,0.0037986421099830536,bkpwar,Blackpoll Warbler
bkpwar,state,HTI-1389,Sud-Est,NA,North America,postbreeding_migration,0.001816325168339932,9.531163732198666e-6,1.1897870100727908e-5,0.03711118343465024,1.9775899506789067e-5,7,2023-10-18,8.28944891173715e-4,bkpwar,Blackpoll Warbler
bkpwar,state,JAM-1370,Clarendon,NA,North America,postbreeding_migration,3.288705686927697e-5,9.888961072829352e-8,1.2344512966260528e-7,0.0064763673553927216,1.9775899506789067e-6,7,2023-11-08,6.922803951918227e-6,bkpwar,Blackpoll Warbler
bkpwar,state,JAM-1370,Clarendon,NA,North America,prebreeding_migration,0.001376527788661881,1.2641986358459495e-6,1.3056274203698256e-6,0.14742632635519454,2.5138023839856977e-5,14,2023-04-19,9.019292179861428e-5,bkpwar,Blackpoll Warbler
bkpwar,state,JAM-1371,Hanover,NA,North America,prebreeding_migration,0.002727599242922891,1.1877474226206606e-6,1.2266708407017231e-6,0.22262122187779823,1.7998480977724387e-5,14,2023-04-26,6.948428302604078e-5,bkpwar,Blackpoll Warbler
bkpwar,state,JAM-1372,Manchester,NA,North America,prebreeding_migration,0.0010312108005213997,5.886516893671688e-7,6.079422686376403e-7,0.08352929673853787,8.85269542190714e-6,14,2023-04-26,3.76118534687087e-5,bkpwar,Blackpoll Warbler
bkpwar,state,JAM-1373,Saint Elizabeth,NA,North America,postbreeding_migration,5.2630640165436275e-5,1.474607506068352e-7,1.8407708701393124e-7,0.006950552776535669,1.9775899506789067e-6,14,2023-11-01,5.9943928722097085e-06,bkpwar,Blackpoll Warbler
bkpwar,state,JAM-1373,Saint Elizabeth,NA,North America,prebreeding_migration,0.002520639621607589,2.1570152844536855e-6,2.2277023734130415e-6,0.2051638165444811,3.259635126051282e-5,14,2023-04-26,1.0860090678000884e-4,bkpwar,Blackpoll Warbler
bkpwar,state,JAM-1374,Saint James,NA,North America,prebreeding_migration,1.8547291047129707e-4,9.08028822288853e-8,9.377856416314884e-8,0.024298119185713465,2.2086025067638453e-6,7,2023-04-26,6.334597710016348e-6,bkpwar,Blackpoll Warbler
bkpwar,state,JAM-1375,Trelawny,NA,North America,prebreeding_migration,7.790558364499269e-4,5.140788519054862e-7,5.30925620585649e-7,0.08903942217842895,1.0908605636622304e-5,14,2023-04-26,3.3502335432043705e-5,bkpwar,Blackpoll Warbler
bkpwar,state,JAM-1376,Westmoreland,NA,North America,prebreeding_migration,0.00410074658388331,2.3540935212652595e-6,2.4312390191927194e-6,0.30771381324328406,3.279695532766411e-5,14,2023-04-26,1.160333635815066e-4,bkpwar,Blackpoll Warbler
bkpwar,state,JAM-1377,Kingston,NA,North America,prebreeding_migration,0.002129038524864046,4.4803863480257915e-8,4.6272121357880686e-8,0.29583961611234433,1.1558834121534095e-6,7,2023-04-26,6.3227788488045705e-6,bkpwar,Blackpoll Warbler
bkpwar,state,JAM-1378,Portland,NA,North America,prebreeding_migration,0.0013354033878402044,8.978264300136605e-7,9.272489089297108e-7,0.1720872885505586,2.14809982573462e-5,14,2023-04-26,6.141995872108175e-5,bkpwar,Blackpoll Warbler
bkpwar,state,JAM-1379,Saint Ann,NA,North America,prebreeding_migration,5.351140014165714e-4,4.988624128028515e-7,5.152105267946378e-7,0.06457751424602506,1.1177419431016148e-5,7,2023-04-26,3.7730388502238755e-05,bkpwar,Blackpoll Warbler
bkpwar,state,JAM-1380,Saint Catherine,NA,North America,postbreeding_migration,3.215835714148309e-4,9.07379320113218e-7,1.1326928784491106e-6,0.013803591729343355,3.9551799013578135e-6,28,2023-11-15,3.0199647645141672e-5,bkpwar,Blackpoll Warbler
bkpwar,state,JAM-1380,Saint Catherine,NA,North America,prebreeding_migration,0.0015709113194712877,1.353790207591659e-6,1.3981549784516735e-6,0.14289665156997017,2.2863752351838735e-5,14,2023-04-26,8.331759196372098e-5,bkpwar,Blackpoll Warbler
bkpwar,state,JAM-1381,Saint Mary,NA,North America,postbreeding_migration,6.754351169155767e-5,1.1966451765864332e-7,1.4937870408825357e-7,0.010991965964367566,1.9775899506789067e-6,7,2023-11-01,9.171928439132543e-6,bkpwar,Blackpoll Warbler
bkpwar,state,JAM-1381,Saint Mary,NA,North America,prebreeding_migration,9.991352916833675e-4,5.40643186054488e-7,5.583604888772089e-7,0.13443831511612386,1.3506264517789677e-5,7,2023-04-26,3.996405176652772e-5,bkpwar,Blackpoll Warbler
bkpwar,state,JAM-1382,Saint Andrew,NA,North America,prebreeding_migration,0.001742397089506267,6.033449301439735e-7,6.231170184818016e-7,0.1803425208454599,1.1594243647313316e-5,14,2023-04-26,4.147523024678627e-5,bkpwar,Blackpoll Warbler
bkpwar,state,JAM-1383,Saint Thomas,NA,North America,prebreeding_migration,0.002121929095356547,1.329862157800496e-6,1.373442787631746e-6,0.22560095314431056,2.6250794141986215e-5,14,2023-04-26,8.774301936349958e-5,bkpwar,Blackpoll Warbler
bkpwar,state,KNA-5103,Saint James Windward,NA,North America,postbreeding_migration,0.014335840385178768,2.4576805309843824e-6,3.0679531407016096e-6,0.34078158266249087,5.93276985203672e-6,7,2023-10-25,1.8695424997999108e-4,bkpwar,Blackpoll Warbler
bkpwar,state,KNA-5105,Saint John Figtree,NA,North America,postbreeding_migration,0.029580969381258197,3.2958397724466927e-6,4.114237734990367e-6,0.34956942514344974,3.9551799013578135e-6,14,2023-10-18,1.5049469964133913e-4,bkpwar,Blackpoll Warbler
bkpwar,state,KNA-5110,Saint Thomas Lowland,NA,North America,postbreeding_migration,0.032792070411589026,2.9692053816529153e-6,3.7064959669032226e-6,0.4301458403636399,3.9551799013578135e-6,14,2023-10-18,1.274067565253281e-4,bkpwar,Blackpoll Warbler
bkpwar,state,LCA-5079,Dauphin,NA,North America,postbreeding_migration,0.0035150703442168234,6.059779941329088e-7,7.564498586606304e-7,0.154876034521674,2.711353642389906e-6,21,2023-10-18,5.286839453182784e-5,bkpwar,Blackpoll Warbler
bkpwar,state,LCA-5081,Gros Islet,NA,North America,postbreeding_migration,0.0094105089235924,1.97275025579911e-6,2.46260865348298e-6,0.24422055905065676,5.199006160325721e-6,21,2023-10-18,7.631087713024885e-5,bkpwar,Blackpoll Warbler
bkpwar,state,LCA-5082,Laborie,NA,North America,postbreeding_migration,0.001769700270044143,1.7246663152018127e-7,2.1529223882757349e-7,0.19982589602860645,1.9775899506789067e-6,7,2023-11-01,1.3219053739937112e-5,bkpwar,Blackpoll Warbler
bkpwar,state,LCA-5083,Micoud,NA,North America,postbreeding_migration,0.001507523512662532,2.519074736345002e-7,3.144592290006157e-7,0.055417699697371675,9.403825600997722e-7,14,2023-10-25,2.1714845376770583e-5,bkpwar,Blackpoll Warbler
bkpwar,state,LCA-5084,Praslin,NA,North America,postbreeding_migration,0.001308992901761367,2.778446820282385e-7,3.468369684787119e-7,0.04811956491987491,1.0372073905791343e-6,14,2023-10-25,2.1714845376770583e-5,bkpwar,Blackpoll Warbler
bkpwar,state,LCA-5086,Vieux Fort,NA,North America,postbreeding_migration,0.014025770618858428,3.0997456097461495e-6,3.869450955445257e-6,0.4405830812384132,9.887949753394534e-6,21,2023-10-25,9.815225799310568e-5,bkpwar,Blackpoll Warbler
bkpwar,state,MEX-BC,Baja California,NA,North America,postbreeding_migration,1.2983460451147416e-5,2.2162153058961727e-6,2.7665291002943408e-6,0.004771150907215512,8.270347484635424e-5,35,2023-10-11,4.117654252573082e-5,bkpwar,Blackpoll Warbler
bkpwar,state,MEX-QR,Quintana Roo,NA,North America,postbreeding_migration,6.105515136701425e-5,6.258276661028762e-6,7.812284507902457e-6,0.015198988070295969,1.5820719605431254e-4,28,2023-10-18,2.763475313550992e-4,bkpwar,Blackpoll Warbler
bkpwar,state,MEX-QR,Quintana Roo,NA,North America,prebreeding_migration,2.346140727323966e-5,7.344989524529545e-7,7.585690613514855e-7,0.006079595228118386,3.5337640108221525e-5,21,2023-04-26,2.9547566648367043e-5,bkpwar,Blackpoll Warbler
bkpwar,state,MEX-YU,Yucatán,NA,North America,prebreeding_migration,4.9024888259642235e-5,1.2712208040820822e-6,1.312879710587185e-6,0.021561813419187725,1.0380431781790072e-4,21,2023-04-26,7.057114589982027e-5,bkpwar,Blackpoll Warbler
bkpwar,state,MTQ-1442,Martinique,NA,North America,postbreeding_migration,0.004419791093566502,1.704213752907365e-5,2.127391200663847e-5,0.19696969696969696,7.712600807647736e-5,21,2023-10-18,0.00123993097950448,bkpwar,Blackpoll Warbler
bkpwar,state,NLD-5147,Saba,EU,Europe,postbreeding_migration,0.07061475846502516,1.2376422322672852e-5,1,0.4444444444444444,7.910359802715627e-6,14,2023-10-18,5.741951969124338e-4,bkpwar,Blackpoll Warbler
bkpwar,state,PAN-1332,Chiriquí,NA,North America,nonbreeding,9.173556245042369e-6,9.206858619227014e-7,0.0014768534881694042,0.013232238838146403,6.820806607984602e-5,7,2023-12-27,1.641431994669912e-5,bkpwar,Blackpoll Warbler
bkpwar,state,PAN-1332,Chiriquí,NA,North America,postbreeding_migration,3.002923385228816e-7,4.964177312956094e-9,6.19684421399687e-9,7.271358970427207e-4,1.2206684850584647e-6,7,2023-11-15,2.171981896473942e-6,bkpwar,Blackpoll Warbler
bkpwar,state,PAN-1336,Coclé,NA,North America,nonbreeding,9.444651814184702e-4,6.242413368833885e-5,0.1001332847569203,0.2852858135681487,9.684459936710148e-4,84,2023-12-27,3.8443684060839663e-4,bkpwar,Blackpoll Warbler
bkpwar,state,PAN-1336,Coclé,NA,North America,postbreeding_migration,5.289290455975656e-4,5.758286590427148e-6,7.1881406909648475e-6,0.2293623714360191,2.535695752422652e-4,28,2023-11-15,2.50482935233886e-4,bkpwar,Blackpoll Warbler
bkpwar,state,PAN-1337,Colón,NA,North America,nonbreeding,0.0012440437327328852,9.640880753281507e-5,0.15464740970144786,0.2963051771593411,0.001179366973918306,84,2023-12-27,3.979286173476704e-4,bkpwar,Blackpoll Warbler
bkpwar,state,PAN-1337,Colón,NA,North America,postbreeding_migration,3.309178856777245e-4,4.224064991721421e-6,5.272952808349282e-6,0.1700684408499614,2.204515691797689e-4,28,2023-11-01,1.968648085150839e-4,bkpwar,Blackpoll Warbler
bkpwar,state,PAN-1340,Panama,NA,North America,nonbreeding,0.001052356741663829,1.878288475230482e-4,0.3012924387303586,0.24601269383991137,0.002255202173807973,98,2023-12-27,6.852664811731418e-4,bkpwar,Blackpoll Warbler
bkpwar,state,PAN-1340,Panama,NA,North America,postbreeding_migration,4.156199349346653e-4,1.2218698920305868e-5,1.5252753665597542e-5,0.18169013911082085,5.424242090713104e-4,35,2023-11-01,4.896317251367659e-4,bkpwar,Blackpoll Warbler
bkpwar,state,PAN-1341,Veraguas,NA,North America,nonbreeding,3.362459204095509e-4,5.829971278859524e-5,0.093517384975702,0.1779036786119219,0.0015842473103158626,49,2023-12-27,4.8467403907465626e-4,bkpwar,Blackpoll Warbler
bkpwar,state,PAN-1341,Veraguas,NA,North America,postbreeding_migration,1.8566815733537696e-4,5.302444188334856e-6,6.6191069571117885e-6,0.1575490799568598,4.569131565831041e-4,28,2023-11-15,4.238834214652249e-4,bkpwar,Blackpoll Warbler
bkpwar,state,PAN-1418,Darién,NA,North America,postbreeding_migration,1.214614383244544e-6,3.35720035756798e-8,4.1908349157324646e-8,7.045605007469752e-4,1.9775899506789067e-6,0,2023-11-08,2.350220581228458e-6,bkpwar,Blackpoll Warbler
bkpwar,state,PAN-1419,Kuna Yala,NA,North America,nonbreeding,2.785564649348759e-4,1.2459097621562898e-5,0.019985385398905077,0.06209031925552024,1.426349315526494e-4,77,2023-03-01,6.624177193785201e-5,bkpwar,Blackpoll Warbler
bkpwar,state,PAN-1419,Kuna Yala,NA,North America,postbreeding_migration,1.6376336143092925e-4,1.206477918989449e-6,1.5060613753848156e-6,0.07599982188848055,5.685835904781398e-5,21,2023-11-01,6.398998362991476e-5,bkpwar,Blackpoll Warbler
bkpwar,state,PAN-3454,Ngöbe Buglé,NA,North America,nonbreeding,2.3514504223234265e-4,2.086571288515889e-5,0.03347026617008635,0.17359645445992197,7.911647153970926e-4,28,2023-12-27,2.4423493906288346e-4,bkpwar,Blackpoll Warbler
bkpwar,state,PAN-3454,Ngöbe Buglé,NA,North America,postbreeding_migration,9.94501264182099e-5,1.453556867779547e-6,1.8144930968332571e-6,0.13937316989117943,2.0686402903743797e-4,14,2023-11-15,1.69865094598441e-4,bkpwar,Blackpoll Warbler
bkpwar,state,PER-584,Amazonas,SA,South America,nonbreeding,6.0450988669436835e-6,3.234048592066589e-6,3.2360659893429636e-6,0.0016747955142114776,4.6018618905488733e-05,7,2023-04-05,1.1701566341170986e-4,bkpwar,Blackpoll Warbler
bkpwar,state,PER-584,Amazonas,SA,South America,prebreeding_migration,7.455127766823127e-6,2.0064677663432798e-7,6.3233796596571615e-6,0.001143495915282196,5.713963605118956e-6,7,2023-04-12,6.128520296652429e-5,bkpwar,Blackpoll Warbler
bkpwar,state,PER-585,Loreto,SA,South America,nonbreeding,0.0010940045560820736,0.005371729031679723,0.005375079912536775,0.03144471712184467,0.007929965858367442,63,2023-12-20,0.008087817768858844,bkpwar,Blackpoll Warbler
bkpwar,state,PER-585,Loreto,SA,South America,postbreeding_migration,7.091812701868931e-5,5.735635064009276e-5,2.8836760651747067e-4,0.0015600128021533283,1.2812430711165929e-4,7,2023-12-06,3.8099538681201896e-4,bkpwar,Blackpoll Warbler
bkpwar,state,PER-585,Loreto,SA,South America,prebreeding_migration,0.0036584430607007872,9.037019726326448e-4,0.02848015187680645,0.0534959710756905,0.002453441806491739,14,2023-04-12,0.0263116812854789,bkpwar,Blackpoll Warbler
bkpwar,state,PRI-5260,Puerto Rico,NA,North America,nonbreeding,2.0596939448943863e-5,3.009878804728043e-6,0.0048280854475671,0.01699029126213592,1.2751926451746103e-4,14,2023-12-20,1.792883926512353e-5,bkpwar,Blackpoll Warbler
bkpwar,state,PRI-5260,Puerto Rico,NA,North America,postbreeding_migration,0.09075839053025668,0.0021845520130043218,0.00272700341839719,0.4692556634304207,0.0011470021713937658,77,2023-10-25,0.05014108715880298,bkpwar,Blackpoll Warbler
bkpwar,state,SPM-4866,Saint-Pierre,NA,North America,breeding,0.18695481022198995,1.5571914255425574e-5,1.5571914255425574e-5,0.3333333333333333,1.2600679428634793e-5,56,2023-08-02,3.3553811146288445e-5,bkpwar,Blackpoll Warbler
bkpwar,state,SPM-4866,Saint-Pierre,NA,North America,postbreeding_migration,0.09640075483669835,2.8159752059818025e-5,3.515216834903036e-5,0.4,1.186553970407344e-5,70,2023-08-30,1.6830637540505636e-4,bkpwar,Blackpoll Warbler
bkpwar,state,SPM-4866,Saint-Pierre,NA,North America,prebreeding_migration,0.21377168695131937,1.907230805112536e-5,1.969732260043654e-5,0.4,6.6258075202915355e-6,28,2023-05-31,1.0233316956167268e-4,bkpwar,Blackpoll Warbler
bkpwar,state,SPM-4867,Miquelon-Langlade,NA,North America,breeding,0.40486626110730634,1.3938542942161118e-4,1.3938542942161118e-4,0.5,7.812421245753571e-5,49,2023-06-14,2.0940079121885912e-4,bkpwar,Blackpoll Warbler
bkpwar,state,SPM-4867,Miquelon-Langlade,NA,North America,postbreeding_migration,0.13364326046599495,1.6135999993286174e-4,2.014276926299094e-4,0.5,6.13052884710461e-5,49,2023-09-06,0.0010786060905104554,bkpwar,Blackpoll Warbler
bkpwar,state,SPM-4867,Miquelon-Langlade,NA,North America,prebreeding_migration,0.19013772159814837,7.011675104123518e-5,7.241453217153816e-5,0.5161290322580645,3.5337640108221525e-5,21,2023-05-31,3.993642373514554e-4,bkpwar,Blackpoll Warbler
bkpwar,state,SUR-37,Nickerie,SA,South America,nonbreeding,4.464353415926837e-5,3.1623774371916533e-6,3.1643501260511556e-6,0.015484284094860598,5.633456233460069e-5,21,2023-02-01,4.368942503229958e-5,bkpwar,Blackpoll Warbler
bkpwar,state,SUR-37,Nickerie,SA,South America,postbreeding_migration,4.358868498401017e-5,5.085787258442638e-7,2.556955389607718e-6,0.0044604834459769475,5.285005793381338e-6,14,2023-11-29,1.299563555478284e-5,bkpwar,Blackpoll Warbler
bkpwar,state,SUR-66,Brokopondo,SA,South America,nonbreeding,8.188417951769923e-4,7.19145136653e-5,7.195937388921749e-5,0.05122157515470074,2.3104582993827005e-4,21,2023-02-01,1.064802141901664e-4,bkpwar,Blackpoll Warbler
bkpwar,state,SUR-66,Brokopondo,SA,South America,postbreeding_migration,1.8285052639630124e-5,2.645099712662811e-7,1.3298633274751014e-6,3.250546730535878e-4,4.775087793182537e-7,7,2023-11-08,4.260453112367988e-6,bkpwar,Blackpoll Warbler
bkpwar,state,SUR-68,Para,SA,South America,nonbreeding,0.002867140309479137,2.167080254482743e-4,2.168432077647615e-4,0.23928630389221048,9.289076696720076e-4,21,2023-02-01,5.299456552206977e-4,bkpwar,Blackpoll Warbler
bkpwar,state,SUR-68,Para,SA,South America,postbreeding_migration,0.0012901392770602283,1.6061715644534373e-5,8.07526707206681e-5,0.07089235501321932,8.962596669140493e-5,35,2023-11-29,1.5615100977215207e-4,bkpwar,Blackpoll Warbler
bkpwar,state,SUR-69,Sipaliwini,SA,South America,nonbreeding,0.011089943674259403,0.016253228786800487,0.01626336753968355,0.5117438440481921,0.03852047148374906,98,2023-02-22,0.03605256055057914,bkpwar,Blackpoll Warbler
bkpwar,state,SUR-69,Sipaliwini,SA,South America,postbreeding_migration,0.01193868191457692,0.002882013275485369,0.01448975154326429,0.4310205985977893,0.010566149101509052,42,2023-11-29,0.021791883256306852,bkpwar,Blackpoll Warbler
bkpwar,state,SUR-73,Saramacca,SA,South America,nonbreeding,2.933189639521989e-5,1.6513176679133436e-6,1.652347758733206e-6,0.0024780007036795757,7.165072173190174e-6,7,2023-02-01,5.678359063713064e-6,bkpwar,Blackpoll Warbler
bkpwar,state,SUR-73,Saramacca,SA,South America,postbreeding_migration,1.566417244539212e-5,1.452537081306617e-7,7.302846796209354e-7,0.0018192765385625191,1.7131587347664272e-6,7,2023-11-29,2.532881009941215e-6,bkpwar,Blackpoll Warbler
bkpwar,state,TCA-5003,Middle Caicos,NA,North America,postbreeding_migration,0.1941707468755331,2.3836832533986923e-4,2.975581419759727e-4,1,1.2466480374787237e-4,56,2023-10-18,0.00855037902305588,bkpwar,Blackpoll Warbler
bkpwar,state,TCA-5004,North Caicos,NA,North America,postbreeding_migration,0.4963546890039792,4.539299997893529e-4,5.666464582988862e-4,0.8296467736320494,7.704937122137612e-5,35,2023-10-18,0.012440034157911572,bkpwar,Blackpoll Warbler
bkpwar,state,TCA-5005,Providenciales and West Caicos,NA,North America,postbreeding_migration,0.29966591782311897,3.909932748176058e-4,4.8808176259972335e-4,0.8656716417910447,1.1470021713937658e-4,56,2023-10-18,0.009809511791382649,bkpwar,Blackpoll Warbler
bkpwar,state,TCA-5005,Providenciales and West Caicos,NA,North America,prebreeding_migration,3.3307148477257185e-4,1.3273151913674185e-7,1.3708123551035838e-7,0.04477611940298507,3.312903760145768e-6,7,2023-04-26,9.259626570013015e-6,bkpwar,Blackpoll Warbler
bkpwar,state,TCA-5006,South Caicos and East Caicos,NA,North America,postbreeding_migration,0.08194553212573132,1.1968608912759204e-4,1.4940563202094317e-4,0.8666666666666667,1.2854334679412893e-4,35,2023-10-18,0.0038663018774194257,bkpwar,Blackpoll Warbler
bkpwar,state,TCA-5007,Grand Turk,NA,North America,postbreeding_migration,0.15858128746705397,4.323516374637738e-5,5.3970992052135746e-05,1,2.7686259309504694e-5,49,2023-10-25,0.0013060250785254623,bkpwar,Blackpoll Warbler
bkpwar,state,TCA-5008,Salt Cay,NA,North America,postbreeding_migration,0.07005017115311189,1.5005795340068298e-5,1.8731920752877e-5,0.4545454545454546,9.887949753394534e-6,21,2023-10-18,6.131279898628726e-4,bkpwar,Blackpoll Warbler
bkpwar,state,TTO-50,Eastern Tobago,NA,North America,postbreeding_migration,0.0017695591302251683,1.2115916417674458e-6,1.512444899060754e-6,0.14221190300966233,9.887949753394534e-6,28,2023-10-18,4.377633844996903e-5,bkpwar,Blackpoll Warbler
bkpwar,state,TTO-5090,Western Tobago,NA,North America,postbreeding_migration,0.0027348918483353205,2.015404287929756e-6,2.515854211719301e-6,0.23783601581351127,1.779830955611016e-5,14,2023-10-18,1.1265133742398582e-4,bkpwar,Blackpoll Warbler
bkpwar,state,TTO-51,Diego Martin,NA,North America,nonbreeding,5.09321068838107e-5,2.1124037910967465e-7,3.388464009633534e-4,0.03323970714426323,7.080617661397985e-6,7,2023-12-13,2.322946301254009e-6,bkpwar,Blackpoll Warbler
bkpwar,state,TTO-51,Diego Martin,NA,North America,postbreeding_migration,0.005825351339438205,3.979575124257044e-6,4.967753069286116e-6,0.28979741018926,2.010426486474606e-5,49,2023-10-25,9.38039829892427e-5,bkpwar,Blackpoll Warbler
bkpwar,state,TTO-52,Siparia,NA,North America,nonbreeding,5.224500405107726e-4,5.46742158949831e-6,0.008770179905750752,0.11297700293296092,6.072345929402906e-5,56,2023-03-08,4.362888442408479e-5,bkpwar,Blackpoll Warbler
bkpwar,state,TTO-52,Siparia,NA,North America,postbreeding_migration,0.001304434811714406,2.2484822520251816e-6,2.8068083300271384e-6,0.12427470322625704,2.1753489457467978e-5,14,2023-10-18,1.3886893835135774e-4,bkpwar,Blackpoll Warbler
bkpwar,state,TTO-54,Sangre Grande,NA,North America,nonbreeding,0.0010331958000996953,1.5612877298192726e-5,0.02504429931186748,0.13863027635185712,1.0759375442168928e-4,70,2023-03-08,8.536687803088839e-5,bkpwar,Blackpoll Warbler
bkpwar,state,TTO-54,Sangre Grande,NA,North America,postbreeding_migration,3.818347546096403e-4,9.503970008931924e-7,1.186392383812308e-6,0.06850127471820065,1.7314396892364135e-5,21,2023-10-18,4.478625649022851e-5,bkpwar,Blackpoll Warbler
bkpwar,state,TTO-55,Rio Claro-Mayaro,NA,North America,nonbreeding,0.0010185348723151717,1.481483892920024e-5,0.023764182175629187,0.14829580909317597,1.1078438926381265e-4,70,2023-03-08,7.643367960008438e-5,bkpwar,Blackpoll Warbler
bkpwar,state,TTO-55,Rio Claro-Mayaro,NA,North America,postbreeding_migration,5.78895848217658e-4,1.3869179002864006e-6,1.7313068457984965e-6,0.12868880132591598,3.1309071448336716e-5,14,2023-10-18,9.480838293131966e-5,bkpwar,Blackpoll Warbler
bkpwar,state,TTO-56,San Juan-Laventille,NA,North America,nonbreeding,1.1443121412141332e-4,4.914579556685412e-7,7.883377231425618e-4,0.07267015054567663,1.602974385198613e-5,7,2023-12-13,4.938099239749604e-6,bkpwar,Blackpoll Warbler
bkpwar,state,TTO-56,San Juan-Laventille,NA,North America,postbreeding_migration,0.002023034122007304,1.4311144249361645e-6,1.7864779166101406e-6,0.21264902370260289,1.527614098510359e-5,28,2023-10-18,5.862868594812775e-5,bkpwar,Blackpoll Warbler
bkpwar,state,TTO-57,Princes Town,NA,North America,nonbreeding,0.00145564605318219,1.2396033690174068e-5,0.01988422582765374,0.3178138099157511,1.3900434770738258e-4,63,2023-03-08,7.304208393994397e-5,bkpwar,Blackpoll Warbler
bkpwar,state,TTO-57,Princes Town,NA,North America,postbreeding_migration,4.254751612924463e-4,5.968022607861513e-7,7.449956767258654e-7,0.10198351650523696,1.452664570005871e-5,14,2023-10-18,3.4809471849350667e-5,bkpwar,Blackpoll Warbler
bkpwar,state,TTO-58,Couva-Tabaquite-Talparo,NA,North America,nonbreeding,0.0029381591725324897,3.185812911055846e-5,0.05110297773577595,0.4019193315275991,2.2382701478422564e-4,77,2023-03-08,1.372641045825633e-4,bkpwar,Blackpoll Warbler
bkpwar,state,TTO-58,Couva-Tabaquite-Talparo,NA,North America,postbreeding_migration,6.670238582959161e-4,1.1912848090592086e-6,1.487095627501857e-6,0.1646842637578952,2.9867952479607115e-5,14,2023-10-18,7.356991859489897e-5,bkpwar,Blackpoll Warbler
bkpwar,state,TTO-59,Penal-Debe,NA,North America,nonbreeding,1.0394895927101996e-4,4.089154989534159e-7,6.559330451047888e-4,0.07579157880460395,1.531309718681403e-5,21,2023-03-08,1.2142730239761788e-5,bkpwar,Blackpoll Warbler
bkpwar,state,TTO-59,Penal-Debe,NA,North America,postbreeding_migration,7.012572371308082e-4,4.543809025021106e-7,5.672093257571728e-7,0.090164519839943,5.93276985203672e-6,7,2023-10-18,3.5708509720588855e-5,bkpwar,Blackpoll Warbler
bkpwar,state,TTO-60,Point Fortin,NA,North America,postbreeding_migration,0.001274183008698574,1.5771971491856756e-7,1.9688347962018209e-7,0.1573268904924062,1.9775899506789067e-6,7,2023-10-18,1.2955139930895456e-5,bkpwar,Blackpoll Warbler
bkpwar,state,TTO-61,Tunapuna/Piarco,NA,North America,nonbreeding,2.7285246562334107e-4,2.0539753519181352e-6,0.003294740137270574,0.14069621181791186,5.4397433286414344e-5,14,2023-12-13,1.623147119883304e-5,bkpwar,Blackpoll Warbler
bkpwar,state,TTO-61,Tunapuna/Piarco,NA,North America,postbreeding_migration,4.902490258015681e-4,6.078737250828924e-7,7.58816323157787e-7,0.12679710444602543,1.5965594029343853e-5,21,2023-10-25,1.9759017903368737e-5,bkpwar,Blackpoll Warbler
bkpwar,state,TTO-62,San Fernando,NA,North America,postbreeding_migration,0.001770421634883399,1.5837201795939115e-7,1.9769775761016245e-7,0.21769847694883424,1.9775899506789067e-6,7,2023-10-18,1.3773940214455117e-5,bkpwar,Blackpoll Warbler
bkpwar,state,TTO-64,Port of Spain,NA,North America,postbreeding_migration,0.003863145060795243,2.7732529750711253e-7,3.46188614328231e-7,0.2712743063462425,1.9775899506789067e-6,14,2023-10-18,1.2221295361085325e-5,bkpwar,Blackpoll Warbler
bkpwar,state,USA-AK,Alaska,NA,North America,breeding,0.08202122202426894,0.08198254337722788,0.08198254337722788,0.30678665733963834,0.13916867011604278,56,2023-08-02,0.272748919443018,bkpwar,Blackpoll Warbler
bkpwar,state,USA-AK,Alaska,NA,North America,postbreeding_migration,0.07732828445510645,0.27106694395770653,0.33837623383961196,0.3749524109553985,0.13347300802208462,35,2023-08-09,0.46272233360868426,bkpwar,Blackpoll Warbler
bkpwar,state,USA-AK,Alaska,NA,North America,prebreeding_migration,0.1283833788968416,0.13745218942777834,0.1419566058831307,0.31060745090125885,0.06174197046135893,21,2023-05-31,0.21591100043891415,bkpwar,Blackpoll Warbler
bkpwar,state,USA-AL,Alabama,NA,North America,prebreeding_migration,0.0363872536507381,0.003243843124234936,0.0033501464170978172,0.4811707933620494,0.00796407935852467,28,2023-04-26,0.07761247258641167,bkpwar,Blackpoll Warbler
bkpwar,state,USA-AR,Arkansas,NA,North America,prebreeding_migration,0.029157917521142135,0.002650335138709943,0.0027371887076541924,0.6770034295389824,0.011425123834842366,28,2023-05-03,0.04936931080994602,bkpwar,Blackpoll Warbler
bkpwar,state,USA-CA,California,NA,North America,postbreeding_migration,3.992874432588528e-5,3.595376001451328e-5,4.488152531052414e-5,0.013823608325896202,0.0012640352815659812,35,2023-09-20,2.37087108190311e-4,bkpwar,Blackpoll Warbler
bkpwar,state,USA-CO,Colorado,NA,North America,postbreeding_migration,1.1285606712669868e-5,6.573802368931594e-6,8.206159169124137e-6,0.014843912007456456,8.780499381014345e-4,21,2023-09-13,8.025775642245854e-5,bkpwar,Blackpoll Warbler
bkpwar,state,USA-CO,Colorado,NA,North America,prebreeding_migration,0.008907915120737917,0.001584792759311303,0.0016367276656455224,0.3206395641363249,0.010591056221397731,28,2023-05-17,0.010539228798159751,bkpwar,Blackpoll Warbler
bkpwar,state,USA-CT,Connecticut,NA,North America,postbreeding_migration,0.08160782538377717,0.0023715047882786095,0.002960378890446807,0.9464716847475046,0.0027930514764039965,91,2023-10-04,0.02254743250375247,bkpwar,Blackpoll Warbler
bkpwar,state,USA-CT,Connecticut,NA,North America,prebreeding_migration,0.1450938245013617,0.0012877922439481111,0.0013299942095833174,0.9792256891241304,0.0016136354669693562,28,2023-05-24,0.009598446221489714,bkpwar,Blackpoll Warbler
bkpwar,state,USA-DC,District of Columbia,NA,North America,postbreeding_migration,0.08551345024950918,3.112845870033528e-5,3.885804173117765e-5,1,3.6965986577803735e-5,70,2023-10-11,6.98634853416755e-4,bkpwar,Blackpoll Warbler
bkpwar,state,USA-DC,District of Columbia,NA,North America,prebreeding_migration,0.5529463056337411,6.147673935162679e-5,6.349138049710213e-5,1,2.064208775755254e-5,35,2023-05-03,4.728189228741954e-4,bkpwar,Blackpoll Warbler
bkpwar,state,USA-DE,Delaware,NA,North America,postbreeding_migration,0.022908443288957477,2.8193209428705124e-4,3.5193933598281726e-4,0.3420011357648686,4.274207488849288e-4,77,2023-10-04,0.003569175873357628,bkpwar,Blackpoll Warbler
bkpwar,state,USA-DE,Delaware,NA,North America,prebreeding_migration,0.1835151124529881,6.898035887683288e-4,7.124089954129552e-4,0.9037529829395976,6.307091258277346e-4,35,2023-05-17,0.003835529375285519,bkpwar,Blackpoll Warbler
bkpwar,state,USA-FL,Florida,NA,North America,postbreeding_migration,4.69879501033955e-4,1.615288050209079e-4,2.0163841411852785e-4,0.03659789156214755,0.001277611054231273,49,2023-10-18,0.003585681336947568,bkpwar,Blackpoll Warbler
bkpwar,state,USA-FL,Florida,NA,North America,prebreeding_migration,0.05173138369494776,0.0054315308732367385,0.005609526415868795,0.3523912967095282,0.006869404450225369,42,2023-04-26,0.09653133045157472,bkpwar,Blackpoll Warbler
bkpwar,state,USA-GA,Georgia,NA,North America,postbreeding_migration,1.437614242157301e-4,4.774609910052249e-5,5.960204869793516e-5,0.033275414885320105,0.0011222719828897175,35,2023-10-18,0.001690299792294437,bkpwar,Blackpoll Warbler
bkpwar,state,USA-GA,Georgia,NA,North America,prebreeding_migration,0.06384312636615493,0.0064761119970309505,0.006688339285425351,0.7912416884418287,0.014901676174777456,35,2023-04-26,0.13659270919107872,bkpwar,Blackpoll Warbler
bkpwar,state,USA-IA,Iowa,NA,North America,postbreeding_migration,3.1587794042440924e-4,9.941154460929408e-5,1.240966662106907e-4,0.04615375075571567,0.001475039457488106,35,2023-09-13,0.0010237951863529477,bkpwar,Blackpoll Warbler
bkpwar,state,USA-IA,Iowa,NA,North America,prebreeding_migration,0.07137402804261953,0.00686060487194419,0.007085432294537506,0.7939458809008442,0.01416898876576404,21,2023-05-17,0.04702951805943076,bkpwar,Blackpoll Warbler
bkpwar,state,USA-IL,Illinois,NA,North America,postbreeding_migration,0.015658558903268283,0.004957795609777439,0.0061888778546335815,0.481525483155379,0.015482290690212869,49,2023-09-20,0.03589992996568097,bkpwar,Blackpoll Warbler
bkpwar,state,USA-IL,Illinois,NA,North America,prebreeding_migration,0.10012600388135154,0.009682519668378926,0.009999823460374433,0.7501376302088583,0.013468158303547362,35,2023-05-10,0.06315359313000674,bkpwar,Blackpoll Warbler
bkpwar,state,USA-IN,Indiana,NA,North America,postbreeding_migration,0.021707943058971023,0.004415572556846698,0.00551201408115795,0.5848336331270759,0.012080358026364847,49,2023-09-20,0.03426082892378293,bkpwar,Blackpoll Warbler
bkpwar,state,USA-IN,Indiana,NA,North America,prebreeding_migration,0.08612364379589685,0.005350513005457519,0.005525853528781979,0.7223436319033795,0.008331872822597362,35,2023-05-10,0.038788552782076734,bkpwar,Blackpoll Warbler
bkpwar,state,USA-KS,Kansas,NA,North America,prebreeding_migration,0.03277607041075883,0.004609992138657961,0.004761065210210063,0.8567442613321454,0.022372795905997167,21,2023-05-10,0.04265663799838701,bkpwar,Blackpoll Warbler
bkpwar,state,USA-KY,Kentucky,NA,North America,postbreeding_migration,0.0030834814921585005,6.97743259217677e-4,8.710015791445647e-4,0.4112515416317723,0.009450199045067678,42,2023-10-04,0.005584070316539672,bkpwar,Blackpoll Warbler
bkpwar,state,USA-KY,Kentucky,NA,North America,prebreeding_migration,0.1250624712844833,0.008643427349464758,0.008926679268154844,0.984493440024435,0.012632740127501823,35,2023-05-03,0.09520937758074888,bkpwar,Blackpoll Warbler
bkpwar,state,USA-LA,Louisiana,NA,North America,prebreeding_migration,7.806346589105598e-4,6.453059101724688e-5,6.66453092859175e-5,0.03128772831581169,4.801949638776192e-4,35,2023-04-19,0.0022916548207410825,bkpwar,Blackpoll Warbler
bkpwar,state,USA-MA,Massachusetts,NA,North America,breeding,9.179715761580712e-4,1.3595828143874897e-5,1.3595828143874897e-5,0.019586114385921404,1.3165415697939014e-4,56,2023-08-02,5.11837433347836e-5,bkpwar,Blackpoll Warbler
bkpwar,state,USA-MA,Massachusetts,NA,North America,postbreeding_migration,0.1971952671242278,0.010242735351384483,0.012786133793422284,0.9189786141614174,0.0048473455799217064,98,2023-10-11,0.08006576991772932,bkpwar,Blackpoll Warbler
bkpwar,state,USA-MA,Massachusetts,NA,North America,prebreeding_migration,0.1266962794781186,0.0020099627200096874,0.0020758307806666145,0.9081447987643722,0.0026748842676205826,35,2023-05-24,0.014672364245064686,bkpwar,Blackpoll Warbler
bkpwar,state,USA-MD,Maryland,NA,North America,postbreeding_migration,0.06558032564915633,0.004227297747164752,0.005276988297132486,0.7409419701193548,0.00485012105668324,70,2023-10-11,0.05312514273075171,bkpwar,Blackpoll Warbler
bkpwar,state,USA-MD,Maryland,NA,North America,prebreeding_migration,0.18452903527656428,0.003632943608892746,0.003751998030953166,0.8617638677470594,0.003149981348359855,35,2023-05-17,0.019780307755968375,bkpwar,Blackpoll Warbler
bkpwar,state,USA-ME,Maine,NA,North America,breeding,0.04632879079071521,0.002543467418447297,0.002543467418447297,0.07566760725467493,0.001885363401935275,56,2023-08-02,0.0106860242967298,bkpwar,Blackpoll Warbler
bkpwar,state,USA-ME,Maine,NA,North America,postbreeding_migration,0.07007703391029459,0.013492547555444502,0.016842914742955593,0.7166628763097804,0.014012391655284735,84,2023-09-20,0.06774750215189182,bkpwar,Blackpoll Warbler
bkpwar,state,USA-ME,Maine,NA,North America,prebreeding_migration,0.05071832743655896,0.0029825507710439444,0.003080291307793074,0.6579674279219876,0.007183780809686919,28,2023-05-24,0.01676896998261729,bkpwar,Blackpoll Warbler
bkpwar,state,USA-MI,Michigan,NA,North America,postbreeding_migration,0.04980091983371574,0.017520431311789753,0.021870972077857,0.7529113941448259,0.02689864553707299,56,2023-09-06,0.13050956156452234,bkpwar,Blackpoll Warbler
bkpwar,state,USA-MI,Michigan,NA,North America,prebreeding_migration,0.03521617764891176,0.00378402782434508,0.003908033395085348,0.6908076307511848,0.013781452328632132,28,2023-05-24,0.02523234915239097,bkpwar,Blackpoll Warbler
bkpwar,state,USA-MN,Minnesota,NA,North America,postbreeding_migration,0.0049679633601913,0.002333640118531102,0.002913111952775715,0.3984418369973955,0.019006386010544205,49,2023-08-30,0.025501690497692773,bkpwar,Blackpoll Warbler
bkpwar,state,USA-MN,Minnesota,NA,North America,prebreeding_migration,0.05460627982825898,0.00783434629937876,0.008091083995116901,0.6405060584458043,0.01706118421511995,28,2023-05-24,0.049455057007052904,bkpwar,Blackpoll Warbler
bkpwar,state,USA-MO,Missouri,NA,North America,postbreeding_migration,4.702110282243869e-5,1.8362273748519937e-5,2.292185445055814e-5,0.018724247094326883,7.425353329196796e-4,21,2023-09-27,2.279755660889292e-4,bkpwar,Blackpoll Warbler
bkpwar,state,USA-MO,Missouri,NA,North America,prebreeding_migration,0.10126941540566166,0.012078600746145496,0.012474426001349277,0.8805467374052101,0.019499186415269716,28,2023-05-03,0.13293848995525273,bkpwar,Blackpoll Warbler
bkpwar,state,USA-MS,Mississippi,NA,North America,prebreeding_migration,0.01744924881380781,0.001438358571660474,0.0014854947143865872,0.3223233982327919,0.004932964832637205,35,2023-04-26,0.03184913100843602,bkpwar,Blackpoll Warbler
bkpwar,state,USA-MT,Montana,NA,North America,postbreeding_migration,1.3263331522123638e-4,1.088721402079745e-4,1.359064452336193e-4,0.01262855628807606,0.0010526814088270176,21,2023-08-30,0.001255292467663123,bkpwar,Blackpoll Warbler
bkpwar,state,USA-MT,Montana,NA,North America,prebreeding_migration,0.01062890010454904,0.002664754086032239,0.002752080175231406,0.24338405713374725,0.011328872619529695,21,2023-05-10,0.01660355871931863,bkpwar,Blackpoll Warbler
bkpwar,state,USA-NC,North Carolina,NA,North America,postbreeding_migration,0.004632696387028063,0.0013459164991669911,0.0016801242873855544,0.26400825682052864,0.007788985606556717,56,2023-10-18,0.03143927474916275,bkpwar,Blackpoll Warbler
bkpwar,state,USA-NC,North Carolina,NA,North America,prebreeding_migration,0.06311134671034326,0.005600107992022173,0.005783627939547409,0.7959031563137906,0.013112181051492163,35,2023-05-03,0.04895594621168223,bkpwar,Blackpoll Warbler
bkpwar,state,USA-ND,North Dakota,NA,North America,postbreeding_migration,0.007139136323449816,0.0028212402418576208,0.0035217892445988776,0.49562133965947663,0.019889483517162063,35,2023-08-30,0.04052194733319925,bkpwar,Blackpoll Warbler
bkpwar,state,USA-ND,North Dakota,NA,North America,prebreeding_migration,0.15067885959639862,0.01818659500975487,0.018782584045431972,0.908911130625634,0.02036789975671507,28,2023-05-17,0.10109405531034069,bkpwar,Blackpoll Warbler
bkpwar,state,USA-NE,Nebraska,NA,North America,prebreeding_migration,0.04243164249610536,0.005635570542680656,0.005820252625908494,0.9227522037933727,0.022754059742643745,21,2023-05-10,0.03907135362262905,bkpwar,Blackpoll Warbler
bkpwar,state,USA-NH,New Hampshire,NA,North America,breeding,0.1683242430028214,0.0025265977149298334,0.0025265977149298334,0.13975534463792005,9.52067438616656e-4,56,2023-08-02,0.007657671562184324,bkpwar,Blackpoll Warbler
bkpwar,state,USA-NH,New Hampshire,NA,North America,postbreeding_migration,0.14748180455331533,0.007763738591468212,0.009691571339315195,0.9946347517822728,0.005317104596663468,98,2023-09-20,0.04355659606238946,bkpwar,Blackpoll Warbler
bkpwar,state,USA-NH,New Hampshire,NA,North America,prebreeding_migration,0.13490326799436209,0.002169000278846755,0.002240080125507434,0.907288926361099,0.002708373173757061,28,2023-05-24,0.012360582631837376,bkpwar,Blackpoll Warbler
bkpwar,state,USA-NJ,New Jersey,NA,North America,postbreeding_migration,0.07238057857989386,0.0033349583049016025,0.004163069885056922,0.8438193390679772,0.0039481800180533825,91,2023-10-11,0.0379715423064838,bkpwar,Blackpoll Warbler
bkpwar,state,USA-NJ,New Jersey,NA,North America,prebreeding_migration,0.23762051439456228,0.003343928371628287,0.0034535115368393163,0.944631842643354,0.002468092153827689,35,2023-05-24,0.01969113603281955,bkpwar,Blackpoll Warbler
bkpwar,state,USA-NY,New York,NA,North America,breeding,0.015845579333533547,0.0012804015483378018,0.0012804015483378018,0.033246161092469105,0.001219240642407895,56,2023-08-02,0.002706820777381317,bkpwar,Blackpoll Warbler
bkpwar,state,USA-NY,New York,NA,North America,postbreeding_migration,0.07664558268140248,0.021720420603494488,0.02711387089076238,0.8794521876214879,0.025308852087329657,91,2023-09-27,0.12953682376278342,bkpwar,Blackpoll Warbler
bkpwar,state,USA-NY,New York,NA,North America,prebreeding_migration,0.07827329898988673,0.0067748458075685665,0.0069968628381093636,0.9011144331109386,0.014480764094938444,42,2023-05-24,0.05658096816146814,bkpwar,Blackpoll Warbler
bkpwar,state,USA-OH,Ohio,NA,North America,postbreeding_migration,0.0505652008809005,0.011817999308589133,0.014752555362056486,0.7280884009007867,0.01728046597362765,56,2023-09-20,0.07813848499216819,bkpwar,Blackpoll Warbler
bkpwar,state,USA-OH,Ohio,NA,North America,prebreeding_migration,0.07949354135004968,0.005674514946781054,0.005860473268789838,0.9041221723569076,0.011982564495312617,35,2023-05-17,0.03417617997411108,bkpwar,Blackpoll Warbler
bkpwar,state,USA-OK,Oklahoma,NA,North America,prebreeding_migration,0.02393793885532487,0.0028576806169028465,0.002951329060398045,0.5678393039554568,0.01258572219339394,28,2023-05-03,0.03180265570201793,bkpwar,Blackpoll Warbler
bkpwar,state,USA-PA,Pennsylvania,NA,North America,breeding,3.205971038026768e-5,2.327521548519454e-6,2.327521548519454e-6,0.0014532274281426052,4.788258182881221e-5,28,2023-07-05,3.642373181660787e-6,bkpwar,Blackpoll Warbler
bkpwar,state,USA-PA,Pennsylvania,NA,North America,postbreeding_migration,0.08879873195034466,0.02260913317303765,0.02822326183256183,0.9429114560035672,0.024379633558777064,70,2023-10-04,0.16804382182437422,bkpwar,Blackpoll Warbler
bkpwar,state,USA-PA,Pennsylvania,NA,North America,prebreeding_migration,0.1074443362377056,0.008355363552470059,0.0086291753937574045,0.9923556076116892,0.014327648158312898,35,2023-05-24,0.06253761281207502,bkpwar,Blackpoll Warbler
bkpwar,state,USA-RI,Rhode Island,NA,North America,postbreeding_migration,0.1992495749410633,0.001537802593624877,0.0019196580830629136,0.9137912959587068,7.161917532320858e-4,70,2023-10-11,0.018433658749974265,bkpwar,Blackpoll Warbler
bkpwar,state,USA-RI,Rhode Island,NA,North America,prebreeding_migration,0.1451425082023701,3.4213892421035833e-4,3.5335108610203513e-4,0.9116875380772408,3.9900619252940446e-4,28,2023-05-24,0.0026280970589675767,bkpwar,Blackpoll Warbler
bkpwar,state,USA-SC,South Carolina,NA,North America,postbreeding_migration,5.894611570040095e-4,1.044427313623266e-4,1.3037715914125073e-4,0.23346023741784205,0.004200636144682118,35,2023-10-18,0.005058447009282355,bkpwar,Blackpoll Warbler
bkpwar,state,USA-SC,South Carolina,NA,North America,prebreeding_migration,0.03802792918354906,0.0020579289722024914,0.002125368924704709,0.6911706517923422,0.006944464301633069,35,2023-05-03,0.02850531484538554,bkpwar,Blackpoll Warbler
bkpwar,state,USA-SD,South Dakota,NA,North America,postbreeding_migration,6.96687440472549e-4,3.003853203211229e-4,3.749747273014079e-4,0.11373643236378037,0.004979886431099054,21,2023-09-06,0.004233455843026978,bkpwar,Blackpoll Warbler
bkpwar,state,USA-SD,South Dakota,NA,North America,prebreeding_migration,0.11632822650641816,0.015319003204011975,0.015821018998733113,0.949952663596803,0.02322593041724268,21,2023-05-17,0.09242314826892192,bkpwar,Blackpoll Warbler
bkpwar,state,USA-TN,Tennessee,NA,North America,postbreeding_migration,4.916423240553066e-4,1.1627259515749344e-4,1.4514452508930487e-4,0.07556368431512266,0.0018147647767158125,42,2023-10-11,0.0014877825590460165,bkpwar,Blackpoll Warbler
bkpwar,state,USA-TN,Tennessee,NA,North America,prebreeding_migration,0.14205424435640182,0.010260936343875,0.010597195305679015,0.947076771676842,0.012701169739760827,35,2023-05-03,0.14406953724519203,bkpwar,Blackpoll Warbler
bkpwar,state,USA-TX,Texas,NA,North America,prebreeding_migration,1.5186894235212072e-4,6.951376457785973e-5,7.17917853670631e-5,0.02446433362504362,0.0020790311041840102,14,2023-05-03,0.0010443322467266502,bkpwar,Blackpoll Warbler
bkpwar,state,USA-VA,Virginia,NA,North America,postbreeding_migration,0.02894916456596676,0.006765528700998964,0.00844549353142455,0.6689533442195328,0.01587598384595248,63,2023-10-11,0.0917125012036035,bkpwar,Blackpoll Warbler
bkpwar,state,USA-VA,Virginia,NA,North America,prebreeding_migration,0.11986376466494487,0.008555754132471427,0.008836132930820815,0.959281806270981,0.012712833101218504,28,2023-05-10,0.056856233480495545,bkpwar,Blackpoll Warbler
bkpwar,state,USA-VT,Vermont,NA,North America,breeding,0.07225828584641827,0.001092725331179917,0.001092725331179917,0.16757979283210594,0.0011501510042911385,56,2023-08-02,0.002218060057510736,bkpwar,Blackpoll Warbler
bkpwar,state,USA-VT,Vermont,NA,North America,postbreeding_migration,0.1022570865306107,0.005423252224638175,0.006769913129731104,0.9910144191011164,0.005337347447467083,70,2023-09-20,0.029704780733647136,bkpwar,Blackpoll Warbler
bkpwar,state,USA-VT,Vermont,NA,North America,prebreeding_migration,0.07087859474322379,0.0011481170408939151,0.001185741740167187,0.9506591692910878,0.0028590494154747343,28,2023-05-24,0.009507002936089705,bkpwar,Blackpoll Warbler
bkpwar,state,USA-WI,Wisconsin,NA,North America,postbreeding_migration,0.02626797077812811,0.008440901797338625,0.010536882582182713,0.7079203730853012,0.023100737631637745,49,2023-09-06,0.06733203914907304,bkpwar,Blackpoll Warbler
bkpwar,state,USA-WI,Wisconsin,NA,North America,prebreeding_migration,0.04066008531498808,0.00399057323082469,0.004121347457136014,0.7678782574958286,0.013992171703966104,28,2023-05-24,0.02880125205744784,bkpwar,Blackpoll Warbler
bkpwar,state,USA-WV,West Virginia,NA,North America,postbreeding_migration,0.08781738989811685,0.011921167057617888,0.01488134094491054,0.9560399256989032,0.013179331806756758,49,2023-10-11,0.1126207969289936,bkpwar,Blackpoll Warbler
bkpwar,state,USA-WV,West Virginia,NA,North America,prebreeding_migration,0.06730912293231232,0.002790723804524443,0.002882178020566947,0.992936513914943,0.007643462914678324,28,2023-05-17,0.018097032977105697,bkpwar,Blackpoll Warbler
bkpwar,state,USA-WY,Wyoming,NA,North America,prebreeding_migration,0.0015056180164746884,2.5217866343229796e-4,2.604427567579997e-4,0.1428262444780224,0.004441475883969066,21,2023-05-17,0.002777757362786235,bkpwar,Blackpoll Warbler
bkpwar,state,VCT-5063,Charlotte,NA,North America,postbreeding_migration,0.02976554983821213,1.2907250431917822e-5,1.6112281072008917e-5,0.7166029609161153,3.155567967696861e-5,21,2023-10-18,7.08301818649156e-4,bkpwar,Blackpoll Warbler
bkpwar,state,VCT-5065,Saint Andrew,NA,North America,postbreeding_migration,0.02232042536246768,2.368517349159413e-6,2.956649633078795e-6,0.7258984738416949,7.822203320983277e-6,21,2023-10-18,2.4299782370084612e-4,bkpwar,Blackpoll Warbler
bkpwar,state,VCT-5066,Saint David,NA,North America,postbreeding_migration,0.029554388055608543,9.627630923230111e-6,1.201829129378714e-5,0.6311211563911098,2.0878020228509865e-05,21,2023-10-18,4.743620034059839e-4,bkpwar,Blackpoll Warbler
bkpwar,state,VCT-5067,Saint George,NA,North America,postbreeding_migration,0.02653741197413487,8.231274796375604e-6,1.027520259250449e-5,0.673884540775517,2.1226243452915288e-5,21,2023-10-18,4.570503701999721e-4,bkpwar,Blackpoll Warbler
bkpwar,state,VCT-5068,Saint Patrick,NA,North America,postbreeding_migration,0.04809953120886177,8.082222469656534e-6,1.008913872125614e-5,0.7877716434293864,1.3442170953210482e-5,21,2023-10-18,4.1667053709732674e-4,bkpwar,Blackpoll Warbler
bkpwar,state,VEN-23,Falcón,SA,South America,nonbreeding,0.027371238679603657,0.010852214617535896,0.010858984221513324,0.7931129304662938,0.016150560961363792,119,2023-01-04,0.02259608923204975,bkpwar,Blackpoll Warbler
bkpwar,state,VEN-23,Falcón,SA,South America,postbreeding_migration,0.05127955369751426,0.0033488635017325,0.016836910678087638,0.43297513265072274,0.002871410452226912,77,2023-10-18,0.07539652644834716,bkpwar,Blackpoll Warbler
bkpwar,state,VEN-23,Falcón,SA,South America,prebreeding_migration,0.04813322969302292,9.600699777253688e-4,0.0302565885723651,0.8734883396125065,0.003234750237566342,35,2023-04-19,0.047738926708189904,bkpwar,Blackpoll Warbler
bkpwar,state,VEN-25,Apure,SA,South America,nonbreeding,0.00321826457268174,0.0031754698183456753,0.003177450674223492,0.07459914106961232,0.003780495545274338,119,2023-02-08,0.00939219221450795,bkpwar,Blackpoll Warbler
bkpwar,state,VEN-25,Apure,SA,South America,postbreeding_migration,0.012972238548956369,0.002108290532658531,0.01059974506678622,0.32249665018549545,0.005322551270260678,63,2023-10-18,0.03634988972036997,bkpwar,Blackpoll Warbler
bkpwar,state,VEN-25,Apure,SA,South America,prebreeding_migration,0.018998488647055313,9.430598641388472e-4,0.029720515139909743,0.37903474418533933,0.00349321233916482,28,2023-04-19,0.02091879005684836,bkpwar,Blackpoll Warbler
bkpwar,state,VEN-26,Barinas,SA,South America,nonbreeding,0.011083942088762485,0.005364055371835835,0.00536740146586918,0.30978154373513744,0.007699866628869515,119,2023-02-08,0.01330885472800726,bkpwar,Blackpoll Warbler
bkpwar,state,VEN-26,Barinas,SA,South America,postbreeding_migration,0.034216032765066205,0.0027274572031930947,0.01371269784053952,0.5990114237394676,0.0048488919872496875,63,2023-10-18,0.02977784231803874,bkpwar,Blackpoll Warbler
bkpwar,state,VEN-26,Barinas,SA,South America,prebreeding_migration,0.06297220559808701,0.0015331402044019,0.04831688675261269,0.8853342688092654,0.004001897846682746,28,2023-04-19,0.04516022289821671,bkpwar,Blackpoll Warbler
bkpwar,state,VEN-27,Mérida,SA,South America,nonbreeding,0.030422235862379816,0.004657102408076083,0.004660007505339277,0.6435159433372075,0.005059558583669169,119,2023-01-18,0.009273844353904888,bkpwar,Blackpoll Warbler
bkpwar,state,VEN-27,Mérida,SA,South America,postbreeding_migration,0.01566104129336791,3.948885860207086e-4,0.001985361256792748,0.47326657579892567,0.0012118221697812331,70,2023-11-01,0.004584913186945687,bkpwar,Blackpoll Warbler
bkpwar,state,VEN-27,Mérida,SA,South America,prebreeding_migration,0.024991206319149094,1.9246237574277675e-4,0.006065448408568921,0.5183338938693581,7.411293059782063e-4,28,2023-04-19,0.008167065069854132,bkpwar,Blackpoll Warbler
bkpwar,state,VEN-28,Táchira,SA,South America,nonbreeding,0.038591057162365536,0.005190717449230372,0.005193955415187406,0.6904168792539352,0.004769586974060965,119,2023-02-08,0.009903390258563497,bkpwar,Blackpoll Warbler
bkpwar,state,VEN-28,Táchira,SA,South America,postbreeding_migration,0.02676184271573407,5.929062312836957e-4,0.0029809244991444717,0.7011510848950222,0.0015774686048194869,63,2023-11-01,0.006927106895105852,bkpwar,Blackpoll Warbler
bkpwar,state,VEN-28,Táchira,SA,South America,prebreeding_migration,0.03818805419791035,2.584057701886141e-4,0.008143653332276707,0.6278117465371659,7.887327425523823e-4,28,2023-04-19,0.01275056092666732,bkpwar,Blackpoll Warbler
bkpwar,state,VEN-29,Trujillo,SA,South America,nonbreeding,0.03753354439837522,0.0042613271549036226,0.004263985367837445,0.7675630452980662,0.004475772623834471,119,2023-02-08,0.008240583702280828,bkpwar,Blackpoll Warbler
bkpwar,state,VEN-29,Trujillo,SA,South America,postbreeding_migration,0.011301065351661818,2.1133623848301853e-4,0.00106252445599553,0.35819397642416945,6.802240434762777e-4,63,2023-10-25,0.002569385115518514,bkpwar,Blackpoll Warbler
bkpwar,state,VEN-29,Trujillo,SA,South America,prebreeding_migration,0.04543836794529103,2.5952666568979983e-4,0.008178978334410765,0.8956524353761484,9.49783302085436e-4,28,2023-04-19,0.010899670242181284,bkpwar,Blackpoll Warbler
bkpwar,state,VEN-31,Zulia,SA,South America,nonbreeding,0.012482675125187664,0.0077831602103572975,0.00778801534031684,0.4738741366836545,0.015175393718689189,119,2023-01-04,0.019653018109172096,bkpwar,Blackpoll Warbler
bkpwar,state,VEN-31,Zulia,SA,South America,postbreeding_migration,0.02835988859713494,0.0029126084847527337,0.014643573520584511,0.41877695395129,0.004367566004255722,77,2023-10-25,0.07910833608733821,bkpwar,Blackpoll Warbler
bkpwar,state,VEN-31,Zulia,SA,South America,prebreeding_migration,0.02800956430485514,8.785947813561796e-4,0.027688899182435674,0.7868493355779043,0.004582469723881045,35,2023-04-19,0.05284242321017692,bkpwar,Blackpoll Warbler
bkpwar,state,VEN-32,Cojedes,SA,South America,nonbreeding,0.008747578634603388,0.0015925955369921385,0.0015935889969873208,0.44663165461045945,0.004176339521215919,119,2023-02-01,0.0036473418423643624,bkpwar,Blackpoll Warbler
bkpwar,state,VEN-32,Cojedes,SA,South America,postbreeding_migration,0.012254751470610788,3.674949999727717e-4,0.001847635917673069,0.29827804927481466,9.083376883632848e-4,49,2023-10-25,0.007230654785530254,bkpwar,Blackpoll Warbler
bkpwar,state,VEN-32,Cojedes,SA,South America,prebreeding_migration,0.06553037563960398,6.001976078595931e-4,0.018915217124225232,0.970160329006365,0.001649760383217642,28,2023-04-19,0.02099768102276513,bkpwar,Blackpoll Warbler
bkpwar,state,VEN-33,Carabobo,SA,South America,nonbreeding,0.017910141784071826,0.0011892354233975287,0.0011899772676326511,0.5941105268745004,0.0020261179278184783,119,2023-01-04,0.0035140524630998095,bkpwar,Blackpoll Warbler
bkpwar,state,VEN-33,Carabobo,SA,South America,postbreeding_migration,0.00385375574898946,4.2148515778649313e-5,2.119079487748472e-4,0.22588340076722668,2.508773949361956e-4,63,2023-12-06,8.37656251317511e-4,bkpwar,Blackpoll Warbler
bkpwar,state,VEN-33,Carabobo,SA,South America,prebreeding_migration,0.051241442643473606,1.711686103604341e-4,0.0053943757646180545,0.9527957518228306,5.909195310498977e-4,35,2023-04-19,0.008286100346684361,bkpwar,Blackpoll Warbler
bkpwar,state,VEN-34,Lara,SA,South America,nonbreeding,0.022176722322087956,0.005496849656529379,0.005500278587545729,0.690616619119573,0.008791888749863027,119,2023-01-04,0.013009502111149198,bkpwar,Blackpoll Warbler
bkpwar,state,VEN-34,Lara,SA,South America,postbreeding_migration,0.0045033442732551505,1.8385732486689716e-4,9.243701198017232e-4,0.19005616083552113,7.879648654136998e-4,42,2023-10-18,0.004323797335863075,bkpwar,Blackpoll Warbler
bkpwar,state,VEN-34,Lara,SA,South America,prebreeding_migration,0.0522335250333364,6.513280762316501e-4,0.02052659294154945,0.9631822205847111,0.0022298963511355966,28,2023-04-19,0.03237663388764887,bkpwar,Blackpoll Warbler
bkpwar,state,VEN-35,Portuguesa,SA,South America,nonbreeding,0.015721170260626464,0.0036541768852385425,0.003656456358253807,0.43684128768162767,0.005215032656908662,119,2023-01-18,0.009590436343214753,bkpwar,Blackpoll Warbler
bkpwar,state,VEN-35,Portuguesa,SA,South America,postbreeding_migration,0.005435260429346242,2.0809149980250113e-4,0.001046211048384457,0.19911282238904868,7.741271946098171e-4,49,2023-10-25,0.003435135154765888,bkpwar,Blackpoll Warbler
bkpwar,state,VEN-35,Portuguesa,SA,South America,prebreeding_migration,0.05609896028800459,6.559843385401171e-4,0.02067333496684023,0.9509182793608212,0.002064465407719591,28,2023-04-19,0.0227536387278716,bkpwar,Blackpoll Warbler
bkpwar,state,VEN-36,Yaracuy,SA,South America,nonbreeding,0.03487595302050065,0.0028293017463038228,0.002831066662777569,0.8825451010439017,0.003677212696570737,119,2023-01-04,0.008473559103967437,bkpwar,Blackpoll Warbler
bkpwar,state,VEN-36,Yaracuy,SA,South America,postbreeding_migration,0.002848854102981241,3.806735301067957e-5,1.9138929432640673e-4,0.17023071315774452,2.309933636771715e-4,56,2023-10-25,0.0010887086907592017,bkpwar,Blackpoll Warbler
bkpwar,state,VEN-36,Yaracuy,SA,South America,prebreeding_migration,0.05274114434123394,2.1524679608521676e-4,0.006783499017540502,0.9710954514011292,7.358254808819075e-4,35,2023-04-19,0.011108144137743315,bkpwar,Blackpoll Warbler
bkpwar,state,VEN-38,Amazonas,SA,South America,nonbreeding,0.01593217252488824,0.03764658339378413,0.037670067306484055,0.5945750418964068,0.07215823492965776,98,2023-12-13,0.10806582651680792,bkpwar,Blackpoll Warbler
bkpwar,state,VEN-38,Amazonas,SA,South America,postbreeding_migration,0.08060460648915646,0.03137182016845255,0.15772650444307532,0.6889265741495064,0.027229013387226192,49,2023-11-29,0.15173312598843794,bkpwar,Blackpoll Warbler
bkpwar,state,VEN-38,Amazonas,SA,South America,prebreeding_migration,0.003016863884392827,3.5862474047656563e-4,0.011302052429739192,0.03245916811453667,7.16386960037514e-4,14,2023-04-12,0.005267061033476872,bkpwar,Blackpoll Warbler
bkpwar,state,VEN-39,Bolívar,SA,South America,nonbreeding,0.026004718752108896,0.0857473077840801,0.08580079689540775,0.7868275212661665,0.13325285815864582,119,2023-02-15,0.1711656415349448,bkpwar,Blackpoll Warbler
bkpwar,state,VEN-39,Bolívar,SA,South America,postbreeding_migration,0.05525508216376865,0.030010266256970508,0.15088108910167236,0.7111929958081155,0.039225113041639406,56,2023-11-15,0.16231638963879932,bkpwar,Blackpoll Warbler
bkpwar,state,VEN-39,Bolívar,SA,South America,prebreeding_migration,0.004877677789880287,8.09124597545013e-4,0.0254995475535044,0.06140779287769197,0.001891261317166968,21,2023-04-19,0.012380643287624673,bkpwar,Blackpoll Warbler
bkpwar,state,VEN-40,Anzoátegui,SA,South America,nonbreeding,0.0052986696860810555,0.003276121522414712,0.0032781651647559567,0.6854582876169385,0.021767213973342945,119,2023-03-29,0.017244139339014346,bkpwar,Blackpoll Warbler
bkpwar,state,VEN-40,Anzoátegui,SA,South America,postbreeding_migration,0.0047215151568303065,4.808435905863648e-4,0.002417512860898996,0.2337273358010535,0.002417191539282864,63,2023-12-06,0.003567774426652731,bkpwar,Blackpoll Warbler
bkpwar,state,VEN-40,Anzoátegui,SA,South America,prebreeding_migration,0.006494944436150345,2.0202381106550245e-4,0.006366776875694204,0.27688281296324974,0.0015990015098747677,21,2023-04-19,0.007878000325165665,bkpwar,Blackpoll Warbler
bkpwar,state,VEN-41,Aragua,SA,South America,nonbreeding,0.010260485136520269,9.324741752306272e-4,9.330558519766148e-4,0.5012035402560197,0.002339438894750613,119,2023-01-04,0.002646801439401412,bkpwar,Blackpoll Warbler
bkpwar,state,VEN-41,Aragua,SA,South America,postbreeding_migration,0.005422353191101856,8.116821719414753e-5,4.080853167322202e-4,0.22172703600144983,3.3705127132964077e-4,63,2023-12-06,0.001034727093803818,bkpwar,Blackpoll Warbler
bkpwar,state,VEN-41,Aragua,SA,South America,prebreeding_migration,0.04561990949300489,2.0857262172488476e-4,0.006573162529194901,0.9604347758420144,8.152607113131755e-4,42,2023-04-19,0.00886991814992302,bkpwar,Blackpoll Warbler
bkpwar,state,VEN-42,Vargas,SA,South America,nonbreeding,0.026544533759781035,5.021474905161411e-4,5.024607297736435e-4,0.6589756437571186,6.402568252943905e-4,105,2023-01-04,0.0017238501128230609,bkpwar,Blackpoll Warbler
bkpwar,state,VEN-42,Vargas,SA,South America,postbreeding_migration,0.019908859016694588,6.203429536891458e-5,3.1188667127345646e-4,0.6652535025623603,2.1049983784987277e-4,63,2023-11-01,9.907592394204803e-4,bkpwar,Blackpoll Warbler
bkpwar,state,VEN-42,Vargas,SA,South America,prebreeding_migration,0.023283410907799063,2.21583164956888e-5,6.983189571813557e-4,0.7475957944510988,1.3209390041698624e-4,21,2023-04-19,8.158373724476236e-4,bkpwar,Blackpoll Warbler
bkpwar,state,VEN-43,Distrito Capital,SA,South America,nonbreeding,0.019011739040519934,9.223414907572043e-5,9.229168467416212e-5,0.687265539626191,1.712470615656537e-4,112,2023-01-04,4.032389812868342e-4,bkpwar,Blackpoll Warbler
bkpwar,state,VEN-43,Distrito Capital,SA,South America,postbreeding_migration,0.0057277611816646335,4.577033490036991e-6,2.301171845388764e-5,0.3390806085760664,2.751574371685982e-5,42,2023-12-06,1.7499960825249723e-4,bkpwar,Blackpoll Warbler
bkpwar,state,VEN-43,Distrito Capital,SA,South America,prebreeding_migration,0.030146971262367463,7.3577927632721155e-6,2.318807103691471e-4,0.9756298644554084,4.420940869137052e-5,28,2023-04-26,3.0542183150660354e-4,bkpwar,Blackpoll Warbler
bkpwar,state,VEN-44,Dependencias Federales,SA,South America,postbreeding_migration,0.035708950279513374,8.901110373394242e-5,4.4751659843736814e-4,0.390625,9.887949753394532e-5,35,2023-10-18,0.0022160182134523284,bkpwar,Blackpoll Warbler
bkpwar,state,VEN-45,Guárico,SA,South America,nonbreeding,0.0020988267588721446,0.0017873957680860076,0.0017885107443307016,0.4140051041702216,0.018108333614136187,98,2023-03-29,0.013612028782879992,bkpwar,Blackpoll Warbler
bkpwar,state,VEN-45,Guárico,SA,South America,postbreeding_migration,0.005746824548750027,8.061230852291083e-4,0.004052904029837367,0.16379341960328606,0.00233318396781879,63,2023-11-01,0.009587682264709518,bkpwar,Blackpoll Warbler
bkpwar,state,VEN-45,Guárico,SA,South America,prebreeding_migration,0.03211376752951869,0.0013758445109183254,0.04335971572096236,0.6528337765000517,0.005192858254248647,28,2023-04-19,0.035044885956985156,bkpwar,Blackpoll Warbler
bkpwar,state,VEN-46,Monagas,SA,South America,nonbreeding,0.0030339500670650533,0.0011292486490321286,0.0011299530735588642,0.4245605064835567,0.008116137616663776,119,2023-03-29,0.003907099654692794,bkpwar,Blackpoll Warbler
bkpwar,state,VEN-46,Monagas,SA,South America,postbreeding_migration,0.007775511653464968,4.766937026570673e-4,0.0023966486804528507,0.4317166505034585,0.002687746781654263,56,2023-11-29,0.003872250729735779,bkpwar,Blackpoll Warbler
bkpwar,state,VEN-46,Monagas,SA,South America,prebreeding_migration,3.450248809285756e-5,6.460491047537896e-7,2.0360226247666057e-5,0.003176484166603385,1.1043012533819224e-5,7,2023-04-12,4.6068733905424456e-5,bkpwar,Blackpoll Warbler
bkpwar,state,VEN-47,Miranda,SA,South America,nonbreeding,0.02363357124601411,0.002956623739922701,0.0029584680797680625,0.8236184546817195,0.0052920194936814016,119,2023-01-04,0.007978240432657076,bkpwar,Blackpoll Warbler
bkpwar,state,VEN-47,Miranda,SA,South America,postbreeding_migration,0.0212503565438442,4.378871650930334e-4,0.002201543025548293,0.6512395878668708,0.001362749090577395,63,2023-11-01,0.0059538635022685,bkpwar,Blackpoll Warbler
bkpwar,state,VEN-47,Miranda,SA,South America,prebreeding_migration,0.02993322167402749,1.883883892020659e-4,0.005937056793924657,0.9059636963889292,0.0010586129971089085,35,2023-04-19,0.00859193747623234,bkpwar,Blackpoll Warbler
bkpwar,state,VEN-48,Nueva Esparta,SA,South America,nonbreeding,1.0660898472899884e-4,2.6343164223021815e-6,2.635959707065588e-6,0.028708133971291867,3.643407557641744e-5,14,2023-03-22,3.0710396817013875e-5,bkpwar,Blackpoll Warbler
bkpwar,state,VEN-48,Nueva Esparta,SA,South America,postbreeding_migration,0.022051180503442527,8.975016659770716e-5,4.512323472029601e-4,0.3014354066985646,1.245881668927711e-4,35,2023-10-18,0.0019280177773858976,bkpwar,Blackpoll Warbler
bkpwar,state,VEN-49,Sucre,SA,South America,nonbreeding,0.006122043790353778,0.0010488193337400624,0.0010494735865155113,0.5449284324606407,0.004794820792481059,119,2023-12-13,0.0020716626952339908,bkpwar,Blackpoll Warbler
bkpwar,state,VEN-49,Sucre,SA,South America,postbreeding_migration,0.018988500680290156,5.35826532235999e-4,0.002693947799765412,0.722179284413056,0.0020694630671055643,63,2023-11-01,0.005618992589775118,bkpwar,Blackpoll Warbler
bkpwar,state,VEN-49,Sucre,SA,South America,prebreeding_migration,1.0497197116012406e-4,9.04714537131828e-7,2.8512062829305293e-5,0.02059794957780504,3.296005766131663e-5,14,2023-04-19,1.334695572176389e-4,bkpwar,Blackpoll Warbler
bkpwar,state,VEN-65,Delta Amacuro,SA,South America,nonbreeding,0.0057266978288040855,0.002972674436114455,0.002974528788373007,0.3270922891403895,0.008720513230678724,119,2023-02-15,0.005494385132998663,bkpwar,Blackpoll Warbler
bkpwar,state,VEN-65,Delta Amacuro,SA,South America,postbreeding_migration,0.009654231424939125,8.25448671533116e-4,0.004150066297046502,0.6861152321123922,0.005957287258494608,49,2023-11-29,0.008519841600915217,bkpwar,Blackpoll Warbler
bkpwar,state,VGB-001,British Virgin Islands,NA,North America,postbreeding_migration,0.023150376895574303,4.463241571287742e-5,5.5715199041177696e-5,0.13131313131313133,2.5708669358825788e-5,28,2023-10-18,0.0015521121159442577,bkpwar,Blackpoll Warbler
bkpwar,state,VIR-4868,Saint Thomas,NA,North America,postbreeding_migration,0.06766922166571021,4.2169484555930207e-5,5.264069147885366e-5,0.5,3.164143921086251e-5,28,2023-10-18,0.0013641432576159732,bkpwar,Blackpoll Warbler
bkpwar,state,VIR-4869,Saint John,NA,North America,postbreeding_migration,0.1291683268112441,6.037044939156833e-5,7.53611820093824e-5,0.5833333333333334,2.7686259309504694e-5,49,2023-10-18,0.001386240604574733,bkpwar,Blackpoll Warbler
bkpwar,state,VIR-4870,Saint Croix,NA,North America,postbreeding_migration,0.15579812954130923,1.72939511578044e-4,2.1588254087879824e-4,0.7543859649122807,8.503636787919299e-5,42,2023-10-18,0.004438869330652193,bkpwar,Blackpoll Warbler
