species_code,region_type,region_code,region_name,continent_code,continent_name,season,abundance_mean,total_pop_percent,continent_pop_percent,range_occupied_percent,range_total_percent,range_days_occupation,max_week,max_week_percent_pop,speciesCode,commonName
grefla3,country,AFG,Afghanistan,AS,Asia,breeding,0.05677286634584182,8.390963277189051e-4,0.0010473519390025374,0.0054142706054474184,0.0018169991452002315,28,2023-04-12,0.0018980904592604696,grefla3,Greater Flamingo
grefla3,country,AFG,Afghanistan,AS,Asia,nonbreeding,0.03581874905086278,2.747220367423832e-4,3.916427256399905e-4,0.0010821673702354974,2.1410775459358456e-4,0,2023-01-11,3.043062489135911e-4,grefla3,Greater Flamingo
grefla3,country,AFG,Afghanistan,AS,Asia,postbreeding_migration,0.0465748450196036,1.5767177347337735e-4,2.021824169913317e-4,0.003211408821111928,4.2221152703394576e-4,0,2023-10-25,4.60465258193709e-4,grefla3,Greater Flamingo
grefla3,country,ALB,Albania,EU,Europe,breeding,3.218053482747408,0.003522936454715155,0.06433335932153558,0.14771023372256684,0.003671689125901251,133,2023-04-19,0.009115330069178008,grefla3,Greater Flamingo
grefla3,country,ALB,Albania,EU,Europe,nonbreeding,4.590159124704385,0.007069296471339173,0.08020125036973098,0.09614940185262584,0.003819881757638496,77,2023-12-06,0.00997040876134465,grefla3,Greater Flamingo
grefla3,country,ALB,Albania,EU,Europe,postbreeding_migration,4.344467414645578,0.002953278808836139,0.070611159710379,0.1039670583183918,0.002744704643168887,126,2023-11-22,0.012702002099943313,grefla3,Greater Flamingo
grefla3,country,ARE,United Arab Emirates,AS,Asia,breeding,0.5590654883721277,0.003028752377231355,0.0037804594898840655,0.0355197125638917,0.004369324429423731,133,2023-03-08,0.008963030776825047,grefla3,Greater Flamingo
grefla3,country,ARE,United Arab Emirates,AS,Asia,nonbreeding,1.3716680535761328,0.008608004592932319,0.012271539702724776,0.043916796824261806,0.0071094990605855245,77,2023-12-06,0.013161482037739211,grefla3,Greater Flamingo
grefla3,country,ARE,United Arab Emirates,AS,Asia,postbreeding_migration,1.1924307041568805,0.0033029809366027325,0.0042354103992582465,0.0463214993668117,0.0049829609226753144,126,2023-09-27,0.009866978318902042,grefla3,Greater Flamingo
grefla3,country,ARM,Armenia,AS,Asia,breeding,0.32052658181382637,2.454126876449369e-4,3.063217484928074e-4,0.09152630263672802,0.00159119221069523,126,2023-06-28,9.099421034431172e-4,grefla3,Greater Flamingo
grefla3,country,ARM,Armenia,AS,Asia,nonbreeding,0.3198225718934868,2.836576187038167e-4,4.043812584350025e-4,0.04780060795389058,0.001093638121650316,28,2023-12-06,4.8534901344019215e-4,grefla3,Greater Flamingo
grefla3,country,ARM,Armenia,AS,Asia,postbreeding_migration,0.2679519279280285,1.3187237903362363e-4,1.6909986955856068e-4,0.05508859686328308,0.001052908475812534,91,2023-11-29,6.589947418399159e-4,grefla3,Greater Flamingo
grefla3,country,AZE,Azerbaijan,AS,Asia,breeding,1.4057704156141824,0.007013954138602513,0.008754749871341507,0.31163683777634166,0.035305395206939774,133,2023-03-08,0.0431563716624755,grefla3,Greater Flamingo
grefla3,country,AZE,Azerbaijan,AS,Asia,nonbreeding,6.10597565416066,0.02922279990796868,0.04165991611921985,0.3076902985063637,0.037987038591225805,77,2023-02-15,0.048130085103589015,grefla3,Greater Flamingo
grefla3,country,AZE,Azerbaijan,AS,Asia,postbreeding_migration,2.6991356178478045,0.006278864178623253,0.008051383628336564,0.2752667625902397,0.02486807185990852,98,2023-11-22,0.03198989386522265,grefla3,Greater Flamingo
grefla3,country,BGR,Bulgaria,EU,Europe,breeding,0.15384808016195997,3.4318712441870527e-4,0.006267039123059697,0.023862438915262543,0.0012086414947529752,133,2023-03-15,0.001053566562395299,grefla3,Greater Flamingo
grefla3,country,BGR,Bulgaria,EU,Europe,nonbreeding,0.32236525001693517,0.0011838507698036472,0.013430800699101944,0.028612321743560012,0.0027105456107982813,77,2023-12-06,0.002338099462604939,grefla3,Greater Flamingo
grefla3,country,BGR,Bulgaria,EU,Europe,postbreeding_migration,0.4239013192979843,6.871205855767215e-4,0.016428649155400158,0.03510764984121748,0.0022100490152386857,126,2023-11-22,0.005643735858937567,grefla3,Greater Flamingo
grefla3,country,BHR,Bahrain,AS,Asia,breeding,1.5638073523023204,1.8668093008475297e-4,2.3301333546601097e-4,0.3437607556820724,9.31787256699994e-4,119,2023-03-15,7.544099361725704e-4,grefla3,Greater Flamingo
grefla3,country,BHR,Bahrain,AS,Asia,nonbreeding,8.637936902227642,0.0011944806379478275,0.0017028472062791376,0.4069845451904493,0.0014517835913324816,77,2023-12-06,0.001997032900934501,grefla3,Greater Flamingo
grefla3,country,BHR,Bahrain,AS,Asia,postbreeding_migration,3.1724889889361574,1.936371407859918e-4,2.483007851117564e-4,0.32739119588768806,7.760460453986937e-4,126,2023-11-29,0.001179145854151534,grefla3,Greater Flamingo
grefla3,country,BIH,Bosnia and Herzegovina,EU,Europe,breeding,0.008521811801019123,2.948946254729902e-6,5.3851558625622366e-5,0.007302281535521485,5.737692343400544e-5,0,2023-03-15,4.092561525996044e-5,grefla3,Greater Flamingo
grefla3,country,BIH,Bosnia and Herzegovina,EU,Europe,nonbreeding,0.14486828717147718,5.8071176632994194e-5,6.588181716935924e-4,0.01106695686689954,1.144380361884922e-4,0,2023-01-18,9.548938567832296e-5,grefla3,Greater Flamingo
grefla3,country,BIH,Bosnia and Herzegovina,EU,Europe,postbreeding_migration,0.03564600083693294,6.306923513556096e-6,1.5079483256521872e-4,0.007302281535521485,5.017614366190229e-5,0,2023-11-22,9.683808932739749e-5,grefla3,Greater Flamingo
grefla3,country,BWA,Botswana,AF,Africa,breeding,0.02284000849964552,7.367463986543987e-4,0.005113471489435956,0.002779518103858156,0.0020357996411273413,14,2023-07-05,0.0012395107388390725,grefla3,Greater Flamingo
grefla3,country,BWA,Botswana,AF,Africa,nonbreeding,0.007193885390818014,2.656350800785491e-4,0.0012625560131398275,0.0017868037807291502,0.0017019768744762247,14,2023-01-11,3.7072406045171754e-4,grefla3,Greater Flamingo
grefla3,country,BWA,Botswana,AF,Africa,postbreeding_migration,0.003662074745714378,4.483691916921352e-5,2.5143178194769354e-4,0.0011360121147186869,5.401613154089684e-4,0,2023-08-16,2.1138246944088545e-4,grefla3,Greater Flamingo
grefla3,country,CYP,Cyprus,AS,Asia,breeding,0.6307890710723224,4.3303317806176297e-4,5.40507834098581e-4,0.02656767013895214,4.141276696444418e-4,133,2023-06-28,7.687295563870748e-4,grefla3,Greater Flamingo
grefla3,country,CYP,Cyprus,AS,Asia,nonbreeding,1.3440941487506093,0.0010688557166506371,0.001523756780303308,0.02372113405263584,4.866085331672376e-4,77,2023-01-11,0.0018850839520344784,grefla3,Greater Flamingo
grefla3,country,CYP,Cyprus,AS,Asia,postbreeding_migration,0.861773864168353,3.0248383000249527e-4,3.878748269488187e-4,0.02656767013895214,3.6215482118605704e-4,126,2023-11-01,0.0020989063945726903,grefla3,Greater Flamingo
grefla3,country,DEU,Germany,EU,Europe,breeding,2.9545564421724727e-5,1.7965022246915276e-7,3.2806445596919763e-6,0.0010413153143463338,1.437677546064083e-4,0,2023-05-31,7.319831336930199e-7,grefla3,Greater Flamingo
grefla3,country,DEU,Germany,EU,Europe,postbreeding_migration,7.230895649764031e-7,2.2480159857639816e-9,5.374874032459591e-8,2.4352168984828e-4,2.940200219944085e-5,0,2023-08-16,3.545776459313981e-7,grefla3,Greater Flamingo
grefla3,country,DJI,Djibouti,AF,Africa,nonbreeding,0.28274059940602725,4.958305454922857e-4,0.00235666854138607,0.07794109337529767,0.003525871465010503,49,2023-02-08,6.873953029553692e-4,grefla3,Greater Flamingo
grefla3,country,DJI,Djibouti,AF,Africa,postbreeding_migration,0.9030945651434712,7.614654272392521e-4,0.0042700661153763485,0.16572692579578233,0.005426777197872614,70,2023-11-15,0.004146690874680863,grefla3,Greater Flamingo
grefla3,country,DZA,Algeria,AF,Africa,breeding,1.0300344000595014,0.00485285926817939,0.033681817183501196,0.015761274564635896,0.0016860912264095131,63,2023-05-03,0.015852432101202612,grefla3,Greater Flamingo
grefla3,country,DZA,Algeria,AF,Africa,nonbreeding,0.23703217809300292,0.004175752970612346,0.019847235616900192,0.003512134942494585,0.0015960759887885393,21,2023-12-13,0.009646076932875973,grefla3,Greater Flamingo
grefla3,country,DZA,Algeria,AF,Africa,postbreeding_migration,2.555421056889859,0.0041142670802555336,0.023071556265794352,0.016755573260537115,0.0010476621612882364,91,2023-10-18,0.017361938724315913,grefla3,Greater Flamingo
grefla3,country,EGY,Egypt,AF,Africa,breeding,0.10772340737583634,0.0027171790959143577,0.01885888802989194,0.01348015144877912,0.007720522984085665,49,2023-07-12,0.014259393518666666,grefla3,Greater Flamingo
grefla3,country,EGY,Egypt,AF,Africa,nonbreeding,0.08030711176510427,0.005044627080573903,0.02397696965605305,0.00911699147712254,0.014773435066957332,21,2023-12-06,0.018639780690096308,grefla3,Greater Flamingo
grefla3,country,EGY,Egypt,AF,Africa,postbreeding_migration,0.2913216595531202,0.003644673373277868,0.02043821783120608,0.014667971044626691,0.007126689516911337,84,2023-11-08,0.024578655316551443,grefla3,Greater Flamingo
grefla3,country,ERI,Eritrea,AF,Africa,nonbreeding,0.2746226344246387,0.0014884988087362808,0.0070747926853853135,0.05997542696694621,0.008385720626461262,42,2023-02-08,0.00213065578075535,grefla3,Greater Flamingo
grefla3,country,ERI,Eritrea,AF,Africa,postbreeding_migration,1.0773820975280062,9.84396746588401e-4,0.005520197032363928,0.15318936902598718,0.005435769071646456,49,2023-11-15,0.0036753107730093065,grefla3,Greater Flamingo
grefla3,country,ESP,Spain,EU,Europe,breeding,0.6865310616420941,0.01613669981015075,0.2946769322962768,0.01710262606764,0.009127694476996288,133,2023-07-12,0.04240487260580272,grefla3,Greater Flamingo
grefla3,country,ESP,Spain,EU,Europe,nonbreeding,0.7168325567340288,0.020653087373952453,0.23430951553691304,0.02048522076521613,0.015225192350081644,77,2023-02-15,0.031065854975144257,grefla3,Greater Flamingo
grefla3,country,ESP,Spain,EU,Europe,postbreeding_migration,0.802804373449311,0.011409310579799051,0.27278990697562927,0.01839910916944839,0.010154964861724068,126,2023-08-02,0.05331913387789984,grefla3,Greater Flamingo
grefla3,country,ETH,Ethiopia,AF,Africa,breeding,0.12164007176766747,0.008775958994199317,0.06091053338198672,0.011055712765698144,0.01811125021217328,56,2023-03-29,0.028977577128910456,grefla3,Greater Flamingo
grefla3,country,ETH,Ethiopia,AF,Africa,nonbreeding,0.07541134230460957,0.006302414615140736,0.029955198188783328,0.010564665733556258,0.022776182742181555,77,2023-12-27,0.010931914312635464,grefla3,Greater Flamingo
grefla3,country,ETH,Ethiopia,AF,Africa,postbreeding_migration,0.175783711182391,0.006970277715392864,0.03908719374846975,0.022014792504076806,0.033901429034460494,84,2023-11-15,0.02226344599825569,grefla3,Greater Flamingo
grefla3,country,FRA,France,EU,Europe,breeding,2.741214263950084,0.010148826840195758,0.18533065588750416,0.06562486506563138,0.0055167721706206,133,2023-04-05,0.025916486324744952,grefla3,Greater Flamingo
grefla3,country,FRA,France,EU,Europe,nonbreeding,2.3639347428125013,0.01206518311069265,0.13687964217378557,0.05396090981103711,0.007104484584241669,77,2023-12-06,0.016853985074881814,grefla3,Greater Flamingo
grefla3,country,FRA,France,EU,Europe,postbreeding_migration,2.821648304904554,0.007190455368811943,0.17191955968343628,0.056170608957595416,0.0055589734719285805,126,2023-08-09,0.032039275400349544,grefla3,Greater Flamingo
grefla3,country,GEO,Georgia,AS,Asia,breeding,0.04835070511047317,8.531864288896366e-5,1.0649390673147603e-4,0.02511303821262451,0.001006199623150949,98,2023-03-08,1.7769785568204688e-4,grefla3,Greater Flamingo
grefla3,country,GEO,Georgia,AS,Asia,nonbreeding,0.07300682061944548,1.0850733273730925e-4,1.5468765465296582e-4,0.006298943920259629,2.4150063271896296e-4,0,2023-12-06,7.385964301863844e-5,grefla3,Greater Flamingo
grefla3,country,GEO,Georgia,AS,Asia,postbreeding_migration,0.03829822010846599,6.491384122279663e-5,8.323897819816562e-5,0.010374226871546452,6.828831792488335e-4,91,2023-11-15,2.4332908592877828e-4,grefla3,Greater Flamingo
grefla3,country,GMB,Gambia,AF,Africa,nonbreeding,1.7647147625738953,0.001378496220833333,0.006551953500226709,0.07593576393115796,0.0015301440090433004,70,2023-02-01,0.00348958291545871,grefla3,Greater Flamingo
grefla3,country,GMB,Gambia,AF,Africa,postbreeding_migration,1.2219384211910618,4.21308122732025e-4,0.0023625675896189976,0.1161297429391238,0.0015549840279828048,56,2023-10-25,0.0017023969107782984,grefla3,Greater Flamingo
grefla3,country,GNB,Guinea Bissau,AF,Africa,nonbreeding,0.34975881490536415,8.585891891998231e-4,0.0040808501020292145,0.038608758202103265,0.00244487950088563,35,2023-01-04,0.0024748708529073768,grefla3,Greater Flamingo
grefla3,country,GNB,Guinea Bissau,AF,Africa,postbreeding_migration,0.374328352641436,4.055915709558329e-4,0.002274433955721277,0.06798107053203718,0.0028605935377251568,49,2023-11-01,0.001362660491624869,grefla3,Greater Flamingo
grefla3,country,GRC,Greece,EU,Europe,breeding,0.8304204401331478,0.0086884118832293,0.15866159688153791,0.05554282218597333,0.013195142336843836,133,2023-03-08,0.024647754318585523,grefla3,Greater Flamingo
grefla3,country,GRC,Greece,EU,Europe,nonbreeding,2.1844639180442313,0.026475223062397097,0.30036171237553844,0.037666893443327895,0.011776315557622302,77,2023-01-11,0.03665941763291538,grefla3,Greater Flamingo
grefla3,country,GRC,Greece,EU,Europe,postbreeding_migration,1.644270151141651,0.009343904781679223,0.22340726885780912,0.036287982162119085,0.008008478362295367,126,2023-11-01,0.04011737490820813,grefla3,Greater Flamingo
grefla3,country,HRV,Croatia,EU,Europe,breeding,0.2077263489302152,3.475829476665265e-4,0.006347312520025897,0.05500800238160217,0.002089952972374229,35,2023-03-22,0.0031724866475392427,grefla3,Greater Flamingo
grefla3,country,HRV,Croatia,EU,Europe,nonbreeding,0.32337450029228343,8.918903322137364e-4,0.010118506152093237,0.05972341340677535,0.004249180558396262,77,2023-12-06,0.002803101977751112,grefla3,Greater Flamingo
grefla3,country,HRV,Croatia,EU,Europe,postbreeding_migration,0.22358282039216412,2.7218461083511347e-4,0.006507773993055432,0.09802415499391295,0.0046343646170622305,77,2023-11-29,0.0021919758862866145,grefla3,Greater Flamingo
grefla3,country,IND,India,AS,Asia,breeding,2.870057766928247,0.4445715165014969,0.5549098767944122,0.07028402300952169,0.2472016552043733,133,2023-06-14,0.6063078259888569,grefla3,Greater Flamingo
grefla3,country,IND,India,AS,Asia,nonbreeding,1.802272472060763,0.3157758245283317,0.4501688545846879,0.03897184865599701,0.176142564310331,77,2023-12-20,0.48597581393365624,grefla3,Greater Flamingo
grefla3,country,IND,India,AS,Asia,postbreeding_migration,7.617926587595123,0.6181756834768832,0.7926862941750832,0.08405391375870488,0.26488967506981137,126,2023-09-20,0.9175420987423826,grefla3,Greater Flamingo
grefla3,country,IRN,Iran,AS,Asia,breeding,0.2518036772469581,0.02948950257181813,0.03680851253726463,0.03478215924415159,0.0924923223122782,133,2023-03-08,0.05186561883606497,grefla3,Greater Flamingo
grefla3,country,IRN,Iran,AS,Asia,nonbreeding,0.4150314746187936,0.05318646922210768,0.07582243499762216,0.022508115666592544,0.07440705990448819,77,2023-12-06,0.09873160905948268,grefla3,Greater Flamingo
grefla3,country,IRN,Iran,AS,Asia,postbreeding_migration,0.3738959227582942,0.021804072291068653,0.0279593483281669,0.02922667223504478,0.06619088824100906,126,2023-11-29,0.09536443101518358,grefla3,Greater Flamingo
grefla3,country,IRQ,Iraq,AS,Asia,breeding,0.3365577242598613,0.010611229809222836,0.013244834649799728,0.07738879991927433,0.05540233076910014,133,2023-06-28,0.018284438379311894,grefla3,Greater Flamingo
grefla3,country,IRQ,Iraq,AS,Asia,nonbreeding,0.2956286113784308,0.010780733514179028,0.01536897406541425,0.0378876783525473,0.03564139714735531,35,2023-12-06,0.044548686696285825,grefla3,Greater Flamingo
grefla3,country,IRQ,Iraq,AS,Asia,postbreeding_migration,0.40154557365220256,0.006473107706041585,0.008300461982649563,0.05003266591305636,0.03132301731621106,126,2023-09-27,0.03627864158743637,grefla3,Greater Flamingo
grefla3,country,ISR,Israel,AS,Asia,breeding,0.032496358012044986,5.0983074388954675e-5,6.363658146704487e-5,0.016200210295944914,5.771062108780312e-4,133,2023-07-12,2.968722348245086e-4,grefla3,Greater Flamingo
grefla3,country,ISR,Israel,AS,Asia,nonbreeding,0.0663657821579964,1.2061128071006853e-4,1.7194299838609834e-4,0.021214223913147912,9.945479787613989e-4,77,2023-12-06,2.246438150603653e-4,grefla3,Greater Flamingo
grefla3,country,ISR,Israel,AS,Asia,postbreeding_migration,0.08883962576594898,7.126394876106258e-5,9.138171714223076e-5,0.021610750253789696,6.732323292902852e-4,126,2023-08-02,4.985637619999784e-4,grefla3,Greater Flamingo
grefla3,country,ITA,Italy,EU,Europe,breeding,0.9106733375271076,0.012916596181409067,0.23587369060761312,0.054283078224385155,0.017482103768561793,133,2023-03-22,0.030491477045945466,grefla3,Greater Flamingo
grefla3,country,ITA,Italy,EU,Europe,nonbreeding,0.7722739464839967,0.012635951852336074,0.14335502016045654,0.051372824622297246,0.02168327623793211,77,2023-12-06,0.019462432277552483,grefla3,Greater Flamingo
grefla3,country,ITA,Italy,EU,Europe,postbreeding_migration,0.9366982624110114,0.006771958972784317,0.16191355694176818,0.07177234456474402,0.020151328978852745,126,2023-08-23,0.03722212837537016,grefla3,Greater Flamingo
grefla3,country,JOR,Jordan,AS,Asia,breeding,0.02500827826157489,7.924424590158836e-5,9.8911903029596e-5,0.008578249285636734,6.172006470590995e-4,63,2023-07-12,4.386301069789599e-4,grefla3,Greater Flamingo
grefla3,country,JOR,Jordan,AS,Asia,nonbreeding,0.07141012568474966,7.691706046389708e-5,1.0965267863293026e-4,0.01394326762846717,3.874202554335562e-4,35,2023-12-06,1.4438798328968386e-4,grefla3,Greater Flamingo
grefla3,country,JOR,Jordan,AS,Asia,postbreeding_migration,0.0328337177299188,5.101016533874061e-5,6.541030326557102e-5,0.007165585465737557,4.323349120526959e-4,70,2023-08-02,7.116728714296733e-4,grefla3,Greater Flamingo
grefla3,country,KAZ,Kazakhstan,AS,Asia,breeding,0.28762498488849714,0.021621908776712297,0.026988257884274603,0.023144556477150018,0.03950572629985759,14,2023-05-31,0.015112235425805715,grefla3,Greater Flamingo
grefla3,country,KAZ,Kazakhstan,AS,Asia,nonbreeding,0.029560183801844924,4.1573127400596263e-4,5.926649759013012e-4,7.026771632585725e-4,2.549272635578996e-4,0,2023-02-15,4.747592819327309e-4,grefla3,Greater Flamingo
grefla3,country,KAZ,Kazakhstan,AS,Asia,postbreeding_migration,0.19469727108639165,0.001208606376623101,0.001549795204517402,0.01738626352707489,0.004191439779938842,7,2023-10-11,0.0018904588403381,grefla3,Greater Flamingo
grefla3,country,KEN,Kenya,AF,Africa,breeding,0.4014820808660183,0.016876252970166393,0.11713153748571702,0.03656337104029129,0.03489794516449763,133,2023-07-05,0.03557094662095815,grefla3,Greater Flamingo
grefla3,country,KEN,Kenya,AF,Africa,nonbreeding,0.21093328822710763,0.010270873136836986,0.04881716916032067,0.025194396056644423,0.03164616390016535,77,2023-01-11,0.024674351730896847,grefla3,Greater Flamingo
grefla3,country,KEN,Kenya,AF,Africa,postbreeding_migration,0.8071354742911445,0.01734714977486754,0.09727753066948698,0.06444030735885013,0.05378624825132118,126,2023-09-27,0.08248164382487257,grefla3,Greater Flamingo
grefla3,country,KWT,Kuwait,AS,Asia,breeding,0.3545967206098525,4.846008653848067e-4,6.048741237884573e-4,0.0447642987572652,0.0013890728471729996,133,2023-03-08,0.002414260451223768,grefla3,Greater Flamingo
grefla3,country,KWT,Kuwait,AS,Asia,nonbreeding,2.9533094354124696,0.004675314228678171,0.006665110776897716,0.029035450573788795,0.0011857286153663352,77,2023-12-20,0.006399046762824358,grefla3,Greater Flamingo
grefla3,country,KWT,Kuwait,AS,Asia,postbreeding_migration,0.7278273282484521,5.085687392394104e-4,6.521373777978081e-4,0.033801768205145286,9.172604713582208e-4,126,2023-11-29,0.003808131738266737,grefla3,Greater Flamingo
grefla3,country,LBN,Lebanon,AS,Asia,breeding,0.011532294069504187,7.9515324483985e-6,9.92502607002427e-6,0.007678320281722515,1.2021125105763856e-4,70,2023-06-28,4.026842049518466e-5,grefla3,Greater Flamingo
grefla3,country,LBN,Lebanon,AS,Asia,nonbreeding,0.045561273541427694,2.332251924167699e-5,3.324849769211224e-5,0.003136319786721425,4.141472879377644e-5,14,2023-01-11,5.265456000048526e-5,grefla3,Greater Flamingo
grefla3,country,LBN,Lebanon,AS,Asia,postbreeding_migration,0.015973756137884206,5.631369312997822e-6,7.221101365140411e-6,0.005788905452722409,7.925658806840922e-5,42,2023-08-23,4.636965785796384e-5,grefla3,Greater Flamingo
grefla3,country,LBY,Libya,AF,Africa,nonbreeding,3.5795730271091,0.002820482841676545,0.013405675073726805,0.05895685957946029,0.0011983438629129004,0,2023-02-15,0.0030568567656008606,grefla3,Greater Flamingo
grefla3,country,LBY,Libya,AF,Africa,postbreeding_migration,1.8387127047374252,0.004854579164949078,0.02722300088109964,0.010667507302671754,0.001093786642967253,14,2023-11-08,0.01212314132503763,grefla3,Greater Flamingo
grefla3,country,LKA,Sri Lanka,AS,Asia,breeding,2.234223258201629,0.0021477676890463687,0.002680822903569278,0.29746524781556494,0.006492930249068213,70,2023-03-08,0.008926474038947781,grefla3,Greater Flamingo
grefla3,country,LKA,Sri Lanka,AS,Asia,nonbreeding,9.92077520548631,0.01299402156422146,0.01852422937301043,0.2465645455711404,0.008330738087823109,77,2023-01-25,0.029013796740825305,grefla3,Greater Flamingo
grefla3,country,LKA,Sri Lanka,AS,Asia,postbreeding_migration,0.4690465068480753,2.305411603021643e-4,2.956227863685943e-4,0.1748201228619949,0.0033369979952143827,84,2023-11-29,0.0022116684414921887,grefla3,Greater Flamingo
grefla3,country,LSO,Lesotho,AF,Africa,breeding,0.0018640894084715723,1.5235037713860002e-6,1.0574049786003598e-5,0.0038652042459150007,7.172870807219021e-5,35,2023-07-05,8.467495345920305e-6,grefla3,Greater Flamingo
grefla3,country,LSO,Lesotho,AF,Africa,nonbreeding,0.0028016560351824434,2.6524303682068343e-6,1.2606926426373964e-5,0.0031728008922701336,7.748664803531819e-5,21,2023-12-27,1.1540958036966714e-5,grefla3,Greater Flamingo
grefla3,country,LSO,Lesotho,AF,Africa,postbreeding_migration,0.002225283038955417,7.072654260213829e-7,3.9661290220103716e-6,0.002523371590422061,3.114657780286023e-5,0,2023-11-29,4.8204755413558605e-6,grefla3,Greater Flamingo
grefla3,country,MAR,Morocco,AF,Africa,breeding,0.0905961229091545,0.003927929878121355,0.02726224041401669,0.013953815546811622,0.013736967083292664,91,2023-04-12,0.007606059305193601,grefla3,Greater Flamingo
grefla3,country,MAR,Morocco,AF,Africa,nonbreeding,0.1375356168216102,0.006907512429932594,0.03283121096682952,0.05610280351575835,0.07268519138338761,77,2023-02-01,0.009952537645700315,grefla3,Greater Flamingo
grefla3,country,MAR,Morocco,AF,Africa,postbreeding_migration,0.1628621890256163,0.0030270541721440425,0.016974797525271788,0.102550705555195,0.07402365652226782,105,2023-08-30,0.007681135064664238,grefla3,Greater Flamingo
grefla3,country,MDG,Madagascar,AF,Africa,postbreeding_migration,0.13759235234433023,8.628609136036979e-4,0.004838661110091568,0.02740359147442477,0.006673995990428765,49,2023-11-08,0.003126615655751859,grefla3,Greater Flamingo
grefla3,country,MKD,Macedonia,EU,Europe,breeding,0.018989175488446763,1.9440328223708596e-6,3.550054441857812e-5,0.019578330921609932,4.551105634535529e-5,0,2023-03-29,2.2659608731991424e-5,grefla3,Greater Flamingo
grefla3,country,MKD,Macedonia,EU,Europe,postbreeding_migration,0.043679324551491934,1.3658730140705562e-6,3.265722059565424e-5,0.011595487108924716,1.4081708960864151e-5,7,2023-11-01,1.0797305112873808e-4,grefla3,Greater Flamingo
grefla3,country,MLT,Malta,EU,Europe,nonbreeding,0.7270003825362221,7.260900554325609e-6,8.237500091106976e-5,0.1510980916786596,3.892868265337901e-5,28,2023-01-25,3.186131731008018e-5,grefla3,Greater Flamingo
grefla3,country,MLT,Malta,EU,Europe,postbreeding_migration,0.6220931534677423,6.579892961747179e-6,1.573213715579495e-4,0.2833892593248629,1.1640690680980406e-4,91,2023-08-16,1.5337882306553887e-4,grefla3,Greater Flamingo
grefla3,country,MNE,Montenegro,EU,Europe,breeding,1.9267543392972843,6.128828661253372e-4,0.011192030896748577,0.12440156565167884,8.985055141034821e-4,133,2023-04-12,0.0025376268921963895,grefla3,Greater Flamingo
grefla3,country,MNE,Montenegro,EU,Europe,nonbreeding,4.907495722186102,0.001786341288449676,0.020266062613384855,0.12800164880486234,0.0012019183046473962,77,2023-12-06,0.0033566809919864313,grefla3,Greater Flamingo
grefla3,country,MNE,Montenegro,EU,Europe,postbreeding_migration,5.353598267156921,8.707004037041107e-4,0.020817934656860795,0.12244267989594004,7.733707626385244e-4,126,2023-11-01,0.0046554107253170786,grefla3,Greater Flamingo
grefla3,country,MOZ,Mozambique,AF,Africa,breeding,0.23034415990861223,0.0050991517462207325,0.03539123791067018,0.05077916419750387,0.025524076929581738,133,2023-03-08,0.0058759910764846855,grefla3,Greater Flamingo
grefla3,country,MOZ,Mozambique,AF,Africa,nonbreeding,0.28544924011383244,0.007319847002364507,0.03479102551276753,0.04779446077054084,0.03161590058843143,77,2023-12-06,0.009844778493449538,grefla3,Greater Flamingo
grefla3,country,MOZ,Mozambique,AF,Africa,postbreeding_migration,0.3144556409766797,0.0035591963969142408,0.019958888990580376,0.04541649849907975,0.019963568179441084,126,2023-11-29,0.00977262034491328,grefla3,Greater Flamingo
grefla3,country,MRT,Mauritania,AF,Africa,breeding,0.04997016966002348,0.0011667032939814976,0.008097635823265092,0.00599276580229983,0.003177025288828885,21,2023-04-05,0.002314287200184529,grefla3,Greater Flamingo
grefla3,country,MRT,Mauritania,AF,Africa,nonbreeding,0.44994119271760685,0.02020525036462801,0.09603498279411486,0.01770937419474941,0.020514766317259833,77,2023-01-04,0.04375206500723236,grefla3,Greater Flamingo
grefla3,country,MRT,Mauritania,AF,Africa,postbreeding_migration,0.27394906881735875,0.0029119080173591757,0.016329092971559656,0.032734402887677115,0.013512764342600877,56,2023-11-01,0.008551920002227886,grefla3,Greater Flamingo
grefla3,country,NAM,Namibia,AF,Africa,breeding,0.8346756741694887,0.02750759212466715,0.19091954616869533,0.015646078281358302,0.011708036947840105,133,2023-04-12,0.04443952437815137,grefla3,Greater Flamingo
grefla3,country,NAM,Namibia,AF,Africa,nonbreeding,1.2395285489382804,0.04731989096226103,0.2249101016998853,0.013728869692200453,0.013520005335513957,77,2023-12-06,0.10703456247024902,grefla3,Greater Flamingo
grefla3,country,NAM,Namibia,AF,Africa,postbreeding_migration,1.4480387808637547,0.024399832512427267,0.13682682667539903,0.01616143333358305,0.010575927942414276,126,2023-08-16,0.1260708452799245,grefla3,Greater Flamingo
grefla3,country,NLD,Netherlands,EU,Europe,breeding,2.2158667880272265e-4,5.036454872905559e-7,9.197215595860924e-6,0.015842212870772938,8.176000499253316e-4,35,2023-06-07,2.7910398672672985e-6,grefla3,Greater Flamingo
grefla3,country,NLD,Netherlands,EU,Europe,postbreeding_migration,2.9326046796288106e-4,3.721965723883537e-7,8.899001184018543e-6,0.06264502481082464,0.0030877162801519788,28,2023-08-16,1.6071923509236825e-5,grefla3,Greater Flamingo
grefla3,country,OMN,Oman,AS,Asia,breeding,0.15175904497347484,0.0034651015812263548,0.004325106355552954,0.010954745430688853,0.005679465183695202,133,2023-03-15,0.01257142115089442,grefla3,Greater Flamingo
grefla3,country,OMN,Oman,AS,Asia,nonbreeding,0.19052195058180313,0.004948888693098741,0.007055117527654464,0.010573616380393476,0.00708502024291498,77,2023-12-06,0.010004108598675263,grefla3,Greater Flamingo
grefla3,country,OMN,Oman,AS,Asia,postbreeding_migration,0.11087442976282393,0.0012711989248613564,0.0016300575901662432,0.01106743912343383,0.004927892388281705,112,2023-11-29,0.008352498494320362,grefla3,Greater Flamingo
grefla3,country,PAK,Pakistan,AS,Asia,breeding,5.962130249840369,0.21242691552221252,0.2651492260410054,0.07147770650152435,0.057825907676663825,133,2023-06-14,0.297681169593617,grefla3,Greater Flamingo
grefla3,country,PAK,Pakistan,AS,Asia,nonbreeding,3.031350748706127,0.12511133424084525,0.17835825815636547,0.052745921992374,0.056157043099032085,77,2023-01-25,0.1775323186256012,grefla3,Greater Flamingo
grefla3,country,PAK,Pakistan,AS,Asia,postbreeding_migration,2.7357736974245483,0.07047457584463675,0.09036950474279692,0.05064885993608208,0.05067035314609343,126,2023-09-13,0.11131653542285748,grefla3,Greater Flamingo
grefla3,country,PRT,Portugal,EU,Europe,breeding,0.7951091677062443,0.002000992320466694,0.036540698251858066,0.045055618224634296,0.0025746095750124732,133,2023-07-12,0.005127300025599676,grefla3,Greater Flamingo
grefla3,country,PRT,Portugal,EU,Europe,nonbreeding,0.7211690639989802,0.003765126021243216,0.042715398332433055,0.024039559905159623,0.0032376046854025488,77,2023-12-06,0.005627645091290248,grefla3,Greater Flamingo
grefla3,country,PRT,Portugal,EU,Europe,postbreeding_migration,0.7121643443055514,0.0017063402079717071,0.04079759099778806,0.030899023113037435,0.002875160567781955,126,2023-08-09,0.00627662521884506,grefla3,Greater Flamingo
grefla3,country,PSX,Palestinian Territory,AS,Asia,breeding,0.003754591084578909,1.5421067832112108e-6,1.9248428055167116e-6,0.0015859177078135515,1.4790273915872922e-5,56,2023-07-12,1.171865401989637e-5,grefla3,Greater Flamingo
grefla3,country,PSX,Palestinian Territory,AS,Asia,postbreeding_migration,0.005450812671841491,1.1446821020437775e-6,1.467825147010264e-6,0.0028590352347443284,2.331713027150869e-5,63,2023-08-02,1.582627399060618e-5,grefla3,Greater Flamingo
grefla3,country,QAT,Qatar,AS,Asia,breeding,0.37903832698371304,3.474687749077222e-4,4.3370717177581544e-4,0.04771743216224624,9.932383671761309e-4,133,2023-03-08,0.0013607594224272913,grefla3,Greater Flamingo
grefla3,country,QAT,Qatar,AS,Asia,nonbreeding,1.2925679661822649,0.0013725824033804636,0.0019567484283377853,0.06506441315416897,0.0017823107811665948,77,2023-12-06,0.0021423862093057256,grefla3,Greater Flamingo
grefla3,country,QAT,Qatar,AS,Asia,postbreeding_migration,0.3563211436081863,1.6701138696168376e-4,2.1415859755449045e-4,0.05128265089838347,9.334840713782976e-4,126,2023-11-29,0.0010698971611577189,grefla3,Greater Flamingo
grefla3,country,ROU,Romania,EU,Europe,breeding,0.01387477173170232,3.087172511484639e-5,5.637574819241725e-4,0.0074011181737175325,3.7391781424542746e-4,0,2023-03-08,3.398427116113885e-4,grefla3,Greater Flamingo
grefla3,country,ROU,Romania,EU,Europe,nonbreeding,0.4756016472885971,0.0015411079153058403,0.01748388715388024,0.02206186914756609,0.0018441102596470631,35,2023-12-06,0.0025155458160334774,grefla3,Greater Flamingo
grefla3,country,ROU,Romania,EU,Europe,postbreeding_migration,0.34507830662364875,6.017888058653429e-4,0.014388416479926627,0.02676141951710334,0.0018124563200778764,70,2023-11-08,0.003755570696960247,grefla3,Greater Flamingo
grefla3,country,RUS,Russia,AS,Asia,breeding,0.3715644349864491,0.001387993095390101,0.0017324795875711988,0.01360109537987446,0.001153641365438088,0,2023-03-08,0.004491442788782629,grefla3,Greater Flamingo
grefla3,country,RUS,Russia,AS,Asia,nonbreeding,0.19575291993709945,8.470592676461105e-4,0.0012075645779760502,0.006451801654555833,7.201806290875116e-4,0,2023-02-15,8.855760630907825e-4,grefla3,Greater Flamingo
grefla3,country,RUS,Russia,AS,Asia,postbreeding_migration,0.5861534155421894,0.0019150993484047707,0.0024557307025177785,0.12069130345500834,0.015313975295867557,0,2023-10-04,0.003727927234129168,grefla3,Greater Flamingo
grefla3,country,SAH,Western Sahara,AF,Africa,breeding,0.008662945404083773,5.689077414575109e-5,3.948568355916747e-4,0.0027965833197845483,4.170112727282347e-4,35,2023-04-05,1.243654607372594e-4,grefla3,Greater Flamingo
grefla3,country,SAH,Western Sahara,AF,Africa,nonbreeding,0.01805349148227224,1.3733772634856394e-4,6.527623240915983e-4,0.014429576007788755,0.00283163385966994,63,2023-02-01,2.7822373615927684e-4,grefla3,Greater Flamingo
grefla3,country,SAH,Western Sahara,AF,Africa,postbreeding_migration,0.020141445973847937,6.762989987159977e-5,3.79247873242284e-4,0.023702770066018505,0.00309085874753397,21,2023-11-29,6.30796769599549e-5,grefla3,Greater Flamingo
grefla3,country,SAU,Saudi Arabia,AS,Asia,breeding,0.016244315317554485,0.001645453744629811,0.002053839485464108,0.0018756433537131796,0.004313981673629605,7,2023-03-08,0.0047652455194084845,grefla3,Greater Flamingo
grefla3,country,SAU,Saudi Arabia,AS,Asia,nonbreeding,0.11384553422749462,0.00920001186839947,0.013115503098278948,0.0068913848452456985,0.014365930811977071,77,2023-01-18,0.010532690753433356,grefla3,Greater Flamingo
grefla3,country,SAU,Saudi Arabia,AS,Asia,postbreeding_migration,0.063916718516206,0.0022311759676072592,0.002861035554597711,0.005464655970553014,0.00740822450633977,28,2023-11-29,0.007674601772029294,grefla3,Greater Flamingo
grefla3,country,SDN,Sudan,AF,Africa,nonbreeding,0.06497400006804493,0.001104811192657533,0.005251136311745725,0.007314035747120272,0.00320819249244525,0,2023-01-25,0.0010909477584222335,grefla3,Greater Flamingo
grefla3,country,SDS,South Sudan,AF,Africa,breeding,0.02633669089859253,1.2909397836480564e-4,8.959913194444422e-4,0.002569580742761013,2.859899771813957e-4,0,2023-03-15,5.251336268465109e-4,grefla3,Greater Flamingo
grefla3,country,SDS,South Sudan,AF,Africa,nonbreeding,0.003622591554851995,5.7292797794631606e-5,2.7231104545313286e-4,6.670920939084714e-4,2.72158142903445e-4,0,2023-12-27,2.550783425257342e-4,grefla3,Greater Flamingo
grefla3,country,SDS,South Sudan,AF,Africa,postbreeding_migration,0.021561942326392372,1.505178448287656e-4,8.440582145574476e-4,0.0025287147736459776,6.855385997583667e-4,0,2023-11-15,6.071736000901477e-4,grefla3,Greater Flamingo
grefla3,country,SEN,Senegal,AF,Africa,nonbreeding,2.034688862623706,0.02974156894400483,0.1413608349445498,0.04901409825811848,0.018481693468856857,77,2023-01-04,0.07174030311709802,grefla3,Greater Flamingo
grefla3,country,SEN,Senegal,AF,Africa,postbreeding_migration,0.7350079589910333,0.004742172630906466,0.026592659285812153,0.05479709104828477,0.013730134071137046,56,2023-11-01,0.017201092399102256,grefla3,Greater Flamingo
grefla3,country,SOL,Somaliland,AF,Africa,nonbreeding,0.019787789711240088,2.804579691514439e-4,0.0013330087851364852,0.0039286329953332165,0.0014363716908402696,35,2023-02-08,3.969343731369181e-4,grefla3,Greater Flamingo
grefla3,country,SOL,Somaliland,AF,Africa,postbreeding_migration,0.04951212760576298,3.097430270415084e-4,0.0017369445242436169,0.018036462692107316,0.004382009079591408,56,2023-09-27,0.0012921362598519528,grefla3,Greater Flamingo
grefla3,country,SOM,Somalia,AF,Africa,breeding,0.09164899510109376,7.649167592583231e-4,0.005308991054999342,0.007770033080223285,0.0014724925381586925,14,2023-03-15,0.0012141828985467657,grefla3,Greater Flamingo
grefla3,country,SOM,Somalia,AF,Africa,nonbreeding,0.09204701321322896,8.899150501519234e-4,0.004229741032022953,0.016511091141126838,0.0041178403435453426,35,2023-02-08,0.0013665009537140174,grefla3,Greater Flamingo
grefla3,country,SOM,Somalia,AF,Africa,postbreeding_migration,0.24489328505585745,0.001045045449413405,0.00586029647957522,0.029736786183156824,0.004928154192672623,35,2023-09-27,0.0030145195811650738,grefla3,Greater Flamingo
grefla3,country,SVN,Slovenia,EU,Europe,breeding,1.3639143527722726,6.0837310633084195e-6,1.1109676871621394e-4,0.11897722347510636,1.205009590921222e-5,0,2023-03-22,2.843363268630371e-5,grefla3,Greater Flamingo
grefla3,country,SVN,Slovenia,EU,Europe,nonbreeding,0.3315964915529133,1.2076784500674193e-5,1.3701126007753577e-4,0.1411861728621437,1.326442518805212e-4,28,2023-12-06,5.479438438288535e-5,grefla3,Greater Flamingo
grefla3,country,SVN,Slovenia,EU,Europe,postbreeding_migration,0.17810829709261727,2.863155872777683e-6,6.845637330397811e-5,0.0997505912935871,6.22742169645432e-5,21,2023-11-29,5.298687397228059e-5,grefla3,Greater Flamingo
grefla3,country,SWZ,Swaziland,AF,Africa,breeding,0.019534628298281165,2.4193091325419974e-5,1.6791487947521953e-4,0.009200749579013894,2.5873381329714223e-4,126,2023-07-12,7.393100160773838e-5,grefla3,Greater Flamingo
grefla3,country,SWZ,Swaziland,AF,Africa,nonbreeding,0.04124755030194337,5.9174794103280704e-5,2.8125612061221674e-4,0.01656407973981354,6.130004395952658e-4,77,2023-12-27,8.6735086538001e-5,grefla3,Greater Flamingo
grefla3,country,SWZ,Swaziland,AF,Africa,postbreeding_migration,0.02413163607810057,1.5280755001436915e-5,8.568981836190703e-5,0.008021023958557064,1.9725127313351723e-4,126,2023-09-27,7.141579874515501e-5,grefla3,Greater Flamingo
grefla3,country,SYR,Syria,AS,Asia,breeding,0.307196229099907,0.003983361122642147,0.004971992913958001,0.024837521636853557,0.007312835840653591,133,2023-06-28,0.014730472914067295,grefla3,Greater Flamingo
grefla3,country,SYR,Syria,AS,Asia,nonbreeding,0.3537093329180487,0.005322023695084684,0.007587057414757494,0.01266843166908506,0.004917088405763498,56,2023-02-15,0.011948771427461152,grefla3,Greater Flamingo
grefla3,country,SYR,Syria,AS,Asia,postbreeding_migration,0.3299664206774062,0.0021393408568415235,0.0027432754492202056,0.018831027106378177,0.004741504904008042,126,2023-11-01,0.007692137345367236,grefla3,Greater Flamingo
grefla3,country,TKM,Turkmenistan,AS,Asia,breeding,0.9523611110207536,0.0154431486357561,0.01927598910119641,0.12514847389150024,0.04607905059932239,112,2023-03-08,0.06483933796795673,grefla3,Greater Flamingo
grefla3,country,TKM,Turkmenistan,AS,Asia,nonbreeding,1.92105394841486,0.03608495278605595,0.05144257603540481,0.07694249818435576,0.03728273310694827,77,2023-02-15,0.04848981572471722,grefla3,Greater Flamingo
grefla3,country,TKM,Turkmenistan,AS,Asia,postbreeding_migration,1.8573465249036685,0.015399228687454017,0.01974642136157241,0.10526212220765845,0.033893007570514944,84,2023-11-22,0.05029995901772397,grefla3,Greater Flamingo
grefla3,country,TUN,Tunisia,AF,Africa,breeding,3.885802666588069,0.02203340056474839,0.1529253021242309,0.0535325066907025,0.006892267644796782,133,2023-03-08,0.06615252613801485,grefla3,Greater Flamingo
grefla3,country,TUN,Tunisia,AF,Africa,nonbreeding,2.7527661041579945,0.021605121462881034,0.10268853048140592,0.04955305100525117,0.010032581082586945,77,2023-12-06,0.03130894888098065,grefla3,Greater Flamingo
grefla3,country,TUN,Tunisia,AF,Africa,postbreeding_migration,10.77061230913193,0.02832842625553758,0.1588571834367758,0.06134183208988258,0.006265716687563692,126,2023-08-30,0.08875400122337958,grefla3,Greater Flamingo
grefla3,country,TUR,Turkey,AS,Asia,breeding,0.7944880405352885,0.041163096127672306,0.051379379363829025,0.04525020088274885,0.05323349086710594,133,2023-07-05,0.1006139475979246,grefla3,Greater Flamingo
grefla3,country,TUR,Turkey,AS,Asia,nonbreeding,1.4270959531200824,0.07706716957405414,0.10986667362853536,0.020289052599188083,0.028263951636292292,77,2023-02-15,0.29780790372890514,grefla3,Greater Flamingo
grefla3,country,TUR,Turkey,AS,Asia,postbreeding_migration,0.9779326380428136,0.02580972438603673,0.033095793516460435,0.024989302140279203,0.02561300357687199,126,2023-08-02,0.10685177243997648,grefla3,Greater Flamingo
grefla3,country,TZA,United Republic of Tanzania,AF,Africa,breeding,0.76493072180465,0.03128897903084646,0.21716468855498977,0.052160635292609926,0.048445777101480986,133,2023-07-05,0.06596938260852606,grefla3,Greater Flamingo
grefla3,country,TZA,United Republic of Tanzania,AF,Africa,nonbreeding,0.5009307672213071,0.02373555423462899,0.11281441711416976,0.03900290529707372,0.04767311252605728,77,2023-01-11,0.06477032355277582,grefla3,Greater Flamingo
grefla3,country,TZA,United Republic of Tanzania,AF,Africa,postbreeding_migration,2.6270375370922627,0.05486166307262909,0.307647491454687,0.04995144438333342,0.04051190792630161,126,2023-10-11,0.3642158361416306,grefla3,Greater Flamingo
grefla3,country,UGA,Uganda,AF,Africa,breeding,2.291370025402609,0.010817114776050562,0.07507740534099007,0.14315868201204904,0.015345380716145367,133,2023-03-15,0.01888063089634579,grefla3,Greater Flamingo
grefla3,country,UGA,Uganda,AF,Africa,nonbreeding,1.31440641752897,0.005854747098976015,0.027827447161870744,0.1488348054239455,0.01710164362255418,77,2023-01-11,0.01183982841207471,grefla3,Greater Flamingo
grefla3,country,UGA,Uganda,AF,Africa,postbreeding_migration,4.535716286997445,0.009509076277659609,0.05332400257353441,0.16038303548248958,0.013058185530162358,126,2023-10-11,0.0390048678643882,grefla3,Greater Flamingo
grefla3,country,YEM,Yemen,AS,Asia,breeding,0.023519454608614872,3.988210677465268e-4,4.978046081490152e-4,0.00311147721419927,0.0011980121871857066,42,2023-03-15,0.0010024320570021698,grefla3,Greater Flamingo
grefla3,country,YEM,Yemen,AS,Asia,nonbreeding,0.094143322317622,0.0026968481000347244,0.0038446167371897688,0.01484328020952458,0.010968613406760188,56,2023-02-08,0.0038219079738997983,grefla3,Greater Flamingo
grefla3,country,YEM,Yemen,AS,Asia,postbreeding_migration,0.1170256166936943,0.001479678468491247,0.001897390779206945,0.020111305650695067,0.009875489651241177,70,2023-11-15,0.0044481800063581245,grefla3,Greater Flamingo
grefla3,country,ZAF,South Africa,AF,Africa,breeding,0.08101031974833314,0.007223053022548331,0.05013241430829297,0.04112043540084051,0.0832495562135655,133,2023-07-12,0.016679834835797047,grefla3,Greater Flamingo
grefla3,country,ZAF,South Africa,AF,Africa,nonbreeding,0.11623988750830531,0.01200571471759045,0.05706282206496564,0.03193632923862984,0.0850888617354304,77,2023-01-11,0.016458582845813828,grefla3,Greater Flamingo
grefla3,country,ZAF,South Africa,AF,Africa,postbreeding_migration,0.10886818395465549,0.004963102763669171,0.027831568158137372,0.030726051094914976,0.05439900967728027,126,2023-08-09,0.02646594434619136,grefla3,Greater Flamingo
grefla3,country,ZWE,Zimbabwe,AF,Africa,breeding,0.010006960134916084,7.995744187347093e-5,5.549536450194702e-4,0.0039135210352743205,7.100160397183626e-4,7,2023-07-05,1.3568821238965056e-4,grefla3,Greater Flamingo
grefla3,country,ZWE,Zimbabwe,AF,Africa,nonbreeding,0.007199848188802011,6.663960933237133e-5,3.1673617600128356e-4,0.002091623130165373,4.993987117469366e-4,0,2023-02-15,9.26247802690603e-5,grefla3,Greater Flamingo
grefla3,country,ZWE,Zimbabwe,AF,Africa,postbreeding_migration,0.005780558952057063,2.3615567612461387e-5,1.3242890806343415e-4,0.0020835658032982555,3.305732677208546e-4,0,2023-08-30,6.513250929763549e-5,grefla3,Greater Flamingo
grefla3,state,AFG-1742,Hirat,AS,Asia,breeding,0.017787629394300675,7.136126463922699e-5,8.907244188846624e-5,0.002144436432512286,1.9534459916231993e-4,28,2023-04-19,1.3885926580100934e-4,grefla3,Greater Flamingo
grefla3,state,AFG-1749,Farah,AS,Asia,breeding,0.04091648255935411,1.4627481062310938e-4,1.825788070719153e-4,0.004672344369852905,3.792711976073702e-4,35,2023-04-26,4.809243792710013e-4,grefla3,Greater Flamingo
grefla3,state,AFG-1749,Farah,AS,Asia,nonbreeding,0.024103016554880348,9.981482125961902e-5,1.4229564224599648e-4,7.288215239687184e-4,7.785736530675803e-5,0,2023-01-11,1.3438848848138708e-4,grefla3,Greater Flamingo
grefla3,state,AFG-1749,Farah,AS,Asia,postbreeding_migration,0.05445848863949244,9.954252881959452e-5,1.2764332275093688e-4,0.0037613174648920074,2.6700231795420703e-4,14,2023-10-25,3.9656097832361153e-4,grefla3,Greater Flamingo
grefla3,state,AFG-1750,Hilmand,AS,Asia,breeding,0.010892873546313624,4.517194803321655e-5,5.638318962702008e-5,7.853732368355233e-4,7.395136957936461e-5,0,2023-04-05,7.30581314089373e-5,grefla3,Greater Flamingo
grefla3,state,AFG-1751,Nimroz,AS,Asia,breeding,0.18918592310320265,5.762883044233522e-4,7.193175004151358e-4,0.016893073876139315,0.0011684319788511765,84,2023-04-05,0.0012841903102060002,grefla3,Greater Flamingo
grefla3,state,AFG-1751,Nimroz,AS,Asia,nonbreeding,0.04956833791092997,1.749072154827642e-4,2.4934708339399405e-4,0.0014968542123298134,1.3625038928682652e-4,7,2023-01-18,3.0081827535186284e-4,grefla3,Greater Flamingo
grefla3,state,AFG-1751,Nimroz,AS,Asia,postbreeding_migration,0.037322597366293425,5.812924465378283e-5,7.453909424039481e-5,0.0025660357925653943,1.5520920907973872e-4,21,2023-10-11,8.677317871886516e-5,grefla3,Greater Flamingo
grefla3,state,ALB-1494,Durrës,EU,Europe,breeding,4.421963812147782,3.209738389111291e-4,0.005861395905635754,0.28549036371459113,4.705325502951384e-4,133,2023-03-22,8.077509748744822e-4,grefla3,Greater Flamingo
grefla3,state,ALB-1494,Durrës,EU,Europe,nonbreeding,5.5902646870504995,4.7004474901178014e-4,0.005332663123312153,0.2333522653159617,5.061435818644873e-4,77,2023-12-20,9.152930732957485e-4,grefla3,Greater Flamingo
grefla3,state,ALB-1494,Durrës,EU,Europe,postbreeding_migration,5.973583912560149,2.2169773374637505e-4,0.0053006624495313395,0.2765165303909827,3.9854681226870456e-4,126,2023-11-15,0.001178037308241982,grefla3,Greater Flamingo
grefla3,state,ALB-1495,Fier,EU,Europe,breeding,9.720826409085396,0.001402326589472954,0.025608290562822957,0.36580874203357794,0.0011982400378248803,133,2023-04-19,0.004139259043574661,grefla3,Greater Flamingo
grefla3,state,ALB-1495,Fier,EU,Europe,nonbreeding,16.719787808032788,0.0027940175150113528,0.03169816107831021,0.2595416148895405,0.0011188200589488792,77,2023-12-06,0.004163443302623554,grefla3,Greater Flamingo
grefla3,state,ALB-1495,Fier,EU,Europe,postbreeding_migration,15.277470941058349,0.0011268582274306298,0.02694251759433987,0.31090385168551554,8.905860168751788e-4,126,2023-11-22,0.004973002619590211,grefla3,Greater Flamingo
grefla3,state,ALB-1498,Shkodër,EU,Europe,breeding,1.4147078193169746,3.644163542236e-4,0.006654712215297795,0.09146560729891794,5.349740217184641e-4,133,2023-04-12,0.0015018599152186857,grefla3,Greater Flamingo
grefla3,state,ALB-1498,Shkodër,EU,Europe,nonbreeding,3.693175097105762,0.0011020045438561495,0.01250225431748593,0.09146560729891794,7.040381414751789e-4,77,2023-12-06,0.0024330359977257766,grefla3,Greater Flamingo
grefla3,state,ALB-1498,Shkodër,EU,Europe,postbreeding_migration,4.263035832211306,5.614640067764404e-4,0.013424274245798196,0.09153720082031588,4.682011986757448e-4,126,2023-11-01,0.003411053408991555,grefla3,Greater Flamingo
grefla3,state,ALB-1504,Vlorë,EU,Europe,breeding,2.923414052054077,6.962355665182019e-4,0.012714158614271668,0.1389287655001838,7.512799826022422e-4,133,2023-04-19,0.0017763628391378387,grefla3,Greater Flamingo
grefla3,state,ALB-1504,Vlorë,EU,Europe,nonbreeding,4.985258893728383,0.001375327014461696,0.015603100913124083,0.0966980476002974,6.881622431786434e-4,77,2023-12-06,0.0020034212802886356,grefla3,Greater Flamingo
grefla3,state,ALB-1504,Vlorë,EU,Europe,postbreeding_migration,4.262716001889323,5.190678216774822e-4,0.01241060639020108,0.08028769824352755,3.79680830441001e-4,126,2023-11-22,0.00231869495066964,grefla3,Greater Flamingo
grefla3,state,ALB-1523,Berat,EU,Europe,breeding,0.042750492105250434,5.631364176435364e-6,1.0283596644161776e-4,0.01078145095714328,3.224730855668967e-5,105,2023-04-26,3.229003750533553e-5,grefla3,Greater Flamingo
grefla3,state,ALB-1523,Berat,EU,Europe,nonbreeding,0.14161093878387326,2.1608353652737883e-5,2.451470225371136e-4,0.00807513038629146,3.1785518444007426e-5,77,2023-12-06,1.2926659404812092e-4,grefla3,Greater Flamingo
grefla3,state,ALB-1523,Berat,EU,Europe,postbreeding_migration,0.240288307334498,1.6183668210016657e-5,3.8694199046097384e-4,0.01610985407763947,4.213741511262351e-5,112,2023-11-01,3.467565161676166e-4,grefla3,Greater Flamingo
grefla3,state,ALB-1524,Elbasan,EU,Europe,nonbreeding,0.04692981819590618,1.2763403465889902e-5,1.448009601928344e-4,0.0014502200743702748,1.0174344004410344e-5,77,2023-12-06,9.286470619110278e-5,grefla3,Greater Flamingo
grefla3,state,ALB-1524,Elbasan,EU,Europe,postbreeding_migration,0.045659100768627385,5.481058420295335e-6,1.3104888381666686e-4,0.0014502200743702748,6.7608756071989385e-6,84,2023-11-29,1.2299912830199408e-4,grefla3,Greater Flamingo
grefla3,state,ALB-1528,Lezhë,EU,Europe,breeding,4.357758172819086,5.46332327677179e-4,0.009976732307613732,0.16246527582852022,4.624854684866826e-4,133,2023-04-19,0.001159048137665279,grefla3,Greater Flamingo
grefla3,state,ALB-1528,Lezhë,EU,Europe,nonbreeding,6.774802125107097,9.838814448129842e-4,0.011162146390308448,0.12510872978863255,4.686931957335445e-4,77,2023-01-11,0.0012451946524036457,grefla3,Greater Flamingo
grefla3,state,ALB-1528,Lezhë,EU,Europe,postbreeding_migration,6.101765199012572,3.911299725808545e-4,0.009351687649262934,0.14650574962675145,3.647138289116249e-4,126,2023-11-22,0.0017973062586982811,grefla3,Greater Flamingo
grefla3,state,ALB-1529,Tiranë,EU,Europe,breeding,1.4955750658801426,1.870204137356554e-4,0.003415233749452055,0.07816115584804285,2.2192975641715368e-4,133,2023-03-15,5.45340720960775e-4,grefla3,Greater Flamingo
grefla3,state,ALB-1529,Tiranë,EU,Europe,nonbreeding,2.1376526112894414,3.096494470665828e-4,0.0035129765644602096,0.07816115584804285,2.920646739893451e-4,77,2023-01-11,8.226815412598901e-4,grefla3,Greater Flamingo
grefla3,state,ALB-1529,Tiranë,EU,Europe,postbreeding_migration,1.7422810542120577,1.113963199940448e-4,0.002663420506967926,0.07816115584804285,1.940776652768104e-4,126,2023-11-08,6.805166237316978e-4,grefla3,Greater Flamingo
grefla3,state,ARE-338,Ras Al Khaymah,AS,Asia,breeding,0.16865638293897028,3.344757164110984e-5,4.174893615429823e-5,0.025840248944170495,1.1635961345148927e-4,133,2023-04-05,1.4371733905010496e-4,grefla3,Greater Flamingo
grefla3,state,ARE-338,Ras Al Khaymah,AS,Asia,nonbreeding,0.7918970984974224,1.819210458352687e-4,2.593459741601077e-4,0.04226280091912879,2.5045363953367513e-4,77,2023-01-18,3.164936456923449e-4,grefla3,Greater Flamingo
grefla3,state,ARE-338,Ras Al Khaymah,AS,Asia,postbreeding_migration,0.31053972860238477,3.1488415846668184e-5,4.0377576042058546e-5,0.03897829052413713,1.5349293390263331e-4,126,2023-11-29,1.458823808128491e-4,grefla3,Greater Flamingo
grefla3,state,ARE-339,Umm Al Qaywayn,AS,Asia,breeding,1.5794735800713455,1.0684421980515716e-4,1.333619241170509e-4,0.14458170772973755,2.220730116810047e-4,133,2023-03-08,4.575193414853111e-4,grefla3,Greater Flamingo
grefla3,state,ARE-339,Umm Al Qaywayn,AS,Asia,nonbreeding,5.173170191718765,4.0536646202721016e-4,5.7788893804777e-4,0.1542109870571112,3.117175425446919e-4,77,2023-02-01,6.475350538877762e-4,grefla3,Greater Flamingo
grefla3,state,ARE-339,Umm Al Qaywayn,AS,Asia,postbreeding_migration,2.550836784912587,8.822530533000171e-5,1.1313125411397632e-4,0.16384026638448482,2.2007114357855645e-4,126,2023-11-29,3.896835520728605e-4,grefla3,Greater Flamingo
grefla3,state,ARE-346,Ajman,AS,Asia,breeding,4.067742240171023,5.687382425867511e-5,7.098935860885769e-5,0.28283929563213833,8.979300780344513e-5,133,2023-07-12,2.441374459872841e-4,grefla3,Greater Flamingo
grefla3,state,ARE-346,Ajman,AS,Asia,nonbreeding,7.359041415736847,1.1918802826082632e-4,1.6991401492665454e-4,0.2362513623519772,9.87053262925594e-5,77,2023-12-06,3.182153629555981e-4,grefla3,Greater Flamingo
grefla3,state,ARE-346,Ajman,AS,Asia,postbreeding_migration,4.489010926622037,3.209087075905923e-5,4.1150103601254736e-5,0.2362513623519772,6.55899223127017e-5,126,2023-11-29,2.3399472367746185e-4,grefla3,Greater Flamingo
grefla3,state,ARE-348,Sharjah,AS,Asia,breeding,0.25178040810700314,5.051580907815874e-5,6.305334541520662e-5,0.01963149105706373,8.943395411961316e-5,133,2023-03-08,1.726731697890484e-4,grefla3,Greater Flamingo
grefla3,state,ARE-348,Sharjah,AS,Asia,nonbreeding,0.587256552644118,1.3648522284109344e-4,1.9457283193190857e-4,0.022878078250588105,1.371614860233433e-4,77,2023-12-06,3.3151299352013536e-4,grefla3,Greater Flamingo
grefla3,state,ARE-348,Sharjah,AS,Asia,postbreeding_migration,0.3210933371692069,3.2938855608879904e-5,4.223747404640118e-5,0.022878078250588105,9.114413122854923e-5,126,2023-11-29,2.373499931672583e-4,grefla3,Greater Flamingo
grefla3,state,ARE-349,Abu Dhabi,AS,Asia,breeding,0.544782283564836,0.002521883024046626,0.0031477900545140323,0.03322732392177859,0.003492537626805266,133,2023-03-08,0.007708595237127164,grefla3,Greater Flamingo
grefla3,state,ARE-349,Abu Dhabi,AS,Asia,nonbreeding,1.3091650957578644,0.007020188314016356,0.010007954652671682,0.04291376321560049,0.00593616308077706,77,2023-12-06,0.010913822711727883,grefla3,Greater Flamingo
grefla3,state,ARE-349,Abu Dhabi,AS,Asia,postbreeding_migration,1.2531952532319086,0.0029661460826943113,0.0038034872757346464,0.045305863651365685,0.0041644740921942995,126,2023-10-18,0.009024038095321443,grefla3,Greater Flamingo
grefla3,state,ARE-350,Dubay,AS,Asia,breeding,0.842093215589259,2.5918792840162795e-4,3.235158710746194e-4,0.0513866078961138,3.591272155629129e-4,133,2023-04-19,6.071414572748059e-4,grefla3,Greater Flamingo
grefla3,state,ARE-350,Dubay,AS,Asia,nonbreeding,2.089128032992865,7.44855519951566e-4,0.0010618632909866542,0.04080509285833273,3.752979854141947e-4,77,2023-12-06,0.0011681474300020674,grefla3,Greater Flamingo
grefla3,state,ARE-350,Dubay,AS,Asia,postbreeding_migration,0.9664474424140288,1.5209140636381226e-4,1.9502671571990977e-4,0.04715400188100138,2.881886994585742e-4,126,2023-11-29,8.554000108593084e-4,grefla3,Greater Flamingo
grefla3,state,ARM-1553,Aragatsotn,AS,Asia,postbreeding_migration,0.0028414730238239096,2.860616307938384e-7,3.668166511245961e-7,0.0033081729861445556,1.2934100756644896e-5,7,2023-09-13,5.443616004133362e-7,grefla3,Greater Flamingo
grefla3,state,ARM-1554,Armavir,AS,Asia,breeding,0.3978240171858759,3.590575076230385e-5,4.481721161201252e-5,0.1859984651069501,3.8117651905485134e-4,105,2023-03-08,1.7445755772868332e-4,grefla3,Greater Flamingo
grefla3,state,ARM-1554,Armavir,AS,Asia,nonbreeding,0.3472608488054114,3.630623526920241e-5,5.1758035529894254e-5,0.06095713608226725,1.6440114143150152e-4,28,2023-12-13,9.1207927853045e-5,grefla3,Greater Flamingo
grefla3,state,ARM-1554,Armavir,AS,Asia,postbreeding_migration,0.44176595545803554,2.0386237996447847e-5,2.6141260294622732e-5,0.1300477323974062,2.3306635592225305e-4,91,2023-10-25,1.2672161766723173e-4,grefla3,Greater Flamingo
grefla3,state,ARM-1555,Shirak,AS,Asia,breeding,0.11833243045642466,2.4724373900017924e-5,3.086072491248263e-5,0.025926668831570614,1.2300195220567832e-4,77,2023-06-28,1.4246128891180976e-4,grefla3,Greater Flamingo
grefla3,state,ARM-1555,Shirak,AS,Asia,nonbreeding,0.1949481116129472,4.718380196946162e-5,6.726505462940387e-5,0.01754886323569732,1.095664947495573e-4,14,2023-12-06,8.511686992178046e-5,grefla3,Greater Flamingo
grefla3,state,ARM-1555,Shirak,AS,Asia,postbreeding_migration,0.20020637729769547,2.1388053303416137e-5,2.742588743922678e-5,0.02068331970612397,8.581151144927029e-5,84,2023-11-29,0.00010146446756495009,grefla3,Greater Flamingo
grefla3,state,ARM-1671,Ararat,AS,Asia,breeding,0.4466325608019967,6.38145528235833e-5,7.965270902573869e-5,0.08413938763795026,2.729684551982993e-4,119,2023-06-28,2.4518220978904474e-4,grefla3,Greater Flamingo
grefla3,state,ARM-1671,Ararat,AS,Asia,nonbreeding,0.3813203096369886,6.311196000780056e-5,8.997217817337103e-5,0.055215005804832386,2.35740245668572e-4,35,2023-12-06,1.539578892606812e-4,grefla3,Greater Flamingo
grefla3,state,ARM-1671,Ararat,AS,Asia,postbreeding_migration,0.5573157028672221,4.0713877116106994e-5,5.220737928601076e-5,0.07181036409177721,2.0373247741857012e-4,91,2023-11-29,1.9734178530372468e-4,grefla3,Greater Flamingo
grefla3,state,ARM-1672,Gegharkunik,AS,Asia,breeding,0.37384258270086823,1.2096801015903184e-4,1.5099110294257355e-4,0.11079573179621384,8.140452842364009e-4,126,2023-06-28,4.0553148546515553e-4,grefla3,Greater Flamingo
grefla3,state,ARM-1672,Gegharkunik,AS,Asia,nonbreeding,0.3656475795866561,1.3705562145735207e-4,1.953859901023333e-4,0.06039096056601114,5.839302398006851e-4,28,2023-02-15,2.1608700151827477e-4,grefla3,Greater Flamingo
grefla3,state,ARM-1672,Gegharkunik,AS,Asia,postbreeding_migration,0.29676420648334695,4.9098148986858817e-5,6.295852588757583e-5,0.08052128075468153,5.173640302657958e-4,91,2023-11-29,2.8888383924676315e-4,grefla3,Greater Flamingo
grefla3,state,AZE-1676,Ağstafa,AS,Asia,breeding,0.05640080773688593,5.530239201703461e-6,6.9027912049119395e-6,0.05475878309035364,1.2191472036925084e-4,91,2023-06-28,3.7745840419156026e-5,grefla3,Greater Flamingo
grefla3,state,AZE-1676,Ağstafa,AS,Asia,postbreeding_migration,0.08078248941081641,4.049931312950066e-6,5.193224401952827e-6,0.03908219664987386,7.609241132975958e-5,84,2023-11-22,1.335162004255964e-5,grefla3,Greater Flamingo
grefla3,state,AZE-1681,Goranboy,AS,Asia,breeding,0.04800576147166036,6.378217989785556e-6,7.961230145224315e-6,0.03142118681526098,9.479214396120584e-5,126,2023-03-08,4.79889903233217e-5,grefla3,Greater Flamingo
grefla3,state,AZE-1681,Goranboy,AS,Asia,nonbreeding,0.0582365197636812,8.963008132701844e-6,1.277763144394741e-5,0.006247315056486789,2.4803139966937234e-5,28,2023-02-15,4.4712609449295875e-5,grefla3,Greater Flamingo
grefla3,state,AZE-1681,Goranboy,AS,Asia,postbreeding_migration,0.07729717521530535,5.250993140311638e-6,6.733345235647835e-6,0.02105689463602711,5.555256392655634e-5,91,2023-11-29,4.5848093615663174e-5,grefla3,Greater Flamingo
grefla3,state,AZE-1682,Kəlbəcər,AS,Asia,breeding,0.001922529509854992,3.855618479207423e-7,4.812545779135731e-7,0.0031205486387159073,1.4210055052482756e-5,7,2023-06-28,8.90286084729123e-6,grefla3,Greater Flamingo
grefla3,state,AZE-1683,Mingəçevir,AS,Asia,breeding,1.108105679642745,3.055878557306401e-6,3.8143181260868543e-6,0.3068218715842265,1.9212549123721447e-5,126,2023-06-28,3.25318984303516e-5,grefla3,Greater Flamingo
grefla3,state,AZE-1683,Mingəçevir,AS,Asia,nonbreeding,0.4128563492808962,1.3188829683194708e-6,1.8801947111260264e-6,0.054324525796966054,4.476701268568712e-6,42,2023-12-06,3.169458257219002e-5,grefla3,Greater Flamingo
grefla3,state,AZE-1683,Mingəçevir,AS,Asia,postbreeding_migration,0.9506184347994564,1.340395542251208e-6,1.71878836957786e-6,0.2773980340318537,1.5190150528611022e-5,91,2023-11-22,3.6268686038789415e-5,grefla3,Greater Flamingo
grefla3,state,AZE-1684,Qazax,AS,Asia,breeding,0.0867194496990815,4.708258844235971e-6,5.876803254808582e-6,0.06397448526143644,7.886682978427592e-5,98,2023-06-28,4.26096971576272e-5,grefla3,Greater Flamingo
grefla3,state,AZE-1684,Qazax,AS,Asia,nonbreeding,0.042727901207564825,2.6872480733618996e-6,3.8309309744568455e-6,0.011997441297333204,1.9464341326689503e-5,7,2023-12-06,6.871207118254257e-6,grefla3,Greater Flamingo
grefla3,state,AZE-1684,Qazax,AS,Asia,postbreeding_migration,0.11706361092242486,3.249657318197429e-6,4.167033556565296e-6,0.04908422802697141,5.291631233103832e-5,63,2023-09-27,1.1042667954434296e-5,grefla3,Greater Flamingo
grefla3,state,AZE-1685,Şəmkir,AS,Asia,breeding,0.29565660165014984,3.59843602961236e-5,4.491533127354651e-5,0.08254696161755076,2.2812404525309368e-4,119,2023-06-28,1.2548318566086707e-4,grefla3,Greater Flamingo
grefla3,state,AZE-1685,Şəmkir,AS,Asia,nonbreeding,0.23923562581584865,3.37290757509308e-5,4.808404639486386e-5,0.041440495984991645,1.5071567086538809e-4,28,2023-12-06,8.07551459903871e-5,grefla3,Greater Flamingo
grefla3,state,AZE-1685,Şəmkir,AS,Asia,postbreeding_migration,0.44359169512688007,2.7604599152314604e-5,3.5397360312143654e-5,0.06113944761538413,1.4775817044108088e-4,91,2023-11-15,1.2024239655550004e-4,grefla3,Greater Flamingo
grefla3,state,AZE-1686,Samux,AS,Asia,breeding,1.3315291440982246,1.2630301361270444e-4,1.5765020277081293e-4,0.21845362677363775,4.705069703423005e-4,126,2023-06-28,3.021196609996596e-4,grefla3,Greater Flamingo
grefla3,state,AZE-1686,Samux,AS,Asia,nonbreeding,1.9044644087348293,2.0926099165485137e-4,2.983217004127192e-4,0.1839656184957688,5.214431442432532e-4,28,2023-12-06,3.21177879769605e-4,grefla3,Greater Flamingo
grefla3,state,AZE-1686,Samux,AS,Asia,postbreeding_migration,1.8801705358002951,9.118682859575992e-5,1.16928813554431e-4,0.19952982144052417,3.7581545747942223e-4,91,2023-11-22,4.18974831243122e-4,grefla3,Greater Flamingo
grefla3,state,AZE-1687,Tovuz,AS,Asia,breeding,0.0329369001064203,4.2461244445744595e-6,5.299971556735174e-6,0.024155133387603805,7.07071286992136e-5,98,2023-06-28,4.139306726359401e-5,grefla3,Greater Flamingo
grefla3,state,AZE-1687,Tovuz,AS,Asia,nonbreeding,0.008251408141167718,1.2322262225238578e-6,1.756657172889474e-6,0.0023313355027215813,8.980944933105324e-6,7,2023-12-06,2.0983207846795356e-5,grefla3,Greater Flamingo
grefla3,state,AZE-1687,Tovuz,AS,Asia,postbreeding_migration,0.05864458099424193,3.865535942864118e-6,4.956774333657738e-6,0.01910244569048507,4.889931301314402e-5,91,2023-11-15,3.8506876955858056e-5,grefla3,Greater Flamingo
grefla3,state,AZE-1688,Yevlakh Rayon,AS,Asia,breeding,1.278289210525467,1.336983622633814e-4,1.6688100559167932e-4,0.385904835146754,9.164756912864858e-4,126,2023-03-08,4.604074649064957e-4,grefla3,Greater Flamingo
grefla3,state,AZE-1688,Yevlakh Rayon,AS,Asia,nonbreeding,2.108545001508751,2.554654778102904e-4,3.641906460178375e-4,0.22642727177654928,7.07673541446865e-4,42,2023-02-15,3.8580486670297334e-4,grefla3,Greater Flamingo
grefla3,state,AZE-1688,Yevlakh Rayon,AS,Asia,postbreeding_migration,1.4144268442729553,7.563961103740576e-5,9.699262615581036e-5,0.2874170996326035,5.96916185789549e-4,91,2023-11-29,4.2497735505772107e-4,grefla3,Greater Flamingo
grefla3,state,AZE-1689,Bakı,AS,Asia,breeding,3.518935673543776,7.883056796793915e-4,9.83955542247956e-4,0.4578286189660403,0.0023287884080487077,133,2023-03-08,0.006324109903318151,grefla3,Greater Flamingo
grefla3,state,AZE-1689,Bakı,AS,Asia,nonbreeding,9.9114683358137885,0.002572016245052514,0.0036666569036370856,0.33977905059766633,0.002274506523259707,77,2023-01-18,0.004121057788200553,grefla3,Greater Flamingo
grefla3,state,AZE-1689,Bakı,AS,Asia,postbreeding_migration,5.609127415567554,6.424664680568077e-4,8.238343521235411e-4,0.45513306922813834,0.002024536019826874,98,2023-11-22,0.002411141091986477,grefla3,Greater Flamingo
grefla3,state,AZE-1690,Abşeron,AS,Asia,breeding,0.02846223177600542,4.039973287938385e-6,5.042655672374947e-6,0.022176762143704367,7.147455286139404e-5,133,2023-03-08,1.721701597721079e-5,grefla3,Greater Flamingo
grefla3,state,AZE-1690,Abşeron,AS,Asia,postbreeding_migration,0.03307952009428485,2.400714831772584e-6,3.0784351345973503e-6,0.02590599951365948,7.301526810781685e-5,56,2023-09-27,2.0966630836387067e-5,grefla3,Greater Flamingo
grefla3,state,AZE-1692,Ağdaş,AS,Asia,breeding,0.830067788777877,6.251053156454841e-5,7.802504227398017e-5,0.5561098752380661,9.509200488751024e-4,126,2023-03-08,5.963199122740958e-4,grefla3,Greater Flamingo
grefla3,state,AZE-1692,Ağdaş,AS,Asia,nonbreeding,1.651789887977226,1.440943046809403e-4,2.054203110300992e-4,0.34884031983070585,7.850070685829211e-4,49,2023-02-15,5.589404200514999e-4,grefla3,Greater Flamingo
grefla3,state,AZE-1692,Ağdaş,AS,Asia,postbreeding_migration,0.4563528835475625,1.7571638599079543e-5,2.2532101239160247e-5,0.30207531793531606,4.51708913612164e-4,91,2023-11-29,1.693616238732376e-4,grefla3,Greater Flamingo
grefla3,state,AZE-1693,Ağsu,AS,Asia,breeding,0.09242178361513806,7.212131655108133e-6,9.002113135036305e-6,0.12169192882196952,2.156228793613573e-4,126,2023-03-08,1.2464023122824586e-4,grefla3,Greater Flamingo
grefla3,state,AZE-1693,Ağsu,AS,Asia,nonbreeding,0.012084017078839404,1.092327865274292e-6,1.5572185890922966e-6,0.0032623373891917835,7.607210512304175e-6,14,2023-02-15,3.0577986652112613e-5,grefla3,Greater Flamingo
grefla3,state,AZE-1693,Ağsu,AS,Asia,postbreeding_migration,0.004809905633410648,1.919100369102009e-7,2.460861208867645e-7,0.007070773228784633,1.0956201172018142e-5,14,2023-09-06,7.822008432066089e-7,grefla3,Greater Flamingo
grefla3,state,AZE-1694,Hajigabul,AS,Asia,breeding,1.4851414593094558,2.046967929908294e-4,2.5550056169280016e-4,0.5031827731047162,0.0015747540963301444,133,2023-03-08,0.0016698986990193354,grefla3,Greater Flamingo
grefla3,state,AZE-1694,Hajigabul,AS,Asia,nonbreeding,4.282806735816774,6.837920942391583e-4,9.748114957739228e-4,0.35219702429732236,0.0014505615430468798,77,2023-02-15,0.0020781083533473283,grefla3,Greater Flamingo
grefla3,state,AZE-1694,Hajigabul,AS,Asia,postbreeding_migration,2.404922692879651,1.694791079590811e-4,2.173229546535643e-4,0.3502482376469852,9.585680816280868e-4,98,2023-11-22,0.0010728924592586155,grefla3,Greater Flamingo
grefla3,state,AZE-1695,Astara,AS,Asia,breeding,0.785079423837292,3.0177745099294227e-5,3.766757021853907e-5,0.17832251441963368,1.5564068588966193e-4,133,2023-03-08,2.378340838266826e-4,grefla3,Greater Flamingo
grefla3,state,AZE-1695,Astara,AS,Asia,nonbreeding,3.2550169531177615,1.449368530451169e-4,2.0662144488067224e-4,0.15840542302792604,1.819493451972446e-4,77,2023-01-11,3.122987644007085e-4,grefla3,Greater Flamingo
grefla3,state,AZE-1695,Astara,AS,Asia,postbreeding_migration,1.1865375543329235,2.3319890761944327e-05,2.990308140993817e-5,0.16137682429652966,1.2317374447871465e-4,91,2023-11-22,9.35318163374671e-5,grefla3,Greater Flamingo
grefla3,state,AZE-1696,Bərdə,AS,Asia,breeding,0.54087581844262,4.5311555035072814e-5,5.6557445739533385e-5,0.3956769148138793,7.526548771896279e-4,126,2023-03-08,4.177241407587656e-4,grefla3,Greater Flamingo
grefla3,state,AZE-1696,Bərdə,AS,Asia,nonbreeding,0.6917316084960173,6.712764392076371e-5,9.569692239713472e-5,0.1235951576246414,3.093998634942305e-4,56,2023-02-15,2.2896667335040453e-4,grefla3,Greater Flamingo
grefla3,state,AZE-1696,Bərdə,AS,Asia,postbreeding_migration,0.2530650863543904,1.0839655170991025e-5,1.3899683079251969e-5,0.10629272323984185,1.768148447091681e-4,91,2023-11-29,1.594836123668627e-4,grefla3,Greater Flamingo
grefla3,state,AZE-1697,Beyləqan,AS,Asia,breeding,1.390056338718992,1.059599111700379e-4,1.3225813861224872e-4,0.4320732521713216,7.478428242318286e-4,133,2023-03-08,8.562148119746915e-4,grefla3,Greater Flamingo
grefla3,state,AZE-1697,Beyləqan,AS,Asia,nonbreeding,4.9907596687255324,4.406849526672819e-4,6.282388484655469e-4,0.26011322663850334,5.924870740439407e-4,77,2023-02-15,0.0011842469254323676,grefla3,Greater Flamingo
grefla3,state,AZE-1697,Beyləqan,AS,Asia,postbreeding_migration,2.233144463438833,8.703578172683159e-5,1.1160592873798073e-4,0.20821876184737317,3.1516126228948207e-4,91,2023-11-22,6.724951709479957e-4,grefla3,Greater Flamingo
grefla3,state,AZE-1698,Biləsuvar,AS,Asia,breeding,2.1847531078241023,2.2045609739861213e-4,2.751711733777458e-4,0.560135107671267,0.0012833830794588238,133,2023-03-08,0.0015772243760355752,grefla3,Greater Flamingo
grefla3,state,AZE-1698,Biləsuvar,AS,Asia,nonbreeding,9.425437804971487,0.0011017261635223646,0.0015706167685244922,0.4458977598670368,0.001344504624489957,77,2023-02-15,0.002484208964911817,grefla3,Greater Flamingo
grefla3,state,AZE-1698,Biləsuvar,AS,Asia,postbreeding_migration,4.4226326379748695,2.281773060778524e-4,2.9259161756800203e-4,0.4074684582815099,8.164273291767568e-4,98,2023-11-22,0.0017788827639465656,grefla3,Greater Flamingo
grefla3,state,AZE-1700,Cəlilabad,AS,Asia,breeding,1.3400307149666104,1.5764987906344538e-4,1.967770577300489e-4,0.1920857054938803,5.13118534174214e-4,133,2023-03-08,9.39660161361542e-4,grefla3,Greater Flamingo
grefla3,state,AZE-1700,Cəlilabad,AS,Asia,nonbreeding,4.511874775186232,6.14877085002158e-4,8.76566511952718e-4,0.16846241039845253,5.922283044784156e-4,77,2023-02-15,0.0012456333050545596,grefla3,Greater Flamingo
grefla3,state,AZE-1700,Cəlilabad,AS,Asia,postbreeding_migration,2.5545546340800596,1.5366180022034163e-4,1.9704043078473747e-4,0.1553996089543425,3.6302171076602106e-4,98,2023-11-22,0.0011139467879876053,grefla3,Greater Flamingo
grefla3,state,AZE-1701,Dəvəçi,AS,Asia,breeding,2.342624108619632,2.2425534011692616e-4,2.7991335147615896e-4,0.2088601772536523,4.539830030390547e-4,98,2023-03-08,0.0014716101244341077,grefla3,Greater Flamingo
grefla3,state,AZE-1701,Dəvəçi,AS,Asia,nonbreeding,5.286854923264925,5.862595900387279e-4,8.357695163371954e-4,0.16803354879813442,4.806660464317302e-4,28,2023-02-15,8.538845203581835e-4,grefla3,Greater Flamingo
grefla3,state,AZE-1701,Dəvəçi,AS,Asia,postbreeding_migration,2.2937185310898403,1.1226700604712966e-4,1.4395991198019805e-4,0.16971073285691413,3.2259176933705907e-4,91,2023-11-22,6.149933753859571e-4,grefla3,Greater Flamingo
grefla3,state,AZE-1702,Füzuli,AS,Asia,breeding,0.011038301883136542,9.97409177803094e-7,1.2449565107630267e-6,0.01400540806041286,2.8734961905831855e-5,126,2023-06-28,2.5641375126507853e-5,grefla3,Greater Flamingo
grefla3,state,AZE-1702,Füzuli,AS,Asia,nonbreeding,0.0019913992339962196,2.0844035797436665e-7,2.971518080546541e-7,9.295667555048747e-4,2.5099145538287193e-6,21,2023-12-06,7.65904402804047e-6,grefla3,Greater Flamingo
grefla3,state,AZE-1702,Füzuli,AS,Asia,postbreeding_migration,0.007582992519992198,3.50335020641712e-7,4.492343789233095e-7,0.0013368710318435258,2.398636257897431e-6,98,2023-11-22,1.4109593848146444e-5,grefla3,Greater Flamingo
grefla3,state,AZE-1703,Göyçay,AS,Asia,breeding,0.6785388498087379,3.5425886674910815e-5,4.4218249888803615e-5,0.3758328291228391,4.4553773213942534e-4,126,2023-03-08,3.4610825852169063e-4,grefla3,Greater Flamingo
grefla3,state,AZE-1703,Göyçay,AS,Asia,nonbreeding,1.69007122630671,1.022123563488092e-4,1.457135594552682e-4,0.198241106370742,3.092765442696703e-4,70,2023-02-15,3.9777635175144624e-4,grefla3,Greater Flamingo
grefla3,state,AZE-1703,Göyçay,AS,Asia,postbreeding_migration,0.6436635643331857,1.7182120843447698e-5,2.2032622863546095e-5,0.14396262574658014,1.4924492031895758e-4,91,2023-11-29,1.2621644610994357e-4,grefla3,Greater Flamingo
grefla3,state,AZE-1704,İmişli,AS,Asia,breeding,3.7554187004615054,5.398495169924687e-4,6.738349575771913e-4,0.9661760794497152,0.0031536565863584977,133,2023-03-08,0.00348336031322144,grefla3,Greater Flamingo
grefla3,state,AZE-1704,İmişli,AS,Asia,nonbreeding,15.94242471983716,0.0026547345946471373,0.003784579878727936,0.8771768508422947,0.003767981614466586,77,2023-02-15,0.005243415840427635,grefla3,Greater Flamingo
grefla3,state,AZE-1704,İmişli,AS,Asia,postbreeding_migration,6.754481377856475,4.964530621763059e-4,6.366014526404843e-4,0.7839481439168254,0.0022377186287506233,98,2023-11-22,0.0033697724500967277,grefla3,Greater Flamingo
grefla3,state,AZE-1705,İsmayıllı,AS,Asia,breeding,0.006246163808024784,9.324311731728196e-7,1.1638515924194536e-6,0.007529584911144168,2.5522206373339913e-5,91,2023-03-08,3.0036368483226776e-5,grefla3,Greater Flamingo
grefla3,state,AZE-1705,İsmayıllı,AS,Asia,nonbreeding,0.008521460424425994,1.4735667996589488e-6,2.1007114124310567e-6,0.0024205988868324885,1.0797755883292971e-5,21,2023-02-15,3.7495164514321314e-5,grefla3,Greater Flamingo
grefla3,state,AZE-1705,İsmayıllı,AS,Asia,postbreeding_migration,0.008694649580059175,6.636320175606413e-7,8.509749230790477e-7,0.00678403916623465,2.010923502890849e-5,49,2023-11-29,9.820951473658592e-6,grefla3,Greater Flamingo
grefla3,state,AZE-1706,Kürdəmir,AS,Asia,breeding,1.7278729513232445,2.001371946510064e-4,2.4980931504503014e-4,0.8651871472753667,0.0022754632561679537,133,2023-03-08,0.0022963041597227423,grefla3,Greater Flamingo
grefla3,state,AZE-1706,Kürdəmir,AS,Asia,nonbreeding,6.258830148226134,8.39772308067421e-4,0.0011971763151891715,0.7283093484863141,0.002520804392384777,77,2023-02-15,0.0031728844532199684,grefla3,Greater Flamingo
grefla3,state,AZE-1706,Kürdəmir,AS,Asia,postbreeding_migration,2.198210032624999,1.301838227250315e-4,1.6693463485499617e-4,0.4558466850334329,0.001048427952434207,91,2023-11-29,0.0011016576261362074,grefla3,Greater Flamingo
grefla3,state,AZE-1707,Lankaran,AS,Asia,breeding,2.907197640781249,6.737839104503487e-4,8.410105750281493e-4,0.3037053884152024,0.0015982412735926217,133,2023-03-08,0.004581584047994389,grefla3,Greater Flamingo
grefla3,state,AZE-1707,Lankaran,AS,Asia,nonbreeding,13.117636928030413,0.00352171386028737,0.005020542332614017,0.298084352394414,0.0020643936661114983,77,2023-01-11,0.006467517601561515,grefla3,Greater Flamingo
grefla3,state,AZE-1707,Lankaran,AS,Asia,postbreeding_migration,6.425248582151881,7.613911869282577e-4,9.763314451146608e-4,0.3037053884152024,0.001397662665590692,98,2023-11-22,0.004464497652218628,grefla3,Greater Flamingo
grefla3,state,AZE-1708,Masallı,AS,Asia,breeding,3.6268465368823817,2.1613753059300663e-4,2.6978077996503853e-4,0.5073378341834207,6.86502340457204e-4,133,2023-03-08,0.0014988708431693683,grefla3,Greater Flamingo
grefla3,state,AZE-1708,Masallı,AS,Asia,nonbreeding,13.25725580717078,9.151810602233984e-4,0.001304678755043212,0.4735274808790474,8.432443777885901e-4,77,2023-01-11,0.0018735760280669657,grefla3,Greater Flamingo
grefla3,state,AZE-1708,Masallı,AS,Asia,postbreeding_migration,6.540269037597393,1.9928217377275352e-4,2.5553940739726007e-4,0.4061387252372692,4.805949417304557e-4,98,2023-11-22,0.0013973848240970534,grefla3,Greater Flamingo
grefla3,state,AZE-1710,Neftçala,AS,Asia,breeding,6.264600224424543,7.545362277945813e-4,9.418048382796064e-4,1,0.0027348310422075145,133,2023-03-08,0.005335302654107866,grefla3,Greater Flamingo
grefla3,state,AZE-1710,Neftçala,AS,Asia,nonbreeding,29.726918295764108,0.0041475249386649,0.005912696305326847,1,0.0035991006778599826,77,2023-01-11,0.008417011476805313,grefla3,Greater Flamingo
grefla3,state,AZE-1710,Neftçala,AS,Asia,postbreeding_migration,14.736851736558512,9.075347880601022e-4,0.0011637312938874822,0.9945918875105592,0.002378676795262685,98,2023-11-22,0.00584437617696141,grefla3,Greater Flamingo
grefla3,state,AZE-1712,Siyəzən,AS,Asia,breeding,2.3214493148854305,1.6328561124133017e-4,2.0381152424982612e-4,0.17151725120805433,2.739304331437692e-4,98,2023-03-08,0.0013460979786493097,grefla3,Greater Flamingo
grefla3,state,AZE-1712,Siyəzən,AS,Asia,nonbreeding,4.1636767203323855,3.3924862365635567e-4,4.836315907303137e-4,0.13447445756806023,2.8264139765097555e-4,56,2023-02-15,4.6646329761355925e-4,grefla3,Greater Flamingo
grefla3,state,AZE-1712,Siyəzən,AS,Asia,postbreeding_migration,2.1075302405206213,7.579391804978945e-5,9.71904939417506e-5,0.18201693104320377,2.542168226735784e-4,91,2023-11-15,3.653435778053299e-4,grefla3,Greater Flamingo
grefla3,state,AZE-1713,Saatlı,AS,Asia,breeding,2.8066625409729107,2.3374230962986016e-4,2.917548952732115e-4,1,0.001890997255849847,133,2023-03-08,0.0022116291680604693,grefla3,Greater Flamingo
grefla3,state,AZE-1713,Saatlı,AS,Asia,nonbreeding,14.999679025323251,0.0014470431449225831,0.0020628993877458103,0.9921785852041196,0.002469131626878695,77,2023-02-15,0.003767484297742651,grefla3,Greater Flamingo
grefla3,state,AZE-1713,Saatlı,AS,Asia,postbreeding_migration,6.555108250397599,2.7912506241102304e-4,3.579218938045735e-4,0.896438824836885,0.0014824210689753769,98,2023-11-22,0.0024550294968770114,grefla3,Greater Flamingo
grefla3,state,AZE-1714,Sabirabad,AS,Asia,breeding,3.0997091787711915,3.562141878448237e-4,4.4462311181091415e-4,0.9853786872742404,0.002571207904571008,133,2023-03-08,0.003164834238624018,grefla3,Greater Flamingo
grefla3,state,AZE-1714,Sabirabad,AS,Asia,nonbreeding,15.612178990812543,0.0020782900931388963,0.0029628027165173316,0.9718783486699272,0.003337408990446939,77,2023-02-15,0.004789730850525368,grefla3,Greater Flamingo
grefla3,state,AZE-1714,Sabirabad,AS,Asia,postbreeding_migration,7.022876096045796,4.1264548986586375e-4,5.291350548279294e-4,0.928222149506132,0.0021180976574249263,98,2023-11-22,0.003413429008731426,grefla3,Greater Flamingo
grefla3,state,AZE-1715,Salyan,AS,Asia,breeding,4.059643748205386,5.483177525373713e-4,6.844049274661014e-4,0.9523862346394544,0.002920796225159335,133,2023-03-08,0.004045334981770494,grefla3,Greater Flamingo
grefla3,state,AZE-1715,Salyan,AS,Asia,nonbreeding,18.595680210465275,0.0029094361709100934,0.004147681509508167,0.8883121428205958,0.0035852318203738196,77,2023-01-11,0.0059077978587571455,grefla3,Greater Flamingo
grefla3,state,AZE-1715,Salyan,AS,Asia,postbreeding_migration,9.223038090298274,6.369278188438582e-4,8.167321456849846e-4,0.9024311789205844,0.0024202613379015097,98,2023-11-22,0.004173433949448032,grefla3,Greater Flamingo
grefla3,state,AZE-1716,Şamaxı,AS,Asia,breeding,0.04300875744522754,4.1829744200811834e-06,5.2211483055586446e-6,0.04458976609847689,9.847075625128528e-5,126,2023-03-08,6.663185984942856e-5,grefla3,Greater Flamingo
grefla3,state,AZE-1716,Şamaxı,AS,Asia,nonbreeding,0.09490524778529368,1.0692294750759958e-5,1.5242896089404792e-5,0.010739113394909922,3.1210735399703326e-5,56,2023-02-15,6.201848982335347e-5,grefla3,Greater Flamingo
grefla3,state,AZE-1716,Şamaxı,AS,Asia,postbreeding_migration,0.039175708907560926,1.948125852681111e-6,2.498080568395912e-6,0.018460651220784583,3.565160768648485e-5,91,2023-11-29,1.8835031240756525e-5,grefla3,Greater Flamingo
grefla3,state,AZE-1717,Sumqayıt,AS,Asia,breeding,4.311493861417363,5.620254108632399e-5,7.015146943099294e-5,0.6992939049949938,2.069815756100423e-4,105,2023-03-08,4.1545103245358296e-4,grefla3,Greater Flamingo
grefla3,state,AZE-1717,Sumqayıt,AS,Asia,nonbreeding,9.837558345680437,1.4854836721707565e-4,2.117700062074788e-4,0.39704626975595686,1.5465948525259757e-4,70,2023-01-18,2.775321136277174e-4,grefla3,Greater Flamingo
grefla3,state,AZE-1717,Sumqayıt,AS,Asia,postbreeding_migration,6.076321303052952,4.049866828815486e-5,5.1931417139871894e-5,0.8405124876687514,2.1755854138605187e-4,91,2023-09-27,1.3926967474404175e-4,grefla3,Greater Flamingo
grefla3,state,AZE-1718,Ucar,AS,Asia,breeding,1.946096816013299,1.074642889959973e-4,1.341358884974071e-4,0.9390441126071024,0.0011774147923037145,126,2023-03-08,0.0010222089713671995,grefla3,Greater Flamingo
grefla3,state,AZE-1718,Ucar,AS,Asia,nonbreeding,7.404902347227807,4.7366516342981874e-4,6.752553156859524e-4,0.7561709117684945,0.0012477482087921243,70,2023-02-15,0.001519541143616379,grefla3,Greater Flamingo
grefla3,state,AZE-1718,Ucar,AS,Asia,postbreeding_migration,2.514293573223842,7.098842576452195e-5,9.102841417524988e-5,0.6351813940121828,6.96468187784743e-4,91,2023-11-29,5.389906528827889e-4,grefla3,Greater Flamingo
grefla3,state,AZE-1719,Xizı,AS,Asia,breeding,1.1461769902389445,1.6517548949232378e-4,2.0617045204544384e-4,0.12426729946599838,4.066254372722138e-4,105,2023-03-08,0.0010343934626944266,grefla3,Greater Flamingo
grefla3,state,AZE-1719,Xizı,AS,Asia,nonbreeding,2.6251362906920033,4.382260138506924e-4,6.247333943282286e-4,0.10498972276453925,4.521140113103174e-4,70,2023-01-18,7.180419097981903e-4,grefla3,Greater Flamingo
grefla3,state,AZE-1719,Xizı,AS,Asia,postbreeding_migration,1.405235767044127,1.0354161738145716e-4,1.3277135152481442e-4,0.11974729842962072,3.4266001506627326e-4,91,2023-11-15,4.8192832340873226e-4,grefla3,Greater Flamingo
grefla3,state,AZE-1721,Zərdab,AS,Asia,breeding,2.7838935577925303,1.401007904694523e-4,1.7487245469524312e-4,1,0.001142698679763289,133,2023-03-08,0.0012763277564382509,grefla3,Greater Flamingo
grefla3,state,AZE-1721,Zərdab,AS,Asia,nonbreeding,11.82503277257131,6.893546262074474e-4,9.827414208987983e-4,0.9870567156698415,0.0014843534556243283,70,2023-02-15,0.0019522610606279907,grefla3,Greater Flamingo
grefla3,state,AZE-1721,Zərdab,AS,Asia,postbreeding_migration,4.155241276289473,1.0691928321601238e-4,1.3710253032223386e-4,0.8186649497983429,8.180840872013648e-4,91,2023-11-29,9.611984054497156e-4,grefla3,Greater Flamingo
grefla3,state,AZE-1722,Ağcabədi,AS,Asia,breeding,1.3709251209531583,1.8246657343389444e-4,2.2775301616283377e-4,0.36620549283514187,0.001106721130599422,133,2023-03-08,0.001120112162735296,grefla3,Greater Flamingo
grefla3,state,AZE-1722,Ağcabədi,AS,Asia,nonbreeding,4.905893661911669,7.563800996658331e-4,0.0010782926894603684,0.31279706049009814,0.0012440547837433626,70,2023-02-15,0.0017253969261369346,grefla3,Greater Flamingo
grefla3,state,AZE-1722,Ağcabədi,AS,Asia,postbreeding_migration,2.228757265515063,1.5167157142697673e-4,1.944883616417073e-4,0.2687434549669099,7.102500395686197e-4,91,2023-11-22,0.001023334314362943,grefla3,Greater Flamingo
grefla3,state,AZE-1723,Balakən,AS,Asia,breeding,0.10165034114906764,6.4408548346092664e-6,8.039412850489463e-6,0.07578150772551843,1.090289119566214e-4,84,2023-03-08,4.303271377675167e-5,grefla3,Greater Flamingo
grefla3,state,AZE-1723,Balakən,AS,Asia,nonbreeding,0.0738488575840565,5.420393722135792e-6,7.727293363691225e-6,0.004953590379963905,9.379118486046234e-6,14,2023-02-15,1.3121182999548888e-5,grefla3,Greater Flamingo
grefla3,state,AZE-1723,Balakən,AS,Asia,postbreeding_migration,0.06985816788500022,2.2632039615155725e-6,2.902105031252389e-6,0.04495299166552498,5.655839267628634e-5,84,2023-11-22,2.8356560665157775e-5,grefla3,Greater Flamingo
grefla3,state,AZE-1724,Qəbələ,AS,Asia,breeding,8.094778319152155e-4,8.880476126545156e-8,1.1084524604806297e-7,0.002110441581013784,5.257126074395698e-6,14,2023-06-28,3.2985445987093516e-6,grefla3,Greater Flamingo
grefla3,state,AZE-1726,Qax,AS,Asia,breeding,0.06388857290513342,6.753310734416798e-6,8.42941728943849e-6,0.016571503134919435,3.977399501785193e-5,119,2023-03-08,8.070276028668151e-5,grefla3,Greater Flamingo
grefla3,state,AZE-1726,Qax,AS,Asia,nonbreeding,0.06774688144146321,8.295359955052059e-6,1.1825834656314632e-5,0.00675653694637702,2.1341501050424635e-5,28,2023-02-15,6.781774114339295e-5,grefla3,Greater Flamingo
grefla3,state,AZE-1726,Qax,AS,Asia,postbreeding_migration,0.06901210037330249,3.729843619185129e-6,4.782776151457924e-6,0.009932730505406486,2.0848076242703544e-5,91,2023-11-22,4.557365202739984e-5,grefla3,Greater Flamingo
grefla3,state,AZE-1727,Şəki,AS,Asia,breeding,0.21475808365756305,3.714652738877814e-5,4.636593702371783e-5,0.03407530034245642,1.338295934814301e-4,119,2023-06-28,1.338455346775985e-4,grefla3,Greater Flamingo
grefla3,state,AZE-1727,Şəki,AS,Asia,nonbreeding,0.200271670743475,4.012736136774649e-5,5.720541884866036e-5,0.0131035786893372,6.772763052992814e-5,28,2023-12-06,8.927097557784327e-5,grefla3,Greater Flamingo
grefla3,state,AZE-1727,Şəki,AS,Asia,postbreeding_migration,0.27211569529368274,2.406545764813828e-5,3.0859121364070144e-5,0.028400828294290033,9.754465905468092e-5,91,2023-11-22,1.38683133357215e-4,grefla3,Greater Flamingo
grefla3,state,AZE-1730,Xaçmaz,AS,Asia,breeding,2.578274606093661,2.9207604272551166e-4,3.6456649800430346e-4,0.25061983172544877,6.446529355515917e-4,98,2023-03-08,0.0023765467186695204,grefla3,Greater Flamingo
grefla3,state,AZE-1730,Xaçmaz,AS,Asia,nonbreeding,5.377230614067565,7.056312548056347e-4,0.001005945322791829,0.21037003173410287,7.121277304288816e-4,28,2023-02-15,9.212395029047068e-4,grefla3,Greater Flamingo
grefla3,state,AZE-1730,Xaçmaz,AS,Asia,postbreeding_migration,2.0325598393204114,1.1772858859119807e-4,1.509632958772141e-4,0.2139334440232235,4.812261687176469e-4,91,2023-11-15,6.432848940485027e-4,grefla3,Greater Flamingo
grefla3,state,AZE-1731,Zaqatala,AS,Asia,breeding,0.010964280304347422,1.139355724542311e-6,1.4221328206226937e-6,0.028024300951232275,6.612379381959113e-5,49,2023-03-15,2.1224655390666165e-5,grefla3,Greater Flamingo
grefla3,state,AZE-1731,Zaqatala,AS,Asia,postbreeding_migration,0.005239983357708916,2.784075119062773e-7,3.570017792389354e-7,0.012914972574047912,2.6648728098562483e-5,14,2023-09-06,6.837673607250775e-7,grefla3,Greater Flamingo
grefla3,state,AZE-1740,Zəngilan,AS,Asia,breeding,0.0040953022261027,2.2134485161324417e-7,2.762805078119961e-7,0.0047254275462717725,5.799203409484713e-6,112,2023-06-28,8.501077078444654e-6,grefla3,Greater Flamingo
grefla3,state,AZE-1740,Zəngilan,AS,Asia,postbreeding_migration,0.026326575751153776,7.275279371629402e-7,9.32908621016795e-7,0.014131652362415396,1.5166319518358029e-5,70,2023-09-27,5.181027938520623e-6,grefla3,Greater Flamingo
grefla3,state,AZE-2415,Sədərək,AS,Asia,breeding,2.3189654928955385,1.0729163027347491e-5,1.3392037754610654e-5,0.5601308663094077,5.8844358062401954e-5,126,2023-06-28,4.304696852111486e-5,grefla3,Greater Flamingo
grefla3,state,AZE-2415,Sədərək,AS,Asia,nonbreeding,2.088620955475351,1.1193955367115731e-5,1.5958061619864412e-5,0.2355043480720211,3.2559501610818824e-5,28,2023-02-15,3.641850370175196e-5,grefla3,Greater Flamingo
grefla3,state,AZE-2415,Sədərək,AS,Asia,postbreeding_migration,3.252114415182975,7.693238691716778e-6,9.865035186181642e-6,0.5601308663094077,5.145941586128333e-5,91,2023-11-22,3.4329816002426595e-5,grefla3,Greater Flamingo
grefla3,state,AZE-2418,Ordubad,AS,Asia,breeding,5.421656314906214e-5,3.243174713901874e-9,4.048099381346628e-9,3.5602042442436737e-4,4.835674292002834e-7,7,2023-06-28,2.32287433342456e-6,grefla3,Greater Flamingo
grefla3,state,AZE-2419,Şərur,AS,Asia,breeding,0.2796906076104656,1.5187206693842675e-5,1.8956524839132684e-5,0.0905474234531013,1.11640014454241e-4,133,2023-06-28,9.326250006582182e-5,grefla3,Greater Flamingo
grefla3,state,AZE-2419,Şərur,AS,Asia,nonbreeding,0.1734091789878418,1.0907481499105689e-5,1.5549665526771615e-5,0.028021148999439607,4.546667771951656e-5,28,2023-12-06,4.1643775977423154e-5,grefla3,Greater Flamingo
grefla3,state,AZE-2419,Şərur,AS,Asia,postbreeding_migration,0.3281186165620546,9.109671692759736e-6,1.1681326341843093e-5,0.07855153468692039,8.469513881239271e-5,91,2023-11-15,5.363183347796626e-5,grefla3,Greater Flamingo
grefla3,state,AZE-2420,Babək,AS,Asia,breeding,1.036644215060199,7.78166653101536e-5,9.713001071148008e-5,0.1230601100420163,2.0975095776088268e-4,133,2023-06-28,3.5751846270876895e-4,grefla3,Greater Flamingo
grefla3,state,AZE-2420,Babək,AS,Asia,nonbreeding,0.5630695968568027,4.896179682147766e-5,6.979975755412924e-5,0.07281381956792927,1.633292475576622e-4,42,2023-12-06,1.966156815573866e-4,grefla3,Greater Flamingo
grefla3,state,AZE-2420,Babək,AS,Asia,postbreeding_migration,1.2813961085190648,4.918108671971368e-5,6.306487689079587e-5,0.09534029022592436,1.4210951120731218e-4,91,2023-11-22,2.5741576683691275e-4,grefla3,Greater Flamingo
grefla3,state,AZE-2421,Culfa,AS,Asia,breeding,0.002574629068244905,1.7921782695846038e-7,2.2369796216250998e-7,0.007592149920655849,1.1999829634991492e-5,21,2023-06-28,5.632161774758575e-6,grefla3,Greater Flamingo
grefla3,state,AZE-2422,Naxçıvan,AS,Asia,breeding,0.4763020434754888,3.26830969313637e-6,4.079472619875277e-6,0.05313302223147681,8.278450239719638e-6,133,2023-06-28,7.92440934070932e-5,grefla3,Greater Flamingo
grefla3,state,AZE-2422,Naxçıvan,AS,Asia,nonbreeding,0.1407056775060422,1.1184195775543976e-6,1.5944148381998167e-6,0.03863584757182474,7.922066100032413e-6,21,2023-12-06,3.364447454248781e-5,grefla3,Greater Flamingo
grefla3,state,AZE-2422,Naxçıvan,AS,Asia,postbreeding_migration,0.621993725583444,2.1822203102266468e-6,2.7982597456081395e-6,0.03863584757182474,5.264231623297746e-6,91,2023-11-01,5.1232267441349706e-5,grefla3,Greater Flamingo
grefla3,state,AZE-5563,Shirvan,AS,Asia,breeding,2.7193945038420257,1.0570374967296928e-5,1.3193840030355896e-5,0.6104313921302441,5.3876429149013245e-5,133,2023-03-08,9.258623401883226e-5,grefla3,Greater Flamingo
grefla3,state,AZE-5563,Shirvan,AS,Asia,nonbreeding,10.160749072558104,4.575054648770117e-5,6.522181088357543e-5,0.4619536330307304,5.365668349328671e-5,77,2023-01-11,1.4657864616347745e-4,grefla3,Greater Flamingo
grefla3,state,AZE-5563,Shirvan,AS,Asia,postbreeding_migration,3.929006382631505,7.808592241430704e-6,1.0012952971184734e-5,0.4619536330307304,3.56549928364625e-5,98,2023-11-22,7.941041043272897e-5,grefla3,Greater Flamingo
grefla3,state,AZE-5566,Yevlakh,AS,Asia,breeding,0.6293289939764912,2.339791001750168e-6,2.9205045494665382e-6,0.4078834059645152,3.443333825456772e-5,126,2023-07-05,2.8707180324956262e-5,grefla3,Greater Flamingo
grefla3,state,AZE-5566,Yevlakh,AS,Asia,nonbreeding,0.562705789624813,2.4234445716512637e-6,3.4548536722191255e-6,0.0935199517932364,1.0389887869978878e-5,35,2023-12-06,2.618679565954948e-5,grefla3,Greater Flamingo
grefla3,state,AZE-5566,Yevlakh,AS,Asia,postbreeding_migration,0.4786902534564332,9.099672103236916e-7,1.1668503874421638e-6,0.35203574957243616,2.598901878536461e-5,63,2023-11-29,2.634529802108666e-5,grefla3,Greater Flamingo
grefla3,state,AZE-5567,Kangarli,AS,Asia,breeding,0.008696141856562258,1.756451088797657e-7,2.192385299333133e-7,0.009367204655345214,4.295989585523419e-6,70,2023-06-28,6.95956625145012e-6,grefla3,Greater Flamingo
grefla3,state,AZE-5567,Kangarli,AS,Asia,postbreeding_migration,0.04710277521657822,4.86438312738716e-7,6.237595456697583e-7,0.02315930887430249,9.288355487489785e-6,28,2023-09-27,6.594695544973449e-6,grefla3,Greater Flamingo
grefla3,state,BGR-2248,Pleven,EU,Europe,breeding,0.006193521263229124,1.9878535026837103e-6,3.630076650845078e-5,0.006387828107928136,4.655257725175412e-5,14,2023-03-08,5.9705122804166445e-5,grefla3,Greater Flamingo
grefla3,state,BGR-2248,Pleven,EU,Europe,nonbreeding,0.6270897487411614,2.3314645988651705e-4,0.0026450492885656007,0.06553016365196203,6.284854900785926e-4,77,2023-02-08,7.980960395853925e-4,grefla3,Greater Flamingo
grefla3,state,BGR-2248,Pleven,EU,Europe,postbreeding_migration,0.7745936463392109,1.2711374246218235e-4,0.0030392148359058473,0.08087135167082608,5.154009715585647e-4,70,2023-11-01,0.0014644380786759737,grefla3,Greater Flamingo
grefla3,state,BGR-2249,Veliko Tarnovo,EU,Europe,breeding,2.892053660974653e-4,9.91939758994432e-8,1.8114098213521684e-6,1.8164305444072956e-4,1.4146256008169634e-6,14,2023-03-08,1.8538291910366065e-5,grefla3,Greater Flamingo
grefla3,state,BGR-2249,Veliko Tarnovo,EU,Europe,nonbreeding,0.06898273035176875,2.740764451738926e-5,3.109400445851323e-4,0.015877917156636993,1.6273454102386575e-4,63,2023-02-08,2.4358414359811943e-4,grefla3,Greater Flamingo
grefla3,state,BGR-2249,Veliko Tarnovo,EU,Europe,postbreeding_migration,0.10893274348066716,1.9103336478237434e-5,4.567495419091587e-4,0.014671876836760684,9.992367826211544e-5,63,2023-11-01,3.9771871261301344e-4,grefla3,Greater Flamingo
grefla3,state,BGR-2250,Montana,EU,Europe,nonbreeding,0.15541931234905304,5.0038674349749426e-5,5.67689340228428e-4,0.017840091489385975,1.4816743700430695e-4,14,2023-12-13,3.331263027175138e-4,grefla3,Greater Flamingo
grefla3,state,BGR-2250,Montana,EU,Europe,postbreeding_migration,0.380543469536475,5.407848753563151e-5,0.0012929848373439115,0.039601681237837305,2.1855756478121903e-4,35,2023-11-08,0.0010374856000326864,grefla3,Greater Flamingo
grefla3,state,BGR-2251,Vratsa,EU,Europe,breeding,0.0035753831064728116,1.1411209406422633e-6,2.083833882538852e-5,0.0030113801475287593,2.1823200378189103e-5,14,2023-03-08,2.4854148653087523e-5,grefla3,Greater Flamingo
grefla3,state,BGR-2251,Vratsa,EU,Europe,nonbreeding,0.4768755010101533,1.7630575332128423e-4,0.002000190814046556,0.04418653969810173,4.214114628003277e-4,56,2023-02-08,3.408208260604412e-4,grefla3,Greater Flamingo
grefla3,state,BGR-2251,Vratsa,EU,Europe,postbreeding_migration,0.47505974346602825,7.75227470669824e-5,0.0018535232968712669,0.04037706507590391,2.558866494315864e-4,49,2023-11-01,8.210652998855309e-4,grefla3,Greater Flamingo
grefla3,state,BGR-2253,Vidin,EU,Europe,nonbreeding,0.043652583641938573,1.1876658690593136e-5,1.347408304435788e-4,0.005599208381265487,3.929758230149141e-5,14,2023-12-06,6.223523676120735e-5,grefla3,Greater Flamingo
grefla3,state,BGR-2253,Vidin,EU,Europe,postbreeding_migration,0.05361239344798978,6.438266799229822e-6,1.5393517329222522e-4,0.012137993770189624,5.6608629387306714e-5,28,2023-11-29,1.3636221726389083e-4,grefla3,Greater Flamingo
grefla3,state,BGR-2254,Burgas,EU,Europe,breeding,0.49996016761465367,2.96664644508333e-4,0.005417478690995393,0.052672902144683745,7.09678094548482e-4,133,2023-07-12,7.758830658238187e-4,grefla3,Greater Flamingo
grefla3,state,BGR-2254,Burgas,EU,Europe,nonbreeding,0.7950801344087368,5.465044100859297e-4,0.00620009886403318,0.026345916211247697,4.671441918405481e-4,77,2023-12-06,0.0010759607454685208,grefla3,Greater Flamingo
grefla3,state,BGR-2254,Burgas,EU,Europe,postbreeding_migration,0.9938553935755904,3.015264524721481e-4,0.007209320172789747,0.03842112780806956,4.526935264825713e-4,126,2023-08-02,0.0020128230962615833,grefla3,Greater Flamingo
grefla3,state,BGR-2259,Dobrich,EU,Europe,breeding,0.05369424128607946,1.9134263120220937e-5,3.4941630100038506e-4,0.023762480410355117,1.9227356090634797e-4,77,2023-03-15,1.6867734224970449e-4,grefla3,Greater Flamingo
grefla3,state,BGR-2259,Dobrich,EU,Europe,nonbreeding,0.04998518201842413,2.06337275312856e-5,2.3408987789756125e-4,0.007311532433955421,7.785736530675803e-5,56,2023-12-06,5.929898686609345e-5,grefla3,Greater Flamingo
grefla3,state,BGR-2259,Dobrich,EU,Europe,postbreeding_migration,0.08817233660225221,1.6065276854194456e-5,3.841113227606275e-4,0.01096729865093313,7.760460453986936e-5,98,2023-11-22,2.0622254522615255e-4,grefla3,Greater Flamingo
grefla3,state,BGR-2260,Varna,EU,Europe,breeding,0.08111469538818736,2.416004837092582e-5,4.411936159087272e-4,0.03502853733158686,2.36899436067385e-4,126,2023-03-15,1.8791565856020664e-4,grefla3,Greater Flamingo
grefla3,state,BGR-2260,Varna,EU,Europe,nonbreeding,0.023454054789473225,8.09223665241813e-6,9.180651857549772e-5,0.004373853062775414,3.892868265337901e-5,42,2023-12-06,2.321382920898245e-5,grefla3,Greater Flamingo
grefla3,state,BGR-2260,Varna,EU,Europe,postbreeding_migration,0.1684015852699609,2.56458008736384e-5,6.131760184547932e-4,0.021869265313877066,1.2934100756644895e-4,126,2023-11-22,2.3335143054084876e-4,grefla3,Greater Flamingo
grefla3,state,BGR-2261,Silistra,EU,Europe,nonbreeding,0.2266760672897763,5.814402974950234e-5,6.59644691144428e-4,0.04351206813007197,2.8791484852731006e-4,49,2023-02-08,1.892300105124149e-4,grefla3,Greater Flamingo
grefla3,state,BGR-2261,Silistra,EU,Europe,postbreeding_migration,0.25128390612878393,2.8450086016388623e-5,6.802248272214179e-4,0.040677586309168325,1.7885704060851277e-4,49,2023-11-08,2.78590261225213e-4,grefla3,Greater Flamingo
grefla3,state,BGR-2262,Ruse,EU,Europe,nonbreeding,0.21736133860230933,5.170117501897833e-5,5.865504295819793e-4,0.0714824789375574,4.386040092617016e-4,42,2023-02-08,2.900585502196342e-4,grefla3,Greater Flamingo
grefla3,state,BGR-2262,Ruse,EU,Europe,postbreeding_migration,0.29695336274456896,3.117638901808837e-5,7.454091288511618e-4,0.05522698213688811,2.2517534262049104e-4,42,2023-11-08,4.2950175229411485e-4,grefla3,Greater Flamingo
grefla3,state,BHR-4926,Al Janūbīyah,AS,Asia,breeding,0.9860693779239564,6.095120455617059e-5,7.60787053495852e-5,0.20279453551978596,2.8462617404928855e-4,112,2023-03-08,2.2509438347022187e-4,grefla3,Greater Flamingo
grefla3,state,BHR-4926,Al Janūbīyah,AS,Asia,nonbreeding,3.798425210907251,2.7197612526065574e-4,3.877281643262276e-4,0.3037914521047213,5.611224322450235e-4,77,2023-12-06,4.8004504434959785e-4,grefla3,Greater Flamingo
grefla3,state,BHR-4926,Al Janūbīyah,AS,Asia,postbreeding_migration,1.598271423513484,5.0512305103372214e-5,6.477189739562213e-5,0.17115417550011755,2.1007100248774104e-4,126,2023-10-11,3.643273473494052e-4,grefla3,Greater Flamingo
grefla3,state,BHR-4927,Ash Shamālīyah,AS,Asia,breeding,0.9425054082859508,2.1791249228508764e-5,2.7199627002076305e-5,0.2660375083140627,1.396641409416168e-4,105,2023-03-15,1.569927635018315e-4,grefla3,Greater Flamingo
grefla3,state,BHR-4927,Ash Shamālīyah,AS,Asia,nonbreeding,5.602642802730055,1.5005262366410372e-4,2.1391446866837727e-4,0.23786443830960005,1.643368868215625e-4,77,2023-12-06,3.2924901262356375e-4,grefla3,Greater Flamingo
grefla3,state,BHR-4927,Ash Shamālīyah,AS,Asia,postbreeding_migration,2.13354294697188,2.5221534086428347e-5,3.234155746135728e-5,0.18151829830067476,8.333404769248651e-5,126,2023-11-29,2.1835587165137284e-4,grefla3,Greater Flamingo
grefla3,state,BHR-4928,Al Wusţá,AS,Asia,breeding,4.524681512792288,4.655715989459727e-5,5.81121977051396e-5,0.7435506134652512,1.7372117834274525e-4,112,2023-03-08,1.858476097263061e-4,grefla3,Greater Flamingo
grefla3,state,BHR-4928,Al Wusţá,AS,Asia,nonbreeding,16.37947813604516,1.9523195656174705e-4,2.783219595578758e-4,0.6171160382400639,1.8974596891948453e-4,77,2023-12-06,3.7205814824348767e-4,grefla3,Greater Flamingo
grefla3,state,BHR-4928,Al Wusţá,AS,Asia,postbreeding_migration,6.223701836235976,3.274304577194755e-5,4.19863872143732e-5,0.6171003851719912,1.2608344606597027e-4,126,2023-11-29,2.1432599322512228e-4,grefla3,Greater Flamingo
grefla3,state,BHR-4929,Al Manāmah,AS,Asia,breeding,4.309635225698612,1.9598788785275667e-5,2.446301903401499e-5,0.9264669741456424,9.566706025876634e-5,105,2023-03-08,1.07419183380017e-4,grefla3,Greater Flamingo
grefla3,state,BHR-4929,Al Manāmah,AS,Asia,nonbreeding,23.782769307226435,1.2528628313608435e-4,1.786076646582669e-4,0.9264669741456424,1.25900056022573e-4,77,2023-12-06,2.647246646869385e-4,grefla3,Greater Flamingo
grefla3,state,BHR-4929,Al Manāmah,AS,Asia,postbreeding_migration,7.601734829917155,1.76755635333351e-5,2.2665364117674147e-5,0.9264669741456424,8.366088441073155e-5,84,2023-11-29,1.5815973778103218e-4,grefla3,Greater Flamingo
grefla3,state,BHR-4930,Al Muḩarraq,AS,Asia,breeding,1.927109573924335,3.7782527620200634e-5,4.715978637519486e-5,0.5348683551210562,2.381087031075771e-4,84,2023-03-15,2.764846988904119e-4,grefla3,Greater Flamingo
grefla3,state,BHR-4930,Al Muḩarraq,AS,Asia,nonbreeding,19.89929531671739,4.519336493252366e-4,6.442749490683901e-4,0.700986799720679,4.106782473238381e-4,77,2023-12-06,7.728017498834229e-4,grefla3,Greater Flamingo
grefla3,state,BHR-4930,Al Muḩarraq,AS,Asia,postbreeding_migration,6.732073360622945,6.748469229090859e-5,8.65355789227296e-5,0.700986799720679,2.7289666474176425e-4,91,2023-11-29,4.684460321140988e-4,grefla3,Greater Flamingo
grefla3,state,BIH-2228,Herzegovina-Neretva,EU,Europe,breeding,0.008521811801019123,2.948946254729902e-6,5.3851558625622366e-5,0.007302281535521485,5.737692343400544e-5,21,2023-03-15,4.092561525996044e-5,grefla3,Greater Flamingo
grefla3,state,BIH-2228,Herzegovina-Neretva,EU,Europe,nonbreeding,0.14486828717147718,5.8071176632994194e-5,6.588181716935924e-4,0.01106695686689954,1.144380361884922e-4,77,2023-01-18,9.548938567832296e-5,grefla3,Greater Flamingo
grefla3,state,BIH-2228,Herzegovina-Neretva,EU,Europe,postbreeding_migration,0.03564600083693294,6.306923513556096e-6,1.5079483256521872e-4,0.007302281535521485,5.017614366190229e-5,42,2023-11-22,9.683808932739749e-5,grefla3,Greater Flamingo
grefla3,state,BWA-1191,Ghanzi,AF,Africa,breeding,4.7923096968061394e-4,3.9815044331233824e-06,2.7634080656551208e-5,1.5680507672024023e-4,2.9580547831745843e-5,0,2023-05-24,1.625304085500091e-5,grefla3,Greater Flamingo
grefla3,state,BWA-1191,Ghanzi,AF,Africa,nonbreeding,0.0012447346568217215,1.1979301375595703e-5,5.693728019845945e-5,1.5680507672024023e-4,3.892868265337901e-5,0,2023-01-11,1.8282211781392637e-5,grefla3,Greater Flamingo
grefla3,state,BWA-2625,Kgalagadi,AF,Africa,breeding,0.0032801854348739217,2.507008234448115e-5,1.74001734573054e-4,0.001586765117210165,2.75368193250531e-4,21,2023-07-05,8.380468567526605e-5,grefla3,Greater Flamingo
grefla3,state,BWA-2625,Kgalagadi,AF,Africa,nonbreeding,0.0059152500431905114,5.2370033742520295e-5,2.489132873203447e-4,0.0013262983264522602,3.029045846694824e-4,21,2023-01-11,9.686262707828593e-5,grefla3,Greater Flamingo
grefla3,state,BWA-2625,Kgalagadi,AF,Africa,postbreeding_migration,5.085851883753118e-4,1.987434868895206e-6,1.1144929220168532e-5,4.261329249151633e-4,6.467050378322448e-5,0,2023-08-16,3.355050328532311e-5,grefla3,Greater Flamingo
grefla3,state,BWA-2630,Central,AF,Africa,breeding,0.06042603314188506,6.392076385680106e-4,0.004436492722077713,0.004900664550852368,0.0011771088198197096,28,2023-07-05,9.54083407967246e-4,grefla3,Greater Flamingo
grefla3,state,BWA-2630,Central,AF,Africa,nonbreeding,0.005892174398459588,7.220143781121024e-5,3.43171389256754e-4,0.001537037305752693,4.858582042293147e-4,21,2023-01-18,9.269984446224997e-5,grefla3,Greater Flamingo
grefla3,state,BWA-2630,Central,AF,Africa,postbreeding_migration,0.002023961479915455,1.094692006698936e-5,6.138699246695764e-5,5.220908102149126e-4,1.0966491568202844e-4,0,2023-08-30,5.0945057673857255e-5,grefla3,Greater Flamingo
grefla3,state,BWA-2646,Kgatleng,AF,Africa,breeding,0.024507574772557186,1.3639437787454818e-5,9.466605657722712e-5,0.00553747497694577,6.997641281462596e-5,133,2023-07-12,4.394623233254744e-5,grefla3,Greater Flamingo
grefla3,state,BWA-2646,Kgatleng,AF,Africa,nonbreeding,0.03258890202586875,2.1009622218227068e-5,9.98581394354049e-5,0.005056408912685884,8.40902379866111e-5,77,2023-01-18,3.4441738333937376e-5,grefla3,Greater Flamingo
grefla3,state,BWA-2646,Kgatleng,AF,Africa,postbreeding_migration,0.02298647875759652,6.540943734142286e-6,3.667961958956877e-5,0.004783492540698083,5.28621743185621e-5,126,2023-08-02,3.567315238319958e-5,grefla3,Greater Flamingo
grefla3,state,BWA-2647,Kweneng,AF,Africa,breeding,0.003644668767712209,9.744281278567063e-6,6.763128342941609e-5,0.0019490846068681176,1.1832219132698336e-4,56,2023-07-12,3.819777947301922e-5,grefla3,Greater Flamingo
grefla3,state,BWA-2647,Kweneng,AF,Africa,nonbreeding,0.00752388164377845,2.3301618282752778e-5,1.1075193182345868e-4,0.0031672624861606917,2.5303643724696357e-4,42,2023-01-11,4.481681477797726e-5,grefla3,Greater Flamingo
grefla3,state,BWA-2647,Kweneng,AF,Africa,postbreeding_migration,0.0013302324642618067,1.818407113895576e-6,1.0197073068906554e-5,9.745423034340588e-4,5.173640302657958e-5,0,2023-08-02,1.6891612714409437e-5,grefla3,Greater Flamingo
grefla3,state,BWA-2648,South-East,AF,Africa,breeding,0.12454311058334536,1.4574751005973696e-5,1.0115770347950454e-4,0.02830357942327051,7.520843710794206e-5,133,2023-07-12,7.4213103936279e-5,grefla3,Greater Flamingo
grefla3,state,BWA-2648,South-East,AF,Africa,nonbreeding,0.19385841959273944,2.6279583944929947e-5,1.2490611828329645e-4,0.033869679565319985,1.1844037779784682e-4,77,2023-01-18,5.606406809060319e-5,grefla3,Greater Flamingo
grefla3,state,BWA-2648,South-East,AF,Africa,postbreeding_migration,0.11900332408568493,7.120530659197544e-6,3.992976647879323e-5,0.02830357942327051,6.576980986538419e-5,126,2023-08-02,6.453429619822528e-5,grefla3,Greater Flamingo
grefla3,state,BWA-2649,Southern,AF,Africa,breeding,0.004838291519536452,9.457672244123218e-6,6.564204109457726e-5,0.0037266379865496216,1.6540673906363193e-4,70,2023-07-05,3.6313715312183803e-05,grefla3,Greater Flamingo
grefla3,state,BWA-2649,Southern,AF,Africa,nonbreeding,0.01119182425356249,2.5342268667802723e-5,1.2045108531477864e-4,0.005029915798664382,2.938056903230027e-4,56,2023-01-11,5.556701996641853e-5,grefla3,Greater Flamingo
grefla3,state,BWA-2649,Southern,AF,Africa,postbreeding_migration,0.004539432008676824,4.536966530755252e-6,2.544192599762977e-5,0.0016661351562333314,6.467050378322448e-5,49,2023-08-09,2.6623065698518585e-5,grefla3,Greater Flamingo
grefla3,state,BWA-4853,North-East,AF,Africa,breeding,0.0056340339919827755,2.1290961368408988e-6,1.4777231913027918e-5,0.001483302974147311,1.2727685709132311e-5,21,2023-07-12,8.566134142308854e-6,grefla3,Greater Flamingo
grefla3,state,BWA-4853,North-East,AF,Africa,postbreeding_migration,0.00934450163863256,1.805526163665986e-6,1.0124840624541173e-5,0.0046440842859047735,3.4848147056296044e-5,28,2023-08-30,1.113879558534097e-5,grefla3,Greater Flamingo
grefla3,state,BWA-5501,Gaborone,AF,Africa,breeding,0.5781386099840878,1.1931953447383125e-5,8.281506890010827e-5,0.17098295593438465,8.01264982258923e-5,133,2023-07-12,5.741595018170602e-5,grefla3,Greater Flamingo
grefla3,state,BWA-5501,Gaborone,AF,Africa,nonbreeding,0.7719074384203163,1.8454283330824195e-5,8.771268606777546e-5,0.13942180189411002,8.598397691624554e-5,77,2023-01-11,3.282815797398564e-5,grefla3,Greater Flamingo
grefla3,state,BWA-5501,Gaborone,AF,Africa,postbreeding_migration,0.5826926764896428,6.1488085164238065e-6,3.4480644762968665e-5,0.17098295593438465,7.007065638037937e-5,126,2023-08-02,4.077049024842495e-5,grefla3,Greater Flamingo
grefla3,state,BWA-5504,Selebi-Phikwe,AF,Africa,breeding,0.012708295541585516,3.1988862345998545e-8,2.220223076549929e-7,0.04187844443534708,2.3935681454008933e-6,7,2023-07-12,1.9686522207849876e-6,grefla3,Greater Flamingo
grefla3,state,BWA-5506,Jwaneng,AF,Africa,breeding,0.284308467968454,6.977992546094876e-6,4.843154442712215e-5,0.05307887882947819,2.9580547831745843e-5,133,2023-07-05,1.9741077987444027e-5,grefla3,Greater Flamingo
grefla3,state,BWA-5506,Jwaneng,AF,Africa,nonbreeding,0.516932168075796,1.4696930704686154e-5,6.985409543955522e-5,0.05307887882947819,3.892868265337901e-5,77,2023-01-11,2.703791947378487e-5,grefla3,Greater Flamingo
grefla3,state,BWA-5506,Jwaneng,AF,Africa,postbreeding_migration,0.3132799874257485,3.931381515248501e-6,2.2045989738159183e-5,0.05307887882947819,2.586820151328979e-5,84,2023-10-11,1.7957223768201964e-5,grefla3,Greater Flamingo
grefla3,state,CYP-001,Northern Cyprus,AS,Asia,breeding,0.21527528444911756,6.708241910902334e-5,8.373162818840628e-5,0.018697827923008527,1.3229683926516093e-4,133,2023-04-19,1.505029650227816e-4,grefla3,Greater Flamingo
grefla3,state,CYP-001,Northern Cyprus,AS,Asia,nonbreeding,0.4688567221599586,1.6924158059186727e-4,2.412701751216786e-4,0.016607483224305063,1.5464134803013202e-4,77,2023-01-11,3.338175658816432e-4,grefla3,Greater Flamingo
grefla3,state,CYP-001,Northern Cyprus,AS,Asia,postbreeding_migration,0.32611951434283437,5.195928465658779e-5,6.662735837612261e-5,0.020788172621711988,1.286277423060992e-4,126,2023-11-01,3.735029665533616e-4,grefla3,Greater Flamingo
grefla3,state,CYP-002,Larnaca,AS,Asia,breeding,1.1517216607782843,1.0532856276389216e-4,1.3147009562419212e-4,0.06869705575785162,1.4265287002310288e-4,133,2023-03-08,2.253139892200984e-4,grefla3,Greater Flamingo
grefla3,state,CYP-002,Larnaca,AS,Asia,nonbreeding,2.431712466111151,2.5761030173362156e-4,3.672482991180836e-4,0.05920417966027514,1.6179245008240975e-4,77,2023-01-11,4.6546889045097903e-4,grefla3,Greater Flamingo
grefla3,state,CYP-002,Larnaca,AS,Asia,postbreeding_migration,1.3657027945793907,6.38596676515935e-5,8.188721208392057e-5,0.06157453328979283,1.118158940438729e-4,126,2023-11-01,3.963581952617159e-4,grefla3,Greater Flamingo
grefla3,state,CYP-004,Nicosia,AS,Asia,breeding,0.004599969661943189,6.661251522493508e-7,8.31450986948467e-7,8.251509453629468e-4,2.713176411602976e-6,70,2023-05-03,1.2939951383641651e-5,grefla3,Greater Flamingo
grefla3,state,CYP-004,Nicosia,AS,Asia,nonbreeding,0.003672892615255529,6.161145681538094e-7,8.78330663384446e-7,8.251509453629468e-4,3.5706026849365543e-6,28,2023-12-27,1.3398997435965254e-5,grefla3,Greater Flamingo
grefla3,state,CYP-004,Nicosia,AS,Asia,postbreeding_migration,0.00757718847356967,5.610231568529283e-7,7.193996448564357e-7,8.251509453629468e-4,2.3726739124529576e-6,84,2023-11-01,2.515323861618212e-5,grefla3,Greater Flamingo
grefla3,state,CYP-006,Famagusta,AS,Asia,breeding,0.7132448186804073,1.5408537968730986e-5,1.923278840060763e-5,0.06713715918026437,3.2932866533464547e-05,126,2023-03-08,6.619152764134154e-5,grefla3,Greater Flamingo
grefla3,state,CYP-006,Famagusta,AS,Asia,nonbreeding,0.4455636923085205,1.1150259719933246e-5,1.589576926587608e-5,0.04701995248619544,3.0353743082932763e-05,28,2023-02-15,1.2214368231929648e-4,grefla3,Greater Flamingo
grefla3,state,CYP-006,Famagusta,AS,Asia,postbreeding_migration,0.5137685693552662,5.674951732376076e-6,7.276987074383816e-6,0.06713715918026437,2.87998056271177e-5,98,2023-11-01,7.132188300069866e-5,grefla3,Greater Flamingo
grefla3,state,CYP-007,Limassol,AS,Asia,breeding,2.0898853274453977,2.445475330678671e-4,3.052418708984265e-4,0.03896634416343672,1.0353191741111044e-4,133,2023-06-28,5.178070970040012e-4,grefla3,Greater Flamingo
grefla3,state,CYP-007,Limassol,AS,Asia,nonbreeding,4.649550854846865,6.302374600370613e-4,8.984642061342852e-4,0.03896634416343672,1.3625038928682652e-4,77,2023-01-11,0.001085797495701856,grefla3,Greater Flamingo
grefla3,state,CYP-007,Limassol,AS,Asia,postbreeding_migration,3.0157368751352633,1.8042890280508495e-4,2.3136386976953528e-4,0.03896634416343672,9.053870529651426e-5,126,2023-11-01,0.001331087917215452,grefla3,Greater Flamingo
grefla3,state,DEU-1572,Nordrhein-Westfalen,EU,Europe,breeding,5.9538534961512275e-5,1.4882750864328436e-7,2.717782087060523e-6,0.0011319540597926306,6.424770742900856e-5,7,2023-05-31,7.319831336930199e-7,grefla3,Greater Flamingo
grefla3,state,DEU-1572,Nordrhein-Westfalen,EU,Europe,postbreeding_migration,1.1363519662224671e-6,1.4523449137634544e-9,3.47247128694641e-8,4.424617974715692e-4,2.1961633296758105e-5,0,2023-08-16,2.0844470305911027e-7,grefla3,Greater Flamingo
grefla3,state,DEU-1576,Niedersachsen,EU,Europe,breeding,8.607862738437449e-6,3.082271382586844e-8,5.628624726314531e-7,9.780415879048507e-4,7.952004717739975e-5,0,2023-04-05,5.494111830977991e-7,grefla3,Greater Flamingo
grefla3,state,DEU-1576,Niedersachsen,EU,Europe,postbreeding_migration,4.3459647081186763e-7,7.95671072000527e-10,1.9024027455131817e-8,1.0464419451210112e-4,7.440368902682739e-6,0,2023-08-16,1.4613294287228782e-7,grefla3,Greater Flamingo
grefla3,state,DJI-1566,Ali Sabieh,AF,Africa,postbreeding_migration,1.3450118625441532e-4,9.298265343928035e-9,5.214183908629417e-8,3.8370293978206355e-5,1.0301557793828477e-7,35,2023-11-15,1.0228025905049164e-5,grefla3,Greater Flamingo
grefla3,state,DJI-1567,Djibouti,AF,Africa,nonbreeding,1.2631725456066774,3.835909233137886e-5,1.8231967956659631e-4,0.3836634641535748,3.005460100426714e-4,42,2023-02-08,7.115716205750629e-5,grefla3,Greater Flamingo
grefla3,state,DJI-1567,Djibouti,AF,Africa,postbreeding_migration,3.4447818553855067,4.6172864664118006e-5,2.589233572519903e-4,0.671868863744537,3.497369885275922e-4,63,2023-11-15,2.7014815223067626e-4,grefla3,Greater Flamingo
grefla3,state,DJI-1568,Arta,AF,Africa,nonbreeding,0.1953639900866293,3.151070822440443e-5,1.4976950384434226e-4,0.056723950286954955,2.3601249399053735e-4,42,2023-02-08,7.875164710546498e-5,grefla3,Greater Flamingo
grefla3,state,DJI-1568,Arta,AF,Africa,postbreeding_migration,0.5272274117242604,3.753453851269815e-5,2.1048225608935316e-4,0.186340213626672,5.151950047232648e-4,70,2023-11-15,2.663316489157175e-4,grefla3,Greater Flamingo
grefla3,state,DJI-1569,Dikhil,AF,Africa,nonbreeding,0.30188803799963637,1.7108957870039772e-4,8.131839225070423e-4,0.07208532363696868,0.001053851415935549,49,2023-01-04,3.75620887280748e-4,grefla3,Greater Flamingo
grefla3,state,DJI-1569,Dikhil,AF,Africa,postbreeding_migration,1.376417136712645,3.443080476975863e-4,0.0019307746289351955,0.14344165791524816,0.0013934915994934737,70,2023-11-08,0.0019764561663274324,grefla3,Greater Flamingo
grefla3,state,DJI-1570,Obock,AF,Africa,nonbreeding,0.3936358793135139,1.6572879808746173e-4,7.877042840647691e-4,0.10990039663528088,0.0011935962412047995,42,2023-02-08,2.560478965845801e-4,grefla3,Greater Flamingo
grefla3,state,DJI-1570,Obock,AF,Africa,postbreeding_migration,1.1662692114131883,2.1673126478890837e-4,0.0012153629000243484,0.28092844249283516,0.0020274512577513966,56,2023-11-15,0.0012307170096412996,grefla3,Greater Flamingo
grefla3,state,DJI-1571,Tadjourah,AF,Africa,nonbreeding,0.1552335477431583,8.914236814864302e-5,4.236911514033196e-4,0.05008083912856175,7.418653038369455e-4,42,2023-02-08,1.585111640789504e-4,grefla3,Greater Flamingo
grefla3,state,DJI-1571,Tadjourah,AF,Africa,postbreeding_migration,0.46045569719115054,1.1670941331059722e-4,6.544708312363749e-4,0.11589355024086584,0.0011407993317989488,70,2023-11-15,5.846780972707322e-4,grefla3,Greater Flamingo
grefla3,state,DZA-2144,Aïn Témouchent,AF,Africa,nonbreeding,0.0090253357236227,1.5731208809372038e-6,7.476998998158592e-6,0.004328985219461825,1.9464341326689503e-5,7,2023-01-18,1.7559892717746564e-5,grefla3,Greater Flamingo
grefla3,state,DZA-2145,Oran,AF,Africa,breeding,0.01907274129981291,3.977922751620533e-6,2.760922159204473e-5,0.01344610711708726,6.367714154159517e-5,21,2023-05-17,4.4828883123159425e-5,grefla3,Greater Flamingo
grefla3,state,DZA-2145,Oran,AF,Africa,nonbreeding,0.009160577847845642,2.213188875638839e-6,1.0519224051001524e-5,0.0031231239743068884,1.9464341326689503e-5,7,2023-01-25,2.360226087796103e-5,grefla3,Greater Flamingo
grefla3,state,DZA-2145,Oran,AF,Africa,postbreeding_migration,0.006620289026498822,7.059793690638094e-7,3.958917206423566e-6,0.0031231239743068884,1.2934100756644896e-5,14,2023-09-27,1.8488666003418688e-5,grefla3,Greater Flamingo
grefla3,state,DZA-2150,Tindouf,AF,Africa,nonbreeding,6.410120248152385e-5,8.194823874214712e-7,3.894976580635409e-6,5.90216553229849e-5,1.9464341326689503e-5,0,2023-01-25,4.4418524876082144e-6,grefla3,Greater Flamingo
grefla3,state,DZA-2163,Annaba,AF,Africa,breeding,5.8132963999624225,6.784476781627731e-4,0.004708842643405636,0.06406337947791181,1.6976474469509645e-4,133,2023-04-26,0.0020543725153340025,grefla3,Greater Flamingo
grefla3,state,DZA-2163,Annaba,AF,Africa,nonbreeding,4.8209960218528,6.517530147363956e-4,0.0030977636221621043,0.06406337947791181,2.2341431637972712e-4,77,2023-12-06,0.0015424295554843776,grefla3,Greater Flamingo
grefla3,state,DZA-2163,Annaba,AF,Africa,postbreeding_migration,15.1820441822664,9.05932786302759e-4,0.005080195049202736,0.06412291625684183,1.485973100745625e-4,126,2023-08-23,0.004220297078783023,grefla3,Greater Flamingo
grefla3,state,DZA-2164,El Tarf,AF,Africa,breeding,7.67445269443244,0.001618559888611931,0.011233797490531284,0.1025107803732482,4.909018464290216e-4,133,2023-03-08,0.004295539507192799,grefla3,Greater Flamingo
grefla3,state,DZA-2164,El Tarf,AF,Africa,nonbreeding,6.628608740330944,0.001619407427736296,0.00769699764431403,0.09633373079774024,6.07109460463232e-4,77,2023-12-06,0.003025959290375431,grefla3,Greater Flamingo
grefla3,state,DZA-2164,El Tarf,AF,Africa,postbreeding_migration,20.98794979828553,0.0022632014322705274,0.012691344088000423,0.1025107803732482,4.292938710568325e-4,126,2023-08-23,0.011419250364368931,grefla3,Greater Flamingo
grefla3,state,DZA-2165,Jijel,AF,Africa,breeding,0.2512147551475859,4.792225023088848e-5,3.32609783655304e-4,0.010243813135697482,4.437082174761877e-5,84,2023-03-15,1.8268215908469313e-4,grefla3,Greater Flamingo
grefla3,state,DZA-2165,Jijel,AF,Africa,nonbreeding,0.28303406369353246,6.254363908656774e-5,2.972681454160463e-4,0.010243813135697482,5.839302398006851e-5,70,2023-12-20,7.779651191206384e-5,grefla3,Greater Flamingo
grefla3,state,DZA-2165,Jijel,AF,Africa,postbreeding_migration,0.4964410832588793,4.84207604200999e-5,2.7152887177064313e-4,0.010243813135697482,3.880230226993468e-5,77,2023-10-18,2.2718822445558776e-4,grefla3,Greater Flamingo
grefla3,state,DZA-2166,Skikda,AF,Africa,breeding,0.08172955166101942,2.6737856230150053e-5,1.8557710736180405e-4,0.006632251368240441,4.926655683778226e-5,98,2023-04-26,1.2655663445523767e-4,grefla3,Greater Flamingo
grefla3,state,DZA-2166,Skikda,AF,Africa,nonbreeding,0.16254913331296883,6.160053829060036e-5,2.927856140403204e-4,0.002650125532323601,2.5907241531379127e-5,77,2023-02-01,1.650709174906035e-4,grefla3,Greater Flamingo
grefla3,state,DZA-2166,Skikda,AF,Africa,postbreeding_migration,0.3556276736981463,5.948601121604043e-5,3.3357942691297277e-4,0.006611012480898584,4.294565518755992e-5,112,2023-10-18,3.9464035078549264e-4,grefla3,Greater Flamingo
grefla3,state,DZA-2201,Mascara,AF,Africa,breeding,8.822018579498383e-4,3.686631053881063e-7,2.5587478704369093e-6,7.84420394678863e-4,7.4431085287968034e-6,7,2023-05-17,1.3473336136942836e-5,grefla3,Greater Flamingo
grefla3,state,DZA-2202,Mostaganem,AF,Africa,breeding,0.021472561155822533,3.928474683329346e-6,2.7266021696020166e-5,0.004241860394989933,1.7621393424845568e-5,56,2023-07-05,2.7997009736671796e-5,grefla3,Greater Flamingo
grefla3,state,DZA-2202,Mostaganem,AF,Africa,nonbreeding,0.06636905832017229,1.4065596279850174e-5,6.685338079695932e-5,0.01780173555013396,9.732170663344751e-5,35,2023-02-01,9.862723190862456e-5,grefla3,Greater Flamingo
grefla3,state,DZA-2202,Mostaganem,AF,Africa,postbreeding_migration,0.026676786313128288,2.495430351094849e-6,1.3993613110085193e-5,0.0035603471100267917,1.2934100756644896e-5,49,2023-08-09,4.066591191235997e-5,grefla3,Greater Flamingo
grefla3,state,DZA-2208,Béjaïa,AF,Africa,breeding,0.033485201312838775,9.110267513640687e-6,6.32308393732494e-5,0.002394165871616425,1.4790273915872922e-5,7,2023-05-17,1.763725950158866e-5,grefla3,Greater Flamingo
grefla3,state,DZA-2215,Sétif,AF,Africa,breeding,1.556310702491971,6.97469284385368e-4,0.004840864247149021,0.0170814115646894,1.7381862311467575e-4,28,2023-05-03,0.002421290730496212,grefla3,Greater Flamingo
grefla3,state,DZA-2215,Sétif,AF,Africa,nonbreeding,0.2940549734687666,1.5265452898015374e-4,7.255626532456815e-4,0.001570166402384723,2.102721345624378e-5,7,2023-12-27,2.752211714131599e-4,grefla3,Greater Flamingo
grefla3,state,DZA-2215,Sétif,AF,Africa,postbreeding_migration,1.4338203700518115,3.2854537747331277e-4,0.0018423823768318388,0.005813847823310369,5.173640302657958e-5,21,2023-10-18,0.001054342452897664,grefla3,Greater Flamingo
grefla3,state,DZA-2216,Batna,AF,Africa,breeding,0.3024908836881644,2.6392429195330584e-4,0.0018317963206032203,0.003917785044357135,7.761603345516393e-5,28,2023-05-03,9.878937419834505e-4,grefla3,Greater Flamingo
grefla3,state,DZA-2216,Batna,AF,Africa,nonbreeding,0.14938684817286493,1.5098431072413775e-4,7.17624153173457e-4,0.0014331777997361862,3.736581052382473e-5,0,2023-12-13,2.27923721948328e-4,grefla3,Greater Flamingo
grefla3,state,DZA-2219,Khenchela,AF,Africa,breeding,0.08589513278311824,6.127270557039283e-5,4.2527012495351374e-4,0.001845919192835894,2.9898882298085748e-5,28,2023-04-26,3.350700519694813e-4,grefla3,Greater Flamingo
grefla3,state,DZA-2219,Khenchela,AF,Africa,nonbreeding,0.06370774757836539,5.264330350449759e-5,2.50212130760344e-4,9.13132812672328e-4,1.9464341326689503e-5,0,2023-12-06,2.0698737248581685e-4,grefla3,Greater Flamingo
grefla3,state,DZA-2219,Khenchela,AF,Africa,postbreeding_migration,0.06250389290577937,2.2796984392841543e-5,1.278385427708335e-4,9.327863801635656e-4,1.3212484381273669e-5,21,2023-08-30,1.1139721720450638e-4,grefla3,Greater Flamingo
grefla3,state,DZA-2221,Oum el Bouaghi,AF,Africa,breeding,3.0875793408757333,0.001415701748780009,0.009825837687368218,0.05111184777180661,5.321315265050852e-4,105,2023-04-26,0.0073141614735067985,grefla3,Greater Flamingo
grefla3,state,DZA-2221,Oum el Bouaghi,AF,Africa,nonbreeding,2.6127519063658786,0.0013877275083247734,0.006595829548254305,0.03125370365638781,4.282155091871691e-4,28,2023-12-13,0.005838896334961154,grefla3,Greater Flamingo
grefla3,state,DZA-2221,Oum el Bouaghi,AF,Africa,postbreeding_migration,1.9391374263785528,4.5460484846404696e-4,0.0025492854827960628,0.031223127263196176,2.8427183302155885e-4,91,2023-10-18,0.0031658105325228286,grefla3,Greater Flamingo
grefla3,state,DZA-2222,Souk Ahras,AF,Africa,breeding,0.08716468817880849,2.5438236200593047e-5,1.7655694794144284e-4,0.0022319580954813507,1.4790273915872922e-5,42,2023-04-26,1.499444688685302e-4,grefla3,Greater Flamingo
grefla3,state,DZA-2222,Souk Ahras,AF,Africa,nonbreeding,0.05255607250600407,1.7767310805075877e-5,8.444752510714887e-5,0.0022319580954813507,1.9464341326689503e-5,7,2023-12-13,1.9601926839252367e-4,grefla3,Greater Flamingo
grefla3,state,DZA-2222,Souk Ahras,AF,Africa,postbreeding_migration,0.18816538117709483,2.807746999574697e-5,1.574498971923318e-4,0.0022319580954813507,1.2934100756644896e-5,63,2023-10-18,1.5327565302325298e-4,grefla3,Greater Flamingo
grefla3,state,EGY-1530,Al Gharbiyah,AF,Africa,breeding,0.0011459698062733616,1.598011730413535e-7,1.1091180680595297e-6,0.0010966909277226949,3.4724404344557024e-6,7,2023-06-21,3.2934565629329603e-6,grefla3,Greater Flamingo
grefla3,state,EGY-1531,Al Isma`iliyah,AF,Africa,breeding,1.283127615053933,5.268800027731623e-4,0.00365687009458776,0.18141399969569097,0.0016914393436719554,56,2023-07-12,0.00536515547350685,grefla3,Greater Flamingo
grefla3,state,EGY-1531,Al Isma`iliyah,AF,Africa,nonbreeding,2.286100889539035,0.0010874007751204974,0.005168385090234773,0.21509849471655473,0.0026392862519583516,21,2023-12-06,0.006239842909002052,grefla3,Greater Flamingo
grefla3,state,EGY-1531,Al Isma`iliyah,AF,Africa,postbreeding_migration,5.991404236915899,0.001257888997897489,0.0070538582510577055,0.22721059730349105,0.001852568331397404,98,2023-11-08,0.008757218053300389,grefla3,Greater Flamingo
grefla3,state,EGY-1533,Al Qahirah,AF,Africa,breeding,0.00433708408409769,9.838301380285472e-7,6.8283840551444835e-6,8.582597805787895e-4,4.420636523867225e-6,28,2023-06-28,1.0361375817175592e-5,grefla3,Greater Flamingo
grefla3,state,EGY-1533,Al Qahirah,AF,Africa,postbreeding_migration,0.002453488573711337,2.845628177699401e-7,1.5957415824653731e-6,8.36238802931938e-4,3.7666596917958682e-06,7,2023-08-02,1.07784775567899e-5,grefla3,Greater Flamingo
grefla3,state,EGY-1535,Ash Sharqiyah,AF,Africa,breeding,0.3941175239457261,1.4585884660496903e-4,0.0010123497786466832,0.07198268788903613,6.048934123749928e-4,49,2023-07-12,0.001512479600971957,grefla3,Greater Flamingo
grefla3,state,EGY-1535,Ash Sharqiyah,AF,Africa,nonbreeding,1.2480531403708648,5.350476839951832e-4,0.002543066490107034,0.14625973415870444,0.0016174805595644106,21,2023-12-06,0.004039253267778133,grefla3,Greater Flamingo
grefla3,state,EGY-1535,Ash Sharqiyah,AF,Africa,postbreeding_migration,2.4681933850898368,4.670442675340136e-4,0.0026190419549424224,0.14146282120376272,0.001039568551301271,70,2023-11-08,0.004271375048092126,grefla3,Greater Flamingo
grefla3,state,EGY-1536,As Suways,AF,Africa,breeding,0.14356701077453138,9.889726513719743e-5,6.864076249112022e-4,0.02529909097784223,3.957111674578052e-4,49,2023-07-12,5.638831003445188e-4,grefla3,Greater Flamingo
grefla3,state,EGY-1536,As Suways,AF,Africa,nonbreeding,0.4173516400558104,3.3303059265146523e-4,0.0015828849758371284,0.01773437173499145,3.650502852335162e-4,21,2023-12-20,7.219911461444732e-4,grefla3,Greater Flamingo
grefla3,state,EGY-1536,As Suways,AF,Africa,postbreeding_migration,0.34472463947650994,1.2141540213896432e-4,6.808605827818987e-4,0.02719027078855493,3.71917783795604e-4,98,2023-11-08,9.133654974642092e-4,grefla3,Greater Flamingo
grefla3,state,EGY-1537,Ad Daqahliyah,AF,Africa,breeding,0.36006080731280055,1.104745102121973e-4,7.667608003394744e-4,0.08960083379588751,6.242262834139962e-4,49,2023-07-12,9.177815597724616e-4,grefla3,Greater Flamingo
grefla3,state,EGY-1537,Ad Daqahliyah,AF,Africa,nonbreeding,1.0420789072284011,3.7037291620739624e-4,0.0017603719822077187,0.1236042366238372,0.0011332529315658292,21,2023-12-06,0.002779165366680324,grefla3,Greater Flamingo
grefla3,state,EGY-1537,Ad Daqahliyah,AF,Africa,postbreeding_migration,2.129091129851128,3.340044992405045e-4,0.0018729954684364228,0.1413912672721819,8.614153560335747e-4,70,2023-11-08,0.0029292263070573163,grefla3,Greater Flamingo
grefla3,state,EGY-1538,Bur Sa`id,AF,Africa,breeding,4.433205316449273,1.8671812500708492e-4,0.0012959382095772487,0.7779631995176963,7.439974584407653e-4,63,2023-07-12,0.0018358963268118415,grefla3,Greater Flamingo
grefla3,state,EGY-1538,Bur Sa`id,AF,Africa,nonbreeding,12.502540165462309,6.099851642118506e-4,0.002899242211435418,0.7688587437854089,9.67659245578404e-4,28,2023-12-20,0.003441865871362344,grefla3,Greater Flamingo
grefla3,state,EGY-1538,Bur Sa`id,AF,Africa,postbreeding_migration,23.83625035991157,5.133084375801383e-4,0.0028784773249581072,0.80118299849434,6.7004526966024e-4,98,2023-11-01,0.005135602270692439,grefla3,Greater Flamingo
grefla3,state,EGY-1539,Dumyat,AF,Africa,breeding,1.083563530768998,9.448720714205582e-5,6.557991199139568e-4,0.2590272892165203,5.128707358620214e-4,49,2023-07-12,8.131116622153276e-4,grefla3,Greater Flamingo
grefla3,state,EGY-1539,Dumyat,AF,Africa,nonbreeding,2.6760001554983375,2.703069104801123e-4,0.0012847610907377068,0.3672996260367347,9.570758975062276e-4,14,2023-12-06,0.0022206841621513177,grefla3,Greater Flamingo
grefla3,state,EGY-1539,Dumyat,AF,Africa,postbreeding_migration,4.202000707374514,1.8734693238253153e-4,0.0010505845166034011,0.3710755391354547,6.425171854504687e-4,70,2023-11-08,0.0020399936598760357,grefla3,Greater Flamingo
grefla3,state,EGY-1541,Al Buhayrah,AF,Africa,breeding,0.3379575355239994,2.9195116796122114e-4,0.0020263200151420507,0.02092492264955812,4.10445699620622e-4,35,2023-07-12,7.994252075998815e-4,grefla3,Greater Flamingo
grefla3,state,EGY-1541,Al Buhayrah,AF,Africa,postbreeding_migration,0.039418093621293365,1.7410671913331866e-5,9.76337434682954e-5,0.003476135493439549,5.962776994326129e-5,7,2023-08-02,2.1173498723746576e-4,grefla3,Greater Flamingo
grefla3,state,EGY-1542,Al Fayyum,AF,Africa,breeding,0.03928042068116187,1.7066168591633434e-5,1.1844966828017206e-4,0.002998489591403668,2.9580547831745843e-5,7,2023-07-12,3.399427594574486e-5,grefla3,Greater Flamingo
grefla3,state,EGY-1543,Al Iskandariyah,AF,Africa,breeding,2.081551400744299,3.76496518484271e-4,0.002613116557688548,0.09497161162093833,3.900420216322819e-4,21,2023-07-12,8.495881401967172e-4,grefla3,Greater Flamingo
grefla3,state,EGY-1544,Al Jizah,AF,Africa,breeding,8.69029430830801e-4,2.361837831850018e-6,1.6392601901949172e-5,1.698747176704332e-4,1.0483060786972763e-5,0,2023-07-12,7.214736365458316e-6,grefla3,Greater Flamingo
grefla3,state,EGY-1544,Al Jizah,AF,Africa,postbreeding_migration,4.984050935038585e-4,6.92579918179313e-7,3.883777168360406e-6,1.698747176704332e-4,9.167441064849027e-6,0,2023-08-02,1.07784775567899e-5,grefla3,Greater Flamingo
grefla3,state,EGY-1547,Kafr ash Shaykh,AF,Africa,breeding,1.8699314304646204,5.659469909845182e-4,0.003928018933267877,0.1506401687644607,0.0010352247185146989,49,2023-07-12,0.001530159637825027,grefla3,Greater Flamingo
grefla3,state,EGY-1547,Kafr ash Shaykh,AF,Africa,postbreeding_migration,1.0717377735637823,1.6584807845940717e-4,9.300254939969614e-4,0.07856831535316468,4.7217316748889487e-4,28,2023-08-02,0.001642578201502076,grefla3,Greater Flamingo
grefla3,state,EGY-1548,Aswan,AF,Africa,nonbreeding,0.48631271275395666,6.113654257072579e-4,0.002905802555235704,0.17006646764141609,0.005515168962816263,28,2023-12-20,0.0010086143223083396,grefla3,Greater Flamingo
grefla3,state,EGY-1550,Al Wadi at Jadid,AF,Africa,nonbreeding,4.5610313723660215e-4,1.7321656565721816e-5,8.232934312790373e-5,6.703450419415508e-5,6.567190954996918e-5,0,2023-12-13,2.462646245477269e-5,grefla3,Greater Flamingo
grefla3,state,EGY-1556,Al Bahr al Ahmar,AF,Africa,breeding,0.001376527731232642,1.9507015271835417e-5,1.3539064000679747e-4,3.6771943087240256e-4,1.1832219132698336e-4,0,2023-07-12,5.914991128507735e-5,grefla3,Greater Flamingo
grefla3,state,EGY-1556,Al Bahr al Ahmar,AF,Africa,nonbreeding,0.001691264945021939,2.776322342071566e-5,1.3195781469677828e-4,3.345658167084209e-4,1.4167547768048234e-4,0,2023-12-20,3.273734294105152e-5,grefla3,Greater Flamingo
grefla3,state,EGY-1556,Al Bahr al Ahmar,AF,Africa,postbreeding_migration,8.993041316475656e-5,6.516048080261958e-7,3.654001234772727e-6,4.596492885905032e-5,1.2934100756644896e-5,0,2023-08-02,2.4972535594670977e-5,grefla3,Greater Flamingo
grefla3,state,EGY-1557,Janub Sina',AF,Africa,breeding,0.019776258927492255,4.448083924462344e-5,3.087242824925724e-4,0.003764843869317544,1.9227356090634797e-4,42,2023-07-12,2.171878350223992e-4,grefla3,Greater Flamingo
grefla3,state,EGY-1557,Janub Sina',AF,Africa,nonbreeding,0.003751246063776287,9.773649662048866e-6,4.645388006543762e-5,2.89603374562888e-4,1.9464341326689503e-5,0,2023-12-06,2.3126749057645417e-5,grefla3,Greater Flamingo
grefla3,state,EGY-1557,Janub Sina',AF,Africa,postbreeding_migration,0.011721462454553777,1.347976951605801e-5,7.559044047776208e-5,0.0034752404947546557,1.5520920907973872e-4,21,2023-08-02,2.897641308498518e-4,grefla3,Greater Flamingo
grefla3,state,EGY-1558,Shamal Sina',AF,Africa,breeding,0.11562578394411412,2.3490896935666848e-4,0.0016304122010124427,0.02066135374370682,9.531197052861531e-4,77,2023-07-12,0.0016897306657867638,grefla3,Greater Flamingo
grefla3,state,EGY-1558,Shamal Sina',AF,Africa,nonbreeding,0.49811120967911104,0.0011722590825516536,0.005571714222367447,0.022264442420015452,0.0013516492041771916,77,2023-12-27,0.0029963100336107217,grefla3,Greater Flamingo
grefla3,state,EGY-1558,Shamal Sina',AF,Africa,postbreeding_migration,0.5442023040423035,5.652975690714542e-4,0.0031700165344975073,0.024188148831585807,9.757786912475896e-4,126,2023-11-01,0.004775439335314409,grefla3,Greater Flamingo
grefla3,state,ERI-1562,Debub,AF,Africa,nonbreeding,0.24959616396494197,8.36174625014309e-4,0.003974314313209601,0.04778832553812613,0.004129864187716693,42,2023-02-08,0.0012104616955923063,grefla3,Greater Flamingo
grefla3,state,ERI-1565,Debubawi Keyih Bahri,AF,Africa,nonbreeding,0.31512475086747077,6.523241837219717e-4,0.003100478372175712,0.0796986796711415,0.004255856438744569,42,2023-02-08,9.20194085163044e-4,grefla3,Greater Flamingo
grefla3,state,ERI-1565,Debubawi Keyih Bahri,AF,Africa,postbreeding_migration,1.0773820975280062,9.84396746588401e-4,0.005520197032363928,0.15318936902598718,0.005435769071646456,56,2023-11-15,0.0036753107730093065,grefla3,Greater Flamingo
grefla3,state,ESP-5802,Albacete,EU,Europe,breeding,0.23193600160639224,2.504472490318693e-4,0.004573489493826277,0.014507252585213822,3.5569440856780295e-4,133,2023-07-12,5.866238074016196e-4,grefla3,Greater Flamingo
grefla3,state,ESP-5802,Albacete,EU,Europe,nonbreeding,0.031973481611596716,3.999359191621125e-5,4.537277636411375e-4,0.004222623803849224,1.3625038928682652e-4,77,2023-02-15,9.094060152595863e-5,grefla3,Greater Flamingo
grefla3,state,ESP-5802,Albacete,EU,Europe,postbreeding_migration,0.15609331749631852,8.61795541878354e-5,0.00206050246469098,0.01025494352363383,2.198797128629632e-4,126,2023-08-02,8.327693022644825e-4,grefla3,Greater Flamingo
grefla3,state,ESP-5803,Alicante,EU,Europe,breeding,1.395857320876068,6.468583304876125e-4,0.011812466656811417,0.030883037353959503,3.249615066052514e-4,133,2023-07-12,0.0016227677837350053,grefla3,Greater Flamingo
grefla3,state,ESP-5803,Alicante,EU,Europe,nonbreeding,1.3412664488131651,7.200051281942101e-4,0.008168466521090054,0.03373459853193442,4.671441918405481e-4,77,2023-02-08,0.0010638993720136958,grefla3,Greater Flamingo
grefla3,state,ESP-5803,Alicante,EU,Europe,postbreeding_migration,1.2046679393446078,2.8543507004606395e-4,0.006824584681156028,0.02880957871371346,2.650994599412851e-4,126,2023-08-02,0.0019620111621350116,grefla3,Greater Flamingo
grefla3,state,ESP-5804,Almería,EU,Europe,breeding,0.33787693478441055,2.2946950721916567e-4,0.004190408896393195,0.014386570322253996,2.2185410873809384e-4,133,2023-07-12,8.516967877892089e-4,grefla3,Greater Flamingo
grefla3,state,ESP-5804,Almería,EU,Europe,nonbreeding,0.327945282525233,2.5800029773200424e-4,0.002927016366870497,0.029732245332658263,6.033945811273747e-4,77,2023-01-25,4.75486605251965e-4,grefla3,Greater Flamingo
grefla3,state,ESP-5804,Almería,EU,Europe,postbreeding_migration,0.36455321465275425,1.265899423758115e-4,0.003026691083849529,0.011509256257803198,1.5520920907973872e-4,126,2023-08-09,9.278261619396212e-4,grefla3,Greater Flamingo
grefla3,state,ESP-5806,Ávila,EU,Europe,breeding,2.8224896520206295e-5,1.6539484881466622e-8,3.020323067276359e-7,7.170122427135487e-4,9.540254453480655e-6,0,2023-07-12,9.704241713917135e-7,grefla3,Greater Flamingo
grefla3,state,ESP-5806,Ávila,EU,Europe,nonbreeding,7.992592920384205e-5,5.42537418783104e-8,6.155093301742453e-7,0.0016925901025238576,2.9637985320363008e-5,21,2023-12-06,4.659389018482175e-7,grefla3,Greater Flamingo
grefla3,state,ESP-5806,Ávila,EU,Europe,postbreeding_migration,0.002242907324246138,6.72005430707118e-7,1.606725469059333e-5,0.002717569549448405,3.1620889110911305e-5,77,2023-08-23,8.481517900330801e-6,grefla3,Greater Flamingo
grefla3,state,ESP-5807,Badajoz,EU,Europe,breeding,0.003943648921074674,6.276468018875076e-6,1.1461639388584e-4,0.009733284529531911,3.5173878570015683e-4,98,2023-07-12,8.582025115771359e-5,grefla3,Greater Flamingo
grefla3,state,ESP-5807,Badajoz,EU,Europe,nonbreeding,0.009135813314610927,1.6842892355411714e-5,1.9108280890798595e-4,0.0291240712120502,0.001385084979717056,77,2023-12-06,7.67145935959347e-5,grefla3,Greater Flamingo
grefla3,state,ESP-5807,Badajoz,EU,Europe,postbreeding_migration,0.050823067899984885,4.135707207941775e-5,9.888232743268403e-4,0.03323406916586414,0.0010502782763645204,126,2023-08-02,4.042999312986801e-4,grefla3,Greater Flamingo
grefla3,state,ESP-5808,Baleares,EU,Europe,breeding,0.19353840327758975,1.029963089996232e-4,0.0018808453234506095,0.01346389228886169,1.6269301307460213e-4,133,2023-07-12,3.308099502333842e-4,grefla3,Greater Flamingo
grefla3,state,ESP-5808,Baleares,EU,Europe,nonbreeding,0.30924184479941064,1.9063610010745363e-4,0.0021627687643620166,0.01835985312117503,2.9196511990034257e-4,77,2023-12-06,2.459775691259389e-4,grefla3,Greater Flamingo
grefla3,state,ESP-5808,Baleares,EU,Europe,postbreeding_migration,0.2928382780589847,7.968089155441911e-5,0.0019051232625177624,0.0208078335373317,2.198797128629632e-4,126,2023-08-02,5.051108191180905e-4,grefla3,Greater Flamingo
grefla3,state,ESP-5809,Barcelona,EU,Europe,breeding,0.018479131760215848,1.0811810502411532e-5,1.9743759188078585e-4,0.007466083981846071,9.918671338752888e-5,133,2023-04-05,3.137993959491172e-5,grefla3,Greater Flamingo
grefla3,state,ESP-5809,Barcelona,EU,Europe,nonbreeding,0.04012897112058478,2.719739255949079e-5,3.085547336868688e-4,0.008906469296061889,1.5571473061351605e-4,77,2023-02-08,4.7081664766578575e-5,grefla3,Greater Flamingo
grefla3,state,ESP-5809,Barcelona,EU,Europe,postbreeding_migration,0.03748755295958521,1.1214393425442736e-5,2.6812955243159947e-4,0.009692701305861542,1.126070240646395e-4,126,2023-09-27,1.4988875972599423e-4,grefla3,Greater Flamingo
grefla3,state,ESP-5811,Cáceres,EU,Europe,breeding,3.705566704290459e-4,5.394676353983177e-7,9.851374180754343e-6,0.004119858827900769,1.3618737848092075e-4,14,2023-07-12,1.6541336190839703e-5,grefla3,Greater Flamingo
grefla3,state,ESP-5811,Cáceres,EU,Europe,nonbreeding,0.0037507880613842632,6.325366093015362e-6,7.176135160873106e-5,0.02485900793641568,0.0010814384658359103,77,2023-12-06,4.939359707596498e-5,grefla3,Greater Flamingo
grefla3,state,ESP-5811,Cáceres,EU,Europe,postbreeding_migration,0.02364680820566859,1.760172051780031e-5,4.208467872864532e-4,0.02441158144771272,7.056843124980369e-4,126,2023-08-02,1.457450289243565e-4,grefla3,Greater Flamingo
grefla3,state,ESP-5812,Cádiz,EU,Europe,breeding,3.8296355006805896,0.002254367136603075,0.041167648893477786,0.06484180097915371,8.666944973676213e-4,133,2023-07-12,0.005838937522923884,grefla3,Greater Flamingo
grefla3,state,ESP-5812,Cádiz,EU,Europe,nonbreeding,3.753953378424219,0.0025598143000140957,0.029041122890770068,0.07590715331025792,0.0013352333454535114,77,2023-02-15,0.006578732298852762,grefla3,Greater Flamingo
grefla3,state,ESP-5812,Cádiz,EU,Europe,postbreeding_migration,3.774660362692804,0.001136100936000392,0.027163505321276895,0.0537764486480495,6.285836947037394e-4,126,2023-08-02,0.008458800483795785,grefla3,Greater Flamingo
grefla3,state,ESP-5814,Castellón,EU,Europe,breeding,0.028695919993584396,1.4568448892379724e-5,2.660386496885229e-4,0.006642852347509784,7.657579728698417e-5,133,2023-03-08,6.570097886916934e-5,grefla3,Greater Flamingo
grefla3,state,ESP-5814,Castellón,EU,Europe,nonbreeding,0.0033658836057324937,1.9794504616462582e-6,2.24568884205952e-5,0.0012815925483879369,1.9442423377576546e-5,7,2023-02-15,2.293732171488934e-5,grefla3,Greater Flamingo
grefla3,state,ESP-5814,Castellón,EU,Europe,postbreeding_migration,0.01663488681987612,4.318021941894962e-6,1.032413655154437e-4,0.006642852347509784,6.696556691673768e-5,112,2023-08-23,4.595905429452331e-5,grefla3,Greater Flamingo
grefla3,state,ESP-5815,Ceuta,EU,Europe,nonbreeding,0.2186262541880544,2.000521344820911e-6,2.2695937834331487e-5,0.08246011903821089,1.9464341326689503e-5,7,2023-01-18,2.233073253060409e-5,grefla3,Greater Flamingo
grefla3,state,ESP-5816,Ciudad Real,EU,Europe,breeding,0.6100460973535499,8.710780817790427e-4,0.015907008245124917,0.01707650435500407,5.536523811998319e-4,133,2023-07-12,0.0025631346872705732,grefla3,Greater Flamingo
grefla3,state,ESP-5816,Ciudad Real,EU,Europe,nonbreeding,0.2495649604165923,4.127911938959646e-4,0.004683120877203628,0.014335365898215512,6.116605570236048e-4,77,2023-02-15,9.599657008583704e-4,grefla3,Greater Flamingo
grefla3,state,ESP-5816,Ciudad Real,EU,Europe,postbreeding_migration,0.37146613362503633,2.711973808889346e-4,0.006484169905560565,0.016075172326213413,4.557785251431579e-4,126,2023-08-02,0.00375458785932358,grefla3,Greater Flamingo
grefla3,state,ESP-5817,Córdoba,EU,Europe,breeding,0.010644876919928973,1.0588030118146867e-5,1.933510737005497e-4,0.003205653193425606,7.239937642616209e-5,35,2023-04-12,8.447064658072244e-5,grefla3,Greater Flamingo
grefla3,state,ESP-5817,Córdoba,EU,Europe,nonbreeding,0.005936030861030783,6.839479553710817e-6,7.759397477665912e-5,0.0025507789230869377,7.581490655025052e-5,21,2023-12-20,2.418863049697955e-5,grefla3,Greater Flamingo
grefla3,state,ESP-5817,Córdoba,EU,Europe,postbreeding_migration,0.005674202029865028,2.885699811035576e-6,6.899538561127067e-5,0.0018959046527482696,3.744508360506591e-5,28,2023-08-09,6.054527223854737e-5,grefla3,Greater Flamingo
grefla3,state,ESP-5818,Cuenca,EU,Europe,breeding,0.6096747821759599,7.573723616279471e-4,0.013830595273893546,0.015787405373392488,4.453133831114122e-4,133,2023-04-12,0.0017607238358330092,grefla3,Greater Flamingo
grefla3,state,ESP-5818,Cuenca,EU,Europe,nonbreeding,0.18390875549907376,2.6464641067012724e-4,0.003002416595153034,0.011485986528010963,4.2637014177010664e-4,77,2023-02-15,4.18098828967381e-4,grefla3,Greater Flamingo
grefla3,state,ESP-5818,Cuenca,EU,Europe,postbreeding_migration,0.4186917449897841,2.659361956844128e-4,0.006358378061041565,0.018680776721157016,4.6079731410064614e-4,126,2023-08-09,0.0021871564180180212,grefla3,Greater Flamingo
grefla3,state,ESP-5820,Gerona,EU,Europe,breeding,0.11106043003380144,5.028061833849037e-5,9.1818888250161e-4,0.01624915647195032,1.6703821709818372e-4,133,2023-04-05,1.1729947458689e-4,grefla3,Greater Flamingo
grefla3,state,ESP-5820,Gerona,EU,Europe,nonbreeding,0.10559697432558714,5.537900078571873e-5,6.282754055156477e-4,0.015826463382259213,2.1410775459358456e-4,77,2023-02-15,8.695203467693116e-5,grefla3,Greater Flamingo
grefla3,state,ESP-5820,Gerona,EU,Europe,postbreeding_migration,0.13667976600848417,3.163860440669148e-5,7.564604269973439e-4,0.01624915647195032,1.4607499106825838e-4,126,2023-08-23,1.2806591867189982e-4,grefla3,Greater Flamingo
grefla3,state,ESP-5821,Granada,EU,Europe,breeding,0.07065818276398297,6.580325015169312e-5,0.0012016521418851565,0.002098306011787847,4.437082174761877e-5,119,2023-07-12,2.71982647456123e-4,grefla3,Greater Flamingo
grefla3,state,ESP-5821,Granada,EU,Europe,nonbreeding,0.030474256186734185,3.2875349384151885e-5,3.72971219645464e-4,0.006294918035363541,1.7517907194020555e-4,35,2023-01-18,9.72335135956618e-5,grefla3,Greater Flamingo
grefla3,state,ESP-5821,Granada,EU,Europe,postbreeding_migration,0.04770446550442362,2.2715157260325112e-5,5.431060529592502e-4,0.002098306011787847,3.880230226993468e-5,105,2023-08-16,1.9736706654547353e-4,grefla3,Greater Flamingo
grefla3,state,ESP-5822,Guadalajara,EU,Europe,breeding,0.004116651544705051,3.6465143046699306e-6,6.659005010421568e-5,4.634451174829663e-4,9.321287238082148e-6,56,2023-04-12,5.173357595441069e-5,grefla3,Greater Flamingo
grefla3,state,ESP-5822,Guadalajara,EU,Europe,nonbreeding,3.923904051553784e-4,4.0262855748611497e-7,4.567825649393145e-6,3.253060203096929e-4,8.610595249485377e-6,0,2023-12-06,4.085742116161928e-6,grefla3,Greater Flamingo
grefla3,state,ESP-5822,Guadalajara,EU,Europe,postbreeding_migration,0.03323730912675325,1.5053292583201798e-5,3.599153739156843e-4,0.0040242753081512666,7.078240039880751e-5,112,2023-08-23,1.3862599663414554e-4,grefla3,Greater Flamingo
grefla3,state,ESP-5823,Gipuzkoa,EU,Europe,postbreeding_migration,1.075756772611796e-5,8.471678466530148e-10,2.0255285055557695e-8,8.79511018132692e-4,2.6898534287238755e-6,14,2023-09-27,1.07674606464873e-7,grefla3,Greater Flamingo
grefla3,state,ESP-5824,Huelva,EU,Europe,breeding,2.540399832354792,0.0019381186713196552,0.035392544399403855,0.05641990391803066,9.773596339961654e-4,133,2023-07-12,0.006370641130073735,grefla3,Greater Flamingo
grefla3,state,ESP-5824,Huelva,EU,Europe,nonbreeding,2.671420823104643,0.0023608749204005776,0.02678415332421287,0.052193562138947595,0.0011898781469842415,77,2023-02-15,0.004580897280590092,grefla3,Greater Flamingo
grefla3,state,ESP-5824,Huelva,EU,Europe,postbreeding_migration,3.1980734896745675,0.001247494277005293,0.02982685460236612,0.049632173871326,7.51874535076795e-4,126,2023-11-01,0.008033213610857725,grefla3,Greater Flamingo
grefla3,state,ESP-5825,Huesca,EU,Europe,postbreeding_migration,5.932580754679503e-4,3.409075857721673e-7,8.150899912807333e-6,0.0011591543595156574,2.586820151328979e-5,28,2023-09-27,4.504121504474641e-6,grefla3,Greater Flamingo
grefla3,state,ESP-5826,Jaén,EU,Europe,breeding,0.01781911192966538,1.7541355482853284e-5,3.2032775492013023e-4,6.616911975373424e-4,1.4790273915872922e-5,0,2023-04-12,1.4433563851044614e-4,grefla3,Greater Flamingo
grefla3,state,ESP-5826,Jaén,EU,Europe,nonbreeding,0.007515414658938895,8.570031599908538e-6,9.722710779034097e-5,6.616911975373424e-4,1.9464341326689503e-5,0,2023-02-15,2.532700869012281e-5,grefla3,Greater Flamingo
grefla3,state,ESP-5826,Jaén,EU,Europe,postbreeding_migration,0.023278804714005067,1.1716815830312677e-5,2.8014217669389355e-4,0.001985073592612027,3.880230226993468e-5,42,2023-08-02,1.0720571662284196e-4,grefla3,Greater Flamingo
grefla3,state,ESP-5833,Madrid,EU,Europe,breeding,0.006617379152812341,3.8318595528071795e-6,6.997469317122125e-5,0.004069634073876813,5.350848940813546e-5,21,2023-07-12,7.973378478541695e-5,grefla3,Greater Flamingo
grefla3,state,ESP-5833,Madrid,EU,Europe,nonbreeding,0.004960270657480485,3.3272184838043483e-6,3.7747332246746055e-5,0.0022741527260189483,3.935051782396509e-5,56,2023-02-01,8.864175538331038e-6,grefla3,Greater Flamingo
grefla3,state,ESP-5833,Madrid,EU,Europe,postbreeding_migration,0.02270270555948598,6.7216053985911905e-6,1.607096325920924e-4,0.011740851579994428,1.3499788060885925e-4,126,2023-08-02,1.1994152917000776e-4,grefla3,Greater Flamingo
grefla3,state,ESP-5834,Málaga,EU,Europe,breeding,1.2605708218804976,7.135298718593605e-4,0.013029974915255463,0.009149634420063826,1.1759596409644028e-4,133,2023-04-12,0.00195135596010238,grefla3,Greater Flamingo
grefla3,state,ESP-5834,Málaga,EU,Europe,nonbreeding,0.8661005961162087,5.678918400399813e-4,0.006442739504649154,0.029863447229604885,5.051171427220593e-4,77,2023-01-18,9.584214771611692e-4,grefla3,Greater Flamingo
grefla3,state,ESP-5834,Málaga,EU,Europe,postbreeding_migration,0.5084437495840892,1.4714979266337576e-4,0.003518265014469647,0.0069046042698470205,7.760460453986936e-5,126,2023-08-02,0.0028871898585183103,grefla3,Greater Flamingo
grefla3,state,ESP-5835,Melilla,EU,Europe,breeding,1.233504722600217,3.216025887926711e-6,5.872877688680259e-5,0.05400977737155977,3.197384553280555e-6,133,2023-07-12,4.8524060415950785e-5,grefla3,Greater Flamingo
grefla3,state,ESP-5835,Melilla,EU,Europe,nonbreeding,2.954814480003915,8.924036128139742e-6,1.012432932644962e-4,0.6357459166053663,4.953014043592047e-5,63,2023-02-15,5.506449014000232e-5,grefla3,Greater Flamingo
grefla3,state,ESP-5835,Melilla,EU,Europe,postbreeding_migration,0.28697229484929243,3.825520404083883e-7,9.14659433507852e-6,0.05400977737155977,2.796114135890899e-6,35,2023-08-30,1.7785072211031357e-5,grefla3,Greater Flamingo
grefla3,state,ESP-5836,Murcia,EU,Europe,breeding,0.27071159499950165,2.318238571194503e-4,0.004233402359389359,0.015612107777020589,3.0356841035269187e-4,133,2023-07-12,6.612480078219313e-4,grefla3,Greater Flamingo
grefla3,state,ESP-5836,Murcia,EU,Europe,nonbreeding,0.36026010098281597,3.573714200915797e-4,0.004054382901318831,0.025101236835590776,6.423232637807536e-4,77,2023-02-01,5.749405841402786e-4,grefla3,Greater Flamingo
grefla3,state,ESP-5836,Murcia,EU,Europe,postbreeding_migration,0.29893697241097866,1.3088887472826702e-4,0.0031294760285066774,0.015212870809448956,2.586820151328979e-4,126,2023-08-02,8.110967890162622e-4,grefla3,Greater Flamingo
grefla3,state,ESP-5841,Salamanca,EU,Europe,postbreeding_migration,1.0935232463776242e-5,5.090030429514515e-9,1.216996344922747e-7,7.15503767578791e-4,1.2934100756644896e-5,0,2023-09-27,4.5050281044570314e-8,grefla3,Greater Flamingo
grefla3,state,ESP-5844,Sevilla,EU,Europe,breeding,5.845772883278089,0.005930447045462873,0.10829760502845916,0.09143131110389834,0.002106125310907444,133,2023-07-12,0.018668387944160387,grefla3,Greater Flamingo
grefla3,state,ESP-5844,Sevilla,EU,Europe,nonbreeding,7.290445891544583,0.008567457658454887,0.0971979063947285,0.08757885048711367,0.0026549233984949024,77,2023-12-06,0.015927086320839827,grefla3,Greater Flamingo
grefla3,state,ESP-5844,Sevilla,EU,Europe,postbreeding_migration,11.605557929542828,0.006019817847445537,0.1439303049145169,0.07663201836103607,0.0015436880662945435,126,2023-11-01,0.03721536838967504,grefla3,Greater Flamingo
grefla3,state,ESP-5845,Soria,EU,Europe,postbreeding_migration,6.532828124379719e-6,2.482085859401578e-9,5.934521336376898e-8,8.76574263898111e-4,1.2934100756644896e-5,0,2023-09-20,1.1787445199422072e-8,grefla3,Greater Flamingo
grefla3,state,ESP-5846,Tarragona,EU,Europe,breeding,2.0465238923104443,0.001011906030371584,0.01847870805742006,0.06323395178814646,7.099331479619003e-4,133,2023-07-05,0.0031824156602929267,grefla3,Greater Flamingo
grefla3,state,ESP-5846,Tarragona,EU,Europe,nonbreeding,4.14990094356726,0.002376914045807523,0.026966117387778345,0.06586869977931924,9.732170663344752e-4,77,2023-12-06,0.004223840549650058,grefla3,Greater Flamingo
grefla3,state,ESP-5846,Tarragona,EU,Europe,postbreeding_migration,4.13529952950674,0.0010454473579345298,0.02499603157651097,0.06323395178814646,6.208368363189549e-4,126,2023-09-27,0.005022481189795538,grefla3,Greater Flamingo
grefla3,state,ESP-5847,Teruel,EU,Europe,breeding,0.023289564501765263,2.4962046930267065e-5,4.558391430582159e-4,0.0013979044605954194,3.402045239058069e-5,77,2023-07-12,1.0973071810256136e-4,grefla3,Greater Flamingo
grefla3,state,ESP-5847,Teruel,EU,Europe,nonbreeding,0.011736916944799346,1.4572203947887657e-5,1.6532182261722652e-4,7.901703351623525e-4,2.5307358047180416e-5,7,2023-02-15,3.496223247726473e-5,grefla3,Greater Flamingo
grefla3,state,ESP-5847,Teruel,EU,Europe,postbreeding_migration,0.014532794959285191,7.964156884140373e-6,1.904183079572398e-4,3.692129446301346e-4,7.857774027582822e-6,0,2023-08-02,1.466867952539596e-4,grefla3,Greater Flamingo
grefla3,state,ESP-5848,Toledo,EU,Europe,breeding,0.571369651221792,6.350633165214803e-4,0.011597074502726405,0.017303611969773917,4.3669718446397176e-4,133,2023-07-12,0.0017934222026316294,grefla3,Greater Flamingo
grefla3,state,ESP-5848,Toledo,EU,Europe,nonbreeding,0.27601597225708713,3.5537465762760763e-4,0.004031729608031279,0.03495928540025036,0.001161100108294785,77,2023-02-15,6.130267392913324e-4,grefla3,Greater Flamingo
grefla3,state,ESP-5848,Toledo,EU,Europe,postbreeding_migration,0.4385971994854114,2.492513649188531e-4,0.005959453568574877,0.0543556097565245,0.0011996319361728847,126,2023-08-02,0.0028926945358739506,grefla3,Greater Flamingo
grefla3,state,ESP-5849,Valencia,EU,Europe,breeding,0.3519278762918327,2.8364041011788674e-4,0.005179639387988087,0.02208514813067634,4.0416482944554175e-4,133,2023-03-08,0.0012039471133019864,grefla3,Greater Flamingo
grefla3,state,ESP-5849,Valencia,EU,Europe,nonbreeding,1.5001308171763987,0.0014005413981123002,0.01588915838776519,0.019397672973538185,4.6716610978966107e-4,77,2023-02-08,0.0022401864741144143,grefla3,Greater Flamingo
grefla3,state,ESP-5849,Valencia,EU,Europe,postbreeding_migration,0.28598396793418024,1.178495574516962e-4,0.0028177136198998536,0.023701545038707375,3.793105147574464e-4,126,2023-08-02,7.851370211499274e-4,grefla3,Greater Flamingo
grefla3,state,ESP-5850,Valladolid,EU,Europe,nonbreeding,2.048762045316539e-5,1.3966129778440408e-8,1.5844590414308487e-7,0.005302737566848978,9.324800875746171e-5,7,2023-12-06,2.1229206640868697e-7,grefla3,Greater Flamingo
grefla3,state,ESP-5850,Valladolid,EU,Europe,postbreeding_migration,2.074338402977699e-5,6.241422926021126e-9,1.4922875203339853e-7,0.00862337557324764,1.0076582419871115e-4,14,2023-11-29,2.878178954327156e-7,grefla3,Greater Flamingo
grefla3,state,ESP-5852,Zamora,EU,Europe,nonbreeding,9.151067970302834e-5,8.174734091709975e-8,9.274245298005004e-7,0.01369137228772216,3.155031591030179e-4,7,2023-12-06,1.1838777045317277e-6,grefla3,Greater Flamingo
grefla3,state,ESP-5852,Zamora,EU,Europe,postbreeding_migration,8.328210135420647e-5,3.283771876907103e-8,7.851305462897245e-7,0.015380696376879612,2.355207954740561e-4,14,2023-11-29,1.235347912257772e-6,grefla3,Greater Flamingo
grefla3,state,ESP-5853,Zaragoza,EU,Europe,breeding,0.053949388957520814,6.749919632932109e-5,0.001232622304486101,0.002446812012376746,6.951146502052977e-5,119,2023-07-12,2.20476561111684e-4,grefla3,Greater Flamingo
grefla3,state,ESP-5853,Zaragoza,EU,Europe,nonbreeding,0.02441756044655391,3.5388872420164465e-5,4.014871676098226e-4,0.0014055731355091066,5.2550007259577606e-5,7,2023-02-15,6.523223030189195e-5,grefla3,Greater Flamingo
grefla3,state,ESP-5853,Zaragoza,EU,Europe,postbreeding_migration,0.040115033539874057,2.5662033292057268e-5,6.135641260340814e-4,0.0033280473699960796,8.268093126893144e-5,119,2023-08-02,3.24214954262931e-4,grefla3,Greater Flamingo
grefla3,state,ETH-3109,Amhara,AF,Africa,breeding,3.579897311492591e-4,3.985011892433754e-6,2.7658424573558065e-5,1.1703166784274466e-4,2.9580547831745843e-5,0,2023-03-29,1.0713241984940584e-5,grefla3,Greater Flamingo
grefla3,state,ETH-3109,Amhara,AF,Africa,nonbreeding,0.05183787303850744,6.684341166824195e-4,0.003177048427322338,0.009072826939996084,0.0030179284566867895,35,2023-02-08,8.199311389462917e-4,grefla3,Greater Flamingo
grefla3,state,ETH-3109,Amhara,AF,Africa,postbreeding_migration,0.1260450763034804,7.173923986609701e-4,0.004022917999123128,0.01713771060601588,0.0037880495049301822,21,2023-11-15,0.0024204646576970277,grefla3,Greater Flamingo
grefla3,state,ETH-3110,Tigray,AF,Africa,postbreeding_migration,5.566194967278762e-4,1.0136826794972432e-6,5.68442362138271e-6,7.315106671459214e-4,5.173640302657958e-5,0,2023-11-22,7.92150068162932e-6,grefla3,Greater Flamingo
grefla3,state,ETH-3111,Afar,AF,Africa,breeding,0.18949641689467464,0.0012896344443840404,0.008950853340032134,0.023309422917503785,0.003601976782390603,28,2023-03-29,0.003743955485796067,grefla3,Greater Flamingo
grefla3,state,ETH-3111,Afar,AF,Africa,nonbreeding,0.16738690825973657,0.0013195914441798422,0.006271980764906766,0.03091486915080324,0.006286954173563116,77,2023-01-18,0.001619277111193697,grefla3,Greater Flamingo
grefla3,state,ETH-3111,Afar,AF,Africa,postbreeding_migration,0.5424788467259825,0.0018876447398309736,0.010585336580078347,0.08892904882097022,0.01201747029292446,70,2023-11-15,0.00596789249725801,grefla3,Greater Flamingo
grefla3,state,ETH-3129,"Southern Nations, Nationalities and Peoples",AF,Africa,breeding,0.4401325500262442,0.003618393984669099,0.02511387162793773,0.032385517277580614,0.006045426827175497,63,2023-03-29,0.01097537284109722,grefla3,Greater Flamingo
grefla3,state,ETH-3129,"Southern Nations, Nationalities and Peoples",AF,Africa,nonbreeding,0.2006486913493065,0.001910825718885014,0.009082100529520113,0.02302147148710628,0.005655522111538238,77,2023-01-04,0.004179535987681728,grefla3,Greater Flamingo
grefla3,state,ETH-3129,"Southern Nations, Nationalities and Peoples",AF,Africa,postbreeding_migration,0.5861648075177608,0.002463904880318092,0.013816827875037586,0.0350385546757464,0.005719819667046616,77,2023-09-27,0.011153899291964236,grefla3,Greater Flamingo
grefla3,state,ETH-3130,Gambela Peoples,AF,Africa,postbreeding_migration,0.010835283410017788,1.0218158701337758e-5,5.7300320764807535e-5,0.0014126413251501922,5.173640302657958e-5,7,2023-11-22,2.6616860749932946e-5,grefla3,Greater Flamingo
grefla3,state,ETH-3131,Oromiya,AF,Africa,breeding,0.1615631435586487,0.003798633589273342,0.02636484493584166,0.01545331050857942,0.008249932714702566,63,2023-03-29,0.015795583024554378,grefla3,Greater Flamingo
grefla3,state,ETH-3131,Oromiya,AF,Africa,nonbreeding,0.08319537372485131,0.0022658787588205843,0.010769657573648748,0.009693874405907714,0.006810668759778923,77,2023-12-27,0.00640372948098797,grefla3,Greater Flamingo
grefla3,state,ETH-3131,Oromiya,AF,Africa,postbreeding_migration,0.13459379098553118,0.0016180128548511437,0.009073323119596351,0.016823760765749506,0.007854381322630447,77,2023-11-08,0.007195964224438912,grefla3,Greater Flamingo
grefla3,state,ETH-3134,Somali,AF,Africa,breeding,0.002905748691478817,6.531196398040217e-5,4.533050536016497e-4,3.611814472507278e-4,1.84333340072865e-4,0,2023-03-29,2.1365957043108425e-4,grefla3,Greater Flamingo
grefla3,state,ETH-3134,Somali,AF,Africa,nonbreeding,0.005288082462440592,1.376845765728768e-4,6.544108933853662e-4,0.0014964813631368058,0.001005109240614488,0,2023-12-27,1.793709788567631e-4,grefla3,Greater Flamingo
grefla3,state,ETH-3134,Somali,AF,Africa,postbreeding_migration,0.02367596297651513,2.720910003508499e-4,0.001525803430248143,0.00989943421299331,0.0044182354408756255,42,2023-09-27,9.331311680381477e-4,grefla3,Greater Flamingo
grefla3,state,FRA-5266,Alpes-Maritimes,EU,Europe,breeding,0.0025377544137533663,8.106525062744465e-7,1.4803559371971149e-5,0.002039141264894615,1.4790273915872922e-5,14,2023-04-05,1.171099188860099e-5,grefla3,Greater Flamingo
grefla3,state,FRA-5266,Alpes-Maritimes,EU,Europe,nonbreeding,0.0012245807543892957,4.531322258881656e-7,5.140790352532189e-6,0.002039141264894615,1.9464341326689503e-5,7,2023-01-04,5.390499312641296e-6,grefla3,Greater Flamingo
grefla3,state,FRA-5266,Alpes-Maritimes,EU,Europe,postbreeding_migration,0.012037820729708434,1.9660965536336037e-6,4.700821247871248e-5,0.002039141264894615,1.2934100756644896e-5,49,2023-10-04,1.5820880855088903e-5,grefla3,Greater Flamingo
grefla3,state,FRA-5271,Aude,EU,Europe,breeding,1.3116479435988155,6.179482021560985e-4,0.011284530459865912,0.04806555527311395,5.141768509661961e-4,133,2023-04-05,0.001741292807544921,grefla3,Greater Flamingo
grefla3,state,FRA-5271,Aude,EU,Europe,nonbreeding,1.973892266328921,0.0010772354022076584,0.012221248118517216,0.04668295174463534,6.572042441514803e-4,77,2023-12-06,0.001671546995310851,grefla3,Greater Flamingo
grefla3,state,FRA-5271,Aude,EU,Europe,postbreeding_migration,2.7094657438811183,6.526649454925452e-4,0.015604835061848349,0.05912638350094287,5.531206783615916e-4,126,2023-08-16,0.003839537100034132,grefla3,Greater Flamingo
grefla3,state,FRA-5274,Bouches-du-Rhône,EU,Europe,breeding,14.26297792103707,0.00617063385993928,0.1126837257656994,0.2503262126930725,0.002459063042105748,133,2023-04-05,0.017781097505924204,grefla3,Greater Flamingo
grefla3,state,FRA-5274,Bouches-du-Rhône,EU,Europe,nonbreeding,12.31771639480073,0.006173083484298784,0.0700337036485486,0.2382813218036281,0.003080468903823844,77,2023-12-06,0.009502498533972394,grefla3,Greater Flamingo
grefla3,state,FRA-5274,Bouches-du-Rhône,EU,Europe,postbreeding_migration,18.037028704677372,0.003989848424188515,0.09539492968210664,0.26388880449037627,0.002266962427244732,126,2023-08-09,0.01975969745244479,grefla3,Greater Flamingo
grefla3,state,FRA-5281,Corse-du-Sud,EU,Europe,breeding,0.023267785930959906,8.492262811777411e-6,1.5507966207899257e-4,0.0035693906406236847,2.9580547831745843e-5,133,2023-05-03,2.1023457272169953e-5,grefla3,Greater Flamingo
grefla3,state,FRA-5281,Corse-du-Sud,EU,Europe,nonbreeding,0.09866068718641768,4.171237173320679e-5,4.732273405781316e-4,0.026770429804677635,2.9196511990034257e-4,77,2023-01-11,1.30927218801295e-4,grefla3,Greater Flamingo
grefla3,state,FRA-5281,Corse-du-Sud,EU,Europe,postbreeding_migration,0.05625897308414587,1.0498614751179876e-5,2.510157052274554e-4,0.010708171921871054,7.760460453986936e-5,126,2023-11-29,7.519001394079129e-5,grefla3,Greater Flamingo
grefla3,state,FRA-5293,Gard,EU,Europe,breeding,3.3022620026153153,0.0014175331684802511,0.025885982290704795,0.06633661820270083,6.465748324153909e-4,133,2023-04-05,0.003926644362575784,grefla3,Greater Flamingo
grefla3,state,FRA-5293,Gard,EU,Europe,nonbreeding,3.533935359576238,0.0017572464937455788,0.01993598183038479,0.06481918092447363,8.314430389533909e-4,77,2023-12-06,0.0026579979654535782,grefla3,Greater Flamingo
grefla3,state,FRA-5293,Gard,EU,Europe,postbreeding_migration,4.343808017061353,9.53375873575472e-4,0.02279465652604251,0.06784187097616114,5.782602070710318e-4,126,2023-08-16,0.005070936643052222,grefla3,Greater Flamingo
grefla3,state,FRA-5297,Haute-Corse,EU,Europe,breeding,0.3701594939700338,1.4965432912521017e-4,0.002732880894501954,0.03544498039193901,3.2538602614920427e-4,133,2023-03-08,3.180462070339394e-4,grefla3,Greater Flamingo
grefla3,state,FRA-5297,Haute-Corse,EU,Europe,nonbreeding,0.6621348210793775,3.1009816836811185e-4,0.0035180673128247836,0.038667251336660734,4.671441918405481e-4,77,2023-01-18,4.906851977106324e-4,grefla3,Greater Flamingo
grefla3,state,FRA-5297,Haute-Corse,EU,Europe,postbreeding_migration,0.6284208825836958,1.2990409226010995e-4,0.003105930458772128,0.03222270944721728,2.586820151328979e-4,126,2023-09-27,4.4722805915749567e-4,grefla3,Greater Flamingo
grefla3,state,FRA-5307,Hérault,EU,Europe,breeding,3.148222799594101,0.001468785264211051,0.02682191160223644,0.09954535028417696,0.0010545267286536082,133,2023-04-05,0.0034690309160589497,grefla3,Greater Flamingo
grefla3,state,FRA-5307,Hérault,EU,Europe,nonbreeding,4.1445022523533535,0.002239843159185737,0.025411046590998992,0.08558360841695759,0.001193138064032384,77,2023-12-06,0.003074758344244341,grefla3,Greater Flamingo
grefla3,state,FRA-5307,Hérault,EU,Europe,postbreeding_migration,4.739694005359074,0.0011306156275914133,0.027032354822729913,0.09675300191073308,8.963158659733269e-4,126,2023-08-09,0.004329047607607582,grefla3,Greater Flamingo
grefla3,state,FRA-5313,Landes,EU,Europe,nonbreeding,3.0893142495188857e-5,2.518286828079811e-8,2.85699932405529e-7,0.0018512783505304064,3.892868265337901e-5,21,2023-01-18,1.1198491308844e-7,grefla3,Greater Flamingo
grefla3,state,FRA-5313,Landes,EU,Europe,postbreeding_migration,0.004096908054646518,1.4740722633640078e-6,3.524420102213619e-5,0.031021200842237424,4.334640840699727e-4,70,2023-09-27,2.2142026228525945e-5,grefla3,Greater Flamingo
grefla3,state,FRA-5336,Pyrénées-Atlantiques,EU,Europe,postbreeding_migration,1.0306159549154348e-4,3.0459031792803934e-8,7.282575394203232e-7,0.005948628262901,6.827599201045427e-5,14,2023-09-27,1.2035410415261183e-6,grefla3,Greater Flamingo
grefla3,state,FRA-5337,Pyrénées-Orientales,EU,Europe,breeding,0.6815868500433115,2.1711490761894904e-4,0.003964797987547353,0.048991674723435345,3.5435167725585007e-4,133,2023-04-05,5.104616771038551e-4,grefla3,Greater Flamingo
grefla3,state,FRA-5337,Pyrénées-Orientales,EU,Europe,nonbreeding,0.9119388966568296,3.3650115786814955e-4,0.0038176095345984823,0.04081222661845259,3.884776082727837e-4,77,2023-12-06,5.158610887909014e-4,grefla3,Greater Flamingo
grefla3,state,FRA-5337,Pyrénées-Orientales,EU,Europe,postbreeding_migration,1.5676340918122118,2.553200809340512e-4,0.006104552999926896,0.05308139877592673,3.357488922281903e-4,126,2023-09-27,0.001104757405394378,grefla3,Greater Flamingo
grefla3,state,FRA-5351,Var,EU,Europe,breeding,0.19748886853837516,9.785419334686565e-5,0.001786943665497346,0.010516848521771512,1.1832219132698336e-4,133,2023-04-12,2.0362135789726848e-4,grefla3,Greater Flamingo
grefla3,state,FRA-5351,Var,EU,Europe,nonbreeding,0.22472351491748108,1.2898455819125617e-4,0.0014633313070496277,0.009202242456550071,1.3625038928682652e-4,77,2023-02-08,1.8502440349692375e-4,grefla3,Greater Flamingo
grefla3,state,FRA-5351,Var,EU,Europe,postbreeding_migration,0.25561045883103695,6.475708216986663e-5,0.0015483037557421134,0.007887636391328634,7.760460453986936e-5,126,2023-08-09,2.8971595542364337e-4,grefla3,Greater Flamingo
grefla3,state,GEO-3028,Guria,AS,Asia,postbreeding_migration,0.059170471935258984,4.349253904946431e-6,5.5770455753739125e-6,0.008319536476763506,2.374875324633671e-5,56,2023-11-15,2.5078840348036213e-5,grefla3,Greater Flamingo
grefla3,state,GEO-3029,Samegrelo-Zemo Svaneti,AS,Asia,postbreeding_migration,0.027307316788227443,7.782978140832041e-6,9.980108025929067e-6,0.008371145749267115,9.265815356346734e-5,56,2023-11-08,4.072031789767048e-5,grefla3,Greater Flamingo
grefla3,state,GEO-3030,Imereti,AS,Asia,postbreeding_migration,0.0036447656503718305,8.397203799123016e-7,1.0767729205266722e-6,0.007227851214382219,6.467050378322448e-5,14,2023-09-27,2.921602550531299e-6,grefla3,Greater Flamingo
grefla3,state,GEO-3033,Kakheti,AS,Asia,breeding,0.046641937265320225,3.779484247924994e-5,4.7175157663422155e-5,0.0300655632842714,5.531833117389906e-4,91,2023-03-08,1.6610958168457738e-4,grefla3,Greater Flamingo
grefla3,state,GEO-3033,Kakheti,AS,Asia,nonbreeding,0.05571087623907579,5.22935746624687e-5,7.45495277958819e-5,0.005239623367016729,1.268712708007803e-4,14,2023-02-15,7.36169954921654e-5,grefla3,Greater Flamingo
grefla3,state,GEO-3033,Kakheti,AS,Asia,postbreeding_migration,0.03691986784786249,1.5296354131045323e-5,1.9614505381917805e-5,0.01492500622908854,2.4014539814127352e-4,91,2023-11-29,9.361772698252184e-5,grefla3,Greater Flamingo
grefla3,state,GEO-3036,Tbilisi,AS,Asia,breeding,0.0035196514552447763,5.982638869014124e-8,7.467472104004918e-8,0.03832121949792734,1.4790273915872922e-5,7,2023-05-17,5.791122712867827e-7,grefla3,Greater Flamingo
grefla3,state,GEO-3037,Kvemo Kartli,AS,Asia,breeding,0.038824901382305314,1.8035416232202716e-5,2.251163249977094e-5,0.02303114967892731,2.4292666732266091e-4,84,2023-05-10,3.2518215596057414e-5,grefla3,Greater Flamingo
grefla3,state,GEO-3037,Kvemo Kartli,AS,Asia,postbreeding_migration,0.06242589191131629,1.4826969597005326e-5,1.9012613886059283e-5,0.011253796359048844,1.038050899588102e-4,84,2023-11-15,6.380594595864654e-5,grefla3,Greater Flamingo
grefla3,state,GEO-3038,Samtskhe-Javakheti,AS,Asia,breeding,0.0622523328623152,2.9428557788820873e-5,3.673244184724291e-5,0.018194650959954352,1.952993701734246e-4,70,2023-06-28,1.1522647666687734e-4,grefla3,Greater Flamingo
grefla3,state,GEO-3038,Samtskhe-Javakheti,AS,Asia,nonbreeding,0.10265423961085306,5.621375807484053e-5,8.01381268570839e-5,0.008114752273797517,1.1462936191818268e-4,7,2023-12-06,7.385964301863844e-5,grefla3,Greater Flamingo
grefla3,state,GEO-3038,Samtskhe-Javakheti,AS,Asia,postbreeding_migration,0.08887284603245407,2.1480988804103295e-5,2.7545058573915657e-5,0.01406093760600248,1.319870790424314e-4,84,2023-11-29,1.0886157423942524e-4,grefla3,Greater Flamingo
grefla3,state,GEO-3039,Shida Kartli,AS,Asia,postbreeding_migration,0.0015884594444895211,3.3757626495191626e-7,4.328738344432261e-7,0.003134285163740174,2.586820151328979e-5,7,2023-09-13,5.353262126522467e-7,grefla3,Greater Flamingo
grefla3,state,GMB-2151,Central River,AF,Africa,nonbreeding,0.3212136693927402,8.17484274849452e-5,3.885479608164803e-4,0.02135059587769423,1.4016844901032076e-4,70,2023-01-04,2.296298585857728e-4,grefla3,Greater Flamingo
grefla3,state,GMB-2151,Central River,AF,Africa,postbreeding_migration,0.4777424998096618,5.3665937087758934e-5,3.009422244410806e-4,0.05199637211900716,2.2683488136418533e-4,56,2023-11-01,2.566251833107473e-4,grefla3,Greater Flamingo
grefla3,state,GMB-2153,Banjul,AF,Africa,nonbreeding,2.1779555663576757,5.5466801474224614e-5,2.636321366523099e-4,0.17776734078528222,1.1678604796013704e-4,70,2023-02-01,1.4133529662936568e-4,grefla3,Greater Flamingo
grefla3,state,GMB-2153,Banjul,AF,Africa,postbreeding_migration,2.9807814316153083,3.350685686908813e-5,1.878962445717236e-4,0.23702312104704296,1.0347280605315916e-4,56,2023-11-01,1.293172454509324e-4,grefla3,Greater Flamingo
grefla3,state,GMB-2154,Lower River,AF,Africa,nonbreeding,2.096823624139573,2.90427671477233e-4,0.001380394497960699,0.08792508226373133,3.1415483923092865e-4,70,2023-02-01,8.57695045800894e-4,grefla3,Greater Flamingo
grefla3,state,GMB-2154,Lower River,AF,Africa,postbreeding_migration,1.564260077333609,9.563227869944836e-5,5.362766820435519e-4,0.1602039208380646,3.8036508038485147e-4,56,2023-10-25,4.2244914735655337e-4,grefla3,Greater Flamingo
grefla3,state,GMB-5512,West Coast,AF,Africa,nonbreeding,1.85431615167053,2.977493272974028e-4,0.0014151941207332715,0.08571645121771734,3.550471810861712e-4,63,2023-02-01,0.0010171053592334745,grefla3,Greater Flamingo
grefla3,state,GMB-5512,West Coast,AF,Africa,postbreeding_migration,1.318809660110537,9.346921132538126e-5,5.241468592454673e-4,0.1168194350819048,3.215388960103913e-4,56,2023-11-01,4.845273147580788e-4,grefla3,Greater Flamingo
grefla3,state,GMB-5513,North Bank,AF,Africa,nonbreeding,3.2316105556486066,6.531039930995275e-4,0.003104184784063949,0.11585365640562126,6.039874917557428e-4,70,2023-01-04,0.001760653341032084,grefla3,Greater Flamingo
grefla3,state,GMB-5513,North Bank,AF,Africa,postbreeding_migration,1.625872817193687,1.4503383875034837e-4,8.133055793171747e-4,0.15090300674173707,5.227723641702174e-4,56,2023-10-25,6.794722324190906e-4,grefla3,Greater Flamingo
grefla3,state,GNB-5500,Biombo,AF,Africa,nonbreeding,0.10242609228228758,1.1781209706760308e-5,5.599575610620824e-5,0.06234800442753976,1.8499360638041585e-4,28,2023-12-06,2.5629464153317904e-5,grefla3,Greater Flamingo
grefla3,state,GNB-5500,Biombo,AF,Africa,postbreeding_migration,0.4952845052517724,2.5145106235928797e-5,1.4100609464944505e-4,0.10316501951605075,2.034057164239121e-4,49,2023-10-25,1.484674961669833e-4,grefla3,Greater Flamingo
grefla3,state,GNB-769,Bissau,AF,Africa,nonbreeding,0.08484719031418103,1.3231353399289157e-6,6.288824801043148e-6,0.048385811491758,1.9464341326689503e-5,14,2023-12-06,2.591294590689041e-6,grefla3,Greater Flamingo
grefla3,state,GNB-769,Bissau,AF,Africa,postbreeding_migration,1.0173842531493529,7.002792631704116e-6,3.926952749261405e-5,0.145157434475274,3.880230226993468e-5,49,2023-10-25,2.638363646933733e-5,grefla3,Greater Flamingo
grefla3,state,GNB-770,Bolama,AF,Africa,nonbreeding,0.0885202982002093,3.000179441837299e-5,1.4259767925494182e-4,0.03339425272343654,2.9196511990034257e-4,14,2023-12-06,4.1752242878322945e-5,grefla3,Greater Flamingo
grefla3,state,GNB-770,Bolama,AF,Africa,postbreeding_migration,0.39507712654248217,5.9102479325229326e-5,3.3142869692243815e-4,0.11354045925968424,6.596391385888896e-4,35,2023-11-22,1.6433250232409437e-4,grefla3,Greater Flamingo
grefla3,state,GNB-771,Cacheu,AF,Africa,nonbreeding,1.7130333584189923,7.413292275029883e-4,0.0035235168247485685,0.11623010074235264,0.001297534146230953,35,2023-01-04,0.0024748708529073768,grefla3,Greater Flamingo
grefla3,state,GNB-771,Cacheu,AF,Africa,postbreeding_migration,1.0850683073736516,2.0726302494874325e-4,0.0011622678957503823,0.16376992926883346,0.0012148729740688849,49,2023-11-01,8.754541983945245e-4,grefla3,Greater Flamingo
grefla3,state,GNB-772,Oio,AF,Africa,nonbreeding,0.0634246267466088,2.9499804160089572e-5,1.4021173377309535e-4,0.022237260316208134,2.668070933734776e-4,28,2023-12-06,3.86827245826913e-5,grefla3,Greater Flamingo
grefla3,state,GNB-772,Oio,AF,Africa,postbreeding_migration,0.2312987997041801,4.748473761874616e-5,2.6627994108475333e-4,0.03208573013623639,2.558141398640274e-4,49,2023-11-01,2.2828668348816905e-4,grefla3,Greater Flamingo
grefla3,state,GNB-773,Quinara,AF,Africa,nonbreeding,0.0979257996511564,2.7283090202629985e-5,1.2967575510802596e-4,0.03434662248512792,2.4685125961699644e-4,21,2023-12-06,3.51214986088237e-5,grefla3,Greater Flamingo
grefla3,state,GNB-773,Quinara,AF,Africa,postbreeding_migration,0.37573599475820135,4.620603307268595e-5,2.591093555816064e-4,0.07485384748071422,3.5748841056951447e-4,49,2023-11-15,1.5748205107126066e-4,grefla3,Greater Flamingo
grefla3,state,GNB-776,Bafatá,AF,Africa,nonbreeding,0.009618248271684553,4.8494265169947095e-6,2.304918690521187e-5,0.001098917923461074,1.4292708466650754e-5,21,2023-12-20,1.3594709778353917e-5,grefla3,Greater Flamingo
grefla3,state,GNB-776,Bafatá,AF,Africa,postbreeding_migration,0.02221719650635927,4.944280563240071e-6,2.7726018992812147e-5,0.0026598374338440427,2.298798475177451e-5,42,2023-11-01,4.3991803758679147e-5,grefla3,Greater Flamingo
grefla3,state,GNB-778,Tombali,AF,Africa,nonbreeding,0.04110964399468878,1.2521501352058324e-5,5.951434133211967e-5,0.015650778093440704,1.2297122559010412e-4,7,2023-12-06,1.9179612858302915e-5,grefla3,Greater Flamingo
grefla3,state,GNB-778,Tombali,AF,Africa,postbreeding_migration,0.06280159085614,8.443116559555262e-6,4.734642524722548e-5,0.020605304412539528,1.0758287118821948e-4,21,2023-11-15,3.6922117017088886e-5,grefla3,Greater Flamingo
grefla3,state,GRC-2883,Ionioi Nisoi,EU,Europe,breeding,0.2717467473076724,9.693132677045836e-5,0.0017700909326056182,0.04858417299925944,3.93494243476202e-4,133,2023-03-08,3.7456672424264584e-4,grefla3,Greater Flamingo
grefla3,state,GRC-2883,Ionioi Nisoi,EU,Europe,nonbreeding,0.9701681256513855,4.008659668333426e-4,0.004547829038016686,0.028496698724771636,3.0373973820291516e-4,77,2023-01-11,9.442648745589058e-4,grefla3,Greater Flamingo
grefla3,state,GRC-2883,Ionioi Nisoi,EU,Europe,postbreeding_migration,0.6491636235650446,1.183929415841178e-4,0.0028307056149812896,0.028496698724771636,2.0183577300540609e-4,126,2023-11-22,5.574478403831513e-4,grefla3,Greater Flamingo
grefla3,state,GRC-2884,Attiki,EU,Europe,breeding,0.18499854723107617,8.486719394193926e-5,0.0015497843213066627,0.017127399302914816,1.7840487343978207e-4,133,2023-03-15,2.7909927685051944e-4,grefla3,Greater Flamingo
grefla3,state,GRC-2884,Attiki,EU,Europe,nonbreeding,0.4388554813694241,2.3320906824539312e-4,0.002645759581122409,0.01428757859317232,1.9585624227286177e-4,77,2023-01-18,5.206580610822662e-4,grefla3,Greater Flamingo
grefla3,state,GRC-2884,Attiki,EU,Europe,postbreeding_migration,0.33048816533291947,7.751741284047467e-5,0.0018533957586521384,0.01570748894804357,1.430810360604093e-4,126,2023-11-29,3.924017759153206e-4,grefla3,Greater Flamingo
grefla3,state,GRC-2885,Peloponnisos,EU,Europe,breeding,0.1009944700665,1.3599566011695364e-4,0.00248345599784053,0.0169306269629199,5.176595870555522e-4,133,2023-03-15,4.976918368497127e-4,grefla3,Greater Flamingo
grefla3,state,GRC-2885,Peloponnisos,EU,Europe,nonbreeding,0.2255794662315707,3.518676991325844e-4,0.00399194312327485,0.012577037172454784,5.060728744939271e-4,77,2023-01-11,5.793626963610136e-4,grefla3,Greater Flamingo
grefla3,state,GRC-2885,Peloponnisos,EU,Europe,postbreeding_migration,0.14583270911043675,1.0040474348521049e-4,0.0024006183759899794,0.014744606559331047,3.942434001150818e-4,126,2023-11-29,3.9199538446693855e-4,grefla3,Greater Flamingo
grefla3,state,GRC-2886,Dytiki Ellada,EU,Europe,breeding,2.336197002543539,0.002150881952121879,0.03927787607376837,0.0900354801815886,0.001882194777942652,133,2023-03-08,0.007334277512050671,grefla3,Greater Flamingo
grefla3,state,GRC-2886,Dytiki Ellada,EU,Europe,nonbreeding,6.498630519290446,0.006930767666110854,0.07862963946946958,0.0921579747761519,0.0025354047283996143,77,2023-01-11,0.010978631690320532,grefla3,Greater Flamingo
grefla3,state,GRC-2886,Dytiki Ellada,EU,Europe,postbreeding_migration,4.115397551429201,0.001937272619879693,0.046319049171919625,0.09252521694135496,0.001691496150117843,126,2023-11-29,0.007766900091691751,grefla3,Greater Flamingo
grefla3,state,GRC-2892,Dytiki Makedonia,EU,Europe,postbreeding_migration,0.01937944531025163,6.966168360720076e-6,1.665569892068685e-4,0.007412106428761129,1.0347280605315916e-4,28,2023-11-08,1.1246602720534218e-4,grefla3,Greater Flamingo
grefla3,state,GRC-2900,Thessalia,EU,Europe,breeding,0.114465182700489,1.3192180801551464e-4,0.0024090622088995205,0.015617459475199037,4.086931349050306e-4,133,2023-03-29,4.600525634268132e-4,grefla3,Greater Flamingo
grefla3,state,GRC-2900,Thessalia,EU,Europe,nonbreeding,0.39854086175630793,5.320695757691058e-4,0.006036335501471889,0.01109599368523584,3.8213485357363225e-4,77,2023-12-06,7.244166786271865e-4,grefla3,Greater Flamingo
grefla3,state,GRC-2900,Thessalia,EU,Europe,postbreeding_migration,0.37287589676697674,2.1972492878366724e-4,0.005253493842936392,0.01053081046149044,2.4099541146218627e-4,126,2023-11-01,9.806119013971916e-4,grefla3,Greater Flamingo
grefla3,state,GRC-2949,Ipeiros,EU,Europe,breeding,1.5036109020734576,0.0010195244197042986,0.01861782966369738,0.041439225694478714,6.379954248967553e-4,133,2023-03-08,0.0026761623239914315,grefla3,Greater Flamingo
grefla3,state,GRC-2949,Ipeiros,EU,Europe,nonbreeding,4.0861713834914495,0.003209453784415004,0.03641129036779346,0.03855724186685705,7.81223658286348e-4,77,2023-01-11,0.005361916848830825,grefla3,Greater Flamingo
grefla3,state,GRC-2949,Ipeiros,EU,Europe,postbreeding_migration,2.4255666777547966,8.409055460103564e-4,0.02010555712959617,0.035675258039235394,4.8032266271899913e-4,126,2023-11-22,0.0035190892142779075,grefla3,Greater Flamingo
grefla3,state,GRC-2988,Voreio Aigaio,EU,Europe,breeding,0.7486234355867295,3.7694272314105974e-4,0.006883459853218562,0.09573091849935315,0.0010944802697745962,133,2023-03-08,0.0012500613942340243,grefla3,Greater Flamingo
grefla3,state,GRC-2988,Voreio Aigaio,EU,Europe,nonbreeding,1.501951396696626,8.760324750145934e-4,0.009938598578445389,0.04915912031047866,7.396449704142012e-4,77,2023-02-15,0.0010580321012668074,grefla3,Greater Flamingo
grefla3,state,GRC-2988,Voreio Aigaio,EU,Europe,postbreeding_migration,0.8536211671681175,2.1976015535472168e-4,0.005254336089536115,0.02457956015523933,2.45747914376253e-4,126,2023-11-29,0.001469229176616886,grefla3,Greater Flamingo
grefla3,state,GRC-2989,Stereá Elláda,EU,Europe,breeding,0.2576094227861361,3.493696899612596e-4,0.0063799407367251225,0.02542574495317232,7.829624462033143e-4,133,2023-03-15,0.001100162830349595,grefla3,Greater Flamingo
grefla3,state,GRC-2989,Stereá Elláda,EU,Europe,nonbreeding,0.6042525446368514,9.492800409324068e-4,0.010769593062403576,0.018701600929732817,7.578958446102944e-4,77,2023-01-18,0.0013020001879092823,grefla3,Greater Flamingo
grefla3,state,GRC-2989,Stereá Elláda,EU,Europe,postbreeding_migration,0.455324918907548,3.1573064109233825e-4,0.007548933970246227,0.018701600929732817,5.036235777365127e-4,126,2023-11-22,0.0012693085750368363,grefla3,Greater Flamingo
grefla3,state,GRC-2991,Kentriki Makedonia,EU,Europe,breeding,1.4772285611795533,0.0022596439389852836,0.04126401010466825,0.12133939453611856,0.004214420877667255,133,2023-03-22,0.005990833336913608,grefla3,Greater Flamingo
grefla3,state,GRC-2991,Kentriki Makedonia,EU,Europe,nonbreeding,3.4625582807723783,0.006135384559236504,0.06960600890695053,0.06643966261205618,0.0030368755434923033,77,2023-12-06,0.008005534014564495,grefla3,Greater Flamingo
grefla3,state,GRC-2991,Kentriki Makedonia,EU,Europe,postbreeding_migration,4.036936561761978,0.0031573016206591833,0.07548922517006208,0.08002856130475733,0.0024307545831229564,126,2023-11-01,0.015856991721800905,grefla3,Greater Flamingo
grefla3,state,GRC-2992,Ayion Oros,EU,Europe,breeding,0.735749386265997,3.779882696615634e-5,6.902552879974954e-4,0.24090046503884183,2.810152044015855e-4,28,2023-03-29,4.6411579504723017e-4,grefla3,Greater Flamingo
grefla3,state,GRC-2992,Ayion Oros,EU,Europe,nonbreeding,0.1745136095212078,1.0385564250637612e-5,1.1782434674698649e-4,0.012678971844149572,1.9464341326689503e-5,14,2023-12-20,6.17558183225965e-5,grefla3,Greater Flamingo
grefla3,state,GRC-3001,Anatoliki Makedonia kai Thraki,EU,Europe,breeding,1.7362890041696533,0.0019342835586456753,0.035322510300048036,0.0968102107753758,0.00244885492310016,133,2023-03-08,0.005790323820131436,grefla3,Greater Flamingo
grefla3,state,GRC-3001,Anatoliki Makedonia kai Thraki,EU,Europe,nonbreeding,5.110000671401559,0.006594341959971965,0.07481288593561372,0.06569994920440757,0.002187108959995793,77,2023-01-25,0.009413681807390353,grefla3,Greater Flamingo
grefla3,state,GRC-3001,Anatoliki Makedonia kai Thraki,EU,Europe,postbreeding_migration,4.079161533786843,0.0023234902886269727,0.055553286525091096,0.06350395233709474,0.0014047617376901766,126,2023-11-29,0.01168579068105934,grefla3,Greater Flamingo
grefla3,state,GRC-3013,Notio Aigaio,EU,Europe,breeding,0.110843492573043,1.1025078485882157e-4,0.0020133214007623554,0.015717092337917484,3.5496657398095013e-4,119,2023-04-12,3.3150837957169336e-4,grefla3,Greater Flamingo
grefla3,state,GRC-3013,Notio Aigaio,EU,Europe,nonbreeding,0.21833624368254156,2.515647024847028e-4,0.0028540044642293137,0.011132940406024885,3.308938025537216e-4,77,2023-01-18,4.579966292072366e-4,grefla3,Greater Flamingo
grefla3,state,GRC-3013,Notio Aigaio,EU,Europe,postbreeding_migration,0.05198530492707648,2.6437715001767497e-5,6.321102195911451e-4,0.008513425016371971,1.6814330983638362e-4,119,2023-11-29,1.933256730874686e-4,grefla3,Greater Flamingo
grefla3,state,HRV-1490,Dubrovacko-Neretvanska,EU,Europe,breeding,1.1183186106353755,2.58270495721544e-4,0.00471635205942102,0.2175172902312414,0.0011406352637517011,35,2023-03-22,0.001984054779351138,grefla3,Greater Flamingo
grefla3,state,HRV-1490,Dubrovacko-Neretvanska,EU,Europe,nonbreeding,1.4701975449168103,3.93312110265809e-4,0.0044621304477416865,0.20341488429046375,0.0014037805872932894,77,2023-12-20,0.0013464343098578762,grefla3,Greater Flamingo
grefla3,state,HRV-1490,Dubrovacko-Neretvanska,EU,Europe,postbreeding_migration,1.2390355917055258,1.4630691675322072e-4,0.0034981123470919796,0.21469680904308583,9.845519168696893e-4,84,2023-11-01,8.336321827044763e-4,grefla3,Greater Flamingo
grefla3,state,HRV-1491,Šibensko-Kninska,EU,Europe,breeding,0.017848987324494123,3.4580463418294422e-6,6.314838224279656e-5,0.020172813513308397,8.874164349523753e-5,21,2023-03-22,4.3234186058757085e-5,grefla3,Greater Flamingo
grefla3,state,HRV-1491,Šibensko-Kninska,EU,Europe,nonbreeding,0.186561028989711,4.1868802348247066e-5,4.7500204771811383e-4,0.043147713244171326,2.497941551375406e-4,77,2023-12-13,1.1734367262138504e-4,grefla3,Greater Flamingo
grefla3,state,HRV-1491,Šibensko-Kninska,EU,Europe,postbreeding_migration,0.09496471629162584,9.407004149044548e-6,2.249159376273564e-4,0.07340693351413392,2.8239571253115545e-4,56,2023-11-01,8.579761110932004e-5,grefla3,Greater Flamingo
grefla3,state,HRV-1492,Splitsko-Dalmatinska,EU,Europe,breeding,0.14648074353654783,6.441633745546326e-5,0.001176325328875306,0.060729655204456834,6.064012305507898e-4,28,2023-03-22,9.848212262326369e-4,grefla3,Greater Flamingo
grefla3,state,HRV-1492,Splitsko-Dalmatinska,EU,Europe,nonbreeding,0.3951244213242489,2.0128052064074585e-4,0.002283529838634738,0.06221086630700456,8.175023357209592e-4,70,2023-12-13,7.266011089173604e-4,grefla3,Greater Flamingo
grefla3,state,HRV-1492,Splitsko-Dalmatinska,EU,Europe,postbreeding_migration,0.16000068208247478,3.59756922267512e-5,8.60157646448448e-4,0.10368477717834094,9.053870529651426e-4,63,2023-11-29,3.7968250899438375e-4,grefla3,Greater Flamingo
grefla3,state,HRV-1493,Zadarska,EU,Europe,breeding,0.021808677049429893,1.2189629301750953e-5,2.225983386150145e-4,0.013984679578654983,1.7748328699047507e-4,21,2023-03-15,1.3585469884989454e-4,grefla3,Greater Flamingo
grefla3,state,HRV-1493,Zadarska,EU,Europe,nonbreeding,0.13217064102305195,8.55753246164847e-5,9.708530492196986e-4,0.024667314662023397,4.1199344996990263e-4,77,2023-12-06,2.3323551933836665e-4,grefla3,Greater Flamingo
grefla3,state,HRV-1493,Zadarska,EU,Europe,postbreeding_migration,0.09857546501310092,2.8170972791853754e-5,6.735513941490159e-4,0.06895213332776418,7.65266448757081e-4,91,2023-11-01,2.460605656329541e-4,grefla3,Greater Flamingo
grefla3,state,HRV-1584,Licko-Senjska,EU,Europe,nonbreeding,0.023826908050152584,9.101124755218044e-6,1.0325236579038624e-4,0.009877054692728829,9.732170663344751e-5,14,2023-12-06,6.429461416952484e-5,grefla3,Greater Flamingo
grefla3,state,HRV-1584,Licko-Senjska,EU,Europe,postbreeding_migration,0.0348837790151715,5.881259687547921e-6,1.4061746078736098e-4,0.045434451586552606,2.974843174028326e-4,35,2023-10-25,6.934782103422588e-5,grefla3,Greater Flamingo
grefla3,state,HRV-1586,Primorsko-Goranska,EU,Europe,nonbreeding,0.2015112340509707,8.822402917977685e-5,0.0010009026331772096,0.0499798795869926,5.644658984739956e-4,28,2023-12-06,5.409040170106618e-4,grefla3,Greater Flamingo
grefla3,state,HRV-1586,Primorsko-Goranska,EU,Europe,postbreeding_migration,0.1657848288775122,3.2037001499965874e-5,7.659858672291232e-4,0.1275348651530156,9.571234559917222e-4,49,2023-11-29,5.066301051285599e-4,grefla3,Greater Flamingo
grefla3,state,HRV-1592,Istarska,EU,Europe,breeding,0.03700941287682321,9.248438845938887e-6,1.6888841087175997e-4,0.01351597880034635,7.669154758602531e-5,133,2023-03-22,8.387039503148663e-5,grefla3,Greater Flamingo
grefla3,state,HRV-1592,Istarska,EU,Europe,nonbreeding,0.25055299793616836,7.252842040745498e-5,8.228357698114029e-4,0.09432091864974246,7.043224251671276e-4,77,2023-12-06,3.9082438958838945e-4,grefla3,Greater Flamingo
grefla3,state,HRV-1592,Istarska,EU,Europe,postbreeding_migration,0.11274783758129474,1.4405763726729436e-5,3.444333397221474e-4,0.08910769672397496,4.421557125446077e-4,105,2023-11-29,2.753848741613774e-4,grefla3,Greater Flamingo
grefla3,state,IND-20011,Telangana,AS,Asia,breeding,0.1935990331515925,0.0016085008649914386,0.0020077152576937515,0.03883165237243175,0.007325676759447392,133,2023-04-05,0.0049962092158995,grefla3,Greater Flamingo
grefla3,state,IND-20011,Telangana,AS,Asia,nonbreeding,0.17123778185637767,0.0016480488859686034,0.0023494524332387363,0.02150107723667373,0.005338086347214548,77,2023-01-18,0.0030239081999569673,grefla3,Greater Flamingo
grefla3,state,IND-20011,Telangana,AS,Asia,postbreeding_migration,0.05105041290565376,2.168648700657594e-4,2.780856879104598e-4,0.022724425474205712,0.003748994603833188,126,2023-08-02,0.0022503425511010648,grefla3,Greater Flamingo
grefla3,state,IND-2428,Delhi,AS,Asia,breeding,1.2258935976229783,1.3152401432386596e-4,1.6416700547597322e-4,0.3663565554274936,8.924831221245871e-4,133,2023-07-12,3.696229644405084e-4,grefla3,Greater Flamingo
grefla3,state,IND-2428,Delhi,AS,Asia,nonbreeding,0.6570675118853209,8.166099269951275e-5,1.1641561098826283e-4,0.1371787898279124,4.397911712012667e-4,77,2023-02-08,1.4161481661868958e-4,grefla3,Greater Flamingo
grefla3,state,IND-2428,Delhi,AS,Asia,postbreeding_migration,0.6499712838324606,3.565482269085015e-5,4.572015694521666e-5,0.3403589856140815,7.250922913429547e-4,126,2023-08-02,4.041060178529633e-4,grefla3,Greater Flamingo
grefla3,state,IND-2430,Haryana,AS,Asia,breeding,0.96715878386586,0.003076103643269365,0.00383956288321431,0.4192162611373086,0.03027506399802,133,2023-07-05,0.012396820009124006,grefla3,Greater Flamingo
grefla3,state,IND-2430,Haryana,AS,Asia,nonbreeding,0.6762229205599629,0.0024914114292908995,0.0035517469746087463,0.0948940285748166,0.009018811884043142,77,2023-12-06,0.003948316618258139,grefla3,Greater Flamingo
grefla3,state,IND-2430,Haryana,AS,Asia,postbreeding_migration,1.0692572780870402,0.001738830427309518,0.0022297011747056234,0.7124610408980717,0.044995397535848365,126,2023-08-02,0.016162409493567675,grefla3,Greater Flamingo
grefla3,state,IND-2441,Andhra Pradesh,AS,Asia,breeding,0.7144668433494574,0.0084935357702655475,0.010601549386061756,0.030420705610552143,0.008211443147873946,133,2023-04-12,0.023285720595461256,grefla3,Greater Flamingo
grefla3,state,IND-2441,Andhra Pradesh,AS,Asia,nonbreeding,1.132907920552067,0.01560103589085793,0.022240779413092788,0.02319848168577528,0.008240873798551283,77,2023-12-13,0.033779300253025925,grefla3,Greater Flamingo
grefla3,state,IND-2441,Andhra Pradesh,AS,Asia,postbreeding_migration,0.3975929975604429,0.002416668050908399,0.0030988919375660564,0.029891522313917805,0.007055994976958406,126,2023-08-02,0.01979602504956593,grefla3,Greater Flamingo
grefla3,state,IND-2442,Kerala,AS,Asia,breeding,8.609981999215168e-4,2.5041488337284508e-6,3.1256544092933285e-6,0.008062636085332484,5.324498609714252e-4,49,2023-04-12,3.3944867242437666e-5,grefla3,Greater Flamingo
grefla3,state,IND-2442,Kerala,AS,Asia,nonbreeding,4.0137890381422645e-4,1.352274374828053e-6,1.9277973774903462e-6,0.011422067787554353,9.926814076611648e-4,35,2023-12-20,6.198580120190868e-6,grefla3,Greater Flamingo
grefla3,state,IND-2442,Kerala,AS,Asia,postbreeding_migration,0.0011521148683253442,1.7132688072831671e-6,2.19692352525517e-6,0.015005461603257678,8.665847506952079e-4,63,2023-08-16,4.370693999306827e-5,grefla3,Greater Flamingo
grefla3,state,IND-2445,Dadra and Nagar Haveli and Daman and Diu,AS,Asia,breeding,0.6222203360796376,2.7914058469033984e-5,3.484205841116119e-5,0.04106835469703247,4.1834044397378473e-5,133,2023-03-22,3.808767953722355e-4,grefla3,Greater Flamingo
grefla3,state,IND-2445,Dadra and Nagar Haveli and Daman and Diu,AS,Asia,nonbreeding,0.7760001016633931,4.0326723979237264e-5,5.748962945469985e-5,0.012029220470679737,1.612588387176023e-5,77,2023-01-18,4.4775989389823543e-4,grefla3,Greater Flamingo
grefla3,state,IND-2445,Dadra and Nagar Haveli and Daman and Diu,AS,Asia,postbreeding_migration,0.757253012605608,1.736967230225028e-5,2.2273119982438205e-5,0.10848248717313506,9.663672535770336e-5,126,2023-08-02,2.6461296906178503e-4,grefla3,Greater Flamingo
grefla3,state,IND-2446,Karnataka,AS,Asia,breeding,0.3081674750612934,0.004299862082688117,0.005367046358061929,0.01621467610942681,0.005137120699294535,133,2023-04-12,0.01620052459516535,grefla3,Greater Flamingo
grefla3,state,IND-2446,Karnataka,AS,Asia,nonbreeding,0.2586657694607057,0.004180796875069741,0.005960128655550474,0.01592724407186166,0.006640726922444987,77,2023-02-15,0.013544662948484047,grefla3,Greater Flamingo
grefla3,state,IND-2446,Karnataka,AS,Asia,postbreeding_migration,0.02439834931728284,1.740604104647524e-4,2.2319755600522267e-4,0.012995444057683572,0.0036004985340772596,126,2023-08-02,0.0013074846301817883,grefla3,Greater Flamingo
grefla3,state,IND-2447,Maharashtra,AS,Asia,breeding,0.2003595733089377,0.004477897149394438,0.005589268010291321,0.02442274384515712,0.012393735873540214,133,2023-04-19,0.011993499288609063,grefla3,Greater Flamingo
grefla3,state,IND-2447,Maharashtra,AS,Asia,nonbreeding,0.13291651722199907,0.003441084607470645,0.004905597566209749,0.0139016525995719,0.009284055072774538,77,2023-02-08,0.007902596469362836,grefla3,Greater Flamingo
grefla3,state,IND-2447,Maharashtra,AS,Asia,postbreeding_migration,0.06105702642676429,6.977044586694639e-4,8.946659931064915e-4,0.02199984548664125,0.009763093202477547,126,2023-08-02,0.007117059990540236,grefla3,Greater Flamingo
grefla3,state,IND-3249,Punjab,AS,Asia,breeding,0.01162677291098297,4.239279390379069e-5,5.29142762614307e-5,0.030428751493225825,0.0025191889868721373,14,2023-07-12,6.475214219526673e-4,grefla3,Greater Flamingo
grefla3,state,IND-3249,Punjab,AS,Asia,postbreeding_migration,0.03125516382177173,5.826751032349214e-5,7.471639222260769e-5,0.07558388116287686,0.005472248702720126,70,2023-08-02,0.001991569858098096,grefla3,Greater Flamingo
grefla3,state,IND-3250,Rajasthan,AS,Asia,breeding,0.29222613710796413,0.007255784247845594,0.009056599880044898,0.04480337977392079,0.025259214776586342,133,2023-03-08,0.0129664625188878,grefla3,Greater Flamingo
grefla3,state,IND-3250,Rajasthan,AS,Asia,nonbreeding,0.5735544765402263,0.016496520789712192,0.023517379392895676,0.03928087947706923,0.029144309250131003,77,2023-12-20,0.032970977197280746,grefla3,Greater Flamingo
grefla3,state,IND-3250,Rajasthan,AS,Asia,postbreeding_migration,0.17443043903224956,0.002214417014154336,0.002839545559015659,0.093294636478856,0.045996604031800614,126,2023-10-25,0.013339377907165014,grefla3,Greater Flamingo
grefla3,state,IND-3253,Uttar Pradesh,AS,Asia,breeding,0.08855935776251085,0.001539957307945508,0.0019221598512324375,0.04878152947574242,0.019260759196378856,133,2023-07-12,0.005452027219853945,grefla3,Greater Flamingo
grefla3,state,IND-3253,Uttar Pradesh,AS,Asia,nonbreeding,0.04645978152331409,9.358446624761576e-4,0.0013341367104506997,0.013066406798058289,0.006789497899582904,77,2023-01-11,0.0013326993095849017,grefla3,Greater Flamingo
grefla3,state,IND-3253,Uttar Pradesh,AS,Asia,postbreeding_migration,0.0679695668474257,6.043110807200485e-4,7.749077226892058e-4,0.12763578256013045,0.0440707515549725,126,2023-08-02,0.012456513062224664,grefla3,Greater Flamingo
grefla3,state,IND-3254,Uttarakhand,AS,Asia,postbreeding_migration,6.001718024306244e-4,1.1690909830097114e-6,1.4991246398809997e-6,0.00412112872425363,3.1176033506890015e-4,14,2023-08-02,6.805909531592171e-5,grefla3,Greater Flamingo
grefla3,state,IND-3261,Madhya Pradesh,AS,Asia,breeding,0.06453347648757646,0.0014456040435997936,0.0018043890171824909,0.017093446124777277,0.008694361350894294,133,2023-05-10,0.0020960114869536567,grefla3,Greater Flamingo
grefla3,state,IND-3261,Madhya Pradesh,AS,Asia,nonbreeding,0.020098420377393747,5.21529165043874e-4,7.434900604281221e-4,0.004772578400282464,0.003194659857221231,77,2023-02-08,0.001093515806739278,grefla3,Greater Flamingo
grefla3,state,IND-3261,Madhya Pradesh,AS,Asia,postbreeding_migration,0.00860261101498189,9.852952998330916e-5,1.2634435497365005e-4,0.006964814522834026,0.003097973058739342,91,2023-08-02,8.029204688598077e-4,grefla3,Greater Flamingo
grefla3,state,IND-3262,Puducherry,AS,Asia,breeding,1.2878860419133504,6.276832694440163e-5,7.834681997939473e-5,0.25518306693312626,2.823961264106762e-4,133,2023-05-03,2.3219392772437131e-4,grefla3,Greater Flamingo
grefla3,state,IND-3262,Puducherry,AS,Asia,nonbreeding,1.951894238895754,1.1019750978980628e-4,1.570971648455349e-4,0.1794918836116101,2.614057836777592e-4,77,2023-12-06,1.9876604260851664e-4,grefla3,Greater Flamingo
grefla3,state,IND-3262,Puducherry,AS,Asia,postbreeding_migration,1.5158343053931815,3.777345244921992e-5,4.843687456575694e-5,0.3271294668179132,3.165822569564283e-4,126,2023-08-02,2.7679984543427504e-4,grefla3,Greater Flamingo
grefla3,state,IND-3263,Tamil Nadu,AS,Asia,breeding,0.8208292548662884,0.007940610086282945,0.009911392883032126,0.20226395658918905,0.04442866962556728,133,2023-03-08,0.0221027798747778,grefla3,Greater Flamingo
grefla3,state,IND-3263,Tamil Nadu,AS,Asia,nonbreeding,1.2676047660955845,0.014204870856464453,0.020250411672677902,0.07376890879671497,0.021324637848032256,77,2023-01-25,0.019836704041429745,grefla3,Greater Flamingo
grefla3,state,IND-3263,Tamil Nadu,AS,Asia,postbreeding_migration,0.49416528840045143,0.0024442471253167705,0.0031342565675149285,0.12333760448286411,0.02369192461744801,126,2023-08-02,0.010174763936060292,grefla3,Greater Flamingo
grefla3,state,IND-3264,Gujarat,AS,Asia,breeding,29.09460879990722,0.4041643721850888,0.5044740691864892,0.2597098119689681,0.08191767708816246,133,2023-06-14,0.5915669832856685,grefla3,Greater Flamingo
grefla3,state,IND-3264,Gujarat,AS,Asia,nonbreeding,15.910196020148838,0.2560197192668108,0.3649807706007368,0.1808422279380898,0.07506761435738939,77,2023-12-20,0.4078803445353549,grefla3,Greater Flamingo
grefla3,state,IND-3264,Gujarat,AS,Asia,postbreeding_migration,85.52052963752544,0.6074180864307691,0.7788918341782887,0.25764176635973723,0.07106660379075819,126,2023-09-20,0.915315139739712,grefla3,Greater Flamingo
grefla3,state,IND-3265,Goa,AS,Asia,breeding,0.007785690870969627,2.1857776505327167e-6,2.728266570701467e-6,0.004640380809270542,2.9580547831745843e-5,21,2023-04-26,2.507048080209018e-5,grefla3,Greater Flamingo
grefla3,state,IND-3265,Goa,AS,Asia,nonbreeding,0.00438057602742318,1.4245983230333172e-6,2.030902132172682e-6,0.04640380809270542,3.892868265337901e-4,63,2023-01-11,5.0186261122779144e-6,grefla3,Greater Flamingo
grefla3,state,IND-3265,Goa,AS,Asia,postbreeding_migration,1.132832434428614e-4,1.6260965647206782e-8,2.0851426128725575e-8,0.002320190404635271,1.2934100756644896e-5,7,2023-11-29,8.160901191258382e-7,grefla3,Greater Flamingo
grefla3,state,IRN-3210,Bushehr,AS,Asia,breeding,0.8329063904184285,0.001546628782527018,0.0019304871214255344,0.07915934790036426,0.0033376121502659457,133,2023-03-15,0.00362041451609638,grefla3,Greater Flamingo
grefla3,state,IRN-3210,Bushehr,AS,Asia,nonbreeding,1.957647009094439,0.0042109168020577825,0.006003067512737005,0.0638430968621102,0.00354251012145749,77,2023-12-06,0.0065070278092203785,grefla3,Greater Flamingo
grefla3,state,IRN-3210,Bushehr,AS,Asia,postbreeding_migration,1.0581053731440848,0.0010045941532036938,0.0012881904574021806,0.07085882179201242,0.0026126883528422686,126,2023-11-29,0.004651490164074896,grefla3,Greater Flamingo
grefla3,state,IRN-3211,Esfahan,AS,Asia,breeding,0.10339330899127185,8.267848197661148e-4,0.0010319848335815737,0.015991762899524305,0.002903622596878229,133,2023-04-19,0.001661824255720585,grefla3,Greater Flamingo
grefla3,state,IRN-3211,Esfahan,AS,Asia,nonbreeding,0.0987300824913326,9.145383907003112e-4,0.0013037625677336964,0.00984387858496773,0.0023521963322537948,56,2023-12-06,0.002819868012518972,grefla3,Greater Flamingo
grefla3,state,IRN-3211,Esfahan,AS,Asia,postbreeding_migration,0.10223608331121992,4.1799982045264935e-4,5.360009096068745e-4,0.01407614518454493,0.0022350517625349554,112,2023-11-29,0.0035717952485479062,grefla3,Greater Flamingo
grefla3,state,IRN-3212,Fars,AS,Asia,breeding,0.10680818809810468,9.71828761925934e-4,0.0012130272825154563,0.01056091400523087,0.0021818780471591654,119,2023-06-28,0.0020082398826446524,grefla3,Greater Flamingo
grefla3,state,IRN-3212,Fars,AS,Asia,nonbreeding,0.09923973761768046,0.00104597954001874,0.001491144586994842,0.006085078378753052,0.001654469012768608,35,2023-01-18,0.004704977136977773,grefla3,Greater Flamingo
grefla3,state,IRN-3212,Fars,AS,Asia,postbreeding_migration,0.014245490715953109,6.627266682071199e-5,8.498139941665091e-5,0.0020044964071186523,3.6215482118605704e-4,7,2023-11-29,4.839456616631435e-4,grefla3,Greater Flamingo
grefla3,state,IRN-3213,Golestan,AS,Asia,breeding,1.2462565101602472,0.0018951017489159075,0.002365447715317723,0.2128363958952918,0.0073487716811217055,133,2023-03-08,0.007328793018479594,grefla3,Greater Flamingo
grefla3,state,IRN-3213,Golestan,AS,Asia,nonbreeding,3.543811690245218,0.006242349932940825,0.008899071116119114,0.15250835010918393,0.006929884171288078,77,2023-02-15,0.01061559444253682,grefla3,Greater Flamingo
grefla3,state,IRN-3213,Golestan,AS,Asia,postbreeding_migration,3.968194763125176,0.0030852467579190446,0.003956209997448067,0.1756732867691867,0.0053043797422921805,91,2023-11-15,0.014229256086639044,grefla3,Greater Flamingo
grefla3,state,IRN-3214,Mazandaran,AS,Asia,breeding,0.8261777959355446,0.0015434933465166077,0.0019265735004542104,0.16163158272743766,0.006856480330794507,133,2023-03-08,0.0061063052160726114,grefla3,Greater Flamingo
grefla3,state,IRN-3214,Mazandaran,AS,Asia,nonbreeding,3.5419899028225084,0.0076653315364602365,0.010927668458896197,0.1284596237707036,0.007171419852807038,77,2023-01-11,0.012464587289836423,grefla3,Greater Flamingo
grefla3,state,IRN-3214,Mazandaran,AS,Asia,postbreeding_migration,3.360340000512976,0.0032098615249756906,0.004116003435685626,0.14587773465254986,0.005411579487310114,98,2023-11-15,0.014467988114650636,grefla3,Greater Flamingo
grefla3,state,IRN-3215,Semnan,AS,Asia,breeding,0.1934072664908558,0.0012667244694871882,0.0015811132589580465,0.04894118181042111,0.007278260428416462,133,2023-04-19,0.0029361706274681747,grefla3,Greater Flamingo
grefla3,state,IRN-3215,Semnan,AS,Asia,nonbreeding,0.1282785705444012,9.732308491503152e-4,0.0013874343207333534,0.017541140017124382,0.0034330051014913716,63,2023-12-06,0.0031649544348820984,grefla3,Greater Flamingo
grefla3,state,IRN-3215,Semnan,AS,Asia,postbreeding_migration,0.22349755490361137,7.484348157790265e-4,9.59717498453938e-4,0.06015235736145289,0.007822864601717697,105,2023-11-29,0.008364546513491724,grefla3,Greater Flamingo
grefla3,state,IRN-3216,Tehran,AS,Asia,breeding,0.02708037420164429,2.8256587340326872e-5,3.52695996429149e-5,0.028430012912038723,6.735748621521744e-4,126,2023-06-28,8.575280958391505e-5,grefla3,Greater Flamingo
grefla3,state,IRN-3216,Tehran,AS,Asia,nonbreeding,5.03181798405003e-4,6.081943099992869e-7,8.670395724760076e-7,6.242627242016343e-4,1.9464341326689503e-5,0,2023-12-06,8.553233370845246e-6,grefla3,Greater Flamingo
grefla3,state,IRN-3216,Tehran,AS,Asia,postbreeding_migration,0.00933883643637178,4.982297423543222e-6,6.388796885269639e-6,0.006323076786520125,1.3100784185608052e-4,63,2023-11-29,5.4215971368217465e-5,grefla3,Greater Flamingo
grefla3,state,IRN-3217,Yazd,AS,Asia,breeding,0.05824678811437702,5.377944429774936e-4,6.712698340231064e-4,0.010690350026935318,0.0022411969325188273,126,2023-04-19,0.0011007009004656042,grefla3,Greater Flamingo
grefla3,state,IRN-3217,Yazd,AS,Asia,nonbreeding,0.018693442513535777,1.999336970209744e-4,2.850247434718957e-4,0.0036889229796355423,0.0010177735881368277,14,2023-12-06,0.0012109000556140056,grefla3,Greater Flamingo
grefla3,state,IRN-3217,Yazd,AS,Asia,postbreeding_migration,0.03602274025593016,1.7005637112412175e-4,2.1806317885081223e-4,0.008921989987407694,0.0016357233309364889,49,2023-11-29,0.002137077730581374,grefla3,Greater Flamingo
grefla3,state,IRN-3218,Chahar Mahall and Bakhtiari,AS,Asia,breeding,0.005081605020560677,5.598895875841797e-6,6.9884878030364165e-6,0.0011823905811797462,2.9580547831745843e-5,21,2023-04-05,1.3285038488750084e-5,grefla3,Greater Flamingo
grefla3,state,IRN-3218,Chahar Mahall and Bakhtiari,AS,Asia,nonbreeding,0.0011218465777082629,1.4318164068386177e-6,2.04119220591022e-6,5.911952905898731e-4,1.9464341326689503e-5,0,2023-12-06,2.013609683754616e-5,grefla3,Greater Flamingo
grefla3,state,IRN-3218,Chahar Mahall and Bakhtiari,AS,Asia,postbreeding_migration,0.0022534836772490803,1.269485470407869e-6,1.6278604285869758e-6,5.911952905898731e-4,1.2934100756644896e-5,0,2023-11-29,1.7900467198941777e-5,grefla3,Greater Flamingo
grefla3,state,IRN-3219,Khuzestan,AS,Asia,breeding,1.4928489642778349,0.007075316775325118,0.008831342122350925,0.21674463673231784,0.023325026372178898,133,2023-06-28,0.011091605292032096,grefla3,Greater Flamingo
grefla3,state,IRN-3219,Khuzestan,AS,Asia,nonbreeding,2.119825431938412,0.011638111068957882,0.016591248355594394,0.1477943872555722,0.020931252632129197,77,2023-12-06,0.03944377549661672,grefla3,Greater Flamingo
grefla3,state,IRN-3219,Khuzestan,AS,Asia,postbreeding_migration,2.2184974321950044,0.005376018822491004,0.006893665590091506,0.14946735869164893,0.014066309410396952,126,2023-11-29,0.026933287106516025,grefla3,Greater Flamingo
grefla3,state,IRN-3220,Lorestan,AS,Asia,breeding,0.003243163800248007,6.834817419754434e-6,8.531153147539684e-6,0.001862129558012446,8.910697357870573e-5,49,2023-05-10,1.9398087695231352e-5,grefla3,Greater Flamingo
grefla3,state,IRN-3220,Lorestan,AS,Asia,nonbreeding,9.018028622020152e-4,2.2015169063336003e-6,3.1384744083982406e-6,6.181650015421272e-4,3.892868265337901e-5,0,2023-12-13,1.592480715599739e-5,grefla3,Greater Flamingo
grefla3,state,IRN-3220,Lorestan,AS,Asia,postbreeding_migration,0.00127812632842836,1.3772210354610073e-6,1.7660096766009094e-6,6.181650015421272e-4,2.586820151328979e-5,0,2023-11-29,1.1267723024712993e-5,grefla3,Greater Flamingo
grefla3,state,IRN-3221,Ilam,AS,Asia,breeding,0.0017954296700541017,2.4432869700110228e-6,3.0496872183165254e-6,0.0015243151526529069,4.7100402010732666e-5,56,2023-06-28,1.4495364486163147e-5,grefla3,Greater Flamingo
grefla3,state,IRN-3228,Hormozgan,AS,Asia,breeding,0.7408201710760175,0.0038888435389675463,0.004854016978107416,0.0480071496917226,0.0057221252416932745,133,2023-07-12,0.008840919932941923,grefla3,Greater Flamingo
grefla3,state,IRN-3228,Hormozgan,AS,Asia,nonbreeding,1.1956794849611612,0.0072706766593811124,0.010365049916972223,0.045152834198617715,0.007082717955032277,77,2023-12-06,0.01245929099042849,grefla3,Greater Flamingo
grefla3,state,IRN-3228,Hormozgan,AS,Asia,postbreeding_migration,0.8719830703626339,0.002340386354306734,0.0030010759654908255,0.05259835277854613,0.0054825626571993235,126,2023-11-29,0.009549777700624566,grefla3,Greater Flamingo
grefla3,state,IRN-3230,Ardebil,AS,Asia,breeding,0.020382936921299052,2.9773351597883828e-5,3.716281015246464e-5,0.017853418252107463,5.921423336273617e-4,133,2023-06-28,1.1446272565338058e-4,grefla3,Greater Flamingo
grefla3,state,IRN-3230,Ardebil,AS,Asia,nonbreeding,0.003336549426634441,5.645610473758907e-6,8.048361536857741e-6,0.0016350861317341611,7.136887667929165e-5,21,2023-12-06,2.6315384562214244e-5,grefla3,Greater Flamingo
grefla3,state,IRN-3230,Ardebil,AS,Asia,postbreeding_migration,0.009695259355636164,7.240894660327432e-6,9.284994716266189e-6,0.009685503273175768,2.809227727976988e-4,42,2023-09-27,3.168198335459927e-5,grefla3,Greater Flamingo
grefla3,state,IRN-3231,Markazi,AS,Asia,breeding,0.06892202296575688,1.4055078798634772e-4,1.7543413725336848e-4,0.01354964713047424,6.274036193853364e-4,133,2023-04-19,3.0282549212934997e-4,grefla3,Greater Flamingo
grefla3,state,IRN-3231,Markazi,AS,Asia,nonbreeding,0.05789656454251698,1.3676672414995934e-4,1.9497413916296565e-4,0.005110662070313694,3.114294612270321e-4,56,2023-01-11,2.529483042817647e-4,grefla3,Greater Flamingo
grefla3,state,IRN-3231,Markazi,AS,Asia,postbreeding_migration,0.03877042775177254,4.042478267088825e-5,5.1836673658836705e-5,0.0060689112084975115,2.45747914376253e-4,91,2023-08-09,3.4587124241939243e-4,grefla3,Greater Flamingo
grefla3,state,IRN-3232,Qom,AS,Asia,breeding,0.541122565258344,4.5441300476291074e-4,5.671939274722212e-4,0.09768392818086516,0.001862610250764828,133,2023-03-08,0.001184774025203,grefla3,Greater Flamingo
grefla3,state,IRN-3232,Qom,AS,Asia,nonbreeding,0.6459671888996278,6.283736251176604e-4,8.958071299250634e-4,0.05236797143636645,0.0013140991026892642,77,2023-12-06,0.0013614916324291772,grefla3,Greater Flamingo
grefla3,state,IRN-3232,Qom,AS,Asia,postbreeding_migration,0.6302005580740059,2.7058624951396566e-4,3.4697257934116193e-4,0.2118682339560369,0.003532846289767082,126,2023-11-29,0.003232680658756242,grefla3,Greater Flamingo
grefla3,state,IRN-3233,Hamadan,AS,Asia,breeding,0.013356691207458856,1.9812466395365223e-5,2.4729729364945783e-5,0.012346909435470314,4.1585476855897455e-4,98,2023-05-03,6.1011004166570005e-5,grefla3,Greater Flamingo
grefla3,state,IRN-3233,Hamadan,AS,Asia,nonbreeding,0.0010555982578741088,1.8138054556257184e-6,2.585754389583516e-6,8.782593653927735e-4,3.892868265337901e-5,0,2023-12-13,1.379223076186982e-5,grefla3,Greater Flamingo
grefla3,state,IRN-3233,Hamadan,AS,Asia,postbreeding_migration,0.0014360337020369492,1.089120975500922e-6,1.396579149025136e-6,0.0013173890480891602,3.880230226993468e-5,0,2023-08-09,1.2959151708639236e-5,grefla3,Greater Flamingo
grefla3,state,IRN-3234,Zanjan,AS,Asia,breeding,8.026222194372665e-4,1.2899606379182982e-6,1.6101164201653797e-6,0.002431747184059449,8.874164349523753e-5,21,2023-06-28,1.1497476309396716e-5,grefla3,Greater Flamingo
grefla3,state,IRN-3234,Zanjan,AS,Asia,postbreeding_migration,0.00226650022664677,1.8624854101278308e-6,2.388263882211729e-6,0.0020264559867162074,6.467050378322448e-5,7,2023-09-13,3.726144471867989e-6,grefla3,Greater Flamingo
grefla3,state,IRN-3235,Qazvin,AS,Asia,breeding,0.047670764348781536,5.396068744653372e-5,6.735320935163194e-5,0.0330940283274324,8.505870349284568e-4,133,2023-03-08,2.631171874394189e-4,grefla3,Greater Flamingo
grefla3,state,IRN-3235,Qazvin,AS,Asia,nonbreeding,0.014455274257900714,1.8954139649803388e-5,2.7020951805082404e-5,0.0022913012983396853,7.750234088429742e-5,35,2023-12-06,5.891377306839299e-5,grefla3,Greater Flamingo
grefla3,state,IRN-3235,Qazvin,AS,Asia,postbreeding_migration,0.036076537112290634,2.087959330212082e-5,2.6773889496027008e-5,0.011148462704291996,2.505786887404381e-4,119,2023-11-29,1.7750122031584892e-4,grefla3,Greater Flamingo
grefla3,state,IRN-3237,West Azarbaijan,AS,Asia,breeding,0.35536559456589195,9.474793906105604e-4,0.001182634632210362,0.053983745791870104,0.0032681439352874693,133,2023-03-08,0.0025703806825200584,grefla3,Greater Flamingo
grefla3,state,IRN-3237,West Azarbaijan,AS,Asia,nonbreeding,0.3966464224918853,0.0012250401338849864,0.001746412711343576,0.029822821343870265,0.002376021581415768,63,2023-12-06,0.002065273165759447,grefla3,Greater Flamingo
grefla3,state,IRN-3237,West Azarbaijan,AS,Asia,postbreeding_migration,0.5345964286815683,7.287730085516601e-4,9.345051752836286e-4,0.04386681723280865,0.002322385479198838,98,2023-09-27,0.0024357683348774127,grefla3,Greater Flamingo
grefla3,state,IRN-3238,East Azarbaijan,AS,Asia,breeding,0.7092340054260503,0.002256723021506581,0.00281681989813019,0.09363497055742308,0.006765042870761396,133,2023-03-08,0.007027944553124733,grefla3,Greater Flamingo
grefla3,state,IRN-3238,East Azarbaijan,AS,Asia,nonbreeding,0.8566718462469142,0.003157588888270548,0.0045014471111120705,0.05789167311633038,0.005504426419109854,77,2023-02-15,0.0046853290854231445,grefla3,Greater Flamingo
grefla3,state,IRN-3238,East Azarbaijan,AS,Asia,postbreeding_migration,0.9570086044134558,0.0015569561594988772,0.0019964839142890467,0.07954672089924619,0.0050259108311042555,98,2023-09-27,0.005126840152736099,grefla3,Greater Flamingo
grefla3,state,IRN-3239,Kermanshah,AS,Asia,breeding,2.5993757203945694e-4,4.411262442860165e-7,5.506095212618305e-7,5.008928331431325e-4,1.930111605351113e-5,0,2023-06-28,4.269250754250519e-6,grefla3,Greater Flamingo
grefla3,state,IRN-3240,Gilan,AS,Asia,breeding,0.7600909550671047,8.38402944980855e-4,0.001046486465360027,0.21231935906513716,0.005317660306928648,133,2023-03-08,0.004435754320367045,grefla3,Greater Flamingo
grefla3,state,IRN-3240,Gilan,AS,Asia,nonbreeding,2.9767785364764277,0.003803523798772709,0.005422289544922045,0.14645050937354,0.004827089794124966,77,2023-01-11,0.007221508758843528,grefla3,Greater Flamingo
grefla3,state,IRN-3240,Gilan,AS,Asia,postbreeding_migration,1.640415217789617,9.251514900891518e-4,0.0011863211799348458,0.17157248365555522,0.003757843221523117,126,2023-11-01,0.003153392001917589,grefla3,Greater Flamingo
grefla3,state,IRN-3241,Kordestan,AS,Asia,breeding,0.007259657035494278,1.5567901842201017e-5,1.9431704849615984e-5,0.003260174589746429,1.5874446982893937e-4,98,2023-06-28,5.802535131694939e-5,grefla3,Greater Flamingo
grefla3,state,IRN-3241,Kordestan,AS,Asia,nonbreeding,0.001335794209602017,3.3182256716706937e-6,4.730450318990399e-6,6.075030550403202e-4,3.892868265337901e-5,0,2023-12-06,1.858469403190419e-5,grefla3,Greater Flamingo
grefla3,state,IRN-3241,Kordestan,AS,Asia,postbreeding_migration,0.020130602545751063,2.2072045741732516e-5,2.830297051716876e-5,0.0027337637476814412,1.1640690680980406e-4,84,2023-11-15,8.845561610226662e-5,grefla3,Greater Flamingo
grefla3,state,IRN-3244,South Khorasan,AS,Asia,breeding,0.007804673079973161,4.6935801964846063e-5,5.858481508333871e-5,0.001171771259510365,1.6000595059289746e-4,0,2023-04-19,1.3507082683823142e-4,grefla3,Greater Flamingo
grefla3,state,IRN-3244,South Khorasan,AS,Asia,nonbreeding,0.0032685786019717145,2.2769885232329983e-5,3.2460664679993965e-5,1.0831358353040538e-4,1.9464341326689503e-5,0,2023-01-18,6.525514401770858e-5,grefla3,Greater Flamingo
grefla3,state,IRN-3244,South Khorasan,AS,Asia,postbreeding_migration,0.001271749262264135,3.910415030778954e-6,5.014322760158565e-6,1.0831358353040538e-4,1.2934100756644896e-5,0,2023-11-22,2.6298004719243444e-5,grefla3,Greater Flamingo
grefla3,state,IRN-3245,Razavi Khorasan,AS,Asia,breeding,0.04262711394122846,4.2241037117404654e-4,5.27248549051124e-4,0.007153390890209156,0.0016095496057953185,98,2023-04-19,9.78384331940906e-4,grefla3,Greater Flamingo
grefla3,state,IRN-3245,Razavi Khorasan,AS,Asia,nonbreeding,0.021950624079123047,2.5196945507199793e-4,3.5920672885429315e-4,0.0034166200647942064,0.0010117019576461191,35,2023-12-06,0.0010482737192650175,grefla3,Greater Flamingo
grefla3,state,IRN-3245,Razavi Khorasan,AS,Asia,postbreeding_migration,0.05546085924734592,2.8100048474492183e-4,3.6032674669608496e-4,0.0056948070866383585,0.0011205505371532918,49,2023-11-29,0.0018248108093910807,grefla3,Greater Flamingo
grefla3,state,IRN-3246,North Khorasan,AS,Asia,breeding,0.0025682801922147823,4.67253153544204e-6,5.8322087727395325e-6,0.0021491923341913763,8.878281025095889e-5,35,2023-04-26,1.706253910923213e-5,grefla3,Greater Flamingo
grefla3,state,IRN-3246,North Khorasan,AS,Asia,postbreeding_migration,0.00143632575748749,1.336086636224694e-6,1.7132630620618874e-6,0.0010740978990437433,3.880230226993468e-5,7,2023-11-29,3.973335567328863e-5,grefla3,Greater Flamingo
grefla3,state,IRN-3247,Sistan and Baluchestan,AS,Asia,breeding,0.30222042096156543,0.0038373206097911225,0.0047897065551042355,0.02168425753702143,0.0062516204423698095,133,2023-06-28,0.008876305837288845,grefla3,Greater Flamingo
grefla3,state,IRN-3247,Sistan and Baluchestan,AS,Asia,nonbreeding,0.24150578096044015,0.0035520918953841716,0.005063849147771533,0.01132676977811923,0.004297517104930194,77,2023-12-06,0.00873745824715908,grefla3,Greater Flamingo
grefla3,state,IRN-3247,Sistan and Baluchestan,AS,Asia,postbreeding_migration,0.2309198997189738,0.0014991237094611773,0.0019223253996001328,0.01610597430781134,0.0040606454431006255,126,2023-11-15,0.006919591381801418,grefla3,Greater Flamingo
grefla3,state,IRN-3248,Kerman,AS,Asia,breeding,0.06058910487605436,8.031353029572802e-4,0.001002465734917965,0.0063029489472449735,0.0018970629197440035,77,2023-06-28,0.002857205520241015,grefla3,Greater Flamingo
grefla3,state,IRN-3248,Kerman,AS,Asia,nonbreeding,0.013751962265467096,2.111597959769585e-4,3.010286288738837e-4,7.225800589973742e-4,2.862117194006822e-4,0,2023-01-18,8.120985102227959e-4,grefla3,Greater Flamingo
grefla3,state,IRN-3248,Kerman,AS,Asia,postbreeding_migration,0.001992485222935182,1.3503959341336417e-5,1.731611865864545e-5,3.4398247051324496e-4,9.053870529651426e-5,0,2023-11-29,1.2512287415115554e-4,grefla3,Greater Flamingo
grefla3,state,IRN-5490,Alborz,AS,Asia,breeding,0.06218266076001332,2.096303636908813e-5,2.61658597031785e-5,0.06332464159756854,4.8473166730467166e-4,133,2023-03-08,1.1439582493733152e-4,grefla3,Greater Flamingo
grefla3,state,IRN-5490,Alborz,AS,Asia,nonbreeding,0.005488231986517079,2.1432346841543337e-06,3.055387486718026e-6,0.003899602292095726,3.9283707075839614e-5,21,2023-12-06,2.5210757653570644e-5,grefla3,Greater Flamingo
grefla3,state,IRN-5490,Alborz,AS,Asia,postbreeding_migration,0.02124242198356252,3.661514437771156e-6,4.6951576846582934e-6,0.019148051365400168,1.2817793151935996e-4,105,2023-11-29,1.01438153691436e-4,grefla3,Greater Flamingo
grefla3,state,IRQ-3046,Dihok,AS,Asia,breeding,0.09852763659673527,4.674340169928171e-5,5.8344662928518486e-5,0.023139209649074975,2.4926111651544413e-4,98,2023-06-28,3.2733244673892277e-4,grefla3,Greater Flamingo
grefla3,state,IRQ-3046,Dihok,AS,Asia,nonbreeding,0.09512341180722166,5.22759639351584e-5,7.452442200776934e-5,0.008274387285510798,1.1730198300436495e-4,21,2023-12-06,1.619546257806428e-4,grefla3,Greater Flamingo
grefla3,state,IRQ-3046,Dihok,AS,Asia,postbreeding_migration,0.16118493851546237,3.909835986402421e-5,5.013580251914929e-5,0.022341477611905077,2.104640534973679e-4,84,2023-11-01,2.3418192069710707e-4,grefla3,Greater Flamingo
grefla3,state,IRQ-3049,At-Ta'mim,AS,Asia,breeding,0.07629227356028284,5.807174251825843e-5,7.248458862059173e-5,0.0502182861819892,8.679404994921204e-4,91,2023-06-28,2.7261771849306605e-4,grefla3,Greater Flamingo
grefla3,state,IRQ-3049,At-Ta'mim,AS,Asia,nonbreeding,0.0012934904345672075,1.1405121169769623e-6,1.625909881183485e-6,8.557524492196593e-4,1.9464341326689503e-5,0,2023-12-13,6.8633402288041864e-6,grefla3,Greater Flamingo
grefla3,state,IRQ-3049,At-Ta'mim,AS,Asia,postbreeding_migration,0.011160383563082368,4.343454274058217e-6,5.569608712295598e-6,0.008938675156409115,1.351018337246239e-4,49,2023-08-16,3.390748629139852e-5,grefla3,Greater Flamingo
grefla3,state,IRQ-3050,Arbil,AS,Asia,breeding,0.02153968374473272,2.256537489574041e-5,2.816588318962371e-5,0.007724601973942147,1.837482059127004e-4,91,2023-06-28,1.3864539105458998e-4,grefla3,Greater Flamingo
grefla3,state,IRQ-3050,Arbil,AS,Asia,nonbreeding,0.006034675569467994,7.323345764027405e-6,1.0440134798932514e-5,5.970466813816477e-4,1.869040791656473e-5,0,2023-12-20,9.0111138264629e-6,grefla3,Greater Flamingo
grefla3,state,IRQ-3050,Arbil,AS,Asia,postbreeding_migration,0.013303937796472943,7.126155073515528e-6,9.137864215510233e-6,0.006521688801341603,1.356647724548192e-4,35,2023-09-27,3.729157780778127e-5,grefla3,Greater Flamingo
grefla3,state,IRQ-3051,Ninawa,AS,Asia,breeding,0.07549504413325447,2.0690581262107724e-4,2.582578386782976e-4,0.02340869220196719,0.0014567169222433544,98,2023-06-28,9.120907424053886e-4,grefla3,Greater Flamingo
grefla3,state,IRQ-3051,Ninawa,AS,Asia,nonbreeding,0.05623770098842412,1.7853944821992585e-4,2.545251810311878e-4,0.005469711910671039,4.4794630792245865e-4,28,2023-12-06,3.3344674851371243e-4,grefla3,Greater Flamingo
grefla3,state,IRQ-3051,Ninawa,AS,Asia,postbreeding_migration,0.08492817515156624,1.1900847038478015e-4,1.526044875045368e-4,0.013718416770061592,7.465553798600988e-4,91,2023-11-15,4.2964797714445705e-4,grefla3,Greater Flamingo
grefla3,state,IRQ-3052,Sala ad-Din,AS,Asia,breeding,0.47656646625445903,8.58147676013793e-4,0.001071131648099236,0.11080080258257584,0.0045302818572761135,105,2023-06-28,0.0019016221744740528,grefla3,Greater Flamingo
grefla3,state,IRQ-3052,Sala ad-Din,AS,Asia,nonbreeding,0.3689923056740222,7.696765285643666e-4,0.0010972480296174568,0.03839601002602905,0.002066007566868786,28,2023-12-06,0.001375357021826898,grefla3,Greater Flamingo
grefla3,state,IRQ-3052,Sala ad-Din,AS,Asia,postbreeding_migration,0.2743974974042483,2.526332619145047e-4,3.2395147451616096e-4,0.06148660313197427,0.002198481625560961,119,2023-08-09,0.001559783690710217,grefla3,Greater Flamingo
grefla3,state,IRQ-3061,An-Najaf,AS,Asia,breeding,0.11624600333747648,2.45986944166344e-4,3.0703852994126837e-4,0.02156206085794757,0.001036019811897796,91,2023-06-28,4.782044875607e-4,grefla3,Greater Flamingo
grefla3,state,IRQ-3061,An-Najaf,AS,Asia,nonbreeding,0.056048442437340994,1.373883655967602e-4,1.958603489242313e-4,0.011620542260393022,7.347975203301695e-4,21,2023-12-06,7.203887593359642e-4,grefla3,Greater Flamingo
grefla3,state,IRQ-3061,An-Najaf,AS,Asia,postbreeding_migration,0.05844324433343354,6.323247432845918e-5,8.108296247602525e-5,0.0168493570083969,7.079802586242131e-4,91,2023-08-02,6.677297592827112e-4,grefla3,Greater Flamingo
grefla3,state,IRQ-3062,Karbala',AS,Asia,breeding,0.5450369483213188,1.7934482542111512e-4,2.23856480418064e-4,0.1118778729555002,8.358933557431099e-4,70,2023-06-28,2.3468851245410152e-4,grefla3,Greater Flamingo
grefla3,state,IRQ-3062,Karbala',AS,Asia,nonbreeding,0.40688436969255953,1.5509089242604984e-4,2.2109700609359933e-4,0.04789090978873111,4.708941057183288e-4,28,2023-12-06,4.256642115669523e-4,grefla3,Greater Flamingo
grefla3,state,IRQ-3062,Karbala',AS,Asia,postbreeding_migration,0.350359918442781,5.894529634746571e-5,7.55855168193007e-5,0.0577887297365045,3.775807485660592e-4,91,2023-08-09,3.0467141430885096e-4,grefla3,Greater Flamingo
grefla3,state,IRQ-3063,Baghdad,AS,Asia,breeding,0.1570615031620404,7.482126495042086e-6,9.339118088799176e-6,0.09524894941537736,1.030289459609124e-4,98,2023-07-05,2.0417367387508712e-5,grefla3,Greater Flamingo
grefla3,state,IRQ-3063,Baghdad,AS,Asia,postbreeding_migration,0.018551144794410043,4.518537016097026e-7,5.794117203441942e-7,0.01314994206014652,1.2438927154733528e-5,21,2023-08-09,1.158700038927492e-5,grefla3,Greater Flamingo
grefla3,state,IRQ-3222,Al-Basrah,AS,Asia,breeding,1.1101566057887566,0.0013923478681548518,0.0017379151729127248,0.2412200321077109,0.006869429070519422,133,2023-05-10,0.002550292704373359,grefla3,Greater Flamingo
grefla3,state,IRQ-3222,Al-Basrah,AS,Asia,nonbreeding,2.529820277006651,0.003675408011997817,0.005239648150278186,0.17475753249726544,0.006549477753231943,77,2023-12-06,0.01252220729491378,grefla3,Greater Flamingo
grefla3,state,IRQ-3222,Al-Basrah,AS,Asia,postbreeding_migration,2.7475533237755276,0.001761900866476629,0.0022592843844907637,0.1862692897494228,0.004638831033089863,126,2023-10-04,0.009143622860592813,grefla3,Greater Flamingo
grefla3,state,IRQ-3223,Al-Muthannia,AS,Asia,breeding,0.0528699408915709,2.0104766378437064e-4,2.5094575383129364e-4,0.015880392610191026,0.0013711823276136672,126,2023-07-12,4.3905313302186274e-4,grefla3,Greater Flamingo
grefla3,state,IRQ-3223,Al-Muthannia,AS,Asia,nonbreeding,0.024604315303015396,1.0838117913734584e-4,1.5450781054462698e-4,0.005688700298636286,6.464136530712137e-4,14,2023-12-06,9.333479263889222e-4,grefla3,Greater Flamingo
grefla3,state,IRQ-3223,Al-Muthannia,AS,Asia,postbreeding_migration,0.047548228066090485,9.244775638117028e-5,1.185457004688719e-4,0.007151970232144188,5.400322458276906e-4,98,2023-09-27,8.079062125589799e-4,grefla3,Greater Flamingo
grefla3,state,IRQ-3224,Al-Qādisiyyah,AS,Asia,breeding,0.5580417669814665,3.4513109202504686e-4,4.307892985602347e-4,0.16789451027748992,0.002357749396776407,126,2023-07-12,8.413110806972155e-4,grefla3,Greater Flamingo
grefla3,state,IRQ-3224,Al-Qādisiyyah,AS,Asia,nonbreeding,0.2316708335898348,1.6597440617548468e-4,2.36612503284551e-4,0.05285212484371639,9.76758261291156e-4,21,2023-12-06,0.00139341112713311,grefla3,Greater Flamingo
grefla3,state,IRQ-3224,Al-Qādisiyyah,AS,Asia,postbreeding_migration,0.29260509943761126,9.252755868456834e-5,1.1864803091285097e-4,0.09619854583402108,0.0011813801682220909,112,2023-09-27,0.0013725751044870614,grefla3,Greater Flamingo
grefla3,state,IRQ-3225,Dhi-Qar,AS,Asia,breeding,1.548705479990203,0.0015275777462092814,0.001906707801735706,0.364260732622347,0.008158129793938238,133,2023-07-12,0.0030154661694752113,grefla3,Greater Flamingo
grefla3,state,IRQ-3225,Dhi-Qar,AS,Asia,nonbreeding,1.0544768771471495,0.001204824888924837,0.0017175939324441706,0.2115336958246342,0.00623478247014874,35,2023-12-06,0.008919282069582613,grefla3,Greater Flamingo
grefla3,state,IRQ-3225,Dhi-Qar,AS,Asia,postbreeding_migration,2.306379003125409,0.0011631534041996552,0.001491510886268363,0.2550699901006001,0.0049957148541224655,126,2023-09-27,0.00907140335893372,grefla3,Greater Flamingo
grefla3,state,IRQ-3226,Maysan,AS,Asia,breeding,2.410812672970888,0.002816422464289047,0.0035154313415272248,0.41119673239146454,0.010907563618970766,133,2023-04-12,0.004944118357222392,grefla3,Greater Flamingo
grefla3,state,IRQ-3226,Maysan,AS,Asia,nonbreeding,1.7777722311347293,0.002405818354530371,0.003429725801889516,0.29318683511691507,0.010234957882416056,77,2023-12-06,0.01387006309507544,grefla3,Greater Flamingo
grefla3,state,IRQ-3226,Maysan,AS,Asia,postbreeding_migration,3.0536696888254777,0.0018240142407246432,0.0023389323256301528,0.34647038748616676,0.00803719016655132,126,2023-09-27,0.01369467592224494,grefla3,Greater Flamingo
grefla3,state,IRQ-3227,Wasit,AS,Asia,breeding,1.0097319117235417,0.0012907274896329071,0.0016110735970754568,0.28347327954682616,0.008227812227397656,133,2023-05-10,0.0022734644868828103,grefla3,Greater Flamingo
grefla3,state,IRQ-3227,Wasit,AS,Asia,nonbreeding,0.4961452184136857,7.346655403672254e-4,0.0010473364935518737,0.10063032665509228,0.003843833971020628,70,2023-12-06,0.004183117455330375,grefla3,Greater Flamingo
grefla3,state,IRQ-3227,Wasit,AS,Asia,postbreeding_migration,0.6769491566969512,4.424420152443254e-4,5.673431207756252e-4,0.151535984698985,0.003846343279191353,126,2023-09-27,0.003490009006002783,grefla3,Greater Flamingo
grefla3,state,IRQ-3242,As-Sulaymaniyah,AS,Asia,breeding,0.1043199409306798,1.30002767678269e-4,1.622682000929269e-4,0.01840815881648382,5.208820412966751e-4,126,2023-06-28,3.805179403523725e-4,grefla3,Greater Flamingo
grefla3,state,IRQ-3242,As-Sulaymaniyah,AS,Asia,nonbreeding,0.04627489140314931,6.680101414307403e-5,9.523128018682476e-5,0.008363097656580304,3.114294612270321e-4,28,2023-12-06,1.5192660815914244e-4,grefla3,Greater Flamingo
grefla3,state,IRQ-3242,As-Sulaymaniyah,AS,Asia,postbreeding_migration,0.1493704897698254,9.517478476637464e-5,1.2204256726994004e-4,0.014606518081277494,3.6143961833252e-4,112,2023-11-15,2.9448269164769755e-4,grefla3,Greater Flamingo
grefla3,state,IRQ-3243,Diyala,AS,Asia,breeding,0.24718051099893504,3.542480896817604e-4,4.4216904705657106e-4,0.0823449423781337,0.002679624791531487,133,2023-06-28,6.797764751164743e-4,grefla3,Greater Flamingo
grefla3,state,IRQ-3243,Diyala,AS,Asia,nonbreeding,0.17473646345731184,2.900876331767481e-4,4.135478634294352e-4,0.021499066521460854,9.207042656229618e-4,49,2023-12-06,7.428214918968375e-4,grefla3,Greater Flamingo
grefla3,state,IRQ-3243,Diyala,AS,Asia,postbreeding_migration,0.16212236483217202,1.187977058324762e-4,1.523342242502955e-4,0.030657597059292,8.724392417701066e-4,126,2023-08-09,6.526807034389047e-4,grefla3,Greater Flamingo
grefla3,state,IRQ-3471,Al-Anbar,AS,Asia,breeding,0.07428662389900603,7.384691591181014e-4,9.217500782043896e-4,0.015351952436756787,0.003465206522603542,84,2023-06-28,0.0014069263271120015,grefla3,Greater Flamingo
grefla3,state,IRQ-3471,Al-Anbar,AS,Asia,nonbreeding,0.06169984158675895,7.104903306191217e-4,0.0010128724034084817,0.0048375123850943015,0.0014369812171672644,21,2023-12-06,0.0011634911911807843,grefla3,Greater Flamingo
grefla3,state,IRQ-3471,Al-Anbar,AS,Asia,postbreeding_migration,0.05919397993551668,3.008646161275399e-4,3.857985100047485e-4,0.0084027229933947,0.001658614952598169,84,2023-08-09,0.0016822198136897247,grefla3,Greater Flamingo
grefla3,state,IRQ-3472,Babil,AS,Asia,breeding,0.39340498376895505,1.9000756481854847e-4,2.37165608838802e-4,0.14424252496013373,0.0015818602634107258,98,2023-06-28,3.413900699603289e-4,grefla3,Greater Flamingo
grefla3,state,IRQ-3472,Babil,AS,Asia,nonbreeding,0.208850017612224,1.168470984837385e-4,1.6657679404222212e-4,0.04233227650982339,6.10955979070952e-4,21,2023-12-06,6.408244565407227e-4,grefla3,Greater Flamingo
grefla3,state,IRQ-3472,Babil,AS,Asia,postbreeding_migration,0.14960905461081228,3.6945431715785495e-5,4.737510409462709e-5,0.06952442768310167,6.667641570626085e-4,77,2023-08-02,4.34303630178272e-4,grefla3,Greater Flamingo
grefla3,state,ISR-3053,HaDarom,AS,Asia,breeding,0.013863673359031058,1.4668132866949343e-5,1.8308621897452404e-5,0.005791695669909618,1.39138083524758e-4,91,2023-07-12,2.1421965040140212e-4,grefla3,Greater Flamingo
grefla3,state,ISR-3053,HaDarom,AS,Asia,nonbreeding,0.005593313203173844,6.8551669863537425e-6,9.77270085461135e-6,0.003692069517317981,1.167276246705714e-4,42,2023-02-08,6.65380882750637e-5,grefla3,Greater Flamingo
grefla3,state,ISR-3053,HaDarom,AS,Asia,postbreeding_migration,0.0207786518651581,1.1240502256147013e-5,1.4413689047063646e-5,0.006803554118095913,1.4293419826784452e-4,98,2023-08-02,3.656314586632996e-4,grefla3,Greater Flamingo
grefla3,state,ISR-3054,Haifa,AS,Asia,breeding,0.3860802176121184,2.8286514716835773e-5,3.5306954705474965e-5,0.0979801599440797,1.629985723012252e-4,133,2023-07-12,8.265258442310647e-5,grefla3,Greater Flamingo
grefla3,state,ISR-3054,Haifa,AS,Asia,nonbreeding,0.5176469210223389,4.3932701268968465e-5,6.263029742255767e-5,0.08058646765913269,1.7642952738435526e-4,77,2023-12-06,8.571805015826222e-5,grefla3,Greater Flamingo
grefla3,state,ISR-3054,Haifa,AS,Asia,postbreeding_migration,0.8066316133209537,3.021683420980668e-5,3.874702770053271e-5,0.10725823631516562,1.5604013967404303e-4,126,2023-08-09,1.669605980555163e-4,grefla3,Greater Flamingo
grefla3,state,ISR-3055,HaMerkaz,AS,Asia,breeding,0.001342036100481744,1.342497134087616e-7,1.6756919677081968e-7,0.013023067095308184,2.9580547831745843e-5,28,2023-03-08,1.6714365142578289e-6,grefla3,Greater Flamingo
grefla3,state,ISR-3055,HaMerkaz,AS,Asia,nonbreeding,0.059455967869881075,6.889647524361081e-6,9.821856182836405e-6,0.04529985123848957,1.3541076922991214e-4,77,2023-01-11,1.1662396011245976e-5,grefla3,Greater Flamingo
grefla3,state,ISR-3055,HaMerkaz,AS,Asia,postbreeding_migration,0.039103391399478826,2.000025009475022e-6,2.564630824851147e-6,0.032276784143181386,6.411257427350406e-5,91,2023-09-27,1.1791259721520816e-5,grefla3,Greater Flamingo
grefla3,state,ISR-3056,HaZafon,AS,Asia,breeding,0.023386058757282963,7.8941770917608e-6,9.85343566734669e-6,0.03201558997748044,2.453890072203022e-4,112,2023-03-08,2.729609403769273e-5,grefla3,Greater Flamingo
grefla3,state,ISR-3056,HaZafon,AS,Asia,nonbreeding,0.1609464876871957,6.293376493038526e-5,8.971814392609292e-5,0.056110487260081686,5.659800574765598e-4,77,2023-12-06,8.247487070869412e-5,grefla3,Greater Flamingo
grefla3,state,ISR-3056,HaZafon,AS,Asia,postbreeding_migration,0.16111131045377533,2.780658728563387e-5,3.565636956978324e-5,0.046271305331660705,3.101454170748936e-4,119,2023-11-01,1.42568211617453e-4,grefla3,Greater Flamingo
grefla3,state,ITA-5358,Modena,EU,Europe,breeding,0.0680017730466749,1.3201241450671773e-5,2.410716800184478e-4,0.006706800424816542,2.9563352862350706e-5,105,2023-03-22,3.5093458433134726e-5,grefla3,Greater Flamingo
grefla3,state,ITA-5358,Modena,EU,Europe,nonbreeding,0.05919405011838907,1.3311438056743664e-5,1.5101841897540675e-4,0.02933612123560171,1.7017842118207524e-4,35,2023-02-01,5.717766008653638e-5,grefla3,Greater Flamingo
grefla3,state,ITA-5358,Modena,EU,Europe,postbreeding_migration,0.15561131785442364,1.544569843053951e-5,3.692975669801344e-4,0.04090233898693865,1.576690570020722e-4,112,2023-08-23,2.9416733067736474e-4,grefla3,Greater Flamingo
grefla3,state,ITA-5359,Reggio Emilia,EU,Europe,nonbreeding,0.0061112432702408815,1.184887348378892e-6,1.3442560695047531e-5,0.008836989235367021,4.419841496456601e-5,21,2023-02-01,1.5038546612030486e-5,grefla3,Greater Flamingo
grefla3,state,ITA-5360,Parma,EU,Europe,nonbreeding,0.0031569175866689313,9.224432111793996e-7,1.0465128917933616e-5,0.005164620731274232,3.892868265337901e-5,21,2023-02-08,4.263158374318263e-6,grefla3,Greater Flamingo
grefla3,state,ITA-5360,Parma,EU,Europe,postbreeding_migration,0.003671169896855382,4.734785716442183e-7,1.1320594229634423e-5,0.007174682078791581,3.593606025784174e-5,28,2023-10-11,7.338055751801993e-6,grefla3,Greater Flamingo
grefla3,state,ITA-5362,Bologna,EU,Europe,breeding,0.1521580462911233,4.050348091348922e-5,7.396457542948059e-4,0.02484953815751396,1.5019639634203345e-4,133,2023-04-19,1.6105099018872473e-4,grefla3,Greater Flamingo
grefla3,state,ITA-5362,Bologna,EU,Europe,nonbreeding,0.13550911149141842,4.1784797782469445e-5,4.7404901494611925e-4,0.047255787023350246,3.7588906025947137e-4,77,2023-02-01,1.5161029627398505e-4,grefla3,Greater Flamingo
grefla3,state,ITA-5362,Bologna,EU,Europe,postbreeding_migration,0.45454734124155943,6.186547897129079e-5,0.0014791672236061084,0.09678233864257382,5.115608802310153e-4,126,2023-08-23,9.3300815677249e-4,grefla3,Greater Flamingo
grefla3,state,ITA-5363,Ferrara,EU,Europe,breeding,5.073208367481132,0.001014095076706637,0.018518682864304806,0.4349613856306655,0.0019741968002042723,133,2023-07-12,0.003164783667036015,grefla3,Greater Flamingo
grefla3,state,ITA-5363,Ferrara,EU,Europe,nonbreeding,3.912306498964493,9.059020178490448e-4,0.01027746888796028,0.35575030700206683,0.0021249490346452937,77,2023-12-06,0.001931620563426236,grefla3,Greater Flamingo
grefla3,state,ITA-5363,Ferrara,EU,Europe,postbreeding_migration,9.487520500617569,9.696623520285536e-4,0.023184056648959925,0.8006369416654661,0.0031778645874330487,126,2023-08-23,0.010329341856254491,grefla3,Greater Flamingo
grefla3,state,ITA-5364,Ravenna,EU,Europe,breeding,4.756672284353179,6.928557124745648e-4,0.012652438124152517,0.22741778985100705,7.521557349436689e-4,133,2023-07-12,0.002176706539421939,grefla3,Greater Flamingo
grefla3,state,ITA-5364,Ravenna,EU,Europe,nonbreeding,4.229643118145091,7.136671015214886e-4,0.008096561535057875,0.22139702193274124,9.636484030074182e-4,77,2023-02-01,0.0011189062092997908,grefla3,Greater Flamingo
grefla3,state,ITA-5364,Ravenna,EU,Europe,postbreeding_migration,6.750962665194816,5.027789764183172e-4,0.01202114967834196,0.4749478307276647,0.0013736916793082286,126,2023-08-23,0.004392427042951832,grefla3,Greater Flamingo
grefla3,state,ITA-5365,Forlì-Cesena,EU,Europe,breeding,0.022979488536231527,3.955531223517857e-6,7.22330972418016e-5,0.01578462457743804,6.169393646295699e-5,35,2023-03-22,3.8129498026442515e-5,grefla3,Greater Flamingo
grefla3,state,ITA-5365,Forlì-Cesena,EU,Europe,nonbreeding,0.0014644487021026416,2.9200548150221986e-7,3.3128055707157182e-6,0.0035756980497024062,1.8392152403601786e-5,7,2023-12-13,3.4093786806275685e-6,grefla3,Greater Flamingo
grefla3,state,ITA-5365,Forlì-Cesena,EU,Europe,postbreeding_migration,0.020703728310863884,1.822153045702174e-6,4.356660784680035e-5,0.016306190707594318,5.5734070759721635e-5,84,2023-08-23,6.62803944435525e-5,grefla3,Greater Flamingo
grefla3,state,ITA-5366,Rimini,EU,Europe,breeding,0.1031112954407418,6.93074963046069e-6,1.2656441922114623e-4,0.03713298772353165,5.667318589618639e-5,91,2023-03-22,5.520657225073594e-5,grefla3,Greater Flamingo
grefla3,state,ITA-5366,Rimini,EU,Europe,nonbreeding,0.010097550118978822,7.862168848935999e-7,8.919639667950809e-6,0.010224588570530971,2.053653024977722e-5,14,2023-12-13,7.277774765180248e-6,grefla3,Greater Flamingo
grefla3,state,ITA-5366,Rimini,EU,Europe,postbreeding_migration,0.10417090920839842,3.580076069196085e-6,8.559751363161482e-5,0.07806000945656864,1.0418527812342436e-4,105,2023-08-02,5.2864491107985354e-5,grefla3,Greater Flamingo
grefla3,state,ITA-5367,Genova,EU,Europe,breeding,0.011185233816085847,1.7275746235120589e-6,3.154773877922645e-5,0.008434720536343318,2.9580547831745843e-5,21,2023-04-05,1.7409921644190205e-5,grefla3,Greater Flamingo
grefla3,state,ITA-5367,Genova,EU,Europe,nonbreeding,0.016733030819137688,2.99377213446943e-6,3.396437955034901e-5,0.008434720536343318,3.892868265337901e-5,28,2023-12-27,1.4735063187882176e-5,grefla3,Greater Flamingo
grefla3,state,ITA-5367,Genova,EU,Europe,postbreeding_migration,0.04818147868223873,3.804904018724549e-6,9.097301769984324e-5,0.008434720536343318,2.586820151328979e-5,84,2023-11-01,2.0841170713907233e-5,grefla3,Greater Flamingo
grefla3,state,ITA-5370,La Spezia,EU,Europe,postbreeding_migration,0.012329895222582116,4.767869264041193e-7,1.1399695046540373e-5,0.03445080090302097,5.173640302657958e-5,7,2023-10-25,1.878428761134289e-5,grefla3,Greater Flamingo
grefla3,state,ITA-5371,Carbonia-Iglesias,EU,Europe,breeding,5.069187704316736,7.192615342151002e-4,0.013134642455695483,0.08951408536304307,2.8839226418516935e-4,133,2023-07-12,0.001617857995042765,grefla3,Greater Flamingo
grefla3,state,ITA-5371,Carbonia-Iglesias,EU,Europe,nonbreeding,3.2237355968979733,5.298589308435759e-4,0.006011255709179995,0.062017296150608234,2.629472000175644e-4,77,2023-02-01,6.81222052082537e-4,grefla3,Greater Flamingo
grefla3,state,ITA-5371,Carbonia-Iglesias,EU,Europe,postbreeding_migration,4.250246411996108,3.083432205942708e-4,0.007372305090143188,0.08951408536304307,2.5219915625800517e-4,126,2023-08-02,0.0012356523236185357,grefla3,Greater Flamingo
grefla3,state,ITA-5372,Medio Campidano,EU,Europe,breeding,0.06865115223084461,8.385301492421017e-6,1.5312641055711214e-4,0.004131748585986201,1.145904710134176e-5,133,2023-03-08,1.8645772751060447e-4,grefla3,Greater Flamingo
grefla3,state,ITA-5372,Medio Campidano,EU,Europe,nonbreeding,0.07778706418614018,1.1006028017059251e-5,1.2486351536551544e-4,0.004131748585986201,1.5080370068045763e-5,77,2023-02-01,9.803746530418564e-5,grefla3,Greater Flamingo
grefla3,state,ITA-5372,Medio Campidano,EU,Europe,postbreeding_migration,0.03307378815665331,2.065506777500148e-6,4.9385052475424934e-5,0.004131748585986201,1.0020941507028638e-5,126,2023-11-01,8.483790697157319e-5,grefla3,Greater Flamingo
grefla3,state,ITA-5373,Oristrano,EU,Europe,breeding,3.4278207477573366,8.399741134462676e-4,0.015339009702772587,0.090976880065107,5.062005399542105e-4,133,2023-03-08,0.0022418203550328216,grefla3,Greater Flamingo
grefla3,state,ITA-5373,Oristrano,EU,Europe,nonbreeding,2.4803869093471387,7.040761145260727e-4,0.007987751676477074,0.08300233517645772,6.077785523860183e-4,77,2023-02-01,0.0010620210763787336,grefla3,Greater Flamingo
grefla3,state,ITA-5373,Oristrano,EU,Europe,postbreeding_migration,2.563767812289994,3.212168524642316e-4,0.007680106058105527,0.08566051680600748,4.168043834622529e-4,126,2023-11-01,0.001169306046954679,grefla3,Greater Flamingo
grefla3,state,ITA-5374,Sassari,EU,Europe,breeding,0.3685107946424456,1.3213145340346884e-4,0.0024128906038327607,0.026554368303805614,2.161900682449036e-4,133,2023-03-08,2.8770900749230477e-4,grefla3,Greater Flamingo
grefla3,state,ITA-5374,Sassari,EU,Europe,nonbreeding,0.37385448446608943,1.5527837388252052e-4,0.0017616349506979429,0.02473769659420909,2.650467707523829e-4,77,2023-01-18,2.4072152583882355e-4,grefla3,Greater Flamingo
grefla3,state,ITA-5374,Sassari,EU,Europe,postbreeding_migration,0.26408800062184895,4.8414616855095575e-5,0.001157565019883512,0.01928768146541951,1.373219025308727e-4,126,2023-08-02,1.827939825859594e-4,grefla3,Greater Flamingo
grefla3,state,ITA-5375,Olbia-Tempio,EU,Europe,breeding,0.37377530162704015,1.1421599326637116e-4,0.0020857312158546032,0.0434727226459738,3.0163166169616234e-4,133,2023-07-12,2.7964456780895074e-4,grefla3,Greater Flamingo
grefla3,state,ITA-5375,Olbia-Tempio,EU,Europe,nonbreeding,0.4479614627153898,1.5856573906808388e-4,0.0017989301468144185,0.05839428063265758,5.332046074159321e-4,77,2023-01-11,2.8524032325374595e-4,grefla3,Greater Flamingo
grefla3,state,ITA-5375,Olbia-Tempio,EU,Europe,postbreeding_migration,0.32434810968291744,5.067567287844919e-5,0.0012116255398389767,0.032814466941199674,1.9910651116343436e-4,126,2023-09-27,2.262782853135498e-4,grefla3,Greater Flamingo
grefla3,state,ITA-5376,Nuoro,EU,Europe,breeding,0.17381387785125846,5.168998478504139e-5,9.439257299262434e-4,0.02187933541310506,1.4774059627321553e-4,133,2023-05-17,9.81477102405459e-5,grefla3,Greater Flamingo
grefla3,state,ITA-5376,Nuoro,EU,Europe,nonbreeding,0.21391012848523747,7.368951289316233e-5,8.360083775137628e-4,0.019689000650555104,1.7496568816616025e-4,77,2023-01-18,1.152640954914894e-4,grefla3,Greater Flamingo
grefla3,state,ITA-5376,Nuoro,EU,Europe,postbreeding_migration,0.1570423119334813,2.3878688389330972e-5,5.709253980655825e-4,0.017498665888005145,1.0333101203161932e-4,126,2023-11-22,9.027786818518362e-5,grefla3,Greater Flamingo
grefla3,state,ITA-5377,Ogliastra,EU,Europe,breeding,0.2861734166417235,4.4013740708320695e-5,8.037476214717125e-4,0.03388156374332918,1.1832219132698336e-4,133,2023-05-17,9.67138910785422e-5,grefla3,Greater Flamingo
grefla3,state,ITA-5377,Ogliastra,EU,Europe,nonbreeding,0.24468682189669713,4.359352160709582e-5,4.94569007691745e-4,0.01694078187166459,7.785736530675803e-5,77,2023-01-18,6.741500716506419e-5,grefla3,Greater Flamingo
grefla3,state,ITA-5377,Ogliastra,EU,Europe,postbreeding_migration,0.2049668620349713,1.6118123417177676e-5,3.853748530063286e-4,0.021175977339580737,6.467050378322448e-5,126,2023-09-27,6.43019779398339e-5,grefla3,Greater Flamingo
grefla3,state,ITA-5378,Cagliari,EU,Europe,breeding,3.4976243373052065,0.001310491491430376,0.023931263333792425,0.07562630244175458,6.433949925148247e-4,133,2023-07-12,0.00295303432066452,grefla3,Greater Flamingo
grefla3,state,ITA-5378,Cagliari,EU,Europe,nonbreeding,2.5362641412644646,0.0011007986965403114,0.012488573965717224,0.051269410601582945,5.740194770300843e-4,77,2023-02-01,0.0016000050822064472,grefla3,Greater Flamingo
grefla3,state,ITA-5378,Cagliari,EU,Europe,postbreeding_migration,2.8105330866008624,5.38420489148739e-4,0.012873317289539872,0.0512874866610987,3.8157178081759465e-4,126,2023-08-02,0.0023764817160117787,grefla3,Greater Flamingo
grefla3,state,ITA-5379,Grosseto,EU,Europe,breeding,0.8376504932602171,3.0783919714525636e-4,0.005621540421682138,0.04294330659973482,3.583441482203081e-4,133,2023-07-12,8.029698630035775e-4,grefla3,Greater Flamingo
grefla3,state,ITA-5379,Grosseto,EU,Europe,nonbreeding,1.392729105879187,5.928981601566985e-4,0.006726436496087759,0.04785586232307757,5.255372158206167e-4,77,2023-01-18,8.675490424238266e-4,grefla3,Greater Flamingo
grefla3,state,ITA-5379,Grosseto,EU,Europe,postbreeding_migration,1.0884627582916075,2.0452503514285667e-4,0.004890073323938722,0.04294330659973482,3.133721082515873e-4,126,2023-08-02,8.880454026706886e-4,grefla3,Greater Flamingo
grefla3,state,ITA-5380,Livorno,EU,Europe,breeding,0.5128333101267962,7.817592136840945e-5,0.0014275930617353811,0.0676479182769774,2.341504435807317e-4,133,2023-03-22,1.8512413068224917e-4,grefla3,Greater Flamingo
grefla3,state,ITA-5380,Livorno,EU,Europe,nonbreeding,0.39730165584314936,7.015676242235321e-5,7.959292824932262e-4,0.06337489096233935,2.886830386051937e-4,77,2023-12-06,1.4586609402944355e-4,grefla3,Greater Flamingo
grefla3,state,ITA-5380,Livorno,EU,Europe,postbreeding_migration,0.5654333827416018,4.407071130630907e-5,0.001053704792547562,0.0676479182769774,2.0476466133842632e-4,126,2023-08-09,2.370127578526127e-4,grefla3,Greater Flamingo
grefla3,state,ITA-5381,Pisa,EU,Europe,breeding,0.18949886380051015,3.451891991307166e-5,6.303599587175931e-4,0.03722779834401676,1.539790751084367e-4,133,2023-07-12,1.8317097260192795e-4,grefla3,Greater Flamingo
grefla3,state,ITA-5381,Pisa,EU,Europe,nonbreeding,0.16011439655510626,3.37857335445234e-5,3.8329953849227023e-4,0.02651760797637135,1.4434182578453955e-4,77,2023-02-01,1.595494712329314e-4,grefla3,Greater Flamingo
grefla3,state,ITA-5381,Pisa,EU,Europe,postbreeding_migration,0.1740160401483232,1.6207338483436466e-5,3.8750793277967185e-4,0.04439696380459452,1.6058598773208954e-4,126,2023-08-02,2.523393439454454e-4,grefla3,Greater Flamingo
grefla3,state,ITA-5382,Massa-Carrara,EU,Europe,breeding,0.09582266374696692,8.465729694926012e-6,1.5459513317469265e-4,0.028922927615210144,5.8020594543972665e-5,98,2023-03-22,3.588571189979608e-5,grefla3,Greater Flamingo
grefla3,state,ITA-5382,Massa-Carrara,EU,Europe,nonbreeding,0.05388235670260238,5.514360092253474e-6,6.256047913405651e-5,0.014745730382122115,3.892868265337901e-5,42,2023-12-06,1.8751471464182077e-5,grefla3,Greater Flamingo
grefla3,state,ITA-5382,Massa-Carrara,EU,Europe,postbreeding_migration,0.10974631789993376,4.957445503962841e-6,1.185296068859047e-4,0.03604919908485677,6.32405396107326e-5,126,2023-08-09,4.795060065308601e-5,grefla3,Greater Flamingo
grefla3,state,ITA-5383,Lucca,EU,Europe,breeding,0.704896529523997,9.303519033055994e-5,0.0016989424606488684,0.04853784129402642,1.454608434017758e-4,133,2023-07-12,2.0701827400349088e-4,grefla3,Greater Flamingo
grefla3,state,ITA-5383,Lucca,EU,Europe,nonbreeding,0.9535134896108812,1.4578105919582415e-4,0.0016538878055448174,0.03826269637028046,1.5090537541095192e-4,77,2023-01-18,2.146949659615662e-4,grefla3,Greater Flamingo
grefla3,state,ITA-5383,Lucca,EU,Europe,postbreeding_migration,1.0234314423041615,6.906411738445678e-5,0.0016512824350681957,0.058549392303882855,1.5344334536777178e-4,126,2023-08-02,3.8364707906123925e-4,grefla3,Greater Flamingo
grefla3,state,ITA-5384,Pistoia,EU,Europe,breeding,0.025211327226189892,1.7409436951529406e-6,3.179187525478424e-5,0.010221537360232303,1.6026880642094924e-5,35,2023-05-24,2.947982797314034e-5,grefla3,Greater Flamingo
grefla3,state,ITA-5384,Pistoia,EU,Europe,nonbreeding,0.06741779037591121,5.392819846724078e-6,6.118160364040289e-5,0.019654398362646514,4.055608560365389e-5,49,2023-02-15,2.014076080927273e-5,grefla3,Greater Flamingo
grefla3,state,ITA-5386,Firenze,EU,Europe,breeding,0.017107241272671797,4.385522825291226e-6,8.008529797766911e-5,0.002328475411400869,1.355366718965092e-5,35,2023-05-24,2.947982797314034e-5,grefla3,Greater Flamingo
grefla3,state,ITA-5386,Firenze,EU,Europe,nonbreeding,0.0021176691741966493,6.288569888372714e-7,7.134389824075229e-6,0.002328475411400869,1.7836938376414627e-5,49,2023-02-15,1.6230628679504816e-5,grefla3,Greater Flamingo
grefla3,state,ITA-5389,Matera,EU,Europe,breeding,0.5674907626622135,1.4593922409790106e-4,0.0026650382894162924,0.040964777963757894,2.3920354271951327e-4,133,2023-03-08,3.524921101124727e-4,grefla3,Greater Flamingo
grefla3,state,ITA-5389,Matera,EU,Europe,nonbreeding,0.839182151066294,2.499895507635015e-4,0.0028361343497031294,0.03843187113429116,2.95333033524442e-4,77,2023-02-08,3.506578253693052e-4,grefla3,Greater Flamingo
grefla3,state,ITA-5389,Matera,EU,Europe,postbreeding_migration,0.604858538893025,7.953144713734592e-5,0.001901550134382956,0.03589896430482442,1.833153971461131e-4,126,2023-11-22,4.100653354243412e-4,grefla3,Greater Flamingo
grefla3,state,ITA-5391,Cosenza,EU,Europe,breeding,0.08551510413124978,4.522561369292076e-5,8.258779837909051e-4,0.014649609971398315,1.7591848169946e-4,133,2023-03-08,1.4476874674704246e-4,grefla3,Greater Flamingo
grefla3,state,ITA-5391,Cosenza,EU,Europe,nonbreeding,0.132202497223869,8.099042546129645e-5,9.188373151850552e-4,0.010856576728523831,1.715701798353428e-4,77,2023-01-18,1.108759515058806e-4,grefla3,Greater Flamingo
grefla3,state,ITA-5391,Cosenza,EU,Europe,postbreeding_migration,0.08857718157615016,2.3951644101535852e-5,5.726697262444426e-4,0.009722970265449798,1.0210438316838764e-4,126,2023-11-22,1.0695285920475242e-4,grefla3,Greater Flamingo
grefla3,state,ITA-5392,Crotene,EU,Europe,breeding,0.5450062027325538,8.045211995067442e-5,0.0014691593809586614,0.061776662182277994,2.070638348222209e-4,133,2023-03-22,2.564954237438798e-4,grefla3,Greater Flamingo
grefla3,state,ITA-5392,Crotene,EU,Europe,nonbreeding,0.8511554937521905,1.4554501520929573e-4,0.0016512098837829297,0.04853880600036128,2.1410775459358456e-4,77,2023-01-18,1.91065542324058e-4,grefla3,Greater Flamingo
grefla3,state,ITA-5392,Crotene,EU,Europe,postbreeding_migration,0.6002277886489347,4.530268869804501e-5,0.001083160647547492,0.04853880600036128,1.4227510832309382e-4,126,2023-11-29,1.9450670320854968e-4,grefla3,Greater Flamingo
grefla3,state,ITA-5393,Catanzaro,EU,Europe,breeding,0.2129301574059289,4.132202715510927e-5,7.54593463446061e-4,0.033655985117595946,1.4830319811420548e-4,133,2023-03-15,1.765876488186654e-4,grefla3,Greater Flamingo
grefla3,state,ITA-5393,Catanzaro,EU,Europe,nonbreeding,0.3359581793336743,7.552348888049284e-5,8.568148563378298e-4,0.03356510480741317,1.9464341326689503e-4,77,2023-01-18,1.3877695092272792e-4,grefla3,Greater Flamingo
grefla3,state,ITA-5393,Catanzaro,EU,Europe,postbreeding_migration,0.21738002034278428,2.156929256537352e-5,5.157091019028081e-4,0.04001091119891484,1.541795146421352e-4,126,2023-08-23,1.341304701468047e-4,grefla3,Greater Flamingo
grefla3,state,ITA-5394,Vibo Valentia,EU,Europe,breeding,0.00571477807707059,5.568096938599185e-7,1.016806251525212e-5,0.008089180087412814,1.7895988319616576e-5,21,2023-03-15,1.506940629704746e-5,grefla3,Greater Flamingo
grefla3,state,ITA-5395,Reggio Calabria,EU,Europe,breeding,0.0443999362413072,1.2162850827732204e-5,2.2210932917267144e-4,0.00638048171090264,3.968718247342342e-5,133,2023-03-22,5.3255464451758815e-5,grefla3,Greater Flamingo
grefla3,state,ITA-5395,Reggio Calabria,EU,Europe,nonbreeding,0.0652091333501045,2.069254193361092e-5,2.34757127973345e-4,0.004755644837355836,3.892868265337901e-5,77,2023-12-06,4.3307788946231327e-5,grefla3,Greater Flamingo
grefla3,state,ITA-5395,Reggio Calabria,EU,Europe,postbreeding_migration,0.0635040878262571,8.894602590100826e-6,2.126647176591743e-4,0.004755644837355836,2.586820151328979e-5,126,2023-11-29,5.2713739569480874e-5,grefla3,Greater Flamingo
grefla3,state,ITA-5396,Caserta,EU,Europe,breeding,0.35741589723160283,7.191516996912958e-5,0.001313263673575797,0.08573590785870656,3.9169963143556846e-4,133,2023-03-15,3.141249238011259e-4,grefla3,Greater Flamingo
grefla3,state,ITA-5396,Caserta,EU,Europe,nonbreeding,0.4400922359505368,1.0257528554370168e-4,0.0011637178028945567,0.07602394394639257,4.57092718012723e-4,77,2023-12-06,2.0341997204034e-4,grefla3,Greater Flamingo
grefla3,state,ITA-5396,Caserta,EU,Europe,postbreeding_migration,0.4106840915709751,4.2249965504622184e-5,0.0010101718310776692,0.0727866226422879,2.9080508931800627e-4,126,2023-11-22,2.1476405415603745e-4,grefla3,Greater Flamingo
grefla3,state,ITA-5397,Napoli,EU,Europe,breeding,0.08392734981980733,1.0601446824647465e-5,1.9359608005002825e-4,0.02657979898401417,7.623547101172445e-5,133,2023-03-15,6.23667816885767e-5,grefla3,Greater Flamingo
grefla3,state,ITA-5397,Napoli,EU,Europe,nonbreeding,0.039871082682406425,5.83407543690419e-6,6.618765342322867e-5,0.011109736201482754,4.193461277726397e-5,77,2023-12-06,2.8406286597127455e-5,grefla3,Greater Flamingo
grefla3,state,ITA-5397,Napoli,EU,Europe,postbreeding_migration,0.11060513017224824,7.143461912855451e-6,1.707959737849568e-4,0.021423111389837032,5.3733850689319194e-5,126,2023-08-23,3.259975923700703e-5,grefla3,Greater Flamingo
grefla3,state,ITA-5400,Salerno,EU,Europe,breeding,0.05291130704092711,2.0672941336719942e-5,3.77514547975508e-4,0.015004487921336832,1.331124652428563e-4,133,2023-03-22,8.8740607124287e-5,grefla3,Greater Flamingo
grefla3,state,ITA-5400,Salerno,EU,Europe,nonbreeding,0.06099329290080302,2.760503135954725e-5,3.1317940059626934e-4,0.0066686612983719255,7.785736530675803e-5,77,2023-01-18,3.647703411183489e-5,grefla3,Greater Flamingo
grefla3,state,ITA-5400,Salerno,EU,Europe,postbreeding_migration,0.04778353741559294,9.545614962156807e-6,2.2823004066191288e-4,0.0050014959737789445,3.880230226993468e-5,126,2023-11-22,3.963448593631351e-5,grefla3,Greater Flamingo
grefla3,state,ITA-5401,Campobasso,EU,Europe,breeding,0.09748252605029964,2.1702763577433992e-5,3.963204291206229e-4,0.013645169948563456,6.897806067803768e-5,126,2023-03-08,6.554369472248723e-5,grefla3,Greater Flamingo
grefla3,state,ITA-5401,Campobasso,EU,Europe,nonbreeding,0.12182634715353775,3.141824117790937e-5,3.564403101640984e-4,0.016570966922037203,1.1024105883220734e-4,77,2023-12-13,6.334837337199123e-5,grefla3,Greater Flamingo
grefla3,state,ITA-5401,Campobasso,EU,Europe,postbreeding_migration,0.10626857444077983,1.2096645461288922e-5,2.8922367982030093e-4,0.022422560868984694,9.91236453283772e-5,126,2023-08-02,5.9490174512039505e-5,grefla3,Greater Flamingo
grefla3,state,ITA-5403,Bari,EU,Europe,breeding,0.1238049834989152,3.694218078070794e-5,6.746118247763199e-4,0.021254214898020814,1.4400356240876853e-4,133,2023-03-22,1.4057602810207094e-4,grefla3,Greater Flamingo
grefla3,state,ITA-5403,Bari,EU,Europe,nonbreeding,0.18363606504372496,6.347383850200503e-5,7.201114331908649e-4,0.01251510878502526,1.1159026068970818e-4,77,2023-12-06,1.0777687989287465e-4,grefla3,Greater Flamingo
grefla3,state,ITA-5403,Bari,EU,Europe,postbreeding_migration,0.14031553791550463,2.140730519773248e-5,5.118360791955232e-4,0.012522329243241663,7.419477283297752e-5,126,2023-11-29,1.2538113692925343e-4,grefla3,Greater Flamingo
grefla3,state,ITA-5404,Foggia,EU,Europe,breeding,0.965434937774638,5.203460668913289e-4,0.009502189699749869,0.05923252887460744,7.248919981144977e-4,133,2023-04-19,0.0014974696740100875,grefla3,Greater Flamingo
grefla3,state,ITA-5404,Foggia,EU,Europe,nonbreeding,1.4608968482957947,9.12097360332912e-4,0.010347755120216818,0.0749555056611739,0.001207202326696439,77,2023-12-06,0.0018838398916599683,grefla3,Greater Flamingo
grefla3,state,ITA-5404,Foggia,EU,Europe,postbreeding_migration,1.1717367097589124,3.2290229653476356e-4,0.007720404034744631,0.07579260529249171,8.111476031428687e-4,126,2023-11-22,0.0017612008056512509,grefla3,Greater Flamingo
grefla3,state,ITA-5405,Barletta-Andria Trani,EU,Europe,breeding,3.6574158557043015,4.6684982651723993e-4,0.008525279415225368,0.09349573581991602,2.709807424204562e-4,133,2023-04-19,0.0011991985105201345,grefla3,Greater Flamingo
grefla3,state,ITA-5405,Barletta-Andria Trani,EU,Europe,nonbreeding,4.328616717866459,6.400359561925578e-4,0.007261215338236546,0.08325636258088798,3.175612859132718e-4,77,2023-12-06,0.0010149365036887011,grefla3,Greater Flamingo
grefla3,state,ITA-5405,Barletta-Andria Trani,EU,Europe,postbreeding_migration,4.304698595046675,2.8094249795495977e-4,0.006717169924213264,0.12052923517384448,3.054914414545485e-4,126,2023-11-22,0.0012598837932449377,grefla3,Greater Flamingo
grefla3,state,ITA-5406,Brindisi,EU,Europe,breeding,1.056504469884042,1.5983565307423222e-4,0.002918804989472424,0.12553727703532175,4.3123975574374e-4,133,2023-03-15,4.2988530070361047e-4,grefla3,Greater Flamingo
grefla3,state,ITA-5406,Brindisi,EU,Europe,nonbreeding,1.5624652636375438,2.738199418009613e-4,0.0031064904121136587,0.08295505341683762,3.7501827247752944e-4,77,2023-01-11,3.675431779806427e-4,grefla3,Greater Flamingo
grefla3,state,ITA-5406,Brindisi,EU,Europe,postbreeding_migration,0.957847905631736,7.409189585315065e-5,0.001771493661783108,0.08248162900484247,2.477783401066513e-4,126,2023-08-02,3.804253900194212e-4,grefla3,Greater Flamingo
grefla3,state,ITA-5407,Lecce,EU,Europe,breeding,0.8406841469611553,2.0594773630953044e-4,0.003760871049412427,0.10059404394001012,5.595516725548168e-4,133,2023-03-22,5.212867344375397e-4,grefla3,Greater Flamingo
grefla3,state,ITA-5407,Lecce,EU,Europe,nonbreeding,1.3879759936177565,3.938750771747588e-4,0.0044685173138460585,0.07637123046814151,5.590635955176827e-4,77,2023-01-18,5.107924900121189e-4,grefla3,Greater Flamingo
grefla3,state,ITA-5407,Lecce,EU,Europe,postbreeding_migration,0.8312920434030121,1.041237069385433e-4,0.0024895366053067146,0.07134572084728294,3.470530645382691e-4,126,2023-08-09,4.685971033183309e-4,grefla3,Greater Flamingo
grefla3,state,ITA-5408,Taranto,EU,Europe,breeding,0.7656191998089614,1.5352601716605687e-4,0.0028035829071877947,0.10164075083330758,4.6278662407725295e-4,133,2023-03-22,4.262437326280745e-4,grefla3,Greater Flamingo
grefla3,state,ITA-5408,Taranto,EU,Europe,nonbreeding,1.1226878175384467,2.6078376997747045e-4,0.002958594891743643,0.07890227639736398,4.727874732776243e-4,77,2023-12-20,3.8533048492120505e-4,grefla3,Greater Flamingo
grefla3,state,ITA-5408,Taranto,EU,Europe,postbreeding_migration,0.7483617328051964,7.672776926363494e-5,0.0018345158450619693,0.06915721592481673,2.753660897252956e-4,126,2023-08-02,3.975107785571612e-4,grefla3,Greater Flamingo
grefla3,state,ITA-5409,Trapani,EU,Europe,breeding,1.4442389942974487,3.525142222004662e-4,0.006437363947459529,0.06671675017537466,3.69756847896823e-4,133,2023-03-08,9.646145442034276e-4,grefla3,Greater Flamingo
grefla3,state,ITA-5409,Trapani,EU,Europe,nonbreeding,0.9650249569040508,2.7285285557858923e-4,0.0030955188077165263,0.04003005010522479,2.9196511990034257e-4,77,2023-02-15,4.479535132971905e-4,grefla3,Greater Flamingo
grefla3,state,ITA-5409,Trapani,EU,Europe,postbreeding_migration,1.391846838139703,1.7370041511442986e-4,0.00415307478478056,0.04803606012626976,2.328138136196081e-4,126,2023-08-30,7.786209762728959e-4,grefla3,Greater Flamingo
grefla3,state,ITA-5410,Palermo,EU,Europe,breeding,0.02101810145694965,8.448359857397774e-6,1.5427793755864194e-4,0.004861550324518939,4.437082174761877e-5,91,2023-03-08,5.8323453640235494e-5,grefla3,Greater Flamingo
grefla3,state,ITA-5410,Palermo,EU,Europe,nonbreeding,0.008425047975413383,3.922867907165684e-6,4.450498185576558e-5,0.0016205167748396462,1.9464341326689503e-5,14,2023-12-06,3.167501451570071e-5,grefla3,Greater Flamingo
grefla3,state,ITA-5410,Palermo,EU,Europe,postbreeding_migration,0.01602058092951136,3.292524482553789e-6,7.872232428321266e-5,0.0032410335496792925,2.586820151328979e-5,63,2023-11-29,4.068427356521391e-5,grefla3,Greater Flamingo
grefla3,state,ITA-5411,Messina,EU,Europe,breeding,0.02850473468554125,9.174853839874796e-6,1.675446538393381e-4,0.012142316536165314,8.874164349523753e-5,63,2023-03-08,6.0147936049162706e-5,grefla3,Greater Flamingo
grefla3,state,ITA-5411,Messina,EU,Europe,nonbreeding,0.01189797712334116,4.4361647104702465e-6,5.032834003613249e-5,0.004047438845388438,3.892868265337901e-5,14,2023-01-25,3.322905722888694e-5,grefla3,Greater Flamingo
grefla3,state,ITA-5412,Enna,EU,Europe,breeding,0.002707056306223018,5.009597286335276e-7,9.14817018191306e-6,0.003519872442998332,1.4790273915872922e-5,7,2023-07-12,1.8959469358775285e-5,grefla3,Greater Flamingo
grefla3,state,ITA-5412,Enna,EU,Europe,postbreeding_migration,0.03912836290721933,3.7022780848824193e-6,8.851929196854012e-5,0.003519872442998332,1.2934100756644896e-5,35,2023-11-15,4.155809306579662e-5,grefla3,Greater Flamingo
grefla3,state,ITA-5413,Catania,EU,Europe,breeding,0.230686734576371,6.214813925899662e-5,0.0011349051070060057,0.024028799709388596,1.4698782107475366e-4,133,2023-03-22,1.9477127992421485e-4,grefla3,Greater Flamingo
grefla3,state,ITA-5413,Catania,EU,Europe,nonbreeding,0.16035588119441568,5.0042936169518527e-5,5.677376906230843e-4,0.014200129417100771,1.1431548722144076e-4,77,2023-01-18,8.918985973997298e-5,grefla3,Greater Flamingo
grefla3,state,ITA-5413,Catania,EU,Europe,postbreeding_migration,0.08656021492416516,1.1923277927383228e-5,2.85078564029478e-4,0.011782292844159378,6.302881034066792e-5,126,2023-08-16,7.061819474333286e-5,grefla3,Greater Flamingo
grefla3,state,ITA-5414,Siracusa,EU,Europe,breeding,1.4836204644070476,2.725809619146866e-4,0.004977679612584783,0.10219476364349178,4.263292342854775e-4,133,2023-03-08,6.328077871140214e-4,grefla3,Greater Flamingo
grefla3,state,ITA-5414,Siracusa,EU,Europe,nonbreeding,1.3708786354134117,2.9175888767511704e-4,0.0033100079608902873,0.07406261190814013,4.066108742511525e-4,77,2023-01-18,4.440865696518585e-4,grefla3,Greater Flamingo
grefla3,state,ITA-5414,Siracusa,EU,Europe,postbreeding_migration,1.08783660831365,1.0218995477683864e-4,0.002443301728219634,0.06342654645331597,2.313915834641041e-4,126,2023-08-16,5.678010707636774e-4,grefla3,Greater Flamingo
grefla3,state,ITA-5415,Ragusa,EU,Europe,breeding,0.6468208773451688,8.799007448991074e-5,0.0016068121442587308,0.0649956563877673,2.007602631341531e-4,133,2023-03-08,3.4641794709519097e-4,grefla3,Greater Flamingo
grefla3,state,ITA-5415,Ragusa,EU,Europe,nonbreeding,0.38053518738229186,5.996486487468091e-5,6.803020867351357e-4,0.0346525023455198,1.4086124363484992e-4,77,2023-02-15,1.7282096491188885e-4,grefla3,Greater Flamingo
grefla3,state,ITA-5415,Ragusa,EU,Europe,postbreeding_migration,0.30901615135735117,2.149327859834046e-5,5.138916526493438e-4,0.03626576095000331,9.796032996218536e-5,126,2023-08-16,2.487285201869684e-4,grefla3,Greater Flamingo
grefla3,state,ITA-5416,Caltanissetta,EU,Europe,breeding,0.13571634903889934,2.181581935623213e-5,3.983849733252344e-4,0.01484362618572789,5.417802079449932e-5,133,2023-03-15,6.273241647223724e-5,grefla3,Greater Flamingo
grefla3,state,ITA-5416,Caltanissetta,EU,Europe,nonbreeding,0.06642366239489172,1.2368429563439062e-5,1.403199766935006e-4,0.004052220697106555,1.9464341326689503e-5,56,2023-02-01,2.0718648800209013e-5,grefla3,Greater Flamingo
grefla3,state,ITA-5416,Caltanissetta,EU,Europe,postbreeding_migration,0.16066424270776386,1.3204757339542418e-5,3.157179832291827e-4,0.010791405488621337,3.44446012023241e-5,112,2023-08-30,6.903774743837712e-5,grefla3,Greater Flamingo
grefla3,state,ITA-5417,Agrigento,EU,Europe,breeding,0.1177652219481979,2.912520356290756e-5,5.318637478168477e-4,0.013168931573695725,7.395136957936461e-5,133,2023-03-08,1.0340189298077373e-4,grefla3,Greater Flamingo
grefla3,state,ITA-5417,Agrigento,EU,Europe,nonbreeding,0.1226805431054925,3.5146330305093605e-5,3.9873552450433585e-4,0.00526757262947829,3.892868265337901e-5,77,2023-12-06,6.661237916193462e-5,grefla3,Greater Flamingo
grefla3,state,ITA-5417,Agrigento,EU,Europe,postbreeding_migration,0.12605973802297796,1.5940434214149628e-5,3.8112640864805016e-4,0.007901358944217434,3.880230226993468e-5,126,2023-11-29,8.819958051958585e-5,grefla3,Greater Flamingo
grefla3,state,ITA-5418,Pescara,EU,Europe,breeding,0.05734413750527892,5.246359062973616e-6,9.580527695194152e-5,0.02000462395738687,4.1556900025789926e-5,112,2023-07-12,2.1893619904808707e-5,grefla3,Greater Flamingo
grefla3,state,ITA-5418,Pescara,EU,Europe,nonbreeding,0.04715284403907289,4.997229093798989e-6,5.669362196529211e-5,0.01288489491768063,3.5225496818430954e-5,63,2023-12-06,1.868682235907552e-5,grefla3,Greater Flamingo
grefla3,state,ITA-5418,Pescara,EU,Europe,postbreeding_migration,0.1173794584367598,5.490765794559608e-6,1.312809814271235e-4,0.02712435299709311,4.927562729798498e-5,126,2023-11-22,2.8972175898950397e-5,grefla3,Greater Flamingo
grefla3,state,ITA-5419,Teramo,EU,Europe,breeding,0.06702988274233683,1.0362490798789842e-5,1.892324350989621e-4,0.013441945617203795,4.71847434694476e-5,133,2023-03-08,4.013982250809331e-5,grefla3,Greater Flamingo
grefla3,state,ITA-5419,Teramo,EU,Europe,nonbreeding,0.06626770718649401,1.1867248173094312e-5,1.3463406801352768e-4,0.013441945617203795,6.209620981501657e-5,63,2023-02-08,3.657097614154971e-5,grefla3,Greater Flamingo
grefla3,state,ITA-5419,Teramo,EU,Europe,postbreeding_migration,0.08711618202204606,6.8859896321739885e-6,1.6463996295462176e-4,0.04714946088971002,1.4473588405168844e-4,126,2023-08-09,6.018285498820195e-5,grefla3,Greater Flamingo
grefla3,state,ITA-5421,Chieti,EU,Europe,breeding,0.02007687774612968,4.0425117842174785e-6,7.382147436338945e-5,0.006470045380282309,2.9580547831745843e-5,42,2023-03-22,3.2239554927321956e-5,grefla3,Greater Flamingo
grefla3,state,ITA-5421,Chieti,EU,Europe,nonbreeding,0.01972585771838139,4.6009063999901725e-6,5.219733641237544e-5,0.006470045380282309,3.892868265337901e-5,14,2023-12-13,2.9941170520557063e-5,grefla3,Greater Flamingo
grefla3,state,ITA-5421,Chieti,EU,Europe,postbreeding_migration,0.029523810353060283,3.0394804871378228e-6,7.26721911496225e-5,0.032350226901411545,1.2934100756644895e-4,56,2023-10-25,4.1581535066725194e-5,grefla3,Greater Flamingo
grefla3,state,ITA-5422,Roma,EU,Europe,breeding,0.08819359159917925,3.684898884369207e-5,6.729100199192134e-4,0.03817798722367506,3.6219740975281087e-4,133,2023-03-15,1.4819662765803228e-4,grefla3,Greater Flamingo
grefla3,state,ITA-5422,Roma,EU,Europe,nonbreeding,0.11475704471675433,5.5541842578614704e-5,6.301228475426805e-4,0.031179841345647216,3.892868265337901e-4,77,2023-12-06,9.550386639152704e-5,grefla3,Greater Flamingo
grefla3,state,ITA-5422,Roma,EU,Europe,postbreeding_migration,0.1356272489558152,2.89739249684313e-5,6.927495085330953e-4,0.026502865143800132,2.198797128629632e-4,126,2023-11-22,1.2876197919587596e-4,grefla3,Greater Flamingo
grefla3,state,ITA-5423,Viterbo,EU,Europe,breeding,0.1432642334488177,3.855504318020444e-5,7.040647705267683e-4,0.02365136956349062,1.4452516491937124e-4,133,2023-03-08,9.676721133667338e-5,grefla3,Greater Flamingo
grefla3,state,ITA-5423,Viterbo,EU,Europe,nonbreeding,0.19750303765840616,6.157005971970452e-5,6.985130408491527e-4,0.01936328442315057,1.5571473061351605e-4,77,2023-02-08,8.557959349319247e-5,grefla3,Greater Flamingo
grefla3,state,ITA-5423,Viterbo,EU,Europe,postbreeding_migration,0.19751330315432883,2.7177631020023215e-5,6.498011764967385e-4,0.021650397760548137,1.1569459805964285e-4,126,2023-08-23,1.358116111161598e-4,grefla3,Greater Flamingo
grefla3,state,ITA-5426,Latina,EU,Europe,breeding,0.3415282267935173,6.689811666602643e-5,0.0012216458152826564,0.07606236469511017,3.3829912715385707e-4,133,2023-03-08,2.376711368534057e-4,grefla3,Greater Flamingo
grefla3,state,ITA-5426,Latina,EU,Europe,nonbreeding,0.6847659492970533,1.553752450163897e-4,0.0017627339548340034,0.07103730901781147,4.157967115644198e-4,77,2023-01-18,2.2400325834516909e-4,grefla3,Greater Flamingo
grefla3,state,ITA-5426,Latina,EU,Europe,postbreeding_migration,0.43500392184649744,4.3566462062488886e-5,0.001041648489640199,0.06438648956111176,2.5042969479833967e-4,126,2023-11-22,1.98846455729633e-4,grefla3,Greater Flamingo
grefla3,state,ITA-5427,Ancona,EU,Europe,breeding,0.013417473781360071,2.100725185407789e-6,3.83619488815236e-5,0.010343698983333384,3.677207407380768e-5,70,2023-03-22,1.5913295123568224e-5,grefla3,Greater Flamingo
grefla3,state,ITA-5427,Ancona,EU,Europe,nonbreeding,0.005156974961537315,9.352891396103364e-7,1.0610866124811014e-5,0.0063546788765332434,2.973030444347533e-5,21,2023-12-06,7.159653334677278e-6,grefla3,Greater Flamingo
grefla3,state,ITA-5427,Ancona,EU,Europe,postbreeding_migration,0.04108091078102256,3.2885949303144235e-6,7.862837099985386e-5,0.052118960503875,1.6203096580337566e-4,119,2023-10-25,4.408748166788248e-5,grefla3,Greater Flamingo
grefla3,state,ITA-5428,Pesaro e Urbino,EU,Europe,breeding,0.00898320660181958,1.7592503835644009e-6,3.212617897518929e-5,0.0034631112549170914,1.5399494894540966e-5,56,2023-03-22,1.355603740162368e-5,grefla3,Greater Flamingo
grefla3,state,ITA-5428,Pesaro e Urbino,EU,Europe,postbreeding_migration,0.020830424138712885,2.0857690166388084e-6,4.986951069847829e-5,0.0332610675948362,1.2934100756644895e-4,42,2023-10-25,3.387683950543058e-5,grefla3,Greater Flamingo
grefla3,state,ITA-5429,Macerata,EU,Europe,breeding,0.0171178209160243,3.5104764473461433e-6,6.410582353100302e-5,0.007853522537483431,3.657007452688888e-5,91,2023-03-22,1.8887818259275953e-5,grefla3,Greater Flamingo
grefla3,state,ITA-5429,Macerata,EU,Europe,nonbreeding,0.015840746734116173,3.76309876860209e-6,4.269239912773245e-5,0.004677271161554311,2.866271953659318e-5,42,2023-02-15,1.0953130374403476e-5,grefla3,Greater Flamingo
grefla3,state,ITA-5429,Macerata,EU,Europe,postbreeding_migration,0.02459332129031668,2.578734325038798e-6,6.165602134520782e-5,0.021570991695366155,8.783982971971235e-5,98,2023-10-25,2.5227398056965462e-5,grefla3,Greater Flamingo
grefla3,state,ITA-5430,Fermo,EU,Europe,breeding,0.08858890190799953,6.143003294232815e-6,1.121791560311326e-4,0.01878715494443224,2.9580547831745843e-5,133,2023-03-15,1.664762298956211e-5,grefla3,Greater Flamingo
grefla3,state,ITA-5430,Fermo,EU,Europe,nonbreeding,0.07815193688696846,6.277598811442634e-6,7.121943124587348e-5,0.00939357747221612,1.9464341326689503e-5,77,2023-02-08,9.8290980151677275e-06,grefla3,Greater Flamingo
grefla3,state,ITA-5430,Fermo,EU,Europe,postbreeding_migration,0.11373112823953824,4.032297901199778e-6,9.640987171598988e-5,0.05336716285666821,7.348172339303434e-5,126,2023-08-02,2.3520012217236607e-5,grefla3,Greater Flamingo
grefla3,state,ITA-5431,Ascoli Piceno,EU,Europe,postbreeding_migration,0.013376437585427142,6.221083989339636e-7,1.4874246001719638e-5,0.028644330625910517,5.173640302657958e-5,14,2023-10-25,1.6545128440968715e-5,grefla3,Greater Flamingo
grefla3,state,ITA-5433,Terni,EU,Europe,postbreeding_migration,4.245985869139393e-4,3.3301682447456094e-8,7.962236450165504e-7,0.003510496820464595,1.069271941469626e-5,7,2023-11-08,1.783592420017906e-6,grefla3,Greater Flamingo
grefla3,state,ITA-5446,Mantova,EU,Europe,breeding,0.02645011726091267,4.427737421931507e-6,8.085619091008008e-5,0.012196981489886549,4.636074293777544e-5,133,2023-03-22,2.790587265347638e-5,grefla3,Greater Flamingo
grefla3,state,ITA-5446,Mantova,EU,Europe,nonbreeding,0.12546603536828713,2.432947922330959e-5,2.7601822366125553e-4,0.08216711647444816,4.110167900472341e-4,77,2023-02-08,9.37889411328096e-5,grefla3,Greater Flamingo
grefla3,state,ITA-5446,Mantova,EU,Europe,postbreeding_migration,0.08553870839173314,7.321309677887066e-6,1.7504820926750184e-4,0.06357031180591395,2.1130627124060569e-4,105,2023-08-23,3.505318321419592e-4,grefla3,Greater Flamingo
grefla3,state,ITA-5447,Cremona,EU,Europe,postbreeding_migration,5.283974928739904e-4,3.4769793608117666e-8,8.31325319578363e-7,0.0011216039678423567,2.866242012092936e-6,14,2023-10-04,3.130751716324706e-6,grefla3,Greater Flamingo
grefla3,state,ITA-5455,Udine,EU,Europe,breeding,0.6998489972809382,2.4427613224990463e-4,0.0044607969492821,0.04310628030006503,3.4163393623927067e-4,133,2023-03-22,0.0012015738751871084,grefla3,Greater Flamingo
grefla3,state,ITA-5455,Udine,EU,Europe,nonbreeding,0.43937967982328785,1.7765156597439446e-4,0.0020154590741882045,0.057022006949476504,5.947390427496259e-4,77,2023-12-06,5.034937785549016e-4,grefla3,Greater Flamingo
grefla3,state,ITA-5455,Udine,EU,Europe,postbreeding_migration,0.4509159491858109,8.047187484206105e-5,0.0019240352078054265,0.05637546261397206,3.9072445808980405e-4,126,2023-08-09,7.82561691645937e-4,grefla3,Greater Flamingo
grefla3,state,ITA-5456,Pordenone,EU,Europe,breeding,5.149659053083837e-5,8.144211482297921e-9,1.4872379630350477e-7,3.748260284064974e-5,1.3459969425401033e-7,14,2023-03-22,1.8764937954508196e-5,grefla3,Greater Flamingo
grefla3,state,ITA-5456,Pordenone,EU,Europe,nonbreeding,0.0015011610805417755,2.7501111331703044e-7,3.1200042667639587e-6,0.00499681225302939,2.361407066704199e-5,21,2023-02-01,1.1814328793371394e-5,grefla3,Greater Flamingo
grefla3,state,ITA-5456,Pordenone,EU,Europe,postbreeding_migration,1.6355296480569326e-4,1.3225156499256333e-8,3.162057151426773e-7,3.748260284064974e-5,1.1770748920522729e-7,63,2023-08-23,1.4541855974932871e-5,grefla3,Greater Flamingo
grefla3,state,ITA-5457,Gorizia,EU,Europe,breeding,4.96924658168059,1.7258708961762184e-4,0.003151662652264974,0.3160581576669147,2.492461896373289e-4,133,2023-03-22,7.510910203593288e-4,grefla3,Greater Flamingo
grefla3,state,ITA-5457,Gorizia,EU,Europe,nonbreeding,3.71592816073358,1.4949871115829184e-4,0.0016960646101304242,0.4015582579962559,4.167480530913646e-4,77,2023-12-06,4.1280670587616984e-4,grefla3,Greater Flamingo
grefla3,state,ITA-5457,Gorizia,EU,Europe,postbreeding_migration,3.702665104977836,6.575125146102023e-5,0.0015720737588948012,0.4117095473540715,2.83930785733534e-4,126,2023-11-29,4.108583202891347e-4,grefla3,Greater Flamingo
grefla3,state,ITA-5458,Trieste,EU,Europe,breeding,0.044335466822408805,8.39539854186448e-7,1.533107956910149e-5,0.03439873083985156,1.4790273915872922e-5,42,2023-04-19,6.165191491080973e-6,grefla3,Greater Flamingo
grefla3,state,ITA-5458,Trieste,EU,Europe,nonbreeding,0.545147787033984,1.1957948181804906e-5,1.3566306066316783e-4,0.20639238503910937,1.1678604796013704e-4,35,2023-12-06,8.67942852153153e-5,grefla3,Greater Flamingo
grefla3,state,ITA-5458,Trieste,EU,Europe,postbreeding_migration,0.3927469789861586,3.8025481110543606e-6,9.091668933278733e-5,0.20639238503910937,7.760460453986936e-5,112,2023-11-29,6.023988154849008e-5,grefla3,Greater Flamingo
grefla3,state,ITA-5461,Venezia,EU,Europe,breeding,11.91789455387536,0.0023862611743588396,0.0435762039816495,0.4703466077750075,0.00213835702952967,133,2023-03-22,0.009638093306601404,grefla3,Greater Flamingo
grefla3,state,ITA-5461,Venezia,EU,Europe,nonbreeding,6.8837410489434365,0.0015965971255873898,0.018113412887402935,0.5507624330552313,0.0032952624297856656,77,2023-12-06,0.004328331779901414,grefla3,Greater Flamingo
grefla3,state,ITA-5461,Venezia,EU,Europe,postbreeding_migration,8.547799957079944,8.750736747659491e-4,0.02092249699634609,0.6657806895355818,0.002646996820768866,126,2023-08-09,0.006404932300174687,grefla3,Greater Flamingo
grefla3,state,ITA-5462,Rovigo,EU,Europe,breeding,9.607156302602467,0.001406015027111249,0.025675646187021603,0.5048878228675157,0.0016777751904625013,133,2023-03-22,0.003855390294576862,grefla3,Greater Flamingo
grefla3,state,ITA-5462,Rovigo,EU,Europe,nonbreeding,5.513456704115576,9.346983071741532e-4,0.010604163123977337,0.4880526953875326,0.0021343669236452575,77,2023-12-06,0.002146673553692827,grefla3,Greater Flamingo
grefla3,state,ITA-5462,Rovigo,EU,Europe,postbreeding_migration,10.50643305012143,7.861804424917642e-4,0.01879711208432759,0.8375387136316781,0.0024339059086565316,126,2023-08-23,0.00645946742566665,grefla3,Greater Flamingo
grefla3,state,ITA-5463,Padova,EU,Europe,breeding,1.0911392608957835,1.6406124064853976e-4,0.002995969663674452,0.035841489301312965,1.2236455131789308e-4,133,2023-03-22,6.839926597794444e-4,grefla3,Greater Flamingo
grefla3,state,ITA-5463,Padova,EU,Europe,nonbreeding,0.5894055927142046,1.0265791583836966e-4,0.0011646552445448903,0.04020249764424787,1.8062842889648008e-4,77,2023-12-06,2.957876029074341e-4,grefla3,Greater Flamingo
grefla3,state,ITA-5463,Padova,EU,Europe,postbreeding_migration,1.6504073012133351,1.268787167527145e-4,0.0030335955093940305,0.21772408425004605,6.500339953390574e-4,126,2023-08-23,0.0017882832341466906,grefla3,Greater Flamingo
grefla3,state,ITA-5464,Verona,EU,Europe,breeding,0.011248422948648584,2.485629488941724e-6,4.539079745201425e-5,0.002947729965666284,1.4790273915872922e-5,91,2023-04-12,7.32345141660516e-6,grefla3,Greater Flamingo
grefla3,state,ITA-5464,Verona,EU,Europe,nonbreeding,0.023650292194335627,6.053877759282749e-6,6.8681313317166e-5,0.01229072126421805,8.115763540907207e-5,35,2023-02-01,2.8397294305304556e-5,grefla3,Greater Flamingo
grefla3,state,ITA-5464,Verona,EU,Europe,postbreeding_migration,0.12058695735533848,1.3624385538154626e-5,3.2575104670511725e-4,0.036963501017899615,1.6218909196310854e-4,98,2023-08-23,3.669925951490849e-4,grefla3,Greater Flamingo
grefla3,state,ITA-5466,Treviso,EU,Europe,breeding,0.0015185698935556188,2.760539826957769e-7,5.041101447384554e-6,0.004031207841591658,1.663942014439292e-5,7,2023-04-19,1.5952867995837023e-5,grefla3,Greater Flamingo
grefla3,state,ITA-5466,Treviso,EU,Europe,nonbreeding,0.0032344706827738524,6.811061982493271e-7,7.727157710196005e-6,0.004646726696009788,2.5241410615487613e-05,21,2023-02-01,9.547872672057911e-6,grefla3,Greater Flamingo
grefla3,state,ITA-5466,Treviso,EU,Europe,postbreeding_migration,0.013300571399481756,1.2362359337975988e-6,2.955767423648456e-5,0.006652289077361253,2.4012320621266807e-5,28,2023-08-23,1.0288200278363227e-4,grefla3,Greater Flamingo
grefla3,state,JOR-849,Aqaba,AS,Asia,breeding,0.03670188882866909,1.7392499682067006e-5,2.170915026601836e-5,0.004087688103540613,4.3984038816041674e-5,133,2023-03-08,5.562660075135672e-5,grefla3,Greater Flamingo
grefla3,state,JOR-849,Aqaba,AS,Asia,nonbreeding,0.08778983910362849,4.819147550546013e-5,6.870159031788894e-5,0.004087688103540613,5.7884008728398656e-5,77,2023-02-01,6.103013596398598e-5,grefla3,Greater Flamingo
grefla3,state,JOR-849,Aqaba,AS,Asia,postbreeding_migration,0.05294207596063452,1.2827628919773606e-5,1.64488605800178e-5,0.004087688103540613,3.8464060433683106e-5,126,2023-09-27,4.285625614415824e-5,grefla3,Greater Flamingo
grefla3,state,JOR-850,Mafraq,AS,Asia,breeding,0.008096338438057137,1.5668128840926812e-5,1.955680722223777e-5,0.0034600646096373472,1.520395076521073e-4,42,2023-06-21,6.697986802884493e-5,grefla3,Greater Flamingo
grefla3,state,JOR-850,Mafraq,AS,Asia,postbreeding_migration,0.0018574759581525809,1.8379069244155448e-6,2.356746905280306e-6,0.0011039196251260471,4.2419908056318664e-5,7,2023-08-16,6.7131035466563e-5,grefla3,Greater Flamingo
grefla3,state,JOR-854,Irbid,AS,Asia,breeding,4.599681489828561e-4,5.98793031306517e-8,7.474076833407142e-8,0.001941896000435224,5.740090122914432e-6,42,2023-03-08,1.2138893530113256e-6,grefla3,Greater Flamingo
grefla3,state,JOR-854,Irbid,AS,Asia,nonbreeding,0.007149770253178123,1.0781853992388732e-6,1.537057141503087e-6,0.004508760640855347,1.7539346936890044e-5,63,2023-02-08,5.238726665471944e-6,grefla3,Greater Flamingo
grefla3,state,JOR-857,Balqa,AS,Asia,breeding,2.714507390366041e-4,2.1955420363785843e-8,2.7404543828882278e-8,0.008053445480709213,1.4790273915872922e-5,7,2023-03-08,6.662990567938548e-7,grefla3,Greater Flamingo
grefla3,state,JOR-857,Balqa,AS,Asia,nonbreeding,0.010718246694586531,1.004215357334637e-6,1.4316057216949072e-6,0.008053445480709213,1.9464341326689503e-5,49,2023-02-08,2.5836421727527508e-6,grefla3,Greater Flamingo
grefla3,state,JOR-857,Balqa,AS,Asia,postbreeding_migration,0.013932546428842766,5.761732080251858e-7,7.388265460453575e-7,0.017695320922622673,2.8419272755070896e-5,28,2023-09-27,1.1466201537995428e-5,grefla3,Greater Flamingo
grefla3,state,JOR-859,Karak,AS,Asia,breeding,0.15950564189430735,3.906229187981807e-5,4.875717577435987e-5,0.05218215946489039,2.9016664296713376e-4,70,2023-07-12,4.148209465091067e-4,grefla3,Greater Flamingo
grefla3,state,JOR-859,Karak,AS,Asia,nonbreeding,0.09391870029794044,2.6643184201863437e-5,3.7982425451843314e-05,0.039974705898255,2.9253255844157805e-4,63,2023-12-06,1.0190962861051105e-4,grefla3,Greater Flamingo
grefla3,state,JOR-859,Karak,AS,Asia,postbreeding_migration,0.27800232203967185,3.480983202823806e-5,4.463662594446423e-5,0.05844986198332719,2.8422936853768853e-4,126,2023-08-02,6.757158770900312e-4,grefla3,Greater Flamingo
grefla3,state,JOR-860,Zarqa,AS,Asia,breeding,0.02318184090113232,7.039490775282023e-6,8.786624454817039e-6,0.0160231147987059,1.104800935850294e-4,35,2023-06-21,5.105917960821473e-5,grefla3,Greater Flamingo
grefla3,state,JOR-860,Zarqa,AS,Asia,postbreeding_migration,0.006174236473237938,9.586242582882075e-7,1.229243289763327e-6,0.006435175310815906,3.880230226993468e-5,21,2023-08-09,3.4489179879220725e-5,grefla3,Greater Flamingo
grefla3,state,KAZ-3196,Qostanay,AS,Asia,breeding,0.04627380158732376,6.719634928041415e-4,8.38738347289133e-4,0.004056435656161675,0.0013375156005317951,14,2023-05-24,5.29213710998635e-4,grefla3,Greater Flamingo
grefla3,state,KAZ-3202,Aqmola,AS,Asia,breeding,1.657196723468514,0.017529713635159126,0.021880419398157113,0.13350497284515303,0.03206579149700135,21,2023-05-31,0.012679977256160626,grefla3,Greater Flamingo
grefla3,state,KAZ-3203,Qaraghandy,AS,Asia,breeding,0.1012138882966088,0.0031157572224741227,0.003889058098121754,0.007975206869955384,0.005574542414239196,14,2023-05-31,0.0024558046164800075,grefla3,Greater Flamingo
grefla3,state,KAZ-3204,North Kazakhstan,AS,Asia,breeding,0.007540474821696375,5.357389612555737e-5,6.687042015731473e-5,6.438911006938186e-4,1.038749256195676e-4,0,2023-05-24,4.984000220179519e-5,grefla3,Greater Flamingo
grefla3,state,KAZ-3236,Mangghystau,AS,Asia,breeding,0.019745837316559985,2.3973350715177303e-4,2.992330502051739e-4,0.0014518634817324088,4.002420662895868e-4,28,2023-03-08,0.0015832847400524346,grefla3,Greater Flamingo
grefla3,state,KAZ-3236,Mangghystau,AS,Asia,nonbreeding,0.029560183801844924,4.1573127400596263e-4,5.926649759013012e-4,7.026771632585725e-4,2.549272635578996e-4,0,2023-02-15,4.747592819327309e-4,grefla3,Greater Flamingo
grefla3,state,KAZ-3236,Mangghystau,AS,Asia,postbreeding_migration,0.19469727108639165,0.001208606376623101,0.001549795204517402,0.01738626352707489,0.004191439779938842,56,2023-10-11,0.0018904588403381,grefla3,Greater Flamingo
grefla3,state,KAZ-4830,Astana,AS,Asia,breeding,0.24892159844312495,1.116702299757807e-5,1.393857034411594e-5,0.023325132279194475,2.3759796176091853e-5,14,2023-05-24,1.0904390173127103e-5,grefla3,Greater Flamingo
grefla3,state,KEN-1193,Coast,AF,Africa,breeding,0.5615863749527102,0.003459601788802806,0.024011756479780603,0.06077742467246949,0.008501500998561267,133,2023-07-05,0.009249975364853865,grefla3,Greater Flamingo
grefla3,state,KEN-1193,Coast,AF,Africa,nonbreeding,0.24777347463336025,0.0017681403837508658,0.0084039211723086309,0.05979942848609127,0.01100813746933544,77,2023-02-08,0.003974751325939118,grefla3,Greater Flamingo
grefla3,state,KEN-1193,Coast,AF,Africa,postbreeding_migration,0.9081651546208708,0.002860528094179931,0.016040970016622927,0.07092068802220165,0.008675335499545649,126,2023-09-27,0.013189200455873944,grefla3,Greater Flamingo
grefla3,state,KEN-1195,Central,AF,Africa,breeding,0.1919750325356059,1.8047149027181685e-4,0.001252582736537879,0.013857944145699803,2.958056243608389e-4,133,2023-03-15,6.374929546469964e-4,grefla3,Greater Flamingo
grefla3,state,KEN-1195,Central,AF,Africa,nonbreeding,0.1086766794011139,1.183457310269289e-4,5.62493908158871e-4,0.009700562954548207,2.725009707701075e-4,77,2023-01-11,2.4784960579072094e-4,grefla3,Greater Flamingo
grefla3,state,KEN-1195,Central,AF,Africa,postbreeding_migration,0.3183638634848672,1.5302396603819108e-4,8.581117787437983e-4,0.01598916063428055,2.9846493042031536e-4,126,2023-09-27,0.0010242688622364013,grefla3,Greater Flamingo
grefla3,state,KEN-1196,Nairobi,AF,Africa,breeding,0.5556568445579446,3.06628171369948e-5,2.1281874129575705e-4,0.023607883982332403,2.9580547831745843e-5,133,2023-03-15,1.4654560138792206e-4,grefla3,Greater Flamingo
grefla3,state,KEN-1196,Nairobi,AF,Africa,nonbreeding,0.18080911170957148,1.155787728381163e-5,5.493426342444512e-5,0.023607883982332403,3.892868265337901e-5,77,2023-01-11,2.0157521869282614e-5,grefla3,Greater Flamingo
grefla3,state,KEN-1196,Nairobi,AF,Africa,postbreeding_migration,0.48157994200333815,1.3587689291344474e-5,7.61956216969548e-5,0.034517013736337046,3.782181696744948e-5,126,2023-09-27,8.656595157396815e-5,grefla3,Greater Flamingo
grefla3,state,KEN-1197,Nyanza,AF,Africa,breeding,2.5830973434093853,0.002644411619313128,0.018353837149917247,0.1707079677806628,0.003968129548133666,133,2023-07-05,0.009673649072486556,grefla3,Greater Flamingo
grefla3,state,KEN-1197,Nyanza,AF,Africa,nonbreeding,1.3888572157686387,0.0016470176956149278,0.007828228465650804,0.1621899363836716,0.004961573713227492,77,2023-01-11,0.004311508614347493,grefla3,Greater Flamingo
grefla3,state,KEN-1197,Nyanza,AF,Africa,postbreeding_migration,5.558445123695704,0.0029094670219293314,0.016315404612902904,0.18097973087944877,0.0036789341179452673,126,2023-10-11,0.019623851631578867,grefla3,Greater Flamingo
grefla3,state,KEN-889,Eastern,AF,Africa,breeding,0.3351368374576076,0.0037283515172732576,0.02587704428687032,0.03318400606107901,0.008382378453404244,133,2023-03-15,0.00966958079240452,grefla3,Greater Flamingo
grefla3,state,KEN-889,Eastern,AF,Africa,nonbreeding,0.1413319187689119,0.0018213244664804912,0.008656703611411775,0.018046170581736777,0.0059991124626158545,77,2023-01-18,0.004080609991242462,grefla3,Greater Flamingo
grefla3,state,KEN-889,Eastern,AF,Africa,postbreeding_migration,0.5489458767617074,0.0031224539685161916,0.017509770517255736,0.05909500538542,0.013054169573310766,126,2023-08-23,0.015415174819988005,grefla3,Greater Flamingo
grefla3,state,KEN-890,Rift Valley,AF,Africa,breeding,0.4617600591420497,0.0059907285384166245,0.04157932721231205,0.030052917549416344,0.00885306558135597,133,2023-03-15,0.015446309804317469,grefla3,Greater Flamingo
grefla3,state,KEN-890,Rift Valley,AF,Africa,nonbreeding,0.3133603712473754,0.004709336574057834,0.02238334337361557,0.020689164186534627,0.008020722338912035,77,2023-01-11,0.015040977075412482,grefla3,Greater Flamingo
grefla3,state,KEN-890,Rift Valley,AF,Africa,postbreeding_migration,0.8377934408877549,0.005557405211971056,0.03116423521825557,0.03802277603142859,0.009795145363800255,126,2023-10-11,0.03912918476846941,grefla3,Greater Flamingo
grefla3,state,KEN-891,Western,AF,Africa,breeding,0.2306560290908639,1.3737840588178674e-4,9.534903231609888e-4,0.027164185895009848,3.673619074169634e-4,133,2023-07-05,7.332878629482541e-4,grefla3,Greater Flamingo
grefla3,state,KEN-891,Western,AF,Africa,nonbreeding,0.11373941721773093,7.847241927528428e-5,3.729771865686672e-4,0.022097229782586592,3.9327718611944774e-4,77,2023-01-11,2.653255427894639e-4,grefla3,Greater Flamingo
grefla3,state,KEN-891,Western,AF,Africa,postbreeding_migration,0.5013490127844763,1.5267420181712244e-4,8.561504075569658e-4,0.027491051924071776,3.2512383435773457e-4,126,2023-10-11,0.0017426387900419523,grefla3,Greater Flamingo
grefla3,state,KEN-893,North-Eastern,AF,Africa,breeding,0.07691531084499782,7.046467930699792e-4,0.004890680555842177,0.021633256031959997,0.004500122503432933,133,2023-07-05,0.0034941732310292775,grefla3,Greater Flamingo
grefla3,state,KEN-893,North-Eastern,AF,Africa,nonbreeding,0.010994560528878587,1.166779893468426e-4,5.545671791819067e-4,0.003477206154197632,9.519110765315948e-4,77,2023-02-01,5.355876510013546e-4,grefla3,Greater Flamingo
grefla3,state,KEN-893,North-Eastern,AF,Africa,postbreeding_migration,0.5503690723976998,0.002578009621124371,0.01445669249645211,0.098515803765107,0.01792125311497374,126,2023-09-27,0.02635478750685379,grefla3,Greater Flamingo
grefla3,state,KWT-1663,Al Asimah,AS,Asia,breeding,1.3899817379402133,2.971533922049053e-5,3.709039966282015e-5,0.17447327158931483,8.469236658712447e-5,133,2023-03-08,4.016506468972834e-4,grefla3,Greater Flamingo
grefla3,state,KWT-1663,Al Asimah,AS,Asia,nonbreeding,29.975096516096812,7.423087330251559e-4,0.0010582326009069252,0.15975675747567916,1.0205589501921115e-4,77,2023-01-11,0.0011929671940910408,grefla3,Greater Flamingo
grefla3,state,KWT-1663,Al Asimah,AS,Asia,postbreeding_migration,7.108089683823697,7.769558290349272e-5,9.962899760007417e-5,0.20494245767764832,8.699761093822234e-5,126,2023-11-29,7.489668952469257e-4,grefla3,Greater Flamingo
grefla3,state,KWT-1664,Al Farwaniyah,AS,Asia,breeding,0.14510718275784476,2.289720107289807e-6,2.858006542183854e-6,0.03028406416425047,1.0850541470721069e-5,126,2023-03-08,1.0217438843541343e-4,grefla3,Greater Flamingo
grefla3,state,KWT-1664,Al Farwaniyah,AS,Asia,nonbreeding,2.2908723642733717,4.187422309141928e-5,5.969573850007198e-5,0.008942200557458452,4.216432519076239e-6,77,2023-01-11,2.670870604935904e-4,grefla3,Greater Flamingo
grefla3,state,KWT-1664,Al Farwaniyah,AS,Asia,postbreeding_migration,0.596715119503913,4.81429127159523e-6,6.173362701192339e-6,0.03028406416425047,9.488803077260463e-6,126,2023-11-29,1.712685915443135e-4,grefla3,Greater Flamingo
grefla3,state,KWT-1665,Al Ahmadi,AS,Asia,breeding,0.10217477362313548,3.7533118403824175e-5,4.684847619810576e-5,0.03546430735886499,2.9580547831745845e-4,126,2023-06-28,8.401106932801381e-5,grefla3,Greater Flamingo
grefla3,state,KWT-1665,Al Ahmadi,AS,Asia,nonbreeding,0.14620230854273775,6.221248895795673e-5,8.868989555137141e-5,0.010639292207659495,1.1678604796013704e-4,49,2023-12-20,1.727529309834477e-4,grefla3,Greater Flamingo
grefla3,state,KWT-1665,Al Ahmadi,AS,Asia,postbreeding_migration,0.09689770527860413,1.819936727828806e-5,2.33370373338163e-5,0.01950536904737574,1.4227510832309382e-4,126,2023-09-27,7.280861780336238e-5,grefla3,Greater Flamingo
grefla3,state,KWT-1667,Al Jahrah,AS,Asia,breeding,0.4335996485098187,4.135955967821731e-4,5.16246032717515e-4,0.04470016932350794,9.681439129659496e-4,133,2023-03-08,0.0021147841927618982,grefla3,Greater Flamingo
grefla3,state,KWT-1667,Al Jahrah,AS,Asia,nonbreeding,3.446233884709454,0.003807887552220556,0.005428510495795158,0.03309118064739446,9.432058985412212e-4,77,2023-12-20,0.005186841770923263,grefla3,Greater Flamingo
grefla3,state,KWT-1667,Al Jahrah,AS,Asia,postbreeding_migration,0.8329726807101442,4.062464468573082e-4,5.209295659607689e-4,0.03445694402105487,6.526307475063543e-4,126,2023-11-29,0.0032091257095110287,grefla3,Greater Flamingo
grefla3,state,KWT-3506,Hawalli,AS,Asia,breeding,0.17761099673176584,1.4670908710290726e-6,1.8312086678324309e-6,0.15771582922355987,2.9580547831745843e-5,14,2023-07-12,2.9605318108379033e-5,grefla3,Greater Flamingo
grefla3,state,KWT-3506,Hawalli,AS,Asia,nonbreeding,2.197987187370404,2.1031231383082927e-5,2.998204614418967e-5,0.07885791461177993,1.9464341326689503e-5,7,2023-12-20,2.4131056045926388e-4,grefla3,Greater Flamingo
grefla3,state,KWT-3506,Hawalli,AS,Asia,postbreeding_migration,0.38193467058628505,1.6130509287262775e-6,2.068414201956432e-6,0.15771582922355987,2.586820151328979e-5,56,2023-08-09,1.407851138797404e-5,grefla3,Greater Flamingo
grefla3,state,LBN-3022,Beqaa,AS,Asia,breeding,7.623008243793729e-4,2.171380353155709e-7,2.710296003049005e-7,0.002286772372635766,1.4790273915872922e-5,21,2023-05-03,2.0684979288127737e-6,grefla3,Greater Flamingo
grefla3,state,LBN-3022,Beqaa,AS,Asia,nonbreeding,0.0012310000490814617,4.061813386431408e-7,5.790506231557712e-7,0.002286772372635766,1.9464341326689503e-5,7,2023-02-15,4.701416635242548e-6,grefla3,Greater Flamingo
grefla3,state,LBN-3022,Beqaa,AS,Asia,postbreeding_migration,0.00113595682745828,1.6544101018699344e-7,2.1214490439369426e-7,0.002286772372635766,1.2934100756644896e-5,7,2023-10-18,5.059614715227732e-6,grefla3,Greater Flamingo
grefla3,state,LBN-3023,North Lebanon,AS,Asia,breeding,0.027676816996378077,4.346856627416741e-6,5.425704495296149e-6,0.01297183977782946,4.625988147827395e-5,70,2023-06-28,2.3160695888269326e-5,grefla3,Greater Flamingo
grefla3,state,LBN-3023,North Lebanon,AS,Asia,nonbreeding,0.125960292833945,2.291633790303385e-5,3.266944706895646e-5,0.004677090315619103,2.1950387467086937e-5,77,2023-01-11,5.265456000048526e-5,grefla3,Greater Flamingo
grefla3,state,LBN-3023,North Lebanon,AS,Asia,postbreeding_migration,0.054375997945785945,4.366548084789914e-6,5.599221891423459e-6,0.008824465046724283,2.752018504182964e-5,126,2023-08-23,3.0151094988511377e-5,grefla3,Greater Flamingo
grefla3,state,LBN-3024,Beirut,AS,Asia,breeding,0.3551850799006393,1.9200724066869565e-6,2.3966158493813942e-6,0.17474247024176828,2.144890516048124e-5,42,2023-07-12,2.292012126238676e-5,grefla3,Greater Flamingo
grefla3,state,LBN-3024,Beirut,AS,Asia,postbreeding_migration,0.05712320091829195,1.578873225346617e-7,2.024588154184607e-7,0.12049514790031544,1.2934100756644896e-5,7,2023-08-09,1.532749545246455e-5,grefla3,Greater Flamingo
grefla3,state,LBN-3025,Mount Lebanon,AS,Asia,breeding,0.0045633852430690385,7.379886972099786e-7,9.211503702871148e-7,0.006242299259030729,2.2921916587137525e-5,35,2023-07-12,1.1881593159154203e-5,grefla3,Greater Flamingo
grefla3,state,LBN-3025,Mount Lebanon,AS,Asia,postbreeding_migration,0.008912160165973695,7.369149922043781e-7,9.44945635854007e-7,0.0040278183351266,1.2934100756644896e-5,35,2023-08-16,1.2449780185586514e-5,grefla3,Greater Flamingo
grefla3,state,LBN-3060,South Lebanon,AS,Asia,breeding,0.009064898977130378,7.294766817692518e-7,9.105257547547116e-7,0.008094387768915395,1.4790273915872922e-5,56,2023-07-12,4.2278450676643005e-6,grefla3,Greater Flamingo
grefla3,state,LBN-3060,South Lebanon,AS,Asia,postbreeding_migration,0.004972083863677306,2.0457790328187558e-7,2.6233011805079e-7,0.008094387768915395,1.2934100756644896e-5,21,2023-08-16,4.587949282012879e-6,grefla3,Greater Flamingo
grefla3,state,LBY-2966,Al Marqab,AF,Africa,postbreeding_migration,0.18352496434733043,5.6108548785055355e-5,3.1463964663326405e-4,0.003268072261592856,3.880230226993468e-5,14,2023-11-08,1.3299119399882834e-4,grefla3,Greater Flamingo
grefla3,state,LBY-2970,Misratah,AF,Africa,postbreeding_migration,0.39834464388929486,7.403280059032395e-4,0.004151533896598436,0.002150405356931211,1.5520920907973872e-4,14,2023-11-15,0.0016711285093857478,grefla3,Greater Flamingo
grefla3,state,LBY-2974,An Nuqat al Khams,AF,Africa,nonbreeding,4.7898836512845655,0.0026276280437847917,0.012489041680768698,0.07917951271308316,0.0011204864976061425,35,2023-02-15,0.0029906065149213016,grefla3,Greater Flamingo
grefla3,state,LBY-2974,An Nuqat al Khams,AF,Africa,postbreeding_migration,15.64970248034984,0.003789347730761521,0.021249507549105102,0.086056780153704,8.092364263210654e-4,28,2023-11-08,0.010467647021812786,grefla3,Greater Flamingo
grefla3,state,LBY-2975,Az Zawiyah,AF,Africa,postbreeding_migration,0.005405654333531959,6.929042179073212e-7,3.885595742428586e-6,3.6470632204946567e-4,1.8155164218203012e-6,7,2023-11-15,3.360815657687714e-5,grefla3,Greater Flamingo
grefla3,state,LBY-2978,Tajura' wa an Nawahi al Arba,AF,Africa,nonbreeding,0.8057113460037886,1.9285479789175327e-4,9.16633392958108e-4,0.012609383570269797,7.785736530675803e-5,14,2023-02-08,2.1262828334499967e-4,grefla3,Greater Flamingo
grefla3,state,LBY-2978,Tajura' wa an Nawahi al Arba,AF,Africa,postbreeding_migration,2.537637564467269,2.681019752813554e-4,0.001503434193020405,0.02162393700860407,8.872318887469396e-5,42,2023-11-15,7.259241543991154e-4,grefla3,Greater Flamingo
grefla3,state,LKA-2457,Mannārama,AS,Asia,breeding,2.2305373930078103,4.0098393788576937e-4,5.005042817851812e-4,0.33558229689103214,0.001369809823975623,63,2023-04-26,0.0019830838294561995,grefla3,Greater Flamingo
grefla3,state,LKA-2457,Mannārama,AS,Asia,nonbreeding,17.026316507194515,0.003545606643500067,0.005054603796526796,0.3210887401783757,0.0017248439313811864,77,2023-01-25,0.009165947262019228,grefla3,Greater Flamingo
grefla3,state,LKA-2457,Mannārama,AS,Asia,postbreeding_migration,0.3073844381850276,2.825342990624793e-5,3.622935558408558e-5,0.21601045401161653,7.71073941908295e-4,77,2023-11-29,2.7330895094792657e-4,grefla3,Greater Flamingo
grefla3,state,LKA-2458,Mulativ,AS,Asia,breeding,0.23338086946340536,4.746922373303872e-5,5.925062698689156e-5,0.07808511615165813,3.606275512105765e-4,42,2023-03-08,4.529900238072073e-4,grefla3,Greater Flamingo
grefla3,state,LKA-2458,Mulativ,AS,Asia,nonbreeding,1.9675548919032095,4.6358152030001387e-4,6.608801111098409e-4,0.07488264242839728,4.5512982700968336e-4,77,2023-01-25,0.0013926093529335708,grefla3,Greater Flamingo
grefla3,state,LKA-2458,Mulativ,AS,Asia,postbreeding_migration,0.017579849157153393,1.8282427215771551e-6,2.344354503995558e-6,0.02240614600376911,9.049359183680052e-5,14,2023-11-29,6.678994831852522e-5,grefla3,Greater Flamingo
grefla3,state,LKA-2459,Yāpanaya,AS,Asia,breeding,7.697562211187306,0.001120839239269645,0.001399020722388919,0.7705543570362144,0.0025476347588923266,77,2023-04-26,0.003745969523278997,grefla3,Greater Flamingo
grefla3,state,LKA-2459,Yāpanaya,AS,Asia,nonbreeding,26.79467476605283,0.004519506245348635,0.006442991488648294,0.7044912532364375,0.0030652999992213763,77,2023-02-01,0.00953450805299057,grefla3,Greater Flamingo
grefla3,state,LKA-2459,Yāpanaya,AS,Asia,postbreeding_migration,2.161514398408526,1.6092372783327996e-4,2.0635239604304588e-4,0.49278657913642815,0.0014247963016610148,91,2023-11-29,0.0012325267826747096,grefla3,Greater Flamingo
grefla3,state,LKA-2460,Kilinŏchchi,AS,Asia,breeding,3.5090800807993787,4.8371092415605354e-4,6.037633077346357e-4,0.5233442293292148,0.0016380374322706428,63,2023-03-08,0.002594023067643601,grefla3,Greater Flamingo
grefla3,state,LKA-2460,Kilinŏchchi,AS,Asia,nonbreeding,21.17332666287364,0.003380913782857652,0.004819818259842941,0.4655421589631017,0.001917603850609492,77,2023-02-01,0.006986340776229239,grefla3,Greater Flamingo
grefla3,state,LKA-2460,Kilinŏchchi,AS,Asia,postbreeding_migration,0.5201173242520515,3.6657746910110765e-5,4.700620604736297e-5,0.3129631092816727,8.566226484585991e-4,77,2023-11-29,6.449013253283784e-4,grefla3,Greater Flamingo
grefla3,state,LKA-2462,Puttalama,AS,Asia,breeding,0.32158328162963934,9.476436400186197e-5,1.1828396467364995e-4,0.08620758295271998,5.76820682719044e-4,49,2023-03-08,7.133925416253896e-4,grefla3,Greater Flamingo
grefla3,state,LKA-2462,Puttalama,AS,Asia,nonbreeding,3.176246318829271,0.0010842218270247057,0.0015456626507633043,0.13041659985155074,0.0011483961382746809,77,2023-01-25,0.0034242511723668856,grefla3,Greater Flamingo
grefla3,state,LKA-2462,Puttalama,AS,Asia,postbreeding_migration,0.019101581191921044,2.8780129309484867e-6,3.6904741901043047e-6,0.03315676267412307,1.9401151134967344e-4,21,2023-11-29,8.153728902866242e-5,grefla3,Greater Flamingo
grefla3,state,LKA-2470,Kŏḷamba,AS,Asia,nonbreeding,0.002716892452261974,1.7852627698703515e-7,2.545064041699992e-7,0.010702519524095478,1.814139203402828e-5,7,2023-12-13,2.113237520713447e-6,grefla3,Greater Flamingo
grefla3,state,LKA-2471,Gampaha,AS,Asia,nonbreeding,9.975382868180668e-5,1.3018913400825534e-8,1.8559715083765213e-8,3.92955303836726e-4,1.322949292661227e-6,7,2023-12-13,2.113237520713447e-6,grefla3,Greater Flamingo
grefla3,state,LSO-1202,Berea,AF,Africa,breeding,1.1895472912261528e-5,1.778966252461926e-9,1.2347115953667477e-8,3.6148325779583154e-5,1.2274899658849705e-7,42,2023-07-12,1.2886644264123148e-6,grefla3,Greater Flamingo
grefla3,state,LSO-1202,Berea,AF,Africa,nonbreeding,5.641860065254085e-4,9.773737912308295e-8,4.645429951642154e-7,0.004312026353532056,1.926968716186362e-5,35,2023-12-27,2.6880067848592653e-6,grefla3,Greater Flamingo
grefla3,state,LSO-1202,Berea,AF,Africa,postbreeding_migration,2.1796917956929408e-6,1.6666826679941138e-10,9.346248603156351e-10,3.6148325779583154e-5,1.073440491151971e-7,7,2023-11-29,1.007866453320685e-6,grefla3,Greater Flamingo
grefla3,state,LSO-1203,Maseru,AF,Africa,breeding,7.65044405644081e-4,2.1244480952284153e-7,1.474497165588848e-6,0.0023248402661287817,1.4658730688833737e-5,42,2023-07-12,1.2886644264123148e-6,grefla3,Greater Flamingo
grefla3,state,LSO-1203,Maseru,AF,Africa,nonbreeding,0.0019671652099191124,6.327799327297625e-7,3.0075851006799777e-6,0.0023248402661287817,1.9291227408389647e-5,35,2023-01-11,1.8658046527187783e-6,grefla3,Greater Flamingo
grefla3,state,LSO-1203,Maseru,AF,Africa,postbreeding_migration,1.401845077217829e-4,1.9903586223011216e-8,1.1161324738470105e-7,0.0023248402661287817,1.2819066149303842e-5,7,2023-11-29,1.007866453320685e-6,grefla3,Greater Flamingo
grefla3,state,LSO-1212,Leribe,AF,Africa,breeding,0.0012382639145230637,2.422918841994127e-7,1.6816541543172128e-6,0.003328946387115368,1.4790273915872922e-5,42,2023-07-05,1.1500228227718386e-6,grefla3,Greater Flamingo
grefla3,state,LSO-1212,Leribe,AF,Africa,nonbreeding,7.602287154010597e-6,1.7231468953938944e-9,8.1900683963107e-9,6.091924460734231e-5,3.561946731827334e-7,7,2023-12-27,1.1283293081881386e-6,grefla3,Greater Flamingo
grefla3,state,LSO-3453,Mafeteng,AF,Africa,breeding,0.005489154385050535,1.066988111411284e-6,7.405551350143868e-6,0.009551494457959995,4.2156954470895055e-5,49,2023-07-05,6.3505038914294045e-6,grefla3,Greater Flamingo
grefla3,state,LSO-3453,Mafeteng,AF,Africa,nonbreeding,0.008527812963725706,1.920189909458595e-6,9.126608262133462e-6,0.006640228898072511,3.85695387918822e-5,42,2023-12-27,8.852951252107448e-6,grefla3,Greater Flamingo
grefla3,state,LSO-3453,Mafeteng,AF,Africa,postbreeding_migration,0.006914394141305356,6.871951715315723e-7,3.853581149765355e-6,0.004720570025091482,1.8220167604441195e-5,105,2023-10-25,4.41249377019013e-6,grefla3,Greater Flamingo
grefla3,state,MAR-1445,Tanger - Tétouan,AF,Africa,breeding,0.3406457227654414,3.0630778029785906e-4,0.002125963702579632,0.01955875143592897,3.993373957285689e-4,133,2023-03-08,6.982710706414682e-4,grefla3,Greater Flamingo
grefla3,state,MAR-1445,Tanger - Tétouan,AF,Africa,nonbreeding,0.5625028405690423,5.859117258537715e-4,0.002784821840650971,0.03114912265722021,8.369666770476487e-4,77,2023-02-15,0.0017848541247606124,grefla3,Greater Flamingo
grefla3,state,MAR-1445,Tanger - Tétouan,AF,Africa,postbreeding_migration,0.3865820888757758,1.7773323630200367e-4,9.966738380505714e-4,0.01955875143592897,3.4922072042941217e-4,126,2023-08-02,9.278679906510788e-4,grefla3,Greater Flamingo
grefla3,state,MAR-1446,Fès - Boulemane,AF,Africa,breeding,0.005134586365497658,7.363838840394226e-6,5.1109554158568115e-5,4.541858911938848e-4,1.4790273915872922e-5,0,2023-03-08,1.846352047289101e-5,grefla3,Greater Flamingo
grefla3,state,MAR-1446,Fès - Boulemane,AF,Africa,nonbreeding,6.448347933581075e-4,1.0712717598328783e-06,5.091724337327492e-6,4.541858911938848e-4,1.9464341326689503e-5,0,2023-02-01,1.230162842698468e-5,grefla3,Greater Flamingo
grefla3,state,MAR-1447,Taza - Al Hoceima - Taounate,AF,Africa,breeding,0.10143914822575412,1.645442690264529e-4,0.001142038060794833,0.00760041006514716,2.7993548727801555e-4,133,2023-04-26,4.977979627943275e-4,grefla3,Greater Flamingo
grefla3,state,MAR-1447,Taza - Al Hoceima - Taounate,AF,Africa,nonbreeding,0.059773042860906914,1.123142635116412e-4,5.338265138627854e-4,0.009839968616711652,4.7695580695736046e-4,70,2023-01-18,2.8310717877050464e-4,grefla3,Greater Flamingo
grefla3,state,MAR-1447,Taza - Al Hoceima - Taounate,AF,Africa,postbreeding_migration,0.02005978042967029,1.663700604578675e-5,9.32952610008706e-5,0.003799902738319266,1.223921139700083e-4,70,2023-11-29,1.6919047521287935e-4,grefla3,Greater Flamingo
grefla3,state,MAR-1448,Gharb - Chrarda - Béni Hssen,AF,Africa,breeding,0.4882662565469054,3.2675461563090125e-4,0.002267877269738782,0.04600119862887826,6.990012191099542e-4,133,2023-04-12,9.55435321008778e-4,grefla3,Greater Flamingo
grefla3,state,MAR-1448,Gharb - Chrarda - Béni Hssen,AF,Africa,nonbreeding,0.8297548386543082,6.432313375507742e-4,0.0030572603318227355,0.057891066945839606,0.0011576674795442225,77,2023-02-15,0.0017571063618667662,grefla3,Greater Flamingo
grefla3,state,MAR-1448,Gharb - Chrarda - Béni Hssen,AF,Africa,postbreeding_migration,0.4905661532597741,1.6785505799041578e-4,9.412800237274636e-4,0.0488949233376861,6.497294874014853e-4,126,2023-11-29,9.135538820914244e-4,grefla3,Greater Flamingo
grefla3,state,MAR-1449,Chaouia - Ouardigha,AF,Africa,breeding,0.02278809650669361,2.7412751297109233e-5,1.902612927063945e-4,0.004349421812518808,1.188009381082965e-4,98,2023-03-08,1.334094931440059e-4,grefla3,Greater Flamingo
grefla3,state,MAR-1449,Chaouia - Ouardigha,AF,Africa,nonbreeding,0.03320586480089513,4.6271305517230456e-5,2.1992620477436333e-4,0.007946805807757886,2.856567146076256e-4,77,2023-02-15,1.033593338939618e-4,grefla3,Greater Flamingo
grefla3,state,MAR-1449,Chaouia - Ouardigha,AF,Africa,postbreeding_migration,0.025596361362556285,1.5743259036098332e-5,8.828340007420195e-5,0.006978906689406492,1.6670006000898534e-4,105,2023-08-23,7.326526951117267e-5,grefla3,Greater Flamingo
grefla3,state,MAR-1450,Grand Casablanca,AF,Africa,breeding,0.13477843775914644,9.143707129299243e-6,6.346293079792418e-5,0.0606908273112153,9.349076485586022e-5,91,2023-04-26,4.349263901960537e-5,grefla3,Greater Flamingo
grefla3,state,MAR-1450,Grand Casablanca,AF,Africa,nonbreeding,0.38213403428592896,3.003101357209925e-5,1.4273655706515062e-4,0.1011027499931222,2.049614185911779e-4,77,2023-01-04,6.094969292195619e-5,grefla3,Greater Flamingo
grefla3,state,MAR-1450,Grand Casablanca,AF,Africa,postbreeding_migration,0.4679074369179462,1.6230566173747505e-5,9.10160700311309e-5,0.0822042527015263,1.1073883832458904e-4,105,2023-09-27,7.449677197123692e-5,grefla3,Greater Flamingo
grefla3,state,MAR-1451,Rabat - Salé - Zemmour - Zaer,AF,Africa,breeding,0.00805822873094103,5.658595454640795e-6,3.927412007768874e-5,0.007437736123059758,1.185915070618572e-4,28,2023-04-26,5.896959893902992e-5,grefla3,Greater Flamingo
grefla3,state,MAR-1451,Rabat - Salé - Zemmour - Zaer,AF,Africa,nonbreeding,0.0315708738191778,2.5680769927428912e-5,1.2205997221582376e-4,0.014263857104617387,2.9930453399489406e-4,70,2023-01-04,5.019418161623326e-5,grefla3,Greater Flamingo
grefla3,state,MAR-1451,Rabat - Salé - Zemmour - Zaer,AF,Africa,postbreeding_migration,0.016917062872383985,6.0738750254166165e-6,3.406044057587019e-5,0.008348451045907672,1.1640690680980406e-4,63,2023-11-29,6.0041956746260264e-5,grefla3,Greater Flamingo
grefla3,state,MAR-1452,Meknès - Tafilalet,AF,Africa,breeding,0.010981780777996488,4.684462790078939e-5,3.251304243107514e-4,9.315815897663472e-4,9.023015156809932e-5,7,2023-03-22,1.1148015413471996e-4,grefla3,Greater Flamingo
grefla3,state,MAR-1452,Meknès - Tafilalet,AF,Africa,nonbreeding,9.420019673518876e-4,4.654694852445402e-6,2.2123632818181067e-5,3.827044846366866e-4,4.878180160878694e-5,0,2023-12-06,2.958697363056097e-5,grefla3,Greater Flamingo
grefla3,state,MAR-1452,Meknès - Tafilalet,AF,Africa,postbreeding_migration,1.9690834370576551e-4,4.294602527311814e-7,2.408282250892258e-6,2.3000223768069304e-4,1.9481521560538544e-5,0,2023-11-29,2.1538930077564003e-5,grefla3,Greater Flamingo
grefla3,state,MAR-1453,Tadla - Azilal,AF,Africa,breeding,0.0440315688010621,5.248556046497161e-5,3.6428195310472854e-4,0.003770209768535131,1.0204340933824868e-4,84,2023-05-03,1.1778870859004542e-4,grefla3,Greater Flamingo
grefla3,state,MAR-1453,Tadla - Azilal,AF,Africa,nonbreeding,0.011721971571981682,1.6185597099828015e-5,7.692968465838041e-5,0.004641497215994992,1.6532595298479762e-4,42,2023-12-06,5.446722110612739e-5,grefla3,Greater Flamingo
grefla3,state,MAR-1453,Tadla - Azilal,AF,Africa,postbreeding_migration,0.0025545317894102378,1.5568932081117052e-6,8.73058276239843e-6,0.004095039237390066,9.692538524926552e-5,14,2023-11-29,5.042647912964641e-5,grefla3,Greater Flamingo
grefla3,state,MAR-1454,Oriental,AF,Africa,breeding,0.050494648033205095,2.1476984719902013e-4,0.0014906343518590734,0.003763972601054642,3.635115196683117e-4,126,2023-03-22,6.091671943069068e-4,grefla3,Greater Flamingo
grefla3,state,MAR-1454,Oriental,AF,Africa,nonbreeding,0.07091170161288517,3.493801665302907e-4,0.0016605940374824538,0.008226586330079198,0.001045574249616104,77,2023-01-18,7.402147365326671e-4,grefla3,Greater Flamingo
grefla3,state,MAR-1454,Oriental,AF,Africa,postbreeding_migration,0.02648311181614208,5.759288120347402e-5,3.229633305946275e-4,0.002616834947727638,2.210080427542724e-4,105,2023-08-09,5.087712695148756e-4,grefla3,Greater Flamingo
grefla3,state,MAR-1455,Souss - Massa - Draâ,AF,Africa,breeding,0.03320217896836889,1.7452358555989796e-4,0.0012113006329241684,0.0054525240144209074,6.507720522984085e-4,84,2023-03-08,3.4624009604056487e-4,grefla3,Greater Flamingo
grefla3,state,MAR-1455,Souss - Massa - Draâ,AF,Africa,nonbreeding,0.04532715642260238,2.7599320967127295e-4,0.0013117879097639782,0.013613839370829014,0.0021383334187079312,77,2023-01-25,3.909024425106428e-4,grefla3,Greater Flamingo
grefla3,state,MAR-1455,Souss - Massa - Draâ,AF,Africa,postbreeding_migration,0.039126335698747045,1.051546664331397e-4,5.896753312068252e-4,0.017123515619104246,0.0017872457108941248,105,2023-08-23,6.073496713848688e-4,grefla3,Greater Flamingo
grefla3,state,MAR-1456,Marrakech - Tensift - Al Haouz,AF,Africa,breeding,0.05755085946063851,1.348208732608909e-4,9.35739479500078e-4,0.008589495485946912,4.5689535603719075e-4,84,2023-03-15,2.9487259511199365e-4,grefla3,Greater Flamingo
grefla3,state,MAR-1456,Marrakech - Tensift - Al Haouz,AF,Africa,nonbreeding,0.0490302518008854,1.330521287788017e-4,6.323930002056087e-4,0.014965289855421005,0.0010476053689739014,77,2023-12-06,2.3257667549165024e-4,grefla3,Greater Flamingo
grefla3,state,MAR-1456,Marrakech - Tensift - Al Haouz,AF,Africa,postbreeding_migration,0.04066313166187666,4.8705496775195425e-5,2.7312558649755764e-4,0.018739286629056225,8.716902024719379e-4,105,2023-08-23,2.2826540183595184e-4,grefla3,Greater Flamingo
grefla3,state,MAR-1457,Doukkala - Abda,AF,Africa,breeding,0.15515578431649635,1.6330000549294923e-4,0.0011334021093798872,0.02150951278135316,5.140348542684863e-4,84,2023-03-08,3.97348177404033e-4,grefla3,Greater Flamingo
grefla3,state,MAR-1457,Doukkala - Abda,AF,Africa,nonbreeding,0.26123621731509344,3.184960104679106e-4,0.001513802518320992,0.04601620450774267,0.0014472257572258507,77,2023-12-27,4.506330937190192e-4,grefla3,Greater Flamingo
grefla3,state,MAR-1457,Doukkala - Abda,AF,Africa,postbreeding_migration,0.26596930535484975,1.4312700379457558e-4,8.026126298529014e-4,0.04977157052675789,0.0010401676957140235,105,2023-09-27,5.944616475508868e-4,grefla3,Greater Flamingo
grefla3,state,MAR-3456,Laâyoune - Boujdour - Sakia El Hamra,AF,Africa,breeding,0.26492577529272593,0.0014428876356914386,0.010014524402214089,0.046094228773879295,0.005700311868101387,63,2023-04-19,0.0029065290874979092,grefla3,Greater Flamingo
grefla3,state,MAR-3456,Laâyoune - Boujdour - Sakia El Hamra,AF,Africa,nonbreeding,0.3918213703381794,0.00247200189239643,0.01174935499036966,0.2567132036319777,0.04177955067420128,77,2023-01-25,0.004046450032207116,grefla3,Greater Flamingo
grefla3,state,MAR-3456,Laâyoune - Boujdour - Sakia El Hamra,AF,Africa,postbreeding_migration,0.4932690583298171,0.001373611773187861,0.007702796316882024,0.21508309119144883,0.023260463049844728,84,2023-08-30,0.001545376316615576,grefla3,Greater Flamingo
grefla3,state,MAR-3457,Guelmim - Es-Semara,AF,Africa,breeding,0.05233993851297547,3.862470775784297e-4,0.002680791413005254,0.00846471114569255,0.0014183646766733732,70,2023-03-08,7.34911612845537e-4,grefla3,Greater Flamingo
grefla3,state,MAR-3457,Guelmim - Es-Semara,AF,Africa,nonbreeding,0.06605823581239317,5.646916307577818e-4,0.0026839633295879057,0.07988908309834948,0.017616786683420583,77,2023-02-01,8.829982475730868e-4,grefla3,Greater Flamingo
grefla3,state,MAR-3457,Guelmim - Es-Semara,AF,Africa,postbreeding_migration,0.23762731187321537,8.966029967154846e-4,0.005027876431764449,0.30854108485007675,0.045211486786834634,105,2023-08-30,0.003958441145143715,grefla3,Greater Flamingo
grefla3,state,MAR-3469,Oued el Dahab,AF,Africa,breeding,0.08345357309572958,4.648651072963108e-4,0.003226448716864834,0.021480321562236827,0.0027168556092807324,42,2023-04-12,0.0013361286924897132,grefla3,Greater Flamingo
grefla3,state,MAR-3469,Oued el Dahab,AF,Africa,nonbreeding,0.20589320244274065,0.001328545411685055,0.006314538718893198,0.024722010411879908,0.004115030504578754,42,2023-02-01,0.001822520754156299,grefla3,Greater Flamingo
grefla3,state,MDG-5864,Androy,AF,Africa,postbreeding_migration,0.013060917208944946,7.949602622157065e-6,4.45789494483697e-5,0.00328309757748474,7.760460453986936e-5,14,2023-11-08,1.5034891255631582e-5,grefla3,Greater Flamingo
grefla3,state,MDG-5865,Anosy,AF,Africa,postbreeding_migration,0.015603693673307292,1.8056144870082986e-5,1.012533591493482e-4,0.0014390526161735884,6.467050378322448e-5,7,2023-11-08,4.931507619605482e-5,grefla3,Greater Flamingo
grefla3,state,MDG-5866,Atsimo-Andrefana,AF,Africa,postbreeding_migration,0.2474644243226339,6.490216262958407e-4,0.003639515538663529,0.05104338593559781,0.005198976165438769,56,2023-11-08,0.002485175707362256,grefla3,Greater Flamingo
grefla3,state,MDG-5878,Menabe,AF,Africa,postbreeding_migration,0.09977206761170464,1.878335398156172e-4,0.0010533132628303217,0.018228496233170955,0.0013327447166669034,35,2023-11-08,6.93060380836335e-4,grefla3,Greater Flamingo
grefla3,state,MKD-2894,Resen,EU,Europe,breeding,0.032673255569428176,1.672546609212433e-6,3.0542856328976675e-5,0.02544934607411784,2.9580547831745843e-5,42,2023-03-29,1.1399571053663477e-5,grefla3,Greater Flamingo
grefla3,state,MKD-2894,Resen,EU,Europe,postbreeding_migration,0.02032736743972027,5.320332679694086e-7,1.2720602587003218e-5,0.01272467303705892,1.2934100756644896e-5,14,2023-11-15,1.2283491427253668e-5,grefla3,Greater Flamingo
grefla3,state,MKD-3000,Dojran,EU,Europe,breeding,0.00951341538314464,9.484141509513933e-8,1.731926452352612e-6,0.005037196384269231,1.140234597736524e-6,21,2023-03-29,1.1260037678327943e-5,grefla3,Greater Flamingo
grefla3,state,MKD-3000,Dojran,EU,Europe,postbreeding_migration,0.16358715306135926,8.338397461011476e-7,1.9936618008651023e-5,0.0057973335760793535,1.147608204219255e-6,56,2023-11-01,1.0797305112873808e-4,grefla3,Greater Flamingo
grefla3,state,MKD-4845,Struga,EU,Europe,breeding,0.0042857754347952505,1.766447980632873e-7,3.225761637248832e-6,0.01580378125541047,1.4790273915872922e-5,7,2023-05-10,4.059384560232321e-6,grefla3,Greater Flamingo
grefla3,state,MLT-5925,Mellieħa,EU,Europe,nonbreeding,0.8795083340975248,6.555091230879826e-6,7.436758595931822e-5,0.14763147022808518,2.8383935081075426e-5,28,2023-01-25,3.186131731008018e-5,grefla3,Greater Flamingo
grefla3,state,MLT-5925,Mellieħa,EU,Europe,postbreeding_migration,0.9465723430960948,3.113952927255326e-6,7.445278340099582e-5,0.350108633374949,4.4729393374187816e-5,91,2023-08-16,5.495782978573116e-5,grefla3,Greater Flamingo
grefla3,state,MLT-5926,San Pawl il-Bahar,EU,Europe,nonbreeding,0.2784975235268921,7.058093234457835e-7,8.007414951751543e-6,0.1612929019542453,1.0544747572303589e-5,7,2023-01-25,1.3893959996801045e-5,grefla3,Greater Flamingo
grefla3,state,MLT-5926,San Pawl il-Bahar,EU,Europe,postbreeding_migration,0.6076757069025025,6.797627761490146e-7,1.6252728258577317e-5,0.3518556839258716,1.5285583826973826e-5,42,2023-08-16,2.5989707356811957e-5,grefla3,Greater Flamingo
grefla3,state,MLT-5928,Naxxar,EU,Europe,postbreeding_migration,0.12774586924408118,1.0289652609121319e-7,2.460195432863028e-6,0.14882743875495724,4.655526582062832e-6,14,2023-08-16,1.2052465607399792e-5,grefla3,Greater Flamingo
grefla3,state,MLT-5933,Swieqi,EU,Europe,postbreeding_migration,0.11318204891075036,1.3199165284910081e-8,3.1558428049120493e-7,0.18136526957832463,8.21400565320978e-7,7,2023-08-16,1.6548148458422166e-5,grefla3,Greater Flamingo
grefla3,state,MLT-5934,Pembroke,EU,Europe,postbreeding_migration,0.14705319043989937,8.693647934914045e-8,2.07860010020504e-6,0.235641091349353,5.410165850869256e-6,7,2023-08-16,1.6548148458422166e-5,grefla3,Greater Flamingo
grefla3,state,MLT-5935,San Giljan,EU,Europe,postbreeding_migration,0.4806895890704831,8.291807388945715e-8,1.982522388596573e-6,0.7702669967921179,5.160095452853534e-6,7,2023-08-16,1.6548148458422166e-5,grefla3,Greater Flamingo
grefla3,state,MLT-5936,Sliema,EU,Europe,postbreeding_migration,0.2246453500650128,1.1363476722808125e-7,2.716940464065405e-6,0.18777288288562508,3.688744909311581e-6,14,2023-08-16,3.7590788390317464e-5,grefla3,Greater Flamingo
grefla3,state,MLT-5949,Valletta,EU,Europe,postbreeding_migration,1.4181103911491113,1.8584284554504333e-7,4.443393156294594e-6,0.8820970417332806,4.4893568589514015e-6,14,2023-08-16,2.10426399318953e-5,grefla3,Greater Flamingo
grefla3,state,MLT-5950,Kalkara,EU,Europe,postbreeding_migration,0.42743546490728246,2.0626161780887013e-7,4.931593994324894e-6,0.26587461842168986,4.982607783113343e-6,14,2023-08-16,2.10426399318953e-5,grefla3,Greater Flamingo
grefla3,state,MLT-5951,Birgu,EU,Europe,postbreeding_migration,1.0213254981585986,4.6748566542966864e-8,1.1177307366037668e-6,0.6352877788607505,1.1292928562318378e-6,14,2023-08-16,2.10426399318953e-5,grefla3,Greater Flamingo
grefla3,state,MLT-5953,Isla,EU,Europe,postbreeding_migration,0.24662741215245312,7.482216740816933e-9,1.7889540252439129e-7,0.15340788138061007,1.8074594664665797e-7,14,2023-08-16,2.10426399318953e-5,grefla3,Greater Flamingo
grefla3,state,MLT-5954,Floriana,EU,Europe,postbreeding_migration,0.005140749631721638,2.3973808390724477e-10,5.73199661365733e-9,0.0031976636450415097,5.791289991198489e-9,14,2023-08-16,2.10426399318953e-5,grefla3,Greater Flamingo
grefla3,state,MLT-5956,Żabbar,EU,Europe,postbreeding_migration,0.03130933967761261,8.567355695712343e-9,2.048404368444899e-7,0.01815181929181282,1.9289679200367858e-7,21,2023-08-16,1.7100918137815605e-5,grefla3,Greater Flamingo
grefla3,state,MLT-5961,Żejtun,EU,Europe,postbreeding_migration,0.4172830958068908,8.469490667161246e-8,2.025005415591525e-6,0.2419229350285825,1.9069332914683663e-6,21,2023-08-16,1.7100918137815605e-5,grefla3,Greater Flamingo
grefla3,state,MLT-5962,Marsaskala,EU,Europe,postbreeding_migration,0.364018903212083,3.429036745095746e-7,8.19862522076385e-6,0.21104262874743177,7.720587440098204e-6,21,2023-08-16,1.7100918137815605e-5,grefla3,Greater Flamingo
grefla3,state,MLT-5963,Marsaxlokk,EU,Europe,postbreeding_migration,1.8853221549000136,1.4710453754443977e-6,3.5171829911871375e-5,0.5193391697792371,1.5737057560485646e-5,28,2023-08-23,4.907532802200546e-5,grefla3,Greater Flamingo
grefla3,state,MLT-5968,Birżebbuġa,EU,Europe,postbreeding_migration,0.03148840373411472,3.2805949457135115e-8,7.843709607225628e-7,0.00767970029986922,3.107264292338948e-7,28,2023-08-23,3.554948181233731e-5,grefla3,Greater Flamingo
grefla3,state,MNE-1496,Bar,EU,Europe,breeding,2.532877269711833,1.1765953014215536e-4,0.002148614636550505,0.2513235021033258,2.650878555801576e-4,119,2023-03-22,6.275094642783626e-4,grefla3,Greater Flamingo
grefla3,state,MNE-1496,Bar,EU,Europe,nonbreeding,7.460524191998314,4.014529817091789e-4,0.004554488728583997,0.23730119455751425,3.29397385773233e-4,77,2023-12-06,0.0010702556128202188,grefla3,Greater Flamingo
grefla3,state,MNE-1496,Bar,EU,Europe,postbreeding_migration,8.540283194270785,2.028416187703076e-4,0.0048498238283660455,0.22327888701170265,2.0595123962343165e-4,126,2023-11-01,0.001646162122819056,grefla3,Greater Flamingo
grefla3,state,MNE-1497,Ulcinj,EU,Europe,breeding,9.226386275885233,2.668683411150126e-4,0.0048733597954954844,0.3424277488598178,2.2489414022508093e-4,133,2023-04-19,8.413478046429949e-4,grefla3,Greater Flamingo
grefla3,state,MNE-1497,Ulcinj,EU,Europe,nonbreeding,11.361522672880884,3.806749893408784e-4,0.004318762164439101,0.36494767844519355,3.154302127238043e-4,77,2023-12-20,6.559530772496522e-4,grefla3,Greater Flamingo
grefla3,state,MNE-1497,Ulcinj,EU,Europe,postbreeding_migration,13.913549011829916,2.057667403471143e-4,0.0049197617652158255,0.36494767844519355,2.096041209195909e-4,126,2023-11-01,0.0010680561736642542,grefla3,Greater Flamingo
grefla3,state,MNE-1499,Budva,EU,Europe,breeding,0.9264999965050336,1.2859328883291367e-5,2.348279159493026e-4,0.09386194841248506,2.9580547831745843e-5,70,2023-03-22,5.6223472099731426e-5,grefla3,Greater Flamingo
grefla3,state,MNE-1499,Budva,EU,Europe,nonbreeding,0.8277610044335111,1.3308534248534796e-5,1.5098547523763464e-4,0.09386194841248506,3.892868265337901e-5,21,2023-12-20,6.188706682024015e-5,grefla3,Greater Flamingo
grefla3,state,MNE-1499,Budva,EU,Europe,postbreeding_migration,1.857899616507368,1.3184600025893503e-5,3.1523603371289016e-4,0.09386194841248506,2.586820151328979e-5,70,2023-11-01,9.756975972077276e-5,grefla3,Greater Flamingo
grefla3,state,MNE-1500,Cetinje,EU,Europe,breeding,0.027240255832079983,1.9071329388033669e-6,3.4826704995419324e-5,0.00945677558057345,1.503337995182404e-5,28,2023-03-08,3.410458438511618e-5,grefla3,Greater Flamingo
grefla3,state,MNE-1500,Cetinje,EU,Europe,nonbreeding,0.32314357871419486,2.6207023441782293e-5,2.973189845723968e-4,0.027062328889423577,5.661639509720019e-5,63,2023-02-08,9.751152508685936e-5,grefla3,Greater Flamingo
grefla3,state,MNE-1500,Cetinje,EU,Europe,postbreeding_migration,0.1333422934464904,4.773198969605051e-6,1.141243805914226e-4,0.017758479612292197,2.4687627426938583e-5,42,2023-11-15,1.088745521568753e-4,grefla3,Greater Flamingo
grefla3,state,MNE-1506,Herceg Novi,EU,Europe,breeding,1.0699674465995233,2.8020597296929008e-5,5.116922140036544e-4,0.12663765005780617,7.530320018363537e-5,42,2023-03-22,1.6706754255155153e-4,grefla3,Greater Flamingo
grefla3,state,MNE-1506,Herceg Novi,EU,Europe,nonbreeding,1.1622461359875118,3.525797104431249e-5,4.000020899842045e-4,0.1243642718934838,9.732170663344751e-5,28,2023-12-13,1.5433639971134975e-4,grefla3,Greater Flamingo
grefla3,state,MNE-1506,Herceg Novi,EU,Europe,postbreeding_migration,2.126435208734965,2.8472841537548916e-5,6.807688983514902e-4,0.12663765005780617,6.585268021491244e-5,70,2023-11-01,2.5176644046343824e-4,grefla3,Greater Flamingo
grefla3,state,MNE-1507,Kotor,EU,Europe,breeding,0.6540625797409629,1.709439474813459e-5,3.1216567595024423e-4,0.07476860543082679,4.437082174761877e-5,49,2023-03-22,8.949893984038897e-5,grefla3,Greater Flamingo
grefla3,state,MNE-1507,Kotor,EU,Europe,nonbreeding,0.552109564014435,1.6715219258130408e-5,1.8963435614015387e-4,0.07476860543082679,5.839302398006851e-5,14,2023-12-13,9.557259044175278e-5,grefla3,Greater Flamingo
grefla3,state,MNE-1507,Kotor,EU,Europe,postbreeding_migration,1.1784923545603168,1.574827636453216e-5,3.765320274577794e-4,0.07476860543082679,3.880230226993468e-5,70,2023-11-01,1.298618768955787e-4,grefla3,Greater Flamingo
grefla3,state,MNE-1517,Podgorica,EU,Europe,breeding,1.6129690501479144,1.6555648699239034e-4,0.0030232747886886724,0.0990299274633338,2.3079712527181729e-4,70,2023-04-12,0.0012973218342761444,grefla3,Greater Flamingo
grefla3,state,MNE-1517,Podgorica,EU,Europe,nonbreeding,7.676569592377623,9.127245694068588e-4,0.01035487081442737,0.09971349320216114,3.0583089778626367e-4,77,2023-12-06,0.002171951189802369,grefla3,Greater Flamingo
grefla3,state,MNE-1517,Podgorica,EU,Europe,postbreeding_migration,7.560117308018842,3.967532885121171e-4,0.009486137826515514,0.09364277498815649,1.9085266634546945e-4,126,2023-11-22,0.002424232013643934,grefla3,Greater Flamingo
grefla3,state,MNE-1518,Tivat,EU,Europe,breeding,0.7561879408203414,2.9170540086205253e-6,5.3269165115293984e-5,0.15342300150306346,1.3438443311602163e-5,35,2023-03-22,1.9489316337253717e-5,grefla3,Greater Flamingo
grefla3,state,MNE-1518,Tivat,EU,Europe,postbreeding_migration,1.602058697158384,3.1598391769920446e-6,7.554989664982812e-5,0.15342300150306346,1.1751924324956935e-5,49,2023-11-01,3.485929026456534e-5,grefla3,Greater Flamingo
grefla3,state,MOZ-1192,Manica,AF,Africa,breeding,0.0011768024235351898,5.429047357626134e-6,3.768091561590574e-5,9.628922640151568e-4,1.0086524306522693e-4,7,2023-06-28,1.876973046504615e-5,grefla3,Greater Flamingo
grefla3,state,MOZ-1192,Manica,AF,Africa,nonbreeding,2.3632350554180373e-5,1.2629302853940098e-7,6.002671881775182e-7,1.1980784871478464e-5,1.6516294055556312e-6,0,2023-12-06,1.9019253923350455e-6,grefla3,Greater Flamingo
grefla3,state,MOZ-1192,Manica,AF,Africa,postbreeding_migration,1.6394786210900623e-4,3.8672092003563755e-7,2.168613094803708e-6,3.7130022799312695e-4,3.401332433690954e-5,0,2023-11-29,1.1011700189195015e-5,grefla3,Greater Flamingo
grefla3,state,MOZ-1207,Gaza,AF,Africa,breeding,0.17579872157857995,9.787361560359793e-4,0.006793028698492221,0.06846525973437284,0.008654937690999917,133,2023-03-08,0.002436009071193539,grefla3,Greater Flamingo
grefla3,state,MOZ-1207,Gaza,AF,Africa,nonbreeding,0.16665187855477925,0.0010747625248283851,0.0051083158444967715,0.06274073432200342,0.010437747282112072,77,2023-02-08,0.00156604259406274,grefla3,Greater Flamingo
grefla3,state,MOZ-1207,Gaza,AF,Africa,postbreeding_migration,0.1746452186221205,4.971397073537089e-4,0.0027878080120795792,0.04810822818466998,0.005318302921401684,126,2023-08-09,0.0020878434026629987,grefla3,Greater Flamingo
grefla3,state,MOZ-1905,Sofala,AF,Africa,breeding,0.09900962608611298,4.924810929831919e-4,0.0034181205807795427,0.006915227024329506,7.810203502391621e-4,14,2023-06-21,5.33613908942973e-4,grefla3,Greater Flamingo
grefla3,state,MOZ-1905,Sofala,AF,Africa,nonbreeding,0.275089447768739,0.0015850335340147534,0.00753361950088384,0.017580642073178825,0.0026130885942353054,7,2023-12-06,0.002099493467738476,grefla3,Greater Flamingo
grefla3,state,MOZ-1905,Sofala,AF,Africa,postbreeding_migration,0.33967602160894705,8.638709390823995e-4,0.004844325025245152,0.023546444040400898,0.0023256334206864155,28,2023-11-29,0.002400495369180789,grefla3,Greater Flamingo
grefla3,state,MOZ-1925,Inhambane,AF,Africa,breeding,0.4256631770707238,0.0021954826837473577,0.015237995230647502,0.074006941462393,0.008667226698077459,105,2023-06-28,0.002572111781549955,grefla3,Greater Flamingo
grefla3,state,MOZ-1925,Inhambane,AF,Africa,nonbreeding,0.5514886058319024,0.003294980582843375,0.015660949400273953,0.06662819675715546,0.010269026012735438,56,2023-12-06,0.0046564494722849264,grefla3,Greater Flamingo
grefla3,state,MOZ-1925,Inhambane,AF,Africa,postbreeding_migration,0.4761524831932374,0.0012556882199529628,0.007041516958870008,0.06706833802578835,0.006868869524318034,126,2023-11-29,0.004209906693606632,grefla3,Greater Flamingo
grefla3,state,MOZ-1927,Maputo,AF,Africa,breeding,0.7821543620730084,0.0014270227660965766,0.009904412485135005,0.1766975321049703,0.007320026947199977,133,2023-03-15,0.0029255869544812653,grefla3,Greater Flamingo
grefla3,state,MOZ-1927,Maputo,AF,Africa,nonbreeding,0.6458386676704887,0.0013649440676494536,0.006487540499924793,0.1521383171070463,0.008294387069943053,77,2023-02-08,0.002246267500011736,grefla3,Greater Flamingo
grefla3,state,MOZ-1927,Maputo,AF,Africa,postbreeding_migration,1.0099310491243991,9.421108096051338e-4,0.0052830703812908305,0.14951903738826167,0.00541674898869804,126,2023-08-16,0.003833650932768343,grefla3,Greater Flamingo
grefla3,state,MRT-2783,Tiris Zemmour,AF,Africa,breeding,0.013433031228845406,2.5167239875457324e-4,0.0017467606737676777,0.0015992955130649134,6.803526001301544e-4,42,2023-03-29,4.1580917733004865e-4,grefla3,Greater Flamingo
grefla3,state,MRT-2783,Tiris Zemmour,AF,Africa,nonbreeding,0.013600556181212562,2.951689121271036e-4,0.0014029294805031668,0.004637761881132723,0.002596433903182091,63,2023-01-25,5.053321993036031e-4,grefla3,Greater Flamingo
grefla3,state,MRT-2784,Brakna,AF,Africa,nonbreeding,0.16557079247383388,4.5982868970953993e-4,0.0021855527403809552,0.013057930536546932,9.354952132714204e-4,77,2023-02-08,0.0014310573124785733,grefla3,Greater Flamingo
grefla3,state,MRT-2784,Brakna,AF,Africa,postbreeding_migration,0.07013283033156029,8.597123264450266e-5,4.8210047926060896e-4,0.011676648151001508,5.558811375782661e-4,56,2023-11-01,3.676392363715366e-4,grefla3,Greater Flamingo
grefla3,state,MRT-2785,Dakhlet Nouadhibou,AF,Africa,breeding,0.6712464433236991,9.122624499058788e-4,0.006331660442448851,0.08042658610827,0.0024818824147828577,35,2023-04-05,0.001953288624670487,grefla3,Greater Flamingo
grefla3,state,MRT-2785,Dakhlet Nouadhibou,AF,Africa,nonbreeding,3.8812556710819135,0.0061102986185467495,0.029042076297471516,0.11928256613783692,0.004844199667968766,77,2023-02-01,0.009907447973417026,grefla3,Greater Flamingo
grefla3,state,MRT-2785,Dakhlet Nouadhibou,AF,Africa,postbreeding_migration,0.7376406980827319,5.12571558204661e-4,0.00287434512993022,0.0945500765550439,0.0025515464259332744,42,2023-11-29,0.0012753513669266211,grefla3,Greater Flamingo
grefla3,state,MRT-2786,Inchiri,AF,Africa,breeding,8.50887153187161e-4,2.7684453210455623e-6,1.9214707048564048e-5,2.002020257697449e-4,1.4790273915872922e-5,0,2023-04-05,4.254017663455002e-6,grefla3,Greater Flamingo
grefla3,state,MRT-2786,Inchiri,AF,Africa,nonbreeding,0.12164442282318852,4.584675135141643e-4,0.0021790831084712464,0.010984815889908996,0.0010679822297999103,77,2023-01-04,0.0011802401350606844,grefla3,Greater Flamingo
grefla3,state,MRT-2786,Inchiri,AF,Africa,postbreeding_migration,0.08315207006628131,1.383276126294255e-4,7.756991064601908e-4,0.014736738938887843,9.52070617303177e-4,49,2023-11-15,4.4449751503957313e-4,grefla3,Greater Flamingo
grefla3,state,MRT-2787,Nouakchott,AF,Africa,nonbreeding,2.5422996812606606,3.6309249366915506e-4,0.0017257683400564749,0.36587912018132573,0.0013479787085515817,77,2023-01-04,0.0011198268316844912,grefla3,Greater Flamingo
grefla3,state,MRT-2787,Nouakchott,AF,Africa,postbreeding_migration,3.316168632828518,2.0904827369391511e-4,0.0011722790267900602,0.5501993368803599,0.0013469826354622853,56,2023-11-15,6.454726559896595e-4,grefla3,Greater Flamingo
grefla3,state,MRT-2788,Trarza,AF,Africa,nonbreeding,2.0627300383342178,0.012048666095546645,0.05726696874805886,0.05812003346739394,0.008757442821263419,77,2023-01-04,0.03119957356795527,grefla3,Greater Flamingo
grefla3,state,MRT-2788,Trarza,AF,Africa,postbreeding_migration,0.7268341970959868,0.0018739214358388515,0.01050838047245804,0.07441352871980879,0.0074507481247361234,56,2023-11-01,0.006525657135098397,grefla3,Greater Flamingo
grefla3,state,MRT-2790,Guidimaka,AF,Africa,postbreeding_migration,0.003871870701964574,1.5005853239584808e-6,8.414825303753267e-6,8.138826497469558e-4,1.2249929661363924e-5,7,2023-11-01,1.388298895273107e-5,grefla3,Greater Flamingo
grefla3,state,MRT-2791,Gorgol,AF,Africa,nonbreeding,0.37544117498103863,4.305886663489279e-4,0.0020465757373910897,0.02999388068471964,8.873771314869859e-4,70,2023-02-01,9.320005523406406e-4,grefla3,Greater Flamingo
grefla3,state,MRT-2791,Gorgol,AF,Africa,postbreeding_migration,0.17095088407404074,8.653892498697794e-5,4.852839249547241e-4,0.031405569455401,6.174172704131001e-4,49,2023-10-25,3.6192557922279335e-4,grefla3,Greater Flamingo
grefla3,state,MRT-2798,Tagant,AF,Africa,nonbreeding,0.004921691077191484,3.913937516572521e-5,1.8602834178155095e-4,3.7952575301475306e-4,7.78566417356597e-5,0,2023-02-01,1.0461289945368451e-4,grefla3,Greater Flamingo
grefla3,state,MRT-2798,Tagant,AF,Africa,postbreeding_migration,0.0011476592359298278,4.028394036883372e-6,2.2590006402057072e-5,1.897646400940137e-4,2.586820151328979e-5,0,2023-11-15,9.142103176089324e-6,grefla3,Greater Flamingo
grefla3,state,NAM-3338,Karas,AF,Africa,breeding,0.44506778442914824,0.005219130199638582,0.036223961900932376,0.017390559118603825,0.004630514863389587,133,2023-05-03,0.01074582115211785,grefla3,Greater Flamingo
grefla3,state,NAM-3338,Karas,AF,Africa,nonbreeding,0.4925152477444654,0.006690275986602347,0.03179869230356181,0.013613364237650251,0.004770289063833244,77,2023-12-06,0.017834175648763707,grefla3,Greater Flamingo
grefla3,state,NAM-3338,Karas,AF,Africa,postbreeding_migration,0.6788547845035899,0.004070246272823232,0.022824700989817235,0.016283734076676284,0.003791663269661662,126,2023-08-23,0.030729856043974265,grefla3,Greater Flamingo
grefla3,state,NAM-3339,Hardap,AF,Africa,breeding,0.7175623266386623,0.0057528792604287565,0.03992850746755967,0.011030881103544018,0.002008073474752746,133,2023-04-12,0.01070879141169082,grefla3,Greater Flamingo
grefla3,state,NAM-3339,Hardap,AF,Africa,nonbreeding,1.0421546787067986,0.009678547689247634,0.046001863081889555,0.010787140391205397,0.002584277946414331,77,2023-12-06,0.023572603358982085,grefla3,Greater Flamingo
grefla3,state,NAM-3339,Hardap,AF,Africa,postbreeding_migration,1.138244344910806,0.004665873539203698,0.02616479722607925,0.010543399678866772,0.0016784564932417082,126,2023-08-16,0.02571832349015948,grefla3,Greater Flamingo
grefla3,state,NAM-3347,Kunene,AF,Africa,breeding,0.4776772537502307,0.0040592201438926015,0.02817347531396041,0.00925317535992366,0.0017854290732850673,133,2023-07-12,0.0062195373957571595,grefla3,Greater Flamingo
grefla3,state,NAM-3347,Kunene,AF,Africa,nonbreeding,0.8714661246640206,0.008578491702186239,0.040773328127680426,0.007260219153749752,0.0018435929325550835,77,2023-12-06,0.016314963710981806,grefla3,Greater Flamingo
grefla3,state,NAM-3347,Kunene,AF,Africa,postbreeding_migration,1.2245635627296385,0.005320607337122884,0.02983634488284234,0.013622348581151068,0.002298602218236435,126,2023-08-16,0.012199627248500985,grefla3,Greater Flamingo
grefla3,state,NAM-3348,Erongo,AF,Africa,breeding,2.6464680787218495,0.012476362520707208,0.08659360148624287,0.030678960528056156,0.003284019536412702,133,2023-04-19,0.02229551837307505,grefla3,Greater Flamingo
grefla3,state,NAM-3348,Erongo,AF,Africa,nonbreeding,4.096776548813777,0.022372575584224817,0.10633621818675348,0.030678960528056156,0.004321845392711298,77,2023-12-06,0.0497730100986336,grefla3,Greater Flamingo
grefla3,state,NAM-3348,Erongo,AF,Africa,postbreeding_migration,4.290992849265434,0.01034310536327745,0.058000983576660226,0.029988114714514107,0.0028072059612744694,126,2023-08-16,0.05916186860530763,grefla3,Greater Flamingo
grefla3,state,NLD-3483,Noord-Brabant,EU,Europe,breeding,1.7635113614986163e-5,6.675929861622239e-9,1.2191108188121966e-7,1.4753863317235077e-4,1.2681862057924603e-6,28,2023-05-31,3.693033152051825e-7,grefla3,Greater Flamingo
grefla3,state,NLD-3483,Noord-Brabant,EU,Europe,postbreeding_migration,2.59428370769423e-5,5.0213767122251505e-9,1.200581644821536e-7,0.01065464289015118,8.008961204659236e-5,21,2023-08-16,4.507056157931497e-7,grefla3,Greater Flamingo
grefla3,state,NLD-3484,Utrecht,EU,Europe,postbreeding_migration,2.6751568115401586e-4,1.3813559767245346e-8,3.3027409128304413e-7,0.06504445449438788,1.3043633827062304e-4,21,2023-08-16,1.2467802163783951e-6,grefla3,Greater Flamingo
grefla3,state,NLD-3485,Zuid-Holland,EU,Europe,postbreeding_migration,6.738039920273239e-5,8.956086356790405e-9,2.1413475836658194e-7,0.03149711207746743,1.6258758661523873e-4,14,2023-08-16,7.572530704861093e-7,grefla3,Greater Flamingo
grefla3,state,NLD-3486,Noord-Holland,EU,Europe,breeding,1.7612664110816433e-4,4.7286750580612834e-8,8.635169993426308e-7,0.04267947992057643,2.601820332492575e-4,21,2023-06-07,5.111754002129548e-7,grefla3,Greater Flamingo
grefla3,state,NLD-3486,Noord-Holland,EU,Europe,postbreeding_migration,1.8922790694165316e-4,2.5975949834117376e-8,6.21069685963207e-7,0.053429549937622146,2.8483917758121465e-4,21,2023-08-16,1.8239766697990977e-6,grefla3,Greater Flamingo
grefla3,state,NLD-894,Drenthe,EU,Europe,breeding,3.1182581657076164e-4,5.9513486521303676e-8,1.0867929530003291e-6,0.008755242165049332,3.794156619234846e-5,42,2023-04-05,3.546438033890549e-7,grefla3,Greater Flamingo
grefla3,state,NLD-894,Drenthe,EU,Europe,postbreeding_migration,1.1554232688726845e-4,1.1274992647297571e-8,2.69578444192145e-7,0.030284130382511015,1.1476837198697612e-4,28,2023-08-16,8.390922958478775e-7,grefla3,Greater Flamingo
grefla3,state,NLD-895,Friesland,EU,Europe,breeding,1.234560138821708e-4,4.1849302268539855e-8,7.642221864643918e-7,0.024491736779097235,1.8851213861991405e-4,21,2023-06-07,3.659922860843805e-7,grefla3,Greater Flamingo
grefla3,state,NLD-895,Friesland,EU,Europe,postbreeding_migration,5.792708159043593e-4,1.003990151527842e-7,2.400481414930083e-6,0.1241559020167176,8.356937019520658e-4,28,2023-08-16,4.71366033063334e-6,grefla3,Greater Flamingo
grefla3,state,NLD-896,Gelderland,EU,Europe,breeding,1.3704630550978814e-4,5.092009624431779e-8,9.29866573093706e-7,0.0020768794837669417,1.752172846197314e-5,56,2023-05-31,8.444031335003518e-7,grefla3,Greater Flamingo
grefla3,state,NLD-896,Gelderland,EU,Europe,postbreeding_migration,2.3989827597273989e-4,4.5574387747117115e-8,1.0896568120443174e-6,0.06290560888895834,4.641037124862849e-4,28,2023-08-16,3.4225980127125695e-6,grefla3,Greater Flamingo
grefla3,state,NLD-897,Groningen,EU,Europe,breeding,4.523040962037582e-5,9.184766192413825e-9,1.677256661697654e-7,0.016038541457454734,7.395136957936461e-5,7,2023-06-07,8.964706806105148e-8,grefla3,Greater Flamingo
grefla3,state,NLD-897,Groningen,EU,Europe,postbreeding_migration,1.5789845377383124e-4,1.6394089218987282e-8,3.919730330521403e-7,0.02938482566417927,1.1848530518349726e-4,28,2023-08-16,1.0543432332348418e-6,grefla3,Greater Flamingo
grefla3,state,NLD-898,Limburg,EU,Europe,breeding,4.69535296133642e-4,7.11823774165656e-8,1.2998819372889706e-6,0.0039282194223497135,1.3522087710080462e-5,28,2023-05-31,3.693033152051825e-7,grefla3,Greater Flamingo
grefla3,state,NLD-899,Overijssel,EU,Europe,breeding,5.729789636037534e-4,1.3869574934099442e-7,2.5327631064084214e-6,0.01169598749195985,6.42843319299665e-5,63,2023-05-31,5.077335572067077e-7,grefla3,Greater Flamingo
grefla3,state,NLD-899,Overijssel,EU,Europe,postbreeding_migration,4.940228593095034e-4,6.114252239245496e-8,1.4618817569244291e-6,0.07874741396665262,3.784988488012417e-4,28,2023-08-16,2.846734463963418e-6,grefla3,Greater Flamingo
grefla3,state,NLD-902,Flevoland,EU,Europe,breeding,6.132271454829773e-4,7.83370288641857e-8,1.4305350922114897e-6,0.05530441954828103,1.604166079766344e-4,28,2023-06-07,6.953679986748605e-7,grefla3,Greater Flamingo
grefla3,state,NLD-902,Flevoland,EU,Europe,postbreeding_migration,0.0012806200970821528,8.364459255933428e-8,1.9998930227804426e-6,0.2042957418063098,5.182136252282441e-4,28,2023-08-16,4.3591845418626965e-6,grefla3,Greater Flamingo
grefla3,state,OMN-2404,Ad Dakhliyah,AS,Asia,breeding,0.03564276423125193,8.129311217410905e-5,1.0146927813945384e-4,0.001999162602270706,1.0353191741111044e-4,98,2023-06-28,2.239652135113155e-4,grefla3,Greater Flamingo
grefla3,state,OMN-2404,Ad Dakhliyah,AS,Asia,nonbreeding,0.016022037838192848,4.2330413133110366e-5,6.034608134644968e-5,0.0014279732873362188,9.732170663344751e-5,14,2023-01-11,1.0946617828418148e-4,grefla3,Greater Flamingo
grefla3,state,OMN-2404,Ad Dakhliyah,AS,Asia,postbreeding_migration,0.0070787105761581344,8.254834312908837e-6,1.0585168901703848e-5,5.711893149344875e-4,2.586820151328979e-5,0,2023-09-27,6.342999411488247e-5,grefla3,Greater Flamingo
grefla3,state,OMN-2405,Al Wusta,AS,Asia,breeding,0.09475687941079652,4.514469265468532e-4,5.634916972655105e-4,0.007744678623085014,8.378053273602672e-4,133,2023-03-15,0.002479034258192898,grefla3,Greater Flamingo
grefla3,state,OMN-2405,Al Wusta,AS,Asia,nonbreeding,0.1844478938096794,0.001017939654790838,0.001451171029694865,0.008975171233200858,0.0012777501906236835,77,2023-12-06,0.0022995102607054883,grefla3,Greater Flamingo
grefla3,state,OMN-2405,Al Wusta,AS,Asia,postbreeding_migration,0.09230332023257946,2.248459693375781e-4,2.883198465393442e-4,0.009302827967939022,8.80064958886315e-4,105,2023-11-29,0.0018576997728281372,grefla3,Greater Flamingo
grefla3,state,OMN-2406,Ash Sharqiyah South,AS,Asia,breeding,1.6498308373693695,0.0023063204990198647,0.0028787269909479937,0.08853312824452073,0.002810152044015855,133,2023-03-15,0.007420364280976077,grefla3,Greater Flamingo
grefla3,state,OMN-2406,Ash Sharqiyah South,AS,Asia,nonbreeding,1.6798091412957694,0.002720148189258435,0.0038778332587307263,0.07288139954455408,0.0030444174784490076,77,2023-12-06,0.005509853330685258,grefla3,Greater Flamingo
grefla3,state,OMN-2406,Ash Sharqiyah South,AS,Asia,postbreeding_migration,1.0959861320467132,7.833523194989209e-4,0.001004492191741599,0.08617990086905693,0.002392158881049558,126,2023-11-29,0.004625853782475519,grefla3,Greater Flamingo
grefla3,state,OMN-2411,Dhofar,AS,Asia,breeding,0.046054082297101805,4.350259589567686e-4,5.429952039814469e-4,0.006437537421179731,0.001380735760020671,119,2023-03-15,0.002298970674224755,grefla3,Greater Flamingo
grefla3,state,OMN-2411,Dhofar,AS,Asia,nonbreeding,0.08503528781385808,9.304619288915637e-4,0.0013264631052406406,0.007333992977179501,0.002070116517566911,77,2023-12-06,0.001801804301107358,grefla3,Greater Flamingo
grefla3,state,OMN-2411,Dhofar,AS,Asia,postbreeding_migration,0.0385158353042464,1.860193805666933e-4,2.3853253592377952e-4,0.006989202378718051,0.0013109268085949378,84,2023-11-29,0.001667250182470995,grefla3,Greater Flamingo
grefla3,state,OMN-2414,Al Dhahira,AS,Asia,breeding,6.449867553563103e-4,1.3506763785580235e-6,1.6859012217266784e-6,3.110512443838724e-4,1.4790273915872922e-5,0,2023-04-26,1.5732044545440566e-5,grefla3,Greater Flamingo
grefla3,state,OMN-2414,Al Dhahira,AS,Asia,nonbreeding,0.0034348057684812487,8.332111508831444e-6,1.1878227536275554e-5,3.110512443838724e-4,1.9464341326689503e-5,0,2023-12-06,2.8694035005800257e-5,grefla3,Greater Flamingo
grefla3,state,OMN-2414,Al Dhahira,AS,Asia,postbreeding_migration,3.0848596213573724e-4,3.3029937099180705e-7,4.2354267784725547e-7,3.110512443838724e-4,1.2934100756644896e-5,0,2023-11-29,1.657675555827938e-5,grefla3,Greater Flamingo
grefla3,state,OMN-2424,Al Batnah North,AS,Asia,breeding,0.011212719163108432,6.79931668099851e-6,8.486841468005678e-6,0.00214836526796951,2.9580547831745843e-5,77,2023-05-10,3.029448802672319e-5,grefla3,Greater Flamingo
grefla3,state,OMN-2424,Al Batnah North,AS,Asia,nonbreeding,0.01150974722986838,8.084859778924933e-6,1.152574637907376e-5,0.001074182633984755,1.9464341326689503e-5,42,2023-12-06,2.1625491811714896e-5,grefla3,Greater Flamingo
grefla3,state,OMN-2424,Al Batnah North,AS,Asia,postbreeding_migration,0.01369377980655358,4.2457018892167e-6,5.444260890053579e-6,0.0032225479019542653,3.880230226993468e-5,98,2023-10-18,1.666642590686116e-5,grefla3,Greater Flamingo
grefla3,state,OMN-2426,Muscat,AS,Asia,breeding,0.08448084665192528,2.9744436283516945e-5,3.7126718336103874e-5,0.021297031927703648,1.7025909981968976e-4,126,2023-04-12,1.080318289766726e-4,grefla3,Greater Flamingo
grefla3,state,OMN-2426,Muscat,AS,Asia,nonbreeding,0.144882867521168,5.909039589318119e-5,8.423905115574319e-5,0.019446975536360028,2.046005577898019e-4,77,2023-12-06,1.2996945802957853e-4,grefla3,Greater Flamingo
grefla3,state,OMN-2426,Muscat,AS,Asia,postbreeding_migration,0.09398105687100862,1.691841376693433e-5,2.1694471443462058e-5,0.01574686275367279,1.1008935209220544e-4,126,2023-11-29,8.671044588152559e-5,grefla3,Greater Flamingo
grefla3,state,OMN-4836,Al Buraymi,AS,Asia,breeding,0.006605093842582085,2.701885748054865e-6,3.372467717599841e-6,0.0015923717455557844,1.4790273915872922e-5,28,2023-04-26,2.233811461653053e-5,grefla3,Greater Flamingo
grefla3,state,OMN-5496,Ash Sharqiyah North,AS,Asia,breeding,0.022932216552619313,2.6633510311996803e-5,3.324369055880144e-5,0.0022434173089756937,5.916109566349169e-5,77,2023-03-15,8.691297471536171e-5,grefla3,Greater Flamingo
grefla3,state,OMN-5496,Ash Sharqiyah North,AS,Asia,nonbreeding,0.014422283037089688,1.9402995025620063e-5,2.7660838378753413e-5,0.003135179967043779,1.0880581647469216e-4,35,2023-01-11,7.430727255306937e-5,grefla3,Greater Flamingo
grefla3,state,OMN-5496,Ash Sharqiyah North,AS,Asia,postbreeding_migration,0.001098124175834527,6.520871794071744e-7,8.361709843002669e-7,9.27489068414305e-4,2.138922083477123e-5,14,2023-11-29,2.794105946077324e-5,grefla3,Greater Flamingo
grefla3,state,OMN-5497,Al Batnah South,AS,Asia,breeding,0.3857114674667531,1.2378525912563366e-4,1.545075659163119e-4,0.03549581781693384,2.58658843740625e-4,133,2023-04-12,2.84313507352228e-4,grefla3,Greater Flamingo
grefla3,state,OMN-5497,Al Batnah South,AS,Asia,nonbreeding,0.38492422359530576,1.430981448182363e-4,2.040001891919359e-4,0.025347452874368407,2.4307929272405669e-4,77,2023-01-18,2.682881844045814e-4,grefla3,Greater Flamingo
grefla3,state,OMN-5497,Al Batnah South,AS,Asia,postbreeding_migration,0.28387066598281646,4.657991893870536e-5,5.9729401064153754e-5,0.021288106897342233,1.3565856228404756e-4,126,2023-08-02,2.1558716855299263e-4,grefla3,Greater Flamingo
grefla3,state,PAK-1108,Baluchistan,AS,Asia,breeding,0.6252404030054238,0.0158663254116996,0.019804194269284977,0.015830008749658234,0.009121247574419402,133,2023-07-05,0.022996170463763697,grefla3,Greater Flamingo
grefla3,state,PAK-1108,Baluchistan,AS,Asia,nonbreeding,0.34941991999364497,0.010271393431887,0.014642860716547348,0.010758505209876314,0.008158090484678249,77,2023-01-18,0.012962080334588346,grefla3,Greater Flamingo
grefla3,state,PAK-1108,Baluchistan,AS,Asia,postbreeding_migration,0.29566410896109885,0.003836186950122187,0.004919140138531324,0.01622195860223173,0.008174033254052379,126,2023-11-15,0.016374668692012692,grefla3,Greater Flamingo
grefla3,state,PAK-1113,Punjab,AS,Asia,postbreeding_migration,1.6251180236288062e-8,1.225867779749843e-10,1.5719294910034718e-10,1.163697335426025e-8,3.409029185103214e-9,0,2023-09-06,3.7321883573666356e-7,grefla3,Greater Flamingo
grefla3,state,PAK-1114,Sind,AS,Asia,breeding,19.171021920613864,0.19656059011051297,0.24534503177172043,0.20920668956612049,0.048704660102244425,133,2023-06-14,0.27698536230725723,grefla3,Greater Flamingo
grefla3,state,PAK-1114,Sind,AS,Asia,nonbreeding,9.669174425351809,0.11483994080895824,0.16371539743981808,0.15666548108624215,0.04799895261435384,77,2023-01-25,0.16483250624353202,grefla3,Greater Flamingo
grefla3,state,PAK-1114,Sind,AS,Asia,postbreeding_migration,12.71163668765264,0.06663838877192778,0.08545036444707266,0.20873549955395873,0.042496316483011866,126,2023-09-13,0.110762071611981,grefla3,Greater Flamingo
grefla3,state,PRT-5498,Setúbal,EU,Europe,breeding,1.5678851967658365,6.490056819202766e-4,0.011851680061050454,0.0781068130521088,7.341197754843307e-4,133,2023-07-12,0.0014660459015614464,grefla3,Greater Flamingo
grefla3,state,PRT-5498,Setúbal,EU,Europe,nonbreeding,1.710597541046854,8.202277616035368e-4,0.009305493458263129,0.05922344499722563,7.325464469800407e-4,77,2023-01-18,0.001298142283766444,grefla3,Greater Flamingo
grefla3,state,PRT-5498,Setúbal,EU,Europe,postbreeding_migration,2.8013802055049712,5.928954635526329e-4,0.01417578189475879,0.06360765678742372,5.228142602896799e-4,126,2023-08-16,0.0027516403568398546,grefla3,Greater Flamingo
grefla3,state,PRT-739,Aveiro,EU,Europe,breeding,1.4583269414677007,3.1649636736361965e-4,0.005779631505505191,0.09904500096110937,0.00048807903922380643,133,2023-04-05,7.087499671227878e-4,grefla3,Greater Flamingo
grefla3,state,PRT-739,Aveiro,EU,Europe,nonbreeding,0.7683565470697655,1.931652535771848e-4,0.0021914620397780016,0.06903136430622774,4.476798505138586e-4,77,2023-02-08,3.015826102383319e-4,grefla3,Greater Flamingo
grefla3,state,PRT-739,Aveiro,EU,Europe,postbreeding_migration,1.3716364067186224,1.5220350968255257e-4,0.003639096416674028,0.0810368189681804,3.4922072042941217e-4,126,2023-08-09,0.0010336941870810357,grefla3,Greater Flamingo
grefla3,state,PRT-740,Leiria,EU,Europe,breeding,0.009571567760440738,2.6490727443941147e-6,4.837548190967086e-5,0.00235354033213835,1.4790273915872922e-5,84,2023-04-12,9.746643168158996e-6,grefla3,Greater Flamingo
grefla3,state,PRT-740,Leiria,EU,Europe,nonbreeding,0.0068225553975579025,2.1873095977522065e-6,2.4815052727900183e-5,0.0047070806642767,3.892868265337901e-5,42,2023-12-06,9.405359672052669e-6,grefla3,Greater Flamingo
grefla3,state,PRT-740,Leiria,EU,Europe,postbreeding_migration,0.07140218649979221,1.0104018896300206e-5,2.415811503704616e-4,0.0070606209964150495,3.880230226993468e-5,126,2023-10-04,4.862335413816848e-5,grefla3,Greater Flamingo
grefla3,state,PRT-743,Beja,EU,Europe,nonbreeding,4.5335700476893936e-4,3.943858404144652e-7,4.474311928718052e-6,0.0010063839823542765,2.2583933090456315e-5,7,2023-12-20,5.754859597731832e-6,grefla3,Greater Flamingo
grefla3,state,PRT-743,Beja,EU,Europe,postbreeding_migration,0.0542139314257544,2.081667379338072e-5,4.977144296249284e-4,0.01181301377406702,1.7615423994714376e-4,84,2023-09-27,1.5758675826637117e-4,grefla3,Greater Flamingo
grefla3,state,PRT-744,Évora,EU,Europe,nonbreeding,0.0020813513450378606,1.2616250979425258e-6,1.4313151352903594e-5,0.010145555567891935,1.5864107152671253e-4,56,2023-12-20,1.3092199814714814e-5,grefla3,Greater Flamingo
grefla3,state,PRT-744,Évora,EU,Europe,postbreeding_migration,0.14150403597037794,3.785935404043611e-5,9.05194892768874e-4,0.03468393054454824,3.603832824454345e-4,112,2023-09-27,2.669366310761466e-4,grefla3,Greater Flamingo
grefla3,state,PRT-745,Faro,EU,Europe,breeding,0.6798964798059725,2.7862705438587833e-4,0.005088089052107829,0.04144460382166153,3.856490354632811e-4,133,2023-07-12,6.716992999560558e-4,grefla3,Greater Flamingo
grefla3,state,PRT-745,Faro,EU,Europe,nonbreeding,0.5186932133756703,2.462314023499302e-4,0.0027934981124105745,0.03500735108286776,4.286936016822968e-4,77,2023-02-15,4.351544322636069e-4,grefla3,Greater Flamingo
grefla3,state,PRT-745,Faro,EU,Europe,postbreeding_migration,0.6585163573340415,1.379808737622246e-4,0.00329904155511877,0.03818628833663704,3.107361117510144e-4,126,2023-08-02,8.374072892309282e-4,grefla3,Greater Flamingo
grefla3,state,PRT-746,Lisboa,EU,Europe,breeding,2.2194785217278747,5.172361953417897e-4,0.009445399437872575,0.09588993461346972,5.074050091463534e-4,133,2023-07-12,0.002220042701216414,grefla3,Greater Flamingo
grefla3,state,PRT-746,Lisboa,EU,Europe,nonbreeding,5.850968371587587,0.001579494413091479,0.017919382415990802,0.08306521906150871,5.78448150904998e-4,77,2023-12-06,0.004069044430444223,grefla3,Greater Flamingo
grefla3,state,PRT-746,Lisboa,EU,Europe,postbreeding_migration,4.068058808999297,4.84726783196612e-4,0.011589532353595436,0.09424554541338588,4.361165647144174e-4,126,2023-11-29,0.003928356087469347,grefla3,Greater Flamingo
grefla3,state,PRT-747,Portalegre,EU,Europe,nonbreeding,0.004828158545406359,2.416260442103411e-6,2.7412502709608737e-5,0.009046359913942951,1.1678604796013704e-4,77,2023-12-13,4.76042782827065e-6,grefla3,Greater Flamingo
grefla3,state,PRT-747,Portalegre,EU,Europe,postbreeding_migration,0.03605593032676055,7.964497451826656e-6,1.9042645073035568e-4,0.02110817313253355,1.8107741059302852e-4,119,2023-09-27,4.6225513974539936e-5,grefla3,Greater Flamingo
grefla3,state,PRT-748,Santarém,EU,Europe,breeding,0.269280543940294,1.3153139289242343e-4,0.002401932725662668,0.02141411702662201,2.37502606956608e-4,133,2023-07-12,0.0012104519319872623,grefla3,Greater Flamingo
grefla3,state,PRT-748,Santarém,EU,Europe,nonbreeding,1.3557925644270763,7.671319535114513e-4,0.008703120900309017,0.0382012147763643,5.575821694771539e-4,77,2023-12-06,0.0022380730556551005,grefla3,Greater Flamingo
grefla3,state,PRT-748,Santarém,EU,Europe,postbreeding_migration,0.8174902545463945,2.0416385619094655e-4,0.004881437747581675,0.03953476079739035,3.834487685320864e-4,126,2023-11-29,0.002186883684401249,grefla3,Greater Flamingo
grefla3,state,PRT-751,Castelo Branco,EU,Europe,nonbreeding,1.7709082879430895e-4,9.502277151509685e-8,1.0780344437392575e-6,0.0014062198050597706,1.9464341326689503e-5,7,2023-12-06,1.3363359960679707e-6,grefla3,Greater Flamingo
grefla3,state,PRT-751,Castelo Branco,EU,Europe,postbreeding_migration,2.365187340074812e-4,5.601658376071557e-8,1.3393235784319652e-6,0.0014062198050597706,1.2934100756644896e-5,14,2023-11-29,1.7505006803185432e-6,grefla3,Greater Flamingo
grefla3,state,PRT-752,Coimbra,EU,Europe,breeding,0.35269619513447903,1.0527778793368506e-4,0.001922508068701966,0.028368725629450208,1.9227356090634797e-4,133,2023-04-05,3.035725383587822e-4,grefla3,Greater Flamingo
grefla3,state,PRT-752,Coimbra,EU,Europe,nonbreeding,0.44110323387815026,1.5252063335990587e-4,0.0017303483525186656,0.015275467646627036,1.3625038928682652e-4,77,2023-01-25,2.3932202490107137e-4,grefla3,Greater Flamingo
grefla3,state,PRT-752,Coimbra,EU,Europe,postbreeding_migration,0.3697132856028319,5.64251687094454e-5,0.001349092604296946,0.015275467646627036,9.053870529651426e-5,126,2023-08-02,2.2496751915746855e-4,grefla3,Greater Flamingo
grefla3,state,PRT-754,Porto,EU,Europe,breeding,9.423324716553948e-4,1.6876788462730325e-7,3.0819190477114724e-6,0.0036370293104234937,1.4790273915872922e-5,14,2023-07-12,3.5783556960120644e-6,grefla3,Greater Flamingo
grefla3,state,PRT-754,Porto,EU,Europe,postbreeding_migration,0.012492965682321723,1.143992111588627e-6,2.735217868936403e-5,0.0036370293104234937,1.2934100756644896e-5,119,2023-08-16,7.488399370962725e-6,grefla3,Greater Flamingo
grefla3,state,PSX-002,West Bank,AS,Asia,breeding,0.003754591084578909,1.5421067832112108e-6,1.9248428055167116e-6,0.0015859177078135515,1.4790273915872922e-5,56,2023-07-12,1.171865401989637e-5,grefla3,Greater Flamingo
grefla3,state,PSX-002,West Bank,AS,Asia,postbreeding_migration,0.005450812671841491,1.1446821020437775e-6,1.467825147010264e-6,0.0028590352347443284,2.331713027150869e-5,63,2023-08-02,1.582627399060618e-5,grefla3,Greater Flamingo
grefla3,state,QAT-1099,Ad Dawhah,AS,Asia,breeding,0.00415878843709405,7.715024581879705e-8,9.629819233329837e-8,0.003219612785159686,1.3561817494220316e-6,21,2023-04-26,9.112101618585202e-6,grefla3,Greater Flamingo
grefla3,state,QAT-1099,Ad Dawhah,AS,Asia,nonbreeding,0.3080487538458833,6.6197612203110085e-6,9.437107259945332e-6,0.07358942978030236,4.07937081623219e-5,70,2023-01-18,5.224266220636686e-5,grefla3,Greater Flamingo
grefla3,state,QAT-1099,Ad Dawhah,AS,Asia,postbreeding_migration,0.19761952336848188,1.8744426889494857e-6,2.4035966934026277e-6,0.03940040520196522,1.4513593768022427e-5,28,2023-11-15,3.632363410949353e-5,grefla3,Greater Flamingo
grefla3,state,QAT-1100,Ar Rayyān,AS,Asia,breeding,0.30550425948485616,1.5215513064592798e-4,1.8991856577947296e-4,0.03112578830614816,3.5199253803271563e-4,133,2023-03-08,5.007972128146771e-4,grefla3,Greater Flamingo
grefla3,state,QAT-1100,Ar Rayyān,AS,Asia,nonbreeding,0.7527654794304969,4.342915787542705e-4,6.191244781186372e-4,0.03821589488065357,5.687489733671635e-4,77,2023-12-06,7.819622135345434e-4,grefla3,Greater Flamingo
grefla3,state,QAT-1100,Ar Rayyān,AS,Asia,postbreeding_migration,0.2653806490905955,6.757879071767558e-5,8.665624127680682e-5,0.032586887141687296,3.222671189906959e-4,126,2023-11-29,4.53140806777523e-4,grefla3,Greater Flamingo
grefla3,state,QAT-1101,Al Wakrah,AS,Asia,breeding,0.6655701605470882,9.710995989112482e-5,1.2121171482769284e-4,0.07245150704027306,2.4002756600838176e-4,133,2023-03-15,4.6931976954034193e-4,grefla3,Greater Flamingo
grefla3,state,QAT-1101,Al Wakrah,AS,Asia,nonbreeding,2.0990156884548057,3.547627380245229e-4,5.057484551402018e-4,0.10370226530918832,4.5213219777636847e-4,77,2023-12-06,6.220194015371817e-4,grefla3,Greater Flamingo
grefla3,state,QAT-1101,Al Wakrah,AS,Asia,postbreeding_migration,0.4954503473868144,3.696084585228167e-5,4.73948696322625e-5,0.08083502695193837,2.341926752579682e-4,119,2023-11-29,2.8990232669196496e-4,grefla3,Greater Flamingo
grefla3,state,QAT-1105,Al Khawr,AS,Asia,breeding,0.13469231002699047,1.7332772523068975e-5,2.1634599402522435e-5,0.046098535077714824,1.346964427934046e-4,133,2023-03-08,1.1806095940845186e-4,grefla3,Greater Flamingo
grefla3,state,QAT-1105,Al Khawr,AS,Asia,nonbreeding,0.9130613833241756,1.361061010148096e-4,1.940323572500953e-4,0.06302479816108775,2.4235052232760037e-4,77,2023-01-11,2.623344299339947e-4,grefla3,Greater Flamingo
grefla3,state,QAT-1105,Al Khawr,AS,Asia,postbreeding_migration,0.191060889929664,1.2570972168154618e-5,1.6119749787157765e-5,0.047880649668134115,1.223457983047497e-4,126,2023-11-15,7.281570550297414e-5,grefla3,Greater Flamingo
grefla3,state,QAT-1106,Madinat ach Shamal,AS,Asia,breeding,0.6690050780018983,6.300126895380895e-5,7.863757594765304e-5,0.07608608772465368,1.6269301307460213e-4,133,2023-03-08,2.4891133119545067e-4,grefla3,Greater Flamingo
grefla3,state,QAT-1106,Madinat ach Shamal,AS,Asia,nonbreeding,3.0110202770793326,3.2846261391788074e-4,4.682550948989399e-4,0.10381023234506392,2.9212404548483584e-4,77,2023-01-11,4.663634644855853e-4,grefla3,Greater Flamingo
grefla3,state,QAT-1106,Madinat ach Shamal,AS,Asia,postbreeding_migration,0.8470899001873828,4.078694891941798e-5,5.230107921391716e-5,0.09683683892228648,1.8107741059302852e-4,126,2023-11-29,2.1655699684565088e-4,grefla3,Greater Flamingo
grefla3,state,QAT-5487,Al Daayen,AS,Asia,breeding,0.5674756868673879,1.7792492647972677e-5,2.220841762614083e-5,0.1439377010334218,1.0247262551760445e-4,133,2023-03-08,9.026890486473472e-5,grefla3,Greater Flamingo
grefla3,state,QAT-5487,Al Daayen,AS,Asia,nonbreeding,3.09307888279169,1.1233961044866904e-4,1.601509356699662e-4,0.19869762957702108,1.8616133404830468e-4,77,2023-01-11,1.7679415640843886e-4,grefla3,Greater Flamingo
grefla3,state,QAT-5487,Al Daayen,AS,Asia,postbreeding_migration,0.4515859298665457,7.239386615204424e-6,9.283060950943547e-6,0.09490784301480489,5.9087474463832737e-05,126,2023-11-29,5.012548575234273e-5,grefla3,Greater Flamingo
grefla3,state,ROU-122,Dolj,EU,Europe,breeding,1.4807581206041808e-4,7.550850480101574e-8,1.3788825979798743e-6,1.074574925127536e-4,1.244205783414681e-6,14,2023-03-08,1.4901176139810225e-5,grefla3,Greater Flamingo
grefla3,state,ROU-122,Dolj,EU,Europe,nonbreeding,0.2191234133710916,1.294353533924763e-4,0.0014684455838302247,0.01349867622536464,2.0568858413642544e-4,56,2023-12-13,4.8218259637133616e-4,grefla3,Greater Flamingo
grefla3,state,ROU-122,Dolj,EU,Europe,postbreeding_migration,0.3894212938638467,1.015320781786023e-4,0.002427572285605276,0.02746534611577019,2.78099758940124e-4,42,2023-11-08,0.00142781568479711,grefla3,Greater Flamingo
grefla3,state,ROU-126,Olt,EU,Europe,breeding,8.681993111675069e-4,3.2835882003091444e-7,5.996255177174991e-6,7.584335032984555e-4,6.513141670142056e-6,14,2023-03-08,2.4854148653087523e-5,grefla3,Greater Flamingo
grefla3,state,ROU-126,Olt,EU,Europe,nonbreeding,0.049786922428817014,2.18120714899882e-5,2.474582037609218e-4,0.003745832620839198,4.23335683613454e-5,56,2023-12-06,1.705960110840103e-4,grefla3,Greater Flamingo
grefla3,state,ROU-126,Olt,EU,Europe,postbreeding_migration,0.09341101714368938,1.8063386853383505e-5,4.318849578977872e-4,0.01544518001544302,1.1599145930066092e-4,42,2023-11-08,4.618301547685009e-4,grefla3,Greater Flamingo
grefla3,state,ROU-127,Teleorman,EU,Europe,breeding,0.0014967508311871595,6.374922868012374e-7,1.1641430630007613e-5,0.001157475884551916,1.1193892810920608e-5,14,2023-03-08,1.5518828814845978e-5,grefla3,Greater Flamingo
grefla3,state,ROU-127,Teleorman,EU,Europe,nonbreeding,0.29997033599998024,1.4799809245551396e-4,0.0016790400735617677,0.01570186846578111,1.9984073668256216e-4,77,2023-02-08,4.86149066634628e-4,grefla3,Greater Flamingo
grefla3,state,ROU-127,Teleorman,EU,Europe,postbreeding_migration,0.30089419492646163,6.552560932255551e-5,0.001566678788047872,0.02157690881934565,1.8248133157339585e-4,63,2023-11-08,0.0010299251888267085,grefla3,Greater Flamingo
grefla3,state,ROU-129,Calarasi,EU,Europe,breeding,0.0038069114877367703,1.3134504479753732e-6,2.3985297693217592e-5,0.003775909123003061,2.9580547831745843e-5,14,2023-03-08,2.512992277664736e-5,grefla3,Greater Flamingo
grefla3,state,ROU-129,Calarasi,EU,Europe,nonbreeding,0.2827243279720896,1.1299428431955969e-4,0.001281921464717529,0.02760253330705578,2.845752438779835e-4,63,2023-02-08,2.096653778557387e-4,grefla3,Greater Flamingo
grefla3,state,ROU-129,Calarasi,EU,Europe,postbreeding_migration,0.30931197211505645,5.456441157302168e-5,0.0013046029953412569,0.029931609400117572,2.0505708118407297e-4,98,2023-11-08,3.478462456369156e-4,grefla3,Greater Flamingo
grefla3,state,ROU-131,Giurgiu,EU,Europe,nonbreeding,0.04528380081211424,1.270076190136883e-5,1.4409029091759965e-4,0.007335957721130549,5.3076050856850894e-5,42,2023-02-08,8.151485779940663e-5,grefla3,Greater Flamingo
grefla3,state,ROU-131,Giurgiu,EU,Europe,postbreeding_migration,0.030982709308446,3.835533198756928e-6,9.170534338361996e-5,0.006219754801607468,2.990278056508009e-5,35,2023-11-15,1.233042896080353e-4,grefla3,Greater Flamingo
grefla3,state,ROU-132,Ialomita,EU,Europe,nonbreeding,0.17824544570378775,6.816637388042927e-5,7.73348301425156e-4,0.007892108989750034,7.785736530675803e-5,14,2023-12-06,8.815842576828355e-5,grefla3,Greater Flamingo
grefla3,state,ROU-132,Ialomita,EU,Europe,postbreeding_migration,0.29316008623849643,4.94852811093066e-5,0.001183163972621768,0.02762238146412512,1.8107741059302852e-4,42,2023-11-15,2.2191310976405208e-4,grefla3,Greater Flamingo
grefla3,state,ROU-133,Constanta,EU,Europe,breeding,0.05038743435150868,2.851691505523785e-5,5.207556158257924e-4,0.025320649140986657,3.2538602614920427e-4,35,2023-03-08,2.7433981136680763e-4,grefla3,Greater Flamingo
grefla3,state,ROU-133,Constanta,EU,Europe,nonbreeding,1.5985602497087867,0.001048000977866504,0.01188958323566704,0.05799168935472714,9.807387104251377e-4,77,2023-12-06,0.001489427312521048,grefla3,Greater Flamingo
grefla3,state,ROU-133,Constanta,EU,Europe,postbreeding_migration,1.0192942937766485,2.9495225589443224e-4,0.007052134998424356,0.06806981187251519,7.649598399922651e-4,119,2023-10-04,9.750319683712844e-4,grefla3,Greater Flamingo
grefla3,state,ROU-4847,Tulcea,EU,Europe,postbreeding_migration,0.04409048437293993,1.3830249735284162e-5,3.306731386046935e-4,0.004505569351284443,5.4886657929248994e-5,21,2023-09-27,6.846843318550352e-5,grefla3,Greater Flamingo
grefla3,state,RUS-2304,Kabardin-Balkar,AS,Asia,postbreeding_migration,0.0184201656875697,8.544612842195741e-6,1.0956751729452735e-5,0.005025779917166244,9.053870529651426e-5,7,2023-10-25,1.9412673428337884e-5,grefla3,Greater Flamingo
grefla3,state,RUS-2305,North Ossetia,AS,Asia,postbreeding_migration,0.003044346604502402,8.980910152661648e-7,1.151621549911541e-6,0.002257917262940276,2.586820151328979e-5,0,2023-10-25,3.085597132700692e-6,grefla3,Greater Flamingo
grefla3,state,RUS-2416,Chechnya,AS,Asia,postbreeding_migration,0.028399942361153563,1.6994338942906938e-5,2.1791830249356548e-5,0.024150628415276935,5.612381817720203e-4,63,2023-11-01,9.348919404173031e-5,grefla3,Greater Flamingo
grefla3,state,RUS-2417,Dagestan,AS,Asia,breeding,0.3715644349864491,0.001387993095390101,0.0017324795875711988,0.01360109537987446,0.001153641365438088,91,2023-03-08,0.004491442788782629,grefla3,Greater Flamingo
grefla3,state,RUS-2417,Dagestan,AS,Asia,nonbreeding,0.19575291993709945,8.470592676461105e-4,0.0012075645779760502,0.006451801654555833,7.201806290875116e-4,14,2023-02-15,8.855760630907825e-4,grefla3,Greater Flamingo
grefla3,state,RUS-2417,Dagestan,AS,Asia,postbreeding_migration,0.9888474828110508,0.0018886623056044015,0.002421830498989058,0.19732187913031,0.014636330207285731,91,2023-10-04,0.003712176031181612,grefla3,Greater Flamingo
grefla3,state,SAH-001,Western Sahara,AF,Africa,breeding,0.008662945404083773,5.689077414575109e-5,3.948568355916747e-4,0.0027965833197845483,4.170112727282347e-4,35,2023-04-05,1.243654607372594e-4,grefla3,Greater Flamingo
grefla3,state,SAH-001,Western Sahara,AF,Africa,nonbreeding,0.01805349148227224,1.3733772634856394e-4,6.527623240915983e-4,0.014429576007788755,0.00283163385966994,63,2023-02-01,2.7822373615927684e-4,grefla3,Greater Flamingo
grefla3,state,SAH-001,Western Sahara,AF,Africa,postbreeding_migration,0.020141445973847937,6.762989987159977e-5,3.79247873242284e-4,0.023702770066018505,0.00309085874753397,21,2023-11-29,6.30796769599549e-5,grefla3,Greater Flamingo
grefla3,state,SAU-1097,Ar Riyad,AS,Asia,breeding,6.14603188514584e-4,1.6766290992772218e-5,2.0927522622937018e-5,7.16327320856562e-5,4.437082174761877e-5,0,2023-05-17,3.743312678533191e-5,grefla3,Greater Flamingo
grefla3,state,SAU-1098,Ash Sharqiyah,AS,Asia,breeding,0.037918127416598744,0.0015291302355793551,0.0019086456039859529,0.004206490104815174,0.0038517778529889688,133,2023-03-08,0.0047652455194084845,grefla3,Greater Flamingo
grefla3,state,SAU-1098,Ash Sharqiyah,AS,Asia,nonbreeding,0.1221613925472382,0.0057066856537553645,0.008135430088934604,0.004419073017080099,0.00532520133490045,77,2023-12-06,0.007806350584483077,grefla3,Greater Flamingo
grefla3,state,SAU-1098,Ash Sharqiyah,AS,Asia,postbreeding_migration,0.045614513248824505,0.00094052960758777475,0.00120604053043212,0.004386485901246655,0.0035125144575405163,105,2023-11-29,0.004352358457013906,grefla3,Greater Flamingo
grefla3,state,SAU-845,Al Madinah,AS,Asia,nonbreeding,0.001338024868444994,1.6260779312941643e-5,2.318130721025023e-5,1.2417599775040126e-4,3.892868265337901e-5,0,2023-12-06,2.078914553349444e-5,grefla3,Greater Flamingo
grefla3,state,SAU-847,Ha'il,AS,Asia,breeding,2.4426493983953265e-4,2.14438747587742e-6,2.6766037541107582e-6,7.419767979606538e-5,1.4790273915872922e-5,0,2023-05-31,4.763290853402993e-6,grefla3,Greater Flamingo
grefla3,state,SAU-848,Tabuk,AS,Asia,breeding,0.012339945476074749,9.112336293432248e-5,1.1373930227670612e-4,0.001852402027285748,3.105957522333314e-4,42,2023-07-12,4.1420160368087786e-4,grefla3,Greater Flamingo
grefla3,state,SAU-848,Tabuk,AS,Asia,nonbreeding,4.632766609056488e-4,3.9628652195403815e-6,5.649446088593564e-6,8.820962034694038e-5,1.9464341326689503e-5,0,2023-12-06,1.0132919239987485e-5,grefla3,Greater Flamingo
grefla3,state,SAU-848,Tabuk,AS,Asia,postbreeding_migration,0.008230680092979233,3.1075924162915326e-5,3.98486382127136e-5,0.0019406116476326884,2.8455021664618765e-4,14,2023-08-02,5.275129311515533e-4,grefla3,Greater Flamingo
grefla3,state,SAU-861,Al Hudud ash Shamaliyah,AS,Asia,breeding,2.7119184080107113e-4,2.4412110099813957e-6,3.0470960250405016e-6,1.2448274416224382e-4,2.544377933836778e-5,0,2023-05-31,7.846484556428555e-6,grefla3,Greater Flamingo
grefla3,state,SAU-861,Al Hudud ash Shamaliyah,AS,Asia,postbreeding_migration,4.232374126932008e-5,1.9479804068322637e-7,2.497894063274459e-7,5.2121879077126865e-5,9.31649497026091e-6,0,2023-08-16,1.4354851893726607e-5,grefla3,Greater Flamingo
grefla3,state,SAU-862,Al Jawf,AS,Asia,breeding,4.515694846503465e-4,3.848256637502566e-6,4.803356799361296e-6,3.4626794940555166e-4,6.700319340544565e-5,0,2023-06-21,2.479283125231385e-5,grefla3,Greater Flamingo
grefla3,state,SAU-887,Jizan,AS,Asia,nonbreeding,0.7176105772425123,0.001107478033049421,0.0015788166125770985,0.09117225446667394,0.003629642588256941,49,2023-02-08,0.0015554719477582563,grefla3,Greater Flamingo
grefla3,state,SAU-887,Jizan,AS,Asia,postbreeding_migration,1.0162952313412614,6.922861257293861e-4,8.877180681497543e-4,0.08188275862543419,0.002166158153195222,21,2023-11-29,0.0020112175051910943,grefla3,Greater Flamingo
grefla3,state,SAU-888,Makkah,AS,Asia,nonbreeding,0.1996823333587701,0.002365624537062202,0.0033724256434684023,0.017515048876081258,0.0053526938648396135,49,2023-02-01,0.0025014413194385456,grefla3,Greater Flamingo
grefla3,state,SAU-888,Makkah,AS,Asia,postbreeding_migration,0.10844910976334896,5.670895120864995e-4,7.271785283967958e-4,0.007069710637254617,0.0014356851839875831,21,2023-11-22,0.0015717917252009027,grefla3,Greater Flamingo
grefla3,state,SDN-149,Red Sea,AF,Africa,nonbreeding,0.06497400006804493,0.001104811192657533,0.005251136311745725,0.007314035747120272,0.00320819249244525,21,2023-01-25,0.0010909477584222335,grefla3,Greater Flamingo
grefla3,state,SDS-870,Jonglei,AF,Africa,nonbreeding,2.6575161855014323e-4,2.6940289467116323e-6,1.280464329198438e-5,7.443179515068417e-5,1.9464341326689503e-5,0,2023-12-06,3.444272796941554e-6,grefla3,Greater Flamingo
grefla3,state,SDS-870,Jonglei,AF,Africa,postbreeding_migration,0.0014423123364429595,6.453645539371961e-6,3.6190077911000646e-5,1.488635903013683e-4,2.586820151328979e-5,0,2023-11-15,3.436136306912632e-5,grefla3,Greater Flamingo
grefla3,state,SDS-892,Eastern Equatoria,AF,Africa,breeding,0.02633669089859253,1.2909397836480564e-4,8.959913194444422e-4,0.002569580742761013,2.859899771813957e-4,56,2023-03-15,5.251336268465109e-4,grefla3,Greater Flamingo
grefla3,state,SDS-892,Eastern Equatoria,AF,Africa,nonbreeding,0.00961580593465005,5.459876884791997e-5,2.595064021611485e-4,0.001725212317765098,2.5269380157675545e-4,70,2023-12-27,2.550783425257342e-4,grefla3,Greater Flamingo
grefla3,state,SDS-892,Eastern Equatoria,AF,Africa,postbreeding_migration,0.05748300441457236,1.4406419928939362e-4,8.07868136646447e-4,0.006777638941747205,6.59670398245077e-4,70,2023-10-11,6.064516346494782e-4,grefla3,Greater Flamingo
grefla3,state,SEN-5514,Sédhiou,AF,Africa,nonbreeding,1.2755697052507802,7.747167348765976e-4,0.003682206701800333,0.04365720636325133,6.839896995727979e-4,49,2023-01-04,0.002190809133426413,grefla3,Greater Flamingo
grefla3,state,SEN-5514,Sédhiou,AF,Africa,postbreeding_migration,0.8185472224489291,2.194329951899355e-4,0.0012305133809596871,0.04738427462124461,4.933150721755424e-4,56,2023-11-01,8.552484809563501e-4,grefla3,Greater Flamingo
grefla3,state,SEN-5516,Kaffrine,AF,Africa,nonbreeding,8.521389229512111e-4,7.876275053809388e-7,3.7435712283896088e-06,3.3248042205006394e-5,7.92741195166229e-7,0,2023-01-04,4.877340007783486e-5,grefla3,Greater Flamingo
grefla3,state,SEN-5516,Kaffrine,AF,Africa,postbreeding_migration,0.012541888306471075,5.116734124069e-6,2.869308601940248e-5,0.001201389719339642,1.903468916276483e-5,35,2023-11-01,5.193053722068667e-5,grefla3,Greater Flamingo
grefla3,state,SEN-5517,Saint-Louis,AF,Africa,nonbreeding,8.704460545332708,0.013875453344392946,0.06594963680935574,0.1881879066834707,0.007738413110122243,77,2023-01-04,0.0362227580287568,grefla3,Greater Flamingo
grefla3,state,SEN-5517,Saint-Louis,AF,Africa,postbreeding_migration,2.5527631879795707,0.001796119796749934,0.01007209258477441,0.20395402260668488,0.005572999479764928,56,2023-11-01,0.007133695709172401,grefla3,Greater Flamingo
grefla3,state,SEN-759,Dakar,AF,Africa,nonbreeding,0.7170449231841379,4.823498873568445e-5,2.292595355024725e-4,0.08973440837450768,1.5571473061351605e-4,70,2023-01-04,1.238536859202897e-4,grefla3,Greater Flamingo
grefla3,state,SEN-759,Dakar,AF,Africa,postbreeding_migration,1.056465433402646,3.136826937876036e-5,1.7590369750320495e-4,0.17946881674901535,2.0694561210631831e-4,56,2023-11-22,8.967426853574915e-5,grefla3,Greater Flamingo
grefla3,state,SEN-764,Fatick,AF,Africa,nonbreeding,11.736128633552012,0.0075554288096224545,0.03591073917126444,0.2693365723577647,0.0044728513439015235,77,2023-02-01,0.016829373265482474,grefla3,Greater Flamingo
grefla3,state,SEN-764,Fatick,AF,Africa,postbreeding_migration,4.11772117471045,0.001170066764198589,0.006561377921840462,0.2668037848204254,0.002944270107966984,56,2023-11-01,0.00403753676871549,grefla3,Greater Flamingo
grefla3,state,SEN-765,Kaolack,AF,Africa,nonbreeding,5.197728231828281,0.0021179518182964075,0.01006656501445457,0.08940333655932987,9.397473584969532e-4,70,2023-02-01,0.0050723647725581245,grefla3,Greater Flamingo
grefla3,state,SEN-765,Kaolack,AF,Africa,postbreeding_migration,1.6974315998706502,3.0529116869328234e-4,0.0017119798590031522,0.08863003761902338,6.190630002861022e-4,56,2023-11-01,0.001112754333914012,grefla3,Greater Flamingo
grefla3,state,SEN-766,Louga,AF,Africa,nonbreeding,0.29927427516002725,6.341836418757218e-4,0.003014256890499328,0.0077464386997533425,4.2345046616570865e-4,77,2023-01-04,0.001968472060292336,grefla3,Greater Flamingo
grefla3,state,SEN-766,Louga,AF,Africa,postbreeding_migration,0.11328580739925956,1.0595967146971182e-4,5.941895541858467e-4,0.008458584931559692,3.0725203582395973e-4,56,2023-11-01,4.987557053531421e-4,grefla3,Greater Flamingo
grefla3,state,SEN-767,Matam,AF,Africa,nonbreeding,0.2043824955778947,5.174829872525573e-4,0.0024595819839009175,0.01861225932664409,0.0012156438366413788,70,2023-02-01,0.0015846641718491364,grefla3,Greater Flamingo
grefla3,state,SEN-767,Matam,AF,Africa,postbreeding_migration,0.11373198848478454,1.2710260803134986e-4,7.127527006687084e-4,0.024070882996794538,0.0010447101338173326,49,2023-10-25,5.667349083710659e-4,grefla3,Greater Flamingo
grefla3,state,SEN-768,Thiès,AF,Africa,nonbreeding,0.13352629617995704,7.827590203661368e-5,3.720431456984033e-4,0.0059975768594594655,9.069680316188128e-5,70,2023-01-04,3.3056721912902453e-4,grefla3,Greater Flamingo
grefla3,state,SEN-768,Thiès,AF,Africa,postbreeding_migration,0.14349965986015778,3.7130568697827096e-5,2.082169164476444e-4,0.01243324377691469,1.2493874357168483e-4,56,2023-11-01,1.7132944955668649e-4,grefla3,Greater Flamingo
grefla3,state,SEN-774,Kolda,AF,Africa,nonbreeding,0.003494382820278163,4.085557416897928e-6,1.941853870432772e-5,6.453629011439817e-4,1.9464341326689503e-5,0,2023-12-27,8.01129219053597e-6,grefla3,Greater Flamingo
grefla3,state,SEN-774,Kolda,AF,Africa,postbreeding_migration,0.0038725977701579975,1.9984932170974468e-6,1.120694106766845e-5,6.453629011439817e-4,1.2934100756644896e-5,0,2023-11-01,6.787020686311731e-6,grefla3,Greater Flamingo
grefla3,state,SEN-775,Ziguinchor,AF,Africa,nonbreeding,6.47349582123295,0.004130206580223927,0.019630754913204325,0.1654043800798284,0.002722292502011199,56,2023-01-04,0.012215408654168812,grefla3,Greater Flamingo
grefla3,state,SEN-775,Ziguinchor,AF,Africa,postbreeding_migration,3.3342948527641383,9.389800282014028e-4,0.005265513913054063,0.21623187992252563,0.0023648523635204756,56,2023-10-25,0.003332670639201198,grefla3,Greater Flamingo
grefla3,state,SEN-779,Tambacounda,AF,Africa,nonbreeding,0.0014303140393148452,4.760951769643219e-6,2.2628668936551175e-5,2.1704407023771823e-4,1.8636535647798275e-5,0,2023-12-06,5.935496604339769e-6,grefla3,Greater Flamingo
grefla3,state,SEN-779,Tambacounda,AF,Africa,postbreeding_migration,0.0024540739088512765,3.605532954506965e-6,2.021873028790261e-5,3.4734582390861645e-4,1.9818732184309485e-5,0,2023-11-01,2.553410059516817e-5,grefla3,Greater Flamingo
grefla3,state,SOL-001,Somaliland,AF,Africa,nonbreeding,0.019787789711240088,2.804579691514439e-4,0.0013330087851364852,0.0039286329953332165,0.0014363716908402696,35,2023-02-08,3.969343731369181e-4,grefla3,Greater Flamingo
grefla3,state,SOL-001,Somaliland,AF,Africa,postbreeding_migration,0.04951212760576298,3.097430270415084e-4,0.0017369445242436169,0.018036462692107316,0.004382009079591408,56,2023-09-27,0.0012921362598519528,grefla3,Greater Flamingo
grefla3,state,SOM-2314,Gedo,AF,Africa,breeding,0.02063694514143194,6.906440987658583e-5,4.7934932764334335e-4,0.001167817034917356,8.874164349523753e-5,7,2023-03-15,9.503316479968935e-5,grefla3,Greater Flamingo
grefla3,state,SOM-2314,Gedo,AF,Africa,nonbreeding,0.0020078326216089863,7.783748291411263e-6,3.699593520246705e-5,9.7318086243113e-4,9.732170663344751e-5,0,2023-12-06,1.607157966878737e-5,grefla3,Greater Flamingo
grefla3,state,SOM-2314,Gedo,AF,Africa,postbreeding_migration,0.1368708404916235,2.3420257317595836e-4,0.0013133366743627497,0.02622118972661327,0.001742469067033872,35,2023-09-27,0.002486737652366425,grefla3,Greater Flamingo
grefla3,state,SOM-2315,Jubbada Dhexe,AF,Africa,breeding,0.006841903468636316,9.39556613308103e-6,6.521098662493344e-5,4.743363855684957e-4,1.4790273915872922e-5,0,2023-03-15,1.292837202702541e-5,grefla3,Greater Flamingo
grefla3,state,SOM-2315,Jubbada Dhexe,AF,Africa,nonbreeding,0.019898081738096925,3.165261560234824e-5,1.504439855930589e-4,0.0033203546989794695,1.3625038928682652e-4,7,2023-02-08,3.574927776330856e-5,grefla3,Greater Flamingo
grefla3,state,SOM-2315,Jubbada Dhexe,AF,Africa,postbreeding_migration,0.27666170604111207,1.9425262422610213e-4,0.0010893095324604855,0.02449839183955666,6.680167873877697e-4,28,2023-10-18,3.366782623609677e-4,grefla3,Greater Flamingo
grefla3,state,SOM-2645,Jubbada Hoose,AF,Africa,breeding,0.18930067109903873,6.864567832486563e-4,0.004764430740731065,0.016625937449136406,0.001368960620747582,56,2023-03-15,0.001106221361720051,grefla3,Greater Flamingo
grefla3,state,SOM-2645,Jubbada Hoose,AF,Africa,nonbreeding,0.20246502210957631,8.50478686258164e-4,0.004042301111227427,0.03584601703520031,0.003884268247625068,56,2023-02-08,0.0013260434155639002,grefla3,Greater Flamingo
grefla3,state,SOM-2645,Jubbada Hoose,AF,Africa,postbreeding_migration,0.33255522416865035,6.165902520113446e-4,0.0034576502727519847,0.03496501207139734,0.0025176683382509813,70,2023-11-01,0.0011148705660090116,grefla3,Greater Flamingo
grefla3,state,SVN-1027,Izola,EU,Europe,nonbreeding,0.1498185833073532,3.6340272338359636e-7,4.122808107043324e-6,0.4932037732040077,3.08605570341394e-5,21,2023-12-06,2.302138146733826e-6,grefla3,Greater Flamingo
grefla3,state,SVN-1027,Izola,EU,Europe,postbreeding_migration,0.044517008081839934,4.7661522438949745e-8,1.1395589752336257e-6,0.3110730170759432,1.2934100756644896e-5,7,2023-11-29,2.3919918969165036e-6,grefla3,Greater Flamingo
grefla3,state,SVN-1031,Koper,EU,Europe,nonbreeding,0.11844071639514932,3.414354576186735e-6,3.873589222435241e-5,0.07852329103568587,5.839302398006851e-5,35,2023-12-06,1.949570711937375e-5,grefla3,Greater Flamingo
grefla3,state,SVN-1031,Koper,EU,Europe,postbreeding_migration,0.058701810202360725,7.469276543931817e-7,1.7858601002605864e-5,0.05234886069045725,2.586820151328979e-5,42,2023-11-29,2.0469796351713105e-5,grefla3,Greater Flamingo
grefla3,state,SVN-1033,Piran,EU,Europe,breeding,1.3639143527722726,6.0837310633084195e-6,1.1109676871621394e-4,0.11897722347510636,1.205009590921222e-5,133,2023-03-22,2.843363268630371e-5,grefla3,Greater Flamingo
grefla3,state,SVN-1033,Piran,EU,Europe,nonbreeding,1.6061714368783282,8.299027201103862e-6,9.415255974614004e-5,0.32554137721487186,4.339067086631327e-5,77,2023-12-06,3.299653911677777e-5,grefla3,Greater Flamingo
grefla3,state,SVN-1033,Piran,EU,Europe,postbreeding_migration,0.9070156650686396,2.0685666959455517e-6,4.945821332613862e-5,0.2650097312829127,2.3471914694608504e-5,105,2023-11-29,3.0125085723650987e-5,grefla3,Greater Flamingo
grefla3,state,SWZ-534,Hhohho,AF,Africa,breeding,0.010854898197572935,2.808741173174314e-6,1.9494384955886344e-5,0.0034787561276925535,2.0438721036708425e-5,126,2023-07-05,1.5959244756054678e-5,grefla3,Greater Flamingo
grefla3,state,SWZ-534,Hhohho,AF,Africa,nonbreeding,0.022007160835227944,6.59632985849976e-6,3.135216901713424e-5,0.008407027349252217,6.500334216578522e-5,77,2023-02-01,2.153308138114981e-5,grefla3,Greater Flamingo
grefla3,state,SWZ-534,Hhohho,AF,Africa,postbreeding_migration,0.015360726063795824,2.032214485144979e-6,1.1396039664802854e-5,0.0034787561276925535,1.7873670138187028e-5,126,2023-09-27,1.547188226226888e-5,grefla3,Greater Flamingo
grefla3,state,SWZ-535,Lubombo,AF,Africa,breeding,0.03372436852348663,1.3348034243640695e-5,9.264353740925344e-5,0.021594764303707777,1.9407326843978845e-4,133,2023-07-12,4.976485549212487e-5,grefla3,Greater Flamingo
grefla3,state,SWZ-535,Lubombo,AF,Africa,nonbreeding,0.07724950289267897,3.5417798342408535e-5,1.68339792531012e-4,0.039767408994402995,4.7033580591706914e-4,77,2023-12-27,6.0417710076739515e-5,grefla3,Greater Flamingo
grefla3,state,SWZ-535,Lubombo,AF,Africa,postbreeding_migration,0.042174513032656624,8.534840217337119e-6,4.7860783574027914e-5,0.017903341945047297,1.4070559947516631e-4,126,2023-08-02,4.937949387338092e-5,grefla3,Greater Flamingo
grefla3,state,SWZ-536,Manzini,AF,Africa,breeding,0.01213164108363137,3.7134853613766047e-6,2.577386405487477e-5,0.0036049208152707977,2.5055418354370064e-5,126,2023-07-12,1.8762414786966873e-5,grefla3,Greater Flamingo
grefla3,state,SWZ-536,Manzini,AF,Africa,nonbreeding,0.02551814877890525,9.04823163564186e-6,4.300598872891173e-5,0.005732915464478907,5.243786021402698e-5,77,2023-12-06,2.0729878563906295e-5,grefla3,Greater Flamingo
grefla3,state,SWZ-536,Manzini,AF,Africa,postbreeding_migration,0.01464788543995987,2.2924978148030003e-6,1.2855629275324777e-5,0.0036049208152707977,2.191097388314905e-5,126,2023-09-27,1.7528598881306355e-5,grefla3,Greater Flamingo
grefla3,state,SWZ-537,Shiselweni,AF,Africa,breeding,0.015559733027143549,4.322830547228362e-6,3.0003093055204967e-5,0.003038301267752612,1.9166405466275263e-5,133,2023-03-08,1.9666658665962305e-5,grefla3,Greater Flamingo
grefla3,state,SWZ-537,Shiselweni,AF,Africa,nonbreeding,0.02520767195591567,8.112434266730546e-6,3.855817033515878e-5,0.003038301267752612,2.522343129838452e-5,77,2023-02-01,2.6027505268122457e-5,grefla3,Greater Flamingo
grefla3,state,SWZ-537,Shiselweni,AF,Africa,postbreeding_migration,0.01704485094164196,2.4212024841518174e-6,1.357736584775149e-5,0.003038301267752612,1.6761029637014852e-5,126,2023-08-09,1.8091433711338796e-5,grefla3,Greater Flamingo
grefla3,state,SYR-134,Lattakia,AS,Asia,breeding,0.01875852731225867,3.770318445813117e-6,4.706075100595905e-6,0.004545358605951984,2.0743938270277643e-5,70,2023-06-28,2.4342653576422093e-05,grefla3,Greater Flamingo
grefla3,state,SYR-134,Lattakia,AS,Asia,nonbreeding,0.08593579976365406,2.0008097623084457e-5,2.852347041720551e-5,0.007786165532389118,4.67638421506153e-5,70,2023-01-11,8.847418050200269e-5,grefla3,Greater Flamingo
grefla3,state,SYR-134,Lattakia,AS,Asia,postbreeding_migration,0.03430390273606071,3.525288446922217e-6,4.520475181378605e-6,0.014267779385263388,5.6942885007178576e-5,98,2023-08-30,5.297335499747795e-5,grefla3,Greater Flamingo
grefla3,state,SYR-135,Tartus,AS,Asia,breeding,0.026134313666335663,4.027571969294045e-6,5.027176466115461e-6,0.01889218904023661,6.610864549430469e-5,70,2023-06-28,2.0233864056849512e-5,grefla3,Greater Flamingo
grefla3,state,SYR-135,Tartus,AS,Asia,nonbreeding,0.06767561592319789,1.208138736144018e-5,1.722318140857388e-5,0.0062121235804341954,2.860747701574528e-5,70,2023-02-08,4.591587569453469e-5,grefla3,Greater Flamingo
grefla3,state,SYR-135,Tartus,AS,Asia,postbreeding_migration,0.03398018395183288,2.6775017820206156e-6,3.433358868630541e-6,0.014665500553635802,4.487793751744072e-5,98,2023-08-23,3.7288019047086024e-5,grefla3,Greater Flamingo
grefla3,state,SYR-136,Ar Raqqah,AS,Asia,breeding,0.9569674517086232,0.0012617758832406106,0.0015749364813587878,0.07430075511055997,0.0022244469297180536,84,2023-06-28,0.005236427102565494,grefla3,Greater Flamingo
grefla3,state,SYR-136,Ar Raqqah,AS,Asia,nonbreeding,0.6595970980274029,0.0010074330017868017,0.0014361927837971283,0.035091525312126406,0.0013825936629654335,35,2023-12-06,0.0015668571474461602,grefla3,Greater Flamingo
grefla3,state,SYR-136,Ar Raqqah,AS,Asia,postbreeding_migration,0.865527211279533,5.83495638633712e-4,7.482160942572516e-4,0.055057333784642976,0.0014414647297056255,126,2023-11-01,0.0023371209386288143,grefla3,Greater Flamingo
grefla3,state,SYR-137,Aleppo,AS,Asia,breeding,1.366611097822782,0.001870449308209986,0.002334676776723958,0.04830922101710448,0.0015013252888679642,133,2023-06-28,0.007635284142025981,grefla3,Greater Flamingo
grefla3,state,SYR-137,Aleppo,AS,Asia,nonbreeding,1.866144571680053,0.0029586845722916143,0.004217889849469471,0.0351459339962451,0.0014374188942414391,77,2023-02-15,0.007547433539882444,grefla3,Greater Flamingo
grefla3,state,SYR-137,Aleppo,AS,Asia,postbreeding_migration,1.5813777367776067,0.0011066453218082854,0.001419050607388063,0.04212217681451672,0.0011447630284378532,126,2023-08-30,0.00434889143558257,grefla3,Greater Flamingo
grefla3,state,SYR-138,Hamah,AS,Asia,breeding,0.04680338782658381,3.4564826123362044e-5,4.3143482417570785e-5,0.011992212313123366,2.0109448532958844e-4,112,2023-04-05,1.0097010038076252e-4,grefla3,Greater Flamingo
grefla3,state,SYR-138,Hamah,AS,Asia,nonbreeding,0.4317514695839916,3.693544131822829e-4,5.265502936028269e-4,0.010371487043781885,2.2887869887954325e-4,49,2023-02-15,0.003914620645404604,grefla3,Greater Flamingo
grefla3,state,SYR-138,Hamah,AS,Asia,postbreeding_migration,0.06606102227635277,2.494446586280543e-5,3.198627305065054e-5,0.01264837896669632,1.854794263746637e-4,119,2023-10-25,1.8870910468761617e-4,grefla3,Greater Flamingo
grefla3,state,SYR-139,Homs (Hims),AS,Asia,breeding,0.0508148741635801,1.842206066248178e-4,2.2994238346537283e-4,0.00384835176227197,3.167859282890358e-4,126,2023-06-28,3.8545602924142894e-4,grefla3,Greater Flamingo
grefla3,state,SYR-139,Homs (Hims),AS,Asia,nonbreeding,0.0717876658570013,3.0147379508638477e-4,4.2977993398972294e-4,0.003100464062589011,3.3587781244057553e-4,70,2023-02-15,4.788410735613176e-4,grefla3,Greater Flamingo
grefla3,state,SYR-139,Homs (Hims),AS,Asia,postbreeding_migration,0.05844025600739916,1.083256480759686e-4,1.389059111068461e-4,0.003714684858473342,0.00026740721303014035,126,2023-08-09,5.266838880816854e-4,grefla3,Greater Flamingo
grefla3,state,SYR-140,Idlib,AS,Asia,breeding,0.1627539588403893,6.639522391879665e-5,8.287387778337977e-5,0.008657703033913021,8.019581951608435e-5,133,2023-06-28,4.425635994497961e-4,grefla3,Greater Flamingo
grefla3,state,SYR-140,Idlib,AS,Asia,nonbreeding,0.23566395753501312,1.1136553994965677e-4,1.5876230434747635e-4,0.005579777955532322,6.801887678228732e-5,77,2023-02-15,6.691796636270058e-4,grefla3,Greater Flamingo
grefla3,state,SYR-140,Idlib,AS,Asia,postbreeding_migration,0.1961820588204714,4.092007294083543e-5,5.247178406372549e-5,0.008657703033913021,7.013127787779208e-5,126,2023-11-01,2.9102671019279205e-4,grefla3,Greater Flamingo
grefla3,state,SYR-141,Hasaka (Al Haksa),AS,Asia,breeding,0.1294910984733548,2.096791643344782e-4,2.617195095241979e-4,0.02485862904255064,9.139791774063164e-4,84,2023-06-28,8.38107583985122e-4,grefla3,Greater Flamingo
grefla3,state,SYR-141,Hasaka (Al Haksa),AS,Asia,nonbreeding,0.05536428956878718,1.038478417945678e-4,1.4804510149432954e-4,0.00402269484689747,1.9464341326689503e-4,28,2023-12-06,1.4411667527990533e-4,grefla3,Greater Flamingo
grefla3,state,SYR-141,Hasaka (Al Haksa),AS,Asia,postbreeding_migration,0.11561519832387929,9.571987507398744e-5,1.2274153623213232e-4,0.013997352955927472,4.5005445441112166e-4,112,2023-11-01,4.0282060260359335e-4,grefla3,Greater Flamingo
grefla3,state,SYR-142,Dayr Az Zawr,AS,Asia,breeding,0.17269265809950246,3.339612487521114e-4,4.168472079756333e-4,0.04291989814319705,0.0018846237103508547,70,2023-06-28,0.0011439636093246311,grefla3,Greater Flamingo
grefla3,state,SYR-142,Dayr Az Zawr,AS,Asia,nonbreeding,0.1932178638761686,4.328344904516421e-4,6.170472583909943e-4,0.019319745385518124,0.001116428362714206,28,2023-12-06,5.829217894227025e-4,grefla3,Greater Flamingo
grefla3,state,SYR-142,Dayr Az Zawr,AS,Asia,postbreeding_migration,0.16773444285665834,1.6585030903452718e-4,2.1266974805114267e-4,0.026788019404900495,0.0010286475486196455,126,2023-11-01,8.454233839248733e-4,grefla3,Greater Flamingo
grefla3,state,SYR-144,Rif Dimashq,AS,Asia,breeding,0.010914369422947216,1.4334644443567502e-5,1.789236486554119e-5,0.002975743035766298,8.874164349523753e-5,42,2023-06-21,5.253766353017266e-5,grefla3,Greater Flamingo
grefla3,state,SYR-144,Rif Dimashq,AS,Asia,nonbreeding,0.0027369520878124344,4.163972497349205e-6,5.936143884522271e-6,9.919143452554323e-4,3.892868265337901e-5,0,2023-12-13,9.827575868833064e-6,grefla3,Greater Flamingo
grefla3,state,SYR-144,Rif Dimashq,AS,Asia,postbreeding_migration,0.01077662007466849,7.2367351824593956e-6,9.279661020384827e-6,0.001983828690510865,5.173640302657958e-5,21,2023-08-09,5.4960334182976765e-5,grefla3,Greater Flamingo
grefla3,state,SYR-145,Quneitra,AS,Asia,nonbreeding,0.007883324235565101,2.030562301368853e-7,2.894762152028047e-7,0.0255042132203439,1.6946255074821504e-5,7,2023-12-06,3.2799728811716937e-6,grefla3,Greater Flamingo
grefla3,state,SYR-146,Dar`a,AS,Asia,breeding,6.369036754068205e-4,1.823265793103285e-7,2.275782768487381e-7,0.0022753919759166416,1.4790273915872922e-5,7,2023-06-14,1.475174964445363e-6,grefla3,Greater Flamingo
grefla3,state,SYR-146,Dar`a,AS,Asia,nonbreeding,0.0017295181673855772,5.735268297229509e-7,8.176177400395122e-7,0.0025697576138799458,2.1982427578557505e-5,14,2023-12-06,7.408852580067766e-6,grefla3,Greater Flamingo
grefla3,state,TKM-351,Balkan,AS,Asia,breeding,1.700115939128333,0.015201847431023397,0.018974799265998953,0.2227270760980695,0.04522042214463948,112,2023-03-08,0.06483933796795673,grefla3,Greater Flamingo
grefla3,state,TKM-351,Balkan,AS,Asia,nonbreeding,3.4529171998246957,0.03576484740992116,0.05098623498796635,0.13818637200069836,0.03692243255865313,77,2023-02-15,0.04843863641751911,grefla3,Greater Flamingo
grefla3,state,TKM-351,Balkan,AS,Asia,postbreeding_migration,3.326719155936754,0.015209180078887044,0.019502722149091635,0.1874531466815078,0.03328237841589453,84,2023-11-22,0.04963797924037787,grefla3,Greater Flamingo
grefla3,state,TKM-352,Ahal,AS,Asia,breeding,0.033173153606251136,2.4130120473270385e-4,3.0118983519745367e-4,0.0051986284634015995,8.586284546829129e-4,35,2023-04-19,5.593790580938894e-4,grefla3,Greater Flamingo
grefla3,state,TKM-352,Ahal,AS,Asia,nonbreeding,0.037989874237907464,3.2010537613479e-4,4.5634104743845006e-4,0.0016576198240700352,3.6030054829514386e-4,7,2023-02-01,3.6703591651320543e-4,grefla3,Greater Flamingo
grefla3,state,TKM-352,Ahal,AS,Asia,postbreeding_migration,0.05109990952807393,1.9004860856697175e-4,2.4369921248077912e-4,0.004227669384234132,6.106291546204135e-4,49,2023-11-22,7.505712640994343e-4,grefla3,Greater Flamingo
grefla3,state,TUN-102,Manubah,AF,Africa,breeding,12.829479543943735,0.0016078393967490425,0.01115939070741876,0.12756364143802204,3.629980578377902e-4,133,2023-03-08,0.006279193389216134,grefla3,Greater Flamingo
grefla3,state,TUN-102,Manubah,AF,Africa,nonbreeding,8.378713489327392,0.0012163634144135794,0.005781340862724296,0.10115363511857003,3.7881082612208056e-4,77,2023-12-06,0.0026320777433944185,grefla3,Greater Flamingo
grefla3,state,TUN-102,Manubah,AF,Africa,postbreeding_migration,40.082953952635904,0.0025684148939097698,0.01440288818952003,0.11198567057554965,2.786761941382118e-4,126,2023-08-23,0.012772907619762313,grefla3,Greater Flamingo
grefla3,state,TUN-103,Béja,AF,Africa,breeding,0.6326000292979229,1.7171058400727626e-4,0.0011917766783241302,0.021152645737781774,1.303695959459113e-4,126,2023-05-03,9.767598644884567e-4,grefla3,Greater Flamingo
grefla3,state,TUN-103,Béja,AF,Africa,nonbreeding,0.673913664855777,2.1189685064207253e-4,0.001007139730431804,0.019197937815931456,1.5571473061351605e-4,56,2023-12-06,5.907260975206806e-4,grefla3,Greater Flamingo
grefla3,state,TUN-103,Béja,AF,Africa,postbreeding_migration,3.010420355772295,4.177984573555564e-4,0.0023428864555001413,0.026397164496905753,1.4227510832309382e-4,112,2023-10-18,0.002377194402852658,grefla3,Greater Flamingo
grefla3,state,TUN-104,Ben Arous (Tunis Sud),AF,Africa,breeding,3.5041172059353416,2.010415268958896e-4,0.0013953513961552982,0.07700229010508534,1.0031238531205128e-4,133,2023-03-08,9.584719284302536e-4,grefla3,Greater Flamingo
grefla3,state,TUN-104,Ben Arous (Tunis Sud),AF,Africa,nonbreeding,2.2578176581117835,1.500542833538138e-4,7.132037594195902e-4,0.03779455579461606,6.479532251725325e-5,77,2023-02-01,3.118301490688835e-4,grefla3,Greater Flamingo
grefla3,state,TUN-104,Ben Arous (Tunis Sud),AF,Africa,postbreeding_migration,9.880331099208012,2.898347677542753e-4,0.001625305071738532,0.05728282283824952,6.525823897017139e-5,126,2023-08-23,0.0024350460616483264,grefla3,Greater Flamingo
grefla3,state,TUN-105,Bizerte,AF,Africa,breeding,5.259617127820293,0.0015898842630502911,0.011034771076531844,0.08735458266778645,5.995713038684256e-4,133,2023-03-08,0.006395153718522654,grefla3,Greater Flamingo
grefla3,state,TUN-105,Bizerte,AF,Africa,nonbreeding,4.790544505610257,0.0016774463566490345,0.007972855029841967,0.08304484270148929,7.501209708259107e-4,77,2023-02-01,0.003206380259724296,grefla3,Greater Flamingo
grefla3,state,TUN-105,Bizerte,AF,Africa,postbreeding_migration,15.317854338423391,0.002367451810031332,0.013275948443848256,0.07443124608542656,4.4675606595294e-4,126,2023-08-30,0.011895561864658864,grefla3,Greater Flamingo
grefla3,state,TUN-106,Jendouba,AF,Africa,breeding,0.10474739897116445,2.527207546619516e-5,1.7540369062039022e-4,0.0032005038360864517,1.7533143212817933e-05,70,2023-05-03,1.550061994102129e-4,grefla3,Greater Flamingo
grefla3,state,TUN-106,Jendouba,AF,Africa,nonbreeding,0.11381911156345172,3.181011471179697e-5,1.511925744000789e-4,0.002699819868574082,1.9464341326689503e-5,42,2023-12-06,1.1120930375782025e-4,grefla3,Greater Flamingo
grefla3,state,TUN-106,Jendouba,AF,Africa,postbreeding_migration,0.47243984579305687,5.8279526387986824e-5,3.268138275847597e-4,0.002699819868574082,1.2934100756644896e-5,84,2023-11-01,3.615516133407876e-4,grefla3,Greater Flamingo
grefla3,state,TUN-107,Nabeul,AF,Africa,breeding,4.521603261340144,0.0011473524077674495,0.007963328814596196,0.1113616123320498,6.416285115180636e-4,133,2023-03-08,0.005050910172331904,grefla3,Greater Flamingo
grefla3,state,TUN-107,Nabeul,AF,Africa,nonbreeding,3.220324561163043,9.465779946440326e-4,0.004499058402565903,0.0849637755583588,6.442366703731648e-4,77,2023-02-15,0.0018690088061396623,grefla3,Greater Flamingo
grefla3,state,TUN-107,Nabeul,AF,Africa,postbreeding_migration,9.903731237531538,0.00128491694562487,0.007205422747133757,0.09852654717723476,4.964338992531762e-4,126,2023-08-23,0.007538502429570268,grefla3,Greater Flamingo
grefla3,state,TUN-108,Tunis,AF,Africa,breeding,42.38264862057965,0.0011047334929015925,0.007667527428291098,0.4711318534210373,2.788403771066279e-4,133,2023-05-03,0.0032788372958130977,grefla3,Greater Flamingo
grefla3,state,TUN-108,Tunis,AF,Africa,nonbreeding,22.388531438737076,6.76001121422895e-4,0.0032130141865651302,0.3166478203202695,2.466341387097788e-4,77,2023-12-06,0.0015740773642376662,grefla3,Greater Flamingo
grefla3,state,TUN-108,Tunis,AF,Africa,postbreeding_migration,139.4132203988623,0.0018579979022032656,0.010419086147355336,0.41443808073455846,2.1450275265351093e-4,126,2023-08-30,0.011867155560437812,grefla3,Greater Flamingo
grefla3,state,TUN-111,Gabès,AF,Africa,breeding,4.610266675407776,0.0024848921273035577,0.017246674120834186,0.029949675411250543,3.665366267364354e-4,49,2023-03-08,0.005502979902603099,grefla3,Greater Flamingo
grefla3,state,TUN-111,Gabès,AF,Africa,nonbreeding,2.2127004199822435,0.0013815178251988863,0.006566315100207897,0.0311581873871694,5.018349892343481e-4,63,2023-02-15,0.002142678218298598,grefla3,Greater Flamingo
grefla3,state,TUN-111,Gabès,AF,Africa,postbreeding_migration,4.504774267562612,0.0012414417847027342,0.00696162729054001,0.028741163435331694,3.0760233340107186e-4,84,2023-11-01,0.004411191078800386,grefla3,Greater Flamingo
grefla3,state,TUN-112,Gafsa,AF,Africa,breeding,0.047968638734931096,2.5237344585574287e-5,1.7516263702558175e-4,0.0012380728154891174,1.4790273915872922e-5,14,2023-04-26,1.0782219328853146e-4,grefla3,Greater Flamingo
grefla3,state,TUN-113,Sidi Bou Zid,AF,Africa,breeding,0.11743663411891948,6.372591233691152e-5,4.422968832535148e-4,0.0061594010159996635,7.589177540092734e-5,119,2023-05-03,9.104995628782312e-4,grefla3,Greater Flamingo
grefla3,state,TUN-113,Sidi Bou Zid,AF,Africa,nonbreeding,0.11944473017559314,7.508131008224002e-5,3.568593406063578e-4,0.0061594010159996635,9.987532541279e-5,42,2023-12-13,5.483183722058289e-4,grefla3,Greater Flamingo
grefla3,state,TUN-113,Sidi Bou Zid,AF,Africa,postbreeding_migration,0.018159939235137635,5.0384701507178e-6,2.825420550203833e-5,8.498909033150391e-5,9.157552894781342e-7,98,2023-08-30,6.39298429528788e-4,grefla3,Greater Flamingo
grefla3,state,TUN-114,Sfax,AF,Africa,breeding,6.0150646485058825,0.0034801045802511843,0.02415405841667044,0.08623557643889289,0.0011328756244493928,126,2023-03-08,0.01470135087714424,grefla3,Greater Flamingo
grefla3,state,TUN-114,Sfax,AF,Africa,nonbreeding,4.783104572870447,0.003205636344840644,0.015236298767170867,0.08480487935671258,0.0014661557126714356,77,2023-12-06,0.0066816511287263345,grefla3,Greater Flamingo
grefla3,state,TUN-114,Sfax,AF,Africa,postbreeding_migration,13.667014563227037,0.004042941762052343,0.02267158561245543,0.07034920656407537,8.081928199471368e-4,105,2023-08-30,0.01723639025277444,grefla3,Greater Flamingo
grefla3,state,TUN-115,Siliana,AF,Africa,breeding,0.06255398662469526,2.055395836450087e-5,1.4265706664313312e-4,0.0019826400618999356,1.4792041716346694e-5,133,2023-05-03,4.69724152849802e-4,grefla3,Greater Flamingo
grefla3,state,TUN-115,Siliana,AF,Africa,nonbreeding,0.027665494535440715,1.05300709930039e-5,5.004912923050312e-5,0.0019826400618999356,1.946666779285333e-5,56,2023-12-06,3.2940411822073685e-4,grefla3,Greater Flamingo
grefla3,state,TUN-115,Siliana,AF,Africa,postbreeding_migration,0.15122621684027107,2.5406181705396796e-5,1.42470126338675e-4,0.0019826400618999356,1.2935646698902315e-5,112,2023-08-30,7.085375893243514e-4,grefla3,Greater Flamingo
grefla3,state,TUN-116,Mahdia,AF,Africa,breeding,3.4792049273561405,7.80027953530086e-4,0.005413872003479192,0.09272041168119824,4.720079071695753e-4,133,2023-03-08,0.003883935037452852,grefla3,Greater Flamingo
grefla3,state,TUN-116,Mahdia,AF,Africa,nonbreeding,2.933063757893275,7.617352304091609e-4,0.003620505978687568,0.09060172698630632,6.069793180787526e-4,77,2023-12-06,0.002152703539768436,grefla3,Greater Flamingo
grefla3,state,TUN-116,Mahdia,AF,Africa,postbreeding_migration,7.740192587495128,8.872658293176247e-4,0.004975516441812245,0.07531404086223743,3.3528173489577774e-4,112,2023-08-23,0.006928909681324141,grefla3,Greater Flamingo
grefla3,state,TUN-117,Monastir,AF,Africa,breeding,21.14803629683817,0.0018486775049057513,0.01283095476511661,0.2025082132333468,4.0195507591304073e-4,133,2023-03-08,0.006343360891808779,grefla3,Greater Flamingo
grefla3,state,TUN-117,Monastir,AF,Africa,nonbreeding,16.430709318334753,0.0016637949576086273,0.007907970316794502,0.2087283994590063,5.452302123661803e-4,77,2023-12-06,0.003695615433585525,grefla3,Greater Flamingo
grefla3,state,TUN-117,Monastir,AF,Africa,postbreeding_migration,61.03817490853284,0.002728126357463689,0.015298501416809045,0.20441801597268053,3.5482488191436077e-4,112,2023-08-23,0.014683420330766105,grefla3,Greater Flamingo
grefla3,state,TUN-118,Kairouan,AF,Africa,breeding,0.2591549308022491,1.2470003457949673e-4,8.654946569383238e-4,0.009118056312612534,9.962151306834789e-5,119,2023-05-03,8.485687983718082e-4,grefla3,Greater Flamingo
grefla3,state,TUN-118,Kairouan,AF,Africa,nonbreeding,0.14863722659277653,8.284896219269655e-5,3.93778771116572e-4,0.006746761881011576,9.700848911898284e-5,56,2023-12-13,3.526295307541324e-4,grefla3,Greater Flamingo
grefla3,state,TUN-118,Kairouan,AF,Africa,postbreeding_migration,0.6116453044930396,1.5047992850211322e-4,8.438455913497929e-4,0.00776434719607492,7.418495429835268e-5,112,2023-10-18,6.691842555066166e-4,grefla3,Greater Flamingo
grefla3,state,TUN-119,Sousse,AF,Africa,breeding,10.898248644744449,0.0022617566095802914,0.015697976889001923,0.1989323941547028,9.374291009436844e-4,133,2023-03-08,0.00648353821309714,grefla3,Greater Flamingo
grefla3,state,TUN-119,Sousse,AF,Africa,nonbreeding,8.743465105719915,0.002101963250957837,0.009990571806671794,0.18375775797989127,0.0011395728662237624,77,2023-12-06,0.005106814253421631,grefla3,Greater Flamingo
grefla3,state,TUN-119,Sousse,AF,Africa,postbreeding_migration,19.69451854102015,0.002089807853392254,0.011719005726590724,0.13272484586445624,5.469469113467156e-4,126,2023-08-23,0.012695824810394576,grefla3,Greater Flamingo
grefla3,state,TUN-120,Zaghouan,AF,Africa,breeding,1.0229443272170435,2.1280704009962593e-4,0.0014770112677688818,0.02582118354192937,1.2197024709782484e-4,133,2023-05-03,0.001174209663636329,grefla3,Greater Flamingo
grefla3,state,TUN-120,Zaghouan,AF,Africa,nonbreeding,0.4854739814167599,1.1699096786839723e-4,5.560547572316716e-4,0.018781511795936286,1.1675400870792606e-4,56,2023-12-13,3.908533179987902e-4,grefla3,Greater Flamingo
grefla3,state,TUN-120,Zaghouan,AF,Africa,postbreeding_migration,3.0674195291160986,3.262713979475649e-4,0.001829630592479449,0.022690072582460176,9.372893160160556e-5,112,2023-10-18,0.0014524197954180111,grefla3,Greater Flamingo
grefla3,state,TUN-96,Médenine,AF,Africa,breeding,7.293876699160208,0.004883083752373674,0.03389159362556138,0.07388494459644461,0.0011231440835836456,84,2023-03-08,0.011106658990229586,grefla3,Greater Flamingo
grefla3,state,TUN-96,Médenine,AF,Africa,nonbreeding,9.375151815990902,0.007270536293008898,0.0345566531076217,0.15798198903983351,0.0031604621511648295,56,2023-02-15,0.009487808047949228,grefla3,Greater Flamingo
grefla3,state,TUN-96,Médenine,AF,Africa,postbreeding_migration,23.33315720964662,0.007986952387036084,0.04478839555021756,0.15603606138048323,0.0020742663581225416,98,2023-11-08,0.02294503047659469,grefla3,Greater Flamingo
grefla3,state,TUN-97,Kebili,AF,Africa,nonbreeding,0.01287855893141155,2.433611388341615e-5,1.1566886011771118e-4,3.993014374121895e-4,1.9464341326689503e-5,0,2023-12-27,2.651061559945529e-5,grefla3,Greater Flamingo
grefla3,state,TUR-2229,Aydin,AS,Asia,breeding,2.27414432316015,0.001389825699215731,0.0017347670259817744,0.059372514329465366,8.238943454035381e-4,133,2023-03-22,0.003074562623902762,grefla3,Greater Flamingo
grefla3,state,TUR-2229,Aydin,AS,Asia,nonbreeding,4.442156593085245,0.003144767633998733,0.004483169178155982,0.04635304353165554,8.46501692725802e-4,77,2023-01-25,0.005511118244407325,grefla3,Greater Flamingo
grefla3,state,TUR-2229,Aydin,AS,Asia,postbreeding_migration,3.5728117065035416,0.0011164114359337749,0.0014315736894528312,0.05404333738520088,6.55825447602975e-4,126,2023-11-01,0.005275554702578713,grefla3,Greater Flamingo
grefla3,state,TUR-2230,Izmir,AS,Asia,breeding,2.7441349249811897,0.0029307150977840204,0.0036580903037349193,0.06913587519001854,0.0016765456044880677,133,2023-03-15,0.007746732171642078,grefla3,Greater Flamingo
grefla3,state,TUR-2230,Izmir,AS,Asia,nonbreeding,5.5350213703060165,0.006847622720005186,0.009761945776239268,0.04290983234592485,0.0013694059757600287,77,2023-01-11,0.012611446095451668,grefla3,Greater Flamingo
grefla3,state,TUR-2230,Izmir,AS,Asia,postbreeding_migration,3.913809580351954,0.0021371729317277034,0.0027404955201960524,0.0422999243728064,8.970394025822574e-4,126,2023-11-01,0.00963449737234381,grefla3,Greater Flamingo
grefla3,state,TUR-2238,Balikesir,AS,Asia,breeding,0.5415691648521458,6.196757792196706e-4,7.734733277679768e-4,0.06579679382114607,0.0017094605783333297,133,2023-03-22,0.0013868316885696744,grefla3,Greater Flamingo
grefla3,state,TUR-2238,Balikesir,AS,Asia,nonbreeding,1.1920450578554385,0.0015799947567588354,0.0022524347168195653,0.0302070999752484,0.0010328253430733777,77,2023-12-06,0.0029305090496125237,grefla3,Greater Flamingo
grefla3,state,TUR-2238,Balikesir,AS,Asia,postbreeding_migration,1.0484575402613452,6.133851709873737e-4,7.865434229913596e-4,0.0302070999752484,6.863148784289963e-4,126,2023-11-29,0.003399127805943907,grefla3,Greater Flamingo
grefla3,state,TUR-2239,Çanakkale,AS,Asia,breeding,0.8979896319773081,7.302829907022946e-4,9.115321817840768e-4,0.1174871047025046,0.0021694709062111944,133,2023-03-08,0.0014755957184829948,grefla3,Greater Flamingo
grefla3,state,TUR-2239,Çanakkale,AS,Asia,nonbreeding,1.385206539541515,0.001304928685190971,0.001860301536397118,0.0370044064372334,8.99250247338962e-4,77,2023-01-18,0.0017910729231473247,grefla3,Greater Flamingo
grefla3,state,TUR-2239,Çanakkale,AS,Asia,postbreeding_migration,0.900878198207526,3.7459137410450336e-4,4.803382858716973e-4,0.02979573721912058,4.8114700520321424e-4,126,2023-08-02,0.0018551538129889472,grefla3,Greater Flamingo
grefla3,state,TUR-2240,Edirne,AS,Asia,breeding,1.5249618788077846,6.248216037695344e-4,7.798962963140531e-4,0.09722426233198078,9.045143737209506e-4,133,2023-03-08,0.0023025546919195755,grefla3,Greater Flamingo
grefla3,state,TUR-2240,Edirne,AS,Asia,nonbreeding,7.818214739120321,0.003710710102037135,0.00528997468005982,0.10868187375041692,0.0013306426146045829,77,2023-12-06,0.007357930045235855,grefla3,Greater Flamingo
grefla3,state,TUR-2240,Edirne,AS,Asia,postbreeding_migration,5.309184862539913,0.001112235442036199,0.001426218815077073,0.10670380722333324,8.681219834075263e-4,126,2023-11-22,0.0073894046470339,grefla3,Greater Flamingo
grefla3,state,TUR-2241,Kirklareli,AS,Asia,breeding,0.009941745161354432,5.115600168878447e-6,6.3852427653948794e-6,0.008861281329139685,1.0353191741111044e-4,28,2023-05-17,4.179416142472844e-5,grefla3,Greater Flamingo
grefla3,state,TUR-2241,Kirklareli,AS,Asia,postbreeding_migration,0.01436292480446194,3.778754573112551e-6,4.845494637237294e-6,0.003797691998202722,3.880230226993468e-5,21,2023-11-22,1.465529845245282e-4,grefla3,Greater Flamingo
grefla3,state,TUR-2242,Tekirdag,AS,Asia,breeding,0.0873946926808035,4.755490963784227e-5,5.935757930640077e-5,0.03471523806855303,4.289179435603147e-4,126,2023-05-17,2.8179894484561753e-4,grefla3,Greater Flamingo
grefla3,state,TUR-2242,Tekirdag,AS,Asia,nonbreeding,0.02862244271171917,1.8041364371799215e-5,2.571970272432672e-5,0.0023941543495553815,3.892868265337901e-5,77,2023-12-06,4.239620454879092e-5,grefla3,Greater Flamingo
grefla3,state,TUR-2242,Tekirdag,AS,Asia,postbreeding_migration,0.017601106405712573,4.896909774671376e-6,6.279304356265822e-6,0.0023941543495553815,2.586820151328979e-5,56,2023-11-01,6.346835541907157e-5,grefla3,Greater Flamingo
grefla3,state,TUR-2263,Bilecik,AS,Asia,breeding,0.01222954874273934,4.680890421907956e-6,5.842642254163267e-6,0.0017018230791492014,1.4790273915872922e-5,42,2023-07-12,2.672371157104424e-5,grefla3,Greater Flamingo
grefla3,state,TUR-2263,Bilecik,AS,Asia,postbreeding_migration,0.007456761397208603,1.4592850103730966e-6,1.8712402605547567e-6,0.0017018230791492014,1.2934100756644896e-5,21,2023-08-02,4.2913414665103944e-5,grefla3,Greater Flamingo
grefla3,state,TUR-2264,Bursa,AS,Asia,breeding,0.5482488177253608,4.464214988017641e-4,5.57219006849328e-4,0.05599678509187129,0.0010353191741111045,133,2023-07-12,0.0010298666402286146,grefla3,Greater Flamingo
grefla3,state,TUR-2264,Bursa,AS,Asia,nonbreeding,1.3729276681533549,0.0012949930465292357,0.0018461373264465888,0.026398484400453608,6.423232637807536e-4,77,2023-12-06,0.002516348338185469,grefla3,Greater Flamingo
grefla3,state,TUR-2264,Bursa,AS,Asia,postbreeding_migration,1.7171636146861569,7.149092355296042e-4,9.167276677661416e-4,0.028798346618676664,4.656276272392162e-4,126,2023-11-01,0.003127411929414935,grefla3,Greater Flamingo
grefla3,state,TUR-2265,Istanbul,AS,Asia,breeding,0.19347350078139117,8.139499291839785e-5,1.0159644470132876e-4,0.08825333120163634,8.430456132047566e-4,133,2023-05-17,3.2606307019228116e-4,grefla3,Greater Flamingo
grefla3,state,TUR-2265,Istanbul,AS,Asia,nonbreeding,0.23851030467449785,1.1623468116020474e-4,1.6570373415717611e-4,0.017031344617859646,2.1410775459358456e-4,77,2023-12-06,2.798800747587771e-4,grefla3,Greater Flamingo
grefla3,state,TUR-2265,Istanbul,AS,Asia,postbreeding_migration,0.32939809949673876,7.085477469349232e-5,9.085703349005188e-5,0.02477286489870494,2.0694561210631831e-4,126,2023-08-09,4.240647690265819e-4,grefla3,Greater Flamingo
grefla3,state,TUR-2266,Kocaeli,AS,Asia,breeding,0.33805265316867444,1.0954225100694495e-4,1.367295806271964e-4,0.04597855294448672,3.382956217268093e-4,133,2023-03-08,4.602563801273837e-4,grefla3,Greater Flamingo
grefla3,state,TUR-2266,Kocaeli,AS,Asia,nonbreeding,1.3159228460088208,4.939467371028676e-4,7.041686525546275e-4,0.029239474134564004,2.831223344077091e-4,77,2023-12-06,7.087514245454892e-4,grefla3,Greater Flamingo
grefla3,state,TUR-2266,Kocaeli,AS,Asia,postbreeding_migration,0.9592965218910166,1.589359033635766e-4,2.038034099627504e-4,0.029239474134564004,1.8813545951665864e-4,126,2023-11-29,8.481684228239603e-4,grefla3,Greater Flamingo
grefla3,state,TUR-2267,Sakarya,AS,Asia,breeding,0.03934265953234481,1.2410389895234276e-5,1.549052890731447e-5,0.02091218304193714,0.00014978380154791199,91,2023-03-08,7.340031755503918e-5,grefla3,Greater Flamingo
grefla3,state,TUR-2267,Sakarya,AS,Asia,nonbreeding,0.14226172994772662,5.198310043931613e-5,7.410691688472863e-5,0.015392867269912873,1.450936801993147e-4,77,2023-12-06,1.0725525640980063e-4,grefla3,Greater Flamingo
grefla3,state,TUR-2267,Sakarya,AS,Asia,postbreeding_migration,0.0983205064589905,1.585760701358305e-5,2.0334199603876876e-5,0.011262955861966843,7.054689146892574e-5,119,2023-11-29,1.0107521989651546e-4,grefla3,Greater Flamingo
grefla3,state,TUR-2268,Bolu,AS,Asia,breeding,4.582080725824149e-4,2.84381266361274e-7,3.549619524008397e-7,4.208820524556709e-5,5.931197972634852e-7,0,2023-06-28,4.742443437950082e-5,grefla3,Greater Flamingo
grefla3,state,TUR-2268,Bolu,AS,Asia,postbreeding_migration,4.553158571233785e-4,1.4448503110131728e-7,1.852730654549561e-7,4.208820524556709e-5,5.186835120297324e-7,0,2023-08-02,5.292028631083571e-5,grefla3,Greater Flamingo
grefla3,state,TUR-2269,Eskisehir,AS,Asia,breeding,0.20697191529383255,2.0563344049078644e-4,2.5666967606362425e-4,0.019243728599709083,4.3412551597297793e-4,133,2023-07-05,0.00129924766538305,grefla3,Greater Flamingo
grefla3,state,TUR-2269,Eskisehir,AS,Asia,nonbreeding,0.0017933007709997728,2.06389614667441e-6,2.9422827593529417e-6,6.55616881939119e-4,1.9464341326689503e-5,0,2023-02-15,1.0682875773869229e-5,grefla3,Greater Flamingo
grefla3,state,TUR-2269,Eskisehir,AS,Asia,postbreeding_migration,0.18172498982532195,9.231426346931102e-5,1.1837452259107964e-4,0.010668885538797492,2.1047725328819777e-4,126,2023-08-02,9.14808707469323e-4,grefla3,Greater Flamingo
grefla3,state,TUR-2271,Antalya,AS,Asia,breeding,0.025992332098597096,4.267318589897883e-5,5.3264258844049585e-5,0.006508268116283259,2.4261576763657055e-4,63,2023-07-05,2.213293212360407e-4,grefla3,Greater Flamingo
grefla3,state,TUR-2271,Antalya,AS,Asia,nonbreeding,0.08300808267767298,1.5786381168466946e-4,2.2505006959481303e-4,0.0038139643762670175,1.8710858446768433e-4,77,2023-01-11,3.286463613987954e-4,grefla3,Greater Flamingo
grefla3,state,TUR-2271,Antalya,AS,Asia,postbreeding_migration,0.036903763913874184,3.097792444881257e-5,3.972297324031382e-5,0.007698533725507358,2.509698930536611e-4,105,2023-08-23,1.942496767407655e-4,grefla3,Greater Flamingo
grefla3,state,TUR-2272,Afyonkarahisar,AS,Asia,breeding,2.3556636630177232,0.0025161527058366186,0.003140637526621712,0.055229777075421656,0.001339493987021839,133,2023-07-12,0.007279983452504096,grefla3,Greater Flamingo
grefla3,state,TUR-2272,Afyonkarahisar,AS,Asia,nonbreeding,1.7703451281327145,0.002190453479279427,0.003122702427461456,0.033562741048817346,0.0010712439812548696,77,2023-01-18,0.0037810198884720182,grefla3,Greater Flamingo
grefla3,state,TUR-2272,Afyonkarahisar,AS,Asia,postbreeding_migration,2.986485347938306,0.0016310074061337324,0.0020914397817600513,0.04146888064851183,8.795282908322598e-4,126,2023-08-02,0.010748874438028504,grefla3,Greater Flamingo
grefla3,state,TUR-2273,Burdur,AS,Asia,breeding,1.54558070062307,8.09312335066991e-4,0.001010175846789118,0.04996305152886739,5.940420592137606e-4,133,2023-07-05,0.0026651514085183604,grefla3,Greater Flamingo
grefla3,state,TUR-2273,Burdur,AS,Asia,nonbreeding,0.3940639891535313,2.3902515294719896e-4,3.407533793313436e-4,0.018185271386091342,2.8454536825309304e-4,77,2023-12-06,5.549112752779217e-4,grefla3,Greater Flamingo
grefla3,state,TUR-2273,Burdur,AS,Asia,postbreeding_migration,1.6878646839395113,4.51891250294275e-4,5.794598689990514e-4,0.039498255207844675,4.106824778403572e-4,126,2023-08-02,0.0030636138379779095,grefla3,Greater Flamingo
grefla3,state,TUR-2274,Denizli,AS,Asia,breeding,0.7755256855017777,6.237675065960786e-4,7.785805823941539e-4,0.042122594240862656,7.692817648154715e-4,133,2023-07-12,0.001868917765235569,grefla3,Greater Flamingo
grefla3,state,TUR-2274,Denizli,AS,Asia,nonbreeding,0.7599360367018669,7.080370479867652e-4,0.0010093750127066123,0.00914171460593505,2.197158972794685e-4,77,2023-01-18,0.0013502940595018405,grefla3,Greater Flamingo
grefla3,state,TUR-2274,Denizli,AS,Asia,postbreeding_migration,1.187136581511441,4.8820146901769904e-4,6.260204398689246e-4,0.01782702132998113,2.847142040057383e-4,126,2023-08-02,0.0034548999286345195,grefla3,Greater Flamingo
grefla3,state,TUR-2275,Isparta,AS,Asia,breeding,1.3396930959663509,8.326963397664311e-4,0.001039363535799965,0.061395812461813574,8.66490595018097e-4,133,2023-07-05,0.0028020319706122897,grefla3,Greater Flamingo
grefla3,state,TUR-2275,Isparta,AS,Asia,nonbreeding,0.4114528741441652,2.962469027666957e-4,4.223284955140052e-4,0.014993495203513289,2.784783788093376e-4,77,2023-12-06,6.577949561092715e-4,grefla3,Greater Flamingo
grefla3,state,TUR-2275,Isparta,AS,Asia,postbreeding_migration,1.6850538846080931,5.355092318967028e-4,6.866831547647192e-4,0.041140010431653065,5.077495210483659e-4,126,2023-08-02,0.0036153028948139937,grefla3,Greater Flamingo
grefla3,state,TUR-2276,Kütahya,AS,Asia,breeding,0.020554649179392304,1.794482660305246e-5,2.2398559398852996e-5,0.0019122767331868392,3.790737437216741e-5,70,2023-07-05,1.4081576981152423e-4,grefla3,Greater Flamingo
grefla3,state,TUR-2276,Kütahya,AS,Asia,postbreeding_migration,0.015789348370638223,7.047989314159711e-6,9.037632310937976e-6,0.0019122767331868392,3.3150014823138884e-5,77,2023-08-02,1.7664981768592393e-4,grefla3,Greater Flamingo
grefla3,state,TUR-2277,Manisa,AS,Asia,breeding,0.19017487288770812,1.7800281098757394e-4,2.2218139095251985e-4,0.009742866705487904,2.070638348222209e-4,126,2023-07-05,3.6969312367633766e-4,grefla3,Greater Flamingo
grefla3,state,TUR-2277,Manisa,AS,Asia,nonbreeding,0.28014771129642546,3.037478318138357e-4,4.330217923885069e-4,0.006263271453527939,1.7517907194020555e-4,70,2023-01-18,6.01438650186982e-4,grefla3,Greater Flamingo
grefla3,state,TUR-2277,Manisa,AS,Asia,postbreeding_migration,0.5800918316388198,2.7761460409041314e-4,3.5598503404015195e-4,0.011134704806271892,2.0694561210631831e-4,126,2023-08-09,0.0012128188075010116,grefla3,Greater Flamingo
grefla3,state,TUR-2278,Mugla,AS,Asia,breeding,0.26771173056588343,2.982654740064327e-4,3.722920864013096e-4,0.01421196544600695,3.5952863964915544e-4,133,2023-07-12,6.486714228898467e-4,grefla3,Greater Flamingo
grefla3,state,TUR-2278,Mugla,AS,Asia,nonbreeding,0.6807577665121894,8.785784956762634e-4,0.00125249827358407,0.011048293696559831,3.678222983281581e-4,77,2023-01-18,0.0014856778719387208,grefla3,Greater Flamingo
grefla3,state,TUR-2278,Mugla,AS,Asia,postbreeding_migration,0.5211949997765776,2.968982622953123e-4,3.8071245695430817e-4,0.013607648487250658,3.0103878551345235e-4,126,2023-11-01,0.00152473050646641,grefla3,Greater Flamingo
grefla3,state,TUR-2281,Adiyaman,AS,Asia,breeding,0.5310116129741417,2.742213916789489e-4,3.4228049486486933e-4,0.07638154903453755,8.956318704180333e-4,133,2023-06-28,0.00162226309828921,grefla3,Greater Flamingo
grefla3,state,TUR-2281,Adiyaman,AS,Asia,nonbreeding,0.5456790366105887,3.264276685111409e-4,4.6535408420800815e-4,0.03344960410854768,5.161733214392893e-4,49,2023-02-15,8.025837632393242e-4,grefla3,Greater Flamingo
grefla3,state,TUR-2281,Adiyaman,AS,Asia,postbreeding_migration,0.7727630473936632,2.0404008255662628e-4,2.6164047086953785e-4,0.06504811734618504,6.670153548912235e-4,126,2023-08-30,8.028267441714203e-4,grefla3,Greater Flamingo
grefla3,state,TUR-2282,Elazig,AS,Asia,breeding,0.4667063906059677,3.1397405374022555e-4,3.918993840376728e-4,0.0546534160959971,8.348550740791287e-4,133,2023-06-28,0.0019268379260463785,grefla3,Greater Flamingo
grefla3,state,TUR-2282,Elazig,AS,Asia,nonbreeding,0.22984704157495325,1.791188583339655e-4,2.5535118595972094e-4,0.023332927011488053,4.690579439578605e-4,35,2023-12-06,4.0458554159596263e-4,grefla3,Greater Flamingo
grefla3,state,TUR-2282,Elazig,AS,Asia,postbreeding_migration,0.5550919099069125,1.9093552641114955e-4,2.448365066803581e-4,0.03866955460612329,5.16562613853605e-4,112,2023-08-30,8.558454974539743e-4,grefla3,Greater Flamingo
grefla3,state,TUR-2283,K. Maras,AS,Asia,breeding,0.06771821510772998,7.07694817561535e-5,8.833378420450225e-5,0.01142308062593814,2.7106130243946004e-4,133,2023-06-28,4.189635353473647e-4,grefla3,Greater Flamingo
grefla3,state,TUR-2283,K. Maras,AS,Asia,nonbreeding,0.049867077770725465,6.036800357662428e-5,8.606040397248669e-5,0.00517075728318467,1.614737478758362e-4,63,2023-02-15,2.655400081533835e-4,grefla3,Greater Flamingo
grefla3,state,TUR-2283,K. Maras,AS,Asia,postbreeding_migration,0.09008137935980816,4.8133492304879623e-5,6.172154722466807e-5,0.006487651756948684,1.3462689549767942e-4,126,2023-08-02,2.933965516589462e-4,grefla3,Greater Flamingo
grefla3,state,TUR-2284,Malatya,AS,Asia,breeding,0.1989278483373763,1.7034203234588728e-4,2.1261928097826712e-4,0.021931676915913245,4.2642420136915617e-4,133,2023-06-28,0.0011277526921515968,grefla3,Greater Flamingo
grefla3,state,TUR-2284,Malatya,AS,Asia,nonbreeding,0.11634786826487332,1.1540830207240304e-4,1.6452565116756125e-4,0.011278490762370474,2.8859213294917587e-4,35,2023-12-20,2.7343256892061867e-4,grefla3,Greater Flamingo
grefla3,state,TUR-2284,Malatya,AS,Asia,postbreeding_migration,0.27230389045462083,1.192207688037466e-4,1.5287671763504474e-4,0.020410302153508652,3.470399418349788e-4,119,2023-08-30,4.846181688303281e-4,grefla3,Greater Flamingo
grefla3,state,TUR-2285,Mersin,AS,Asia,breeding,0.5150733450251048,6.052915904109318e-4,7.555191221039306e-4,0.016253426128695552,4.3369483699001407e-4,133,2023-06-28,0.002032722951525024,grefla3,Greater Flamingo
grefla3,state,TUR-2285,Mersin,AS,Asia,nonbreeding,4.65940400601487,0.0063427605277638875,0.009042216090966958,0.02853206881653192,0.0010019270173584752,77,2023-02-15,0.04852869879627392,grefla3,Greater Flamingo
grefla3,state,TUR-2285,Mersin,AS,Asia,postbreeding_migration,0.6958950379112521,4.181298153453134e-4,5.361676019768299e-4,0.015699136328560466,3.663322164983358e-4,126,2023-11-01,0.0017983982928119248,grefla3,Greater Flamingo
grefla3,state,TUR-2286,Kirsehir,AS,Asia,breeding,3.3698973712728852,0.0015540267958244717,0.0019397212502327936,0.09023398083746847,9.448344320235844e-4,133,2023-07-05,0.007138008274782915,grefla3,Greater Flamingo
grefla3,state,TUR-2286,Kirsehir,AS,Asia,nonbreeding,1.2785697661094857,6.829967553862504e-4,9.736776636290618e-4,0.03360652159134867,4.6309773011769535e-4,77,2023-02-15,0.001923910994051372,grefla3,Greater Flamingo
grefla3,state,TUR-2286,Kirsehir,AS,Asia,postbreeding_migration,2.6905143294776854,6.343792514509004e-4,8.134641193032016e-4,0.06036651916567411,5.527665459049591e-4,126,2023-08-02,0.0059182749390798714,grefla3,Greater Flamingo
grefla3,state,TUR-2287,Kayseri,AS,Asia,breeding,1.6654640087622086,0.0021144581337637436,0.002639246238101786,0.04690873784702181,0.0013522635826745922,133,2023-06-28,0.008259639893725657,grefla3,Greater Flamingo
grefla3,state,TUR-2287,Kayseri,AS,Asia,nonbreeding,2.073467322386546,0.0030493931174748823,0.004347203618017739,0.01898323992133597,7.201806290875116e-4,77,2023-02-15,0.018976710334720027,grefla3,Greater Flamingo
grefla3,state,TUR-2287,Kayseri,AS,Asia,postbreeding_migration,1.6387905533811955,0.0010637978863057035,0.0013641073675109844,0.03591423768901399,9.053870529651426e-4,126,2023-08-02,0.00525712874921824,grefla3,Greater Flamingo
grefla3,state,TUR-2288,Nevsehir,AS,Asia,breeding,0.29895304677807016,1.1460102545169945e-4,1.4304389407210642e-4,0.04916554356743374,4.2794714248411405e-4,133,2023-04-19,6.246023201372917e-4,grefla3,Greater Flamingo
grefla3,state,TUR-2288,Nevsehir,AS,Asia,nonbreeding,0.009578547652545007,4.25341311420761e-6,6.063650099111804e-6,0.0024210419572604125,2.7732887908201944e-5,28,2023-02-15,4.78293331745905e-5,grefla3,Greater Flamingo
grefla3,state,TUR-2288,Nevsehir,AS,Asia,postbreeding_migration,0.11774394437388004,2.3077881169858606e-5,2.959275266063137e-5,0.015515215612850488,1.1809924566823206e-4,126,2023-08-02,3.801882021613967e-4,grefla3,Greater Flamingo
grefla3,state,TUR-2289,Hatay,AS,Asia,breeding,0.32855944800635906,1.449230073811969e-4,1.8089149931022376e-4,0.03211942258495142,3.2168800903172766e-4,133,2023-06-28,4.361370283312485e-4,grefla3,Greater Flamingo
grefla3,state,TUR-2289,Hatay,AS,Asia,nonbreeding,2.48588835329706,0.0012701569208016324,0.0018107310369124977,0.038185239198582646,5.03299099679399e-4,77,2023-02-15,0.010639329269017532,grefla3,Greater Flamingo
grefla3,state,TUR-2289,Hatay,AS,Asia,postbreeding_migration,0.32877440330780683,7.414693584711628e-5,9.50785696883306e-5,0.029324696473082685,2.5683883522122227e-4,126,2023-08-23,3.0774007067929584e-4,grefla3,Greater Flamingo
grefla3,state,TUR-2290,Amasya,AS,Asia,breeding,0.05676849558862792,2.5582158662911243e-5,3.193140357592699e-5,0.0014454485850315078,1.4790273915872922e-5,126,2023-07-05,1.274799036929316e-4,grefla3,Greater Flamingo
grefla3,state,TUR-2290,Amasya,AS,Asia,nonbreeding,0.014246618252800696,7.436934764523364e-6,1.0602066860460856e-5,0.0014454485850315078,1.9464341326689503e-5,42,2023-02-15,1.315583321914832e-5,grefla3,Greater Flamingo
grefla3,state,TUR-2290,Amasya,AS,Asia,postbreeding_migration,0.03108670576533579,7.162693013710281e-6,9.18471679348106e-6,0.0014454485850315078,1.2934100756644896e-5,112,2023-08-16,2.422225099501981e-5,grefla3,Greater Flamingo
grefla3,state,TUR-2291,Çorum,AS,Asia,breeding,0.23561842502763708,2.134785355615342e-4,2.6646184802598256e-4,0.010519627146565812,2.164158572948668e-4,133,2023-07-05,7.208915170182057e-4,grefla3,Greater Flamingo
grefla3,state,TUR-2291,Çorum,AS,Asia,nonbreeding,0.024188078045496775,2.538625915814648e-5,3.619055773025938e-5,0.0036042380317499742,9.758109603586258e-5,49,2023-02-15,7.16351682998984e-5,grefla3,Greater Flamingo
grefla3,state,TUR-2291,Çorum,AS,Asia,postbreeding_migration,0.12756446985700784,5.909442719119477e-5,7.577674720739669e-5,0.008049661412790473,1.4481927472491984e-4,126,2023-08-02,9.301659871404816e-4,grefla3,Greater Flamingo
grefla3,state,TUR-2295,Sivas,AS,Asia,breeding,0.04520993844672206,9.199976993636537e-5,1.1483322503935286e-4,0.005761719755316031,2.662249304857126e-4,112,2023-06-28,2.48731475712933e-4,grefla3,Greater Flamingo
grefla3,state,TUR-2295,Sivas,AS,Asia,nonbreeding,0.0068129300502059965,1.6059763198149027e-5,2.2894739375982295e-5,0.0016004777098100086,9.732170663344751e-5,14,2023-12-06,3.0087195989324557e-5,grefla3,Greater Flamingo
grefla3,state,TUR-2295,Sivas,AS,Asia,postbreeding_migration,0.03676867853567149,3.825627492089132e-5,4.9055997520676544e-5,0.004801433129430026,1.9401151134967344e-4,98,2023-08-30,1.123023598631953e-4,grefla3,Greater Flamingo
grefla3,state,TUR-2296,Samsun,AS,Asia,breeding,0.447195303927249,3.2414014784326676e-4,4.045886045945638e-4,0.05122379082380456,8.430456132047566e-4,84,2023-05-03,4.409296506217574e-4,grefla3,Greater Flamingo
grefla3,state,TUR-2296,Samsun,AS,Asia,nonbreeding,0.79394722398748,6.666219472692346e-4,9.50333797374919e-4,0.053021116817622255,0.0011483961382746809,14,2023-12-06,8.500790717258512e-4,grefla3,Greater Flamingo
grefla3,state,TUR-2296,Samsun,AS,Asia,postbreeding_migration,0.34413944488330106,1.2753866829434598e-4,1.6354275497484994e-4,0.048527801833078,6.984414408588243e-4,98,2023-11-29,5.958588041586054e-4,grefla3,Greater Flamingo
grefla3,state,TUR-2297,Tokat,AS,Asia,breeding,0.03058258391086483,2.083504367036658e-5,2.6006100451760247e-5,0.006692837062035294,1.0353191741111044e-4,112,2023-06-28,7.39350091397319e-5,grefla3,Greater Flamingo
grefla3,state,TUR-2297,Tokat,AS,Asia,nonbreeding,0.008980716675826289,7.087345690332879e-6,1.010369396146291e-5,0.0019122391605815123,3.892868265337901e-5,14,2023-12-06,8.762766132567606e-6,grefla3,Greater Flamingo
grefla3,state,TUR-2297,Tokat,AS,Asia,postbreeding_migration,0.01601702745307228,5.579226484038639e-6,7.154238648019306e-6,0.003824478321163025,5.173640302657958e-5,84,2023-08-30,2.0865856288875155e-5,grefla3,Greater Flamingo
grefla3,state,TUR-2299,Erzurum,AS,Asia,breeding,0.010623237952162924,1.830239537708103e-5,2.2844873292066737e-5,0.002268468108719274,8.874164349523753e-5,77,2023-04-26,4.41497559416295e-5,grefla3,Greater Flamingo
grefla3,state,TUR-2299,Erzurum,AS,Asia,nonbreeding,0.019732398468881255,3.93806864526481e-5,5.61409618346409e-5,0.001512312072479516,7.785736530675803e-5,14,2023-12-06,4.547905663035241e-5,grefla3,Greater Flamingo
grefla3,state,TUR-2299,Erzurum,AS,Asia,postbreeding_migration,0.02038129512753107,1.795372769031748e-5,2.3022053843045634e-5,0.001890390090599395,6.467050378322448e-5,84,2023-11-01,5.491562543540354e-5,grefla3,Greater Flamingo
grefla3,state,TUR-2300,Erzincan,AS,Asia,breeding,0.029104340782671573,2.383178799986291e-5,2.9746607805338228e-5,0.0063639033933637805,1.1832219132698336e-4,84,2023-04-19,5.694127755498616e-5,grefla3,Greater Flamingo
grefla3,state,TUR-2300,Erzincan,AS,Asia,nonbreeding,0.021174910568059056,2.0085045805488117e-5,2.863316746316135e-5,0.002386463772511418,5.839302398006851e-5,21,2023-12-06,2.5320720563208494e-5,grefla3,Greater Flamingo
grefla3,state,TUR-2300,Erzincan,AS,Asia,postbreeding_migration,0.022682731521708296,9.496554061847084e-6,1.217742536293148e-5,0.002386463772511418,3.880230226993468e-5,84,2023-11-01,3.581986316562907e-5,grefla3,Greater Flamingo
grefla3,state,TUR-2307,Agri,AS,Asia,breeding,0.03385807640163707,2.453787238959114e-5,3.06279355269023e-5,0.01576989361226157,2.595058498950062e-4,105,2023-06-28,9.308365449427226e-5,grefla3,Greater Flamingo
grefla3,state,TUR-2307,Agri,AS,Asia,nonbreeding,0.02312867812400151,1.941680713671104e-5,2.7680528873548287e-5,0.0020153638078266784,4.364508449693101e-5,21,2023-12-06,3.693691642477035e-5,grefla3,Greater Flamingo
grefla3,state,TUR-2307,Agri,AS,Asia,postbreeding_migration,0.04589855434569705,1.700769513097926e-5,2.1808956881008903e-5,0.007722713599091096,1.1113435685572558e-4,91,2023-09-27,5.235186565254869e-5,grefla3,Greater Flamingo
grefla3,state,TUR-2308,Bingöl,AS,Asia,breeding,0.003441571379282537,2.098800288767166e-6,2.6197022670748264e-6,0.001068115253948088,1.4790273915872922e-5,0,2023-06-28,8.720368420798732e-6,grefla3,Greater Flamingo
grefla3,state,TUR-2308,Bingöl,AS,Asia,postbreeding_migration,0.005433229188812219,1.6941200860465117e-6,2.172369131931409e-6,0.001068115253948088,1.2934100756644896e-5,0,2023-11-01,6.223497889159029e-6,grefla3,Greater Flamingo
grefla3,state,TUR-2309,Diyarbakir,AS,Asia,breeding,0.1416826490953307,1.5480674531460496e-4,1.9322828562090785e-4,0.019440492882083573,4.823077596302046e-4,91,2023-06-28,7.306832672212822e-4,grefla3,Greater Flamingo
grefla3,state,TUR-2309,Diyarbakir,AS,Asia,nonbreeding,0.07857504798992128,9.945125050201856e-5,1.4177733711052908e-4,0.007230349709551799,2.3606944305991056e-4,28,2023-12-06,1.5878677777115643e-4,grefla3,Greater Flamingo
grefla3,state,TUR-2309,Diyarbakir,AS,Asia,postbreeding_migration,0.2004468117907136,1.1198096278735345e-4,1.435931188862179e-4,0.018844337815024217,4.088442377820267e-4,105,2023-11-01,3.3694931951959575e-4,grefla3,Greater Flamingo
grefla3,state,TUR-2310,Mus,AS,Asia,breeding,0.14977653805176713,8.402605519242227e-5,1.0488051124208838e-4,0.04988126207818568,6.354061094156129e-4,84,2023-06-28,2.539065579194941e-4,grefla3,Greater Flamingo
grefla3,state,TUR-2310,Mus,AS,Asia,nonbreeding,0.11464900954602408,7.450627927095919e-5,1.0621587782685148e-4,0.014023635211307133,2.3509210989667583e-4,21,2023-12-06,1.037167639268542e-4,grefla3,Greater Flamingo
grefla3,state,TUR-2310,Mus,AS,Asia,postbreeding_migration,0.2110388403023239,6.0534702333621504e-5,7.762361112611541e-5,0.04523694079468822,5.039265067555898e-4,84,2023-11-01,2.1529154675543335e-4,grefla3,Greater Flamingo
grefla3,state,TUR-2311,Bitlis,AS,Asia,breeding,0.3530721731150413,2.0155865141446448e-4,2.515835636601603e-4,0.08931493896949144,0.0011577261023060347,105,2023-06-28,6.586364480924471e-4,grefla3,Greater Flamingo
grefla3,state,TUR-2311,Bitlis,AS,Asia,nonbreeding,0.23455265798365096,1.5510674851744382e-4,2.211196104792e-4,0.027742534016576573,4.732507828811879e-4,21,2023-12-06,2.3119322902009096e-4,grefla3,Greater Flamingo
grefla3,state,TUR-2311,Bitlis,AS,Asia,postbreeding_migration,0.41289603970230704,1.2051760797175242e-4,1.5453965369303685e-4,0.0714996202241746,8.104859243208804e-4,91,2023-11-01,5.623917876821953e-4,grefla3,Greater Flamingo
grefla3,state,TUR-3008,Ankara,AS,Asia,breeding,2.2500031300547447,0.0041408841431817296,0.005168611628102746,0.03976024691615839,0.001661509374954342,133,2023-07-05,0.01849688500617408,grefla3,Greater Flamingo
grefla3,state,TUR-3008,Ankara,AS,Asia,nonbreeding,1.1963817595218054,0.002550539901326676,0.003636040306973397,0.021158526804944837,0.0011635971367336766,77,2023-02-15,0.007290862692082618,grefla3,Greater Flamingo
grefla3,state,TUR-3008,Ankara,AS,Asia,postbreeding_migration,2.342828118857867,0.0022045614951848253,0.0028269078331750468,0.031246494433675737,0.0011418657498277595,126,2023-08-02,0.014947924210077294,grefla3,Greater Flamingo
grefla3,state,TUR-3009,Çankiri,AS,Asia,breeding,0.2849865000821458,1.584256646452951e-4,1.977453858070045e-4,0.017604389804013933,2.2221122436256863e-4,133,2023-06-28,3.1340195966042154e-4,grefla3,Greater Flamingo
grefla3,state,TUR-3009,Çankiri,AS,Asia,nonbreeding,0.012415236373147231,7.994818785295819e-6,1.1397384269567024e-5,0.005759167219449628,9.566833137049291e-5,35,2023-12-13,3.797296323649039e-5,grefla3,Greater Flamingo
grefla3,state,TUR-3009,Çankiri,AS,Asia,postbreeding_migration,0.13439944049043476,3.820063158288651e-5,4.898464610298492e-5,0.014623891767131565,1.6142396208490288e-4,126,2023-08-02,2.6182272849999046e-4,grefla3,Greater Flamingo
grefla3,state,TUR-3011,Konya,AS,Asia,breeding,3.4505765666597585,0.009867179358831418,0.01231611805768729,0.1956777036826438,0.012705345021976936,133,2023-07-05,0.02793499120746645,grefla3,Greater Flamingo
grefla3,state,TUR-3011,Konya,AS,Asia,nonbreeding,2.2065015885166166,0.007309000307478331,0.010419683968813275,0.033425342560451717,0.002856172815561099,77,2023-02-15,0.01833898810336723,grefla3,Greater Flamingo
grefla3,state,TUR-3011,Konya,AS,Asia,postbreeding_migration,3.554761593044406,0.005197370364557782,0.006664584783673027,0.051948547053659914,0.00294970475159322,126,2023-08-02,0.028803277722184117,grefla3,Greater Flamingo
grefla3,state,TUR-3012,Karaman,AS,Asia,breeding,0.499559774231985,3.24953548278514e-4,4.0560388316854783e-4,0.08327609332661291,0.0012299796668965184,133,2023-04-19,0.0015422452049300892,grefla3,Greater Flamingo
grefla3,state,TUR-3012,Karaman,AS,Asia,nonbreeding,0.34979616078537745,2.635731962816806e-4,3.7574897966485615e-4,0.004722001930965305,9.178405561972648e-5,77,2023-02-15,0.001626611482940532,grefla3,Greater Flamingo
grefla3,state,TUR-3012,Karaman,AS,Asia,postbreeding_migration,0.30833630235803866,1.0254873686941003e-4,1.314981814621768e-4,0.012591091088536555,1.626301180333263e-4,126,2023-10-04,4.4489203989858694e-4,grefla3,Greater Flamingo
grefla3,state,TUR-3014,Usak,AS,Asia,breeding,0.022619148769901808,7.281330860589584e-6,9.088486915547844e-6,0.003993573141029976,2.9190391341774257e-5,42,2023-07-05,8.694152741923401e-5,grefla3,Greater Flamingo
grefla3,state,TUR-3014,Usak,AS,Asia,postbreeding_migration,0.041412272349413214,6.816091356847773e-6,8.740269704608208e-6,0.003993573141029976,2.552700949880413e-5,70,2023-08-02,1.6969647344523828e-4,grefla3,Greater Flamingo
grefla3,state,TUR-3016,Gaziantep,AS,Asia,breeding,0.11255337316837898,5.96390679595781e-5,7.444090911180008e-5,0.01998639950135453,2.404643297424876e-4,133,2023-06-28,3.25282782573789e-4,grefla3,Greater Flamingo
grefla3,state,TUR-3016,Gaziantep,AS,Asia,nonbreeding,0.14341965062803125,8.803054174533685e-5,1.2549601669209582e-4,0.004969500766431489,7.86850735317766e-5,63,2023-02-15,8.681491447036654e-4,grefla3,Greater Flamingo
grefla3,state,TUR-3016,Gaziantep,AS,Asia,postbreeding_migration,0.11624273287628692,3.149270585310229e-5,4.038307711463893e-5,0.01753122856917019,1.844541679846044e-4,126,2023-08-09,1.5212562601807052e-4,grefla3,Greater Flamingo
grefla3,state,TUR-3017,Sanliurfa,AS,Asia,breeding,0.19536103395766544,2.8147855674638623e-4,3.513388182706038e-4,0.02848279950186268,9.318238224237908e-4,133,2023-06-28,0.0015470969906986826,grefla3,Greater Flamingo
grefla3,state,TUR-3017,Sanliurfa,AS,Asia,nonbreeding,0.2014887041867287,3.3628729201359e-4,4.794099272269077e-4,0.011762701889480294,5.064326784147887e-4,49,2023-02-15,7.771541880213726e-4,grefla3,Greater Flamingo
grefla3,state,TUR-3017,Sanliurfa,AS,Asia,postbreeding_migration,0.26751759497442945,1.970750086903035e-4,2.527091609857553e-4,0.02113416203636202,6.046390494440868e-4,126,2023-08-30,8.069239258510798e-4,grefla3,Greater Flamingo
grefla3,state,TUR-3018,Adana,AS,Asia,breeding,2.2802249227435234,0.0026088372787044585,0.003256325516071802,0.10720288537922924,0.002784963733395376,133,2023-06-28,0.008533979288168937,grefla3,Greater Flamingo
grefla3,state,TUR-3018,Adana,AS,Asia,nonbreeding,19.036961542369617,0.025230120097313884,0.03596796645913871,0.13664478987741943,0.004671642934614974,77,2023-02-15,0.1796526592573269,grefla3,Greater Flamingo
grefla3,state,TUR-3018,Adana,AS,Asia,postbreeding_migration,2.6131882088055844,0.0015286632532817395,0.0019602039382560776,0.0772687844249314,0.001755404357484879,126,2023-11-01,0.005468640761865118,grefla3,Greater Flamingo
grefla3,state,TUR-3019,Kinkkale,AS,Asia,breeding,0.1061189964002523,3.583073729125891e-5,4.4723580521332135e-5,0.004180271895519583,3.204873609722452e-5,133,2023-06-28,2.269912674361827e-4,grefla3,Greater Flamingo
grefla3,state,TUR-3019,Kinkkale,AS,Asia,nonbreeding,0.00769028284987254,3.007857837040047e-6,4.287991074922864e-6,0.002067329035745642,2.0858327187229027e-5,14,2023-12-13,2.276858225187316e-5,grefla3,Greater Flamingo
grefla3,state,TUR-3019,Kinkkale,AS,Asia,postbreeding_migration,0.10198087958456636,1.7605695923757726e-5,2.2575772925398093e-5,0.004180271895519583,2.802663318897425e-5,126,2023-08-02,2.7921604345918785e-4,grefla3,Greater Flamingo
grefla3,state,TUR-3020,Nigde,AS,Asia,breeding,0.1006731812652161,4.8494638535628113e-5,6.053053984825936e-5,0.04208036899855008,4.6026000674042326e-4,133,2023-04-19,4.876627938984835e-4,grefla3,Greater Flamingo
grefla3,state,TUR-3020,Nigde,AS,Asia,postbreeding_migration,0.012528027604956474,3.0855633565000287e-6,3.9566159716114155e-6,0.002704472145547818,2.586820151328979e-5,77,2023-08-02,6.918308931385264e-5,grefla3,Greater Flamingo
grefla3,state,TUR-3021,Aksaray,AS,Asia,breeding,6.967131793519029,0.0038375753824757457,0.004790024559910633,0.2963663172413223,0.003706598136326889,133,2023-07-05,0.0112728819991945,grefla3,Greater Flamingo
grefla3,state,TUR-3021,Aksaray,AS,Asia,nonbreeding,6.576593214974275,0.004196200734384956,0.005982088340762195,0.06657629598953338,0.00109579618321836,77,2023-02-15,0.01442060517191866,grefla3,Greater Flamingo
grefla3,state,TUR-3021,Aksaray,AS,Asia,postbreeding_migration,9.237821465019612,0.002601622564936642,0.0033360589957903445,0.11928396379206156,0.0013046341559528182,126,2023-08-30,0.010227335821412591,grefla3,Greater Flamingo
grefla3,state,TUR-3026,Yozgat,AS,Asia,breeding,0.07701858954038464,7.6730623768497e-5,9.577442413945496e-5,0.004572784875085187,1.0344218947593748e-4,126,2023-06-28,3.0350569039699644e-4,grefla3,Greater Flamingo
grefla3,state,TUR-3026,Yozgat,AS,Asia,nonbreeding,0.007814626477029601,9.018488876588064e-6,1.2856724588471926e-5,0.0013076432585875082,3.892868265337901e-5,21,2023-12-06,3.525815105493566e-5,grefla3,Greater Flamingo
grefla3,state,TUR-3026,Yozgat,AS,Asia,postbreeding_migration,0.06561660629154101,3.342402635484877e-5,4.285960819199088e-5,0.005394804350420146,1.0672168050801886e-4,126,2023-08-02,3.694240530985855e-4,grefla3,Greater Flamingo
grefla3,state,TUR-3040,Kars,AS,Asia,breeding,0.038518428011736466,2.930226332652623e-5,3.657480231814479e-5,0.014480354363431609,2.5012411683046865e-4,84,2023-06-28,1.736014071571921e-4,grefla3,Greater Flamingo
grefla3,state,TUR-3040,Kars,AS,Asia,nonbreeding,0.028410030782151097,2.5035524719956796e-5,3.569055200455479e-5,0.0028863382452642005,6.561257719064826e-5,7,2023-12-06,5.794977259109936e-5,grefla3,Greater Flamingo
grefla3,state,TUR-3040,Kars,AS,Asia,postbreeding_migration,0.04748191799832258,1.8468545699162913e-5,2.3682204655369743e-5,0.010302345075700109,1.556225377564063e-4,84,2023-11-29,1.0142862317024202e-4,grefla3,Greater Flamingo
grefla3,state,TUR-3041,Mardin,AS,Asia,breeding,0.0011826432155811833,8.641294191028674e-7,1.0785980020993645e-6,8.91471380157599e-4,1.4790273915872922e-5,0,2023-06-28,6.6605463492028994e-6,grefla3,Greater Flamingo
grefla3,state,TUR-3041,Mardin,AS,Asia,postbreeding_migration,0.003295546758284082,1.2311879509340354e-6,1.5787515432017318e-6,8.91471380157599e-4,1.2934100756644896e-5,0,2023-10-25,5.265947917362972e-6,grefla3,Greater Flamingo
grefla3,state,TUR-3042,Batman,AS,Asia,breeding,0.03838276134115624,1.1436237266982998e-5,1.4274600997276969e-5,0.009597775395312954,6.493237525709353e-5,84,2023-06-28,9.235986930150552e-5,grefla3,Greater Flamingo
grefla3,state,TUR-3042,Batman,AS,Asia,nonbreeding,0.019263090614782184,6.648524764897517e-6,9.478112463366603e-6,0.004091861167112421,3.64313355137425e-5,28,2023-12-06,2.337491746113199e-5,grefla3,Greater Flamingo
grefla3,state,TUR-3042,Batman,AS,Asia,postbreeding_migration,0.05306440789780133,8.083921668551753e-6,1.0366007724219346e-5,0.009597775395312954,5.6783389457189515e-5,91,2023-11-01,5.6034763491787254e-5,grefla3,Greater Flamingo
grefla3,state,TUR-3044,Sirnak,AS,Asia,breeding,0.004933847803756107,2.2891401220864417e-6,2.857282610249854e-6,0.0034446826456583724,3.628938530686184e-5,63,2023-06-28,1.175824854518858e-5,grefla3,Greater Flamingo
grefla3,state,TUR-3044,Sirnak,AS,Asia,postbreeding_migration,0.008263197391955614,1.960228001690481e-6,2.5135991465383517e-6,0.0031341884968332447,2.887457028491736e-5,63,2023-10-25,1.1592674507472096e-5,grefla3,Greater Flamingo
grefla3,state,TUR-3045,Tunceli,AS,Asia,breeding,0.21449198915841083,1.2267838147135665e-4,1.5312597190958184e-4,0.02815567003162158,3.656508552977366e-4,98,2023-06-28,7.426120973920715e-4,grefla3,Greater Flamingo
grefla3,state,TUR-3045,Tunceli,AS,Asia,nonbreeding,0.09844858890693373,6.522571345133868e-5,9.298553731184628e-5,0.010335242513402464,1.7663830677405994e-4,28,2023-12-06,1.2723697489740716e-4,grefla3,Greater Flamingo
grefla3,state,TUR-3045,Tunceli,AS,Asia,postbreeding_migration,0.2154361347617315,6.300098534472652e-5,8.078612429626165e-5,0.01962343787590973,2.2286190786958735e-4,105,2023-08-30,3.5530580990887265e-4,grefla3,Greater Flamingo
grefla3,state,TUR-3047,Hakkari,AS,Asia,breeding,0.0443004454040934,2.394884997848538e-5,2.989272343740995e-5,0.01084422175437152,1.331124652428563e-4,112,2023-06-28,7.71682116222169e-5,grefla3,Greater Flamingo
grefla3,state,TUR-3047,Hakkari,AS,Asia,nonbreeding,0.035686284906539224,2.234756920915101e-5,3.185861250987864e-5,0.0048196541130540085,7.785736530675803e-5,28,2023-12-06,3.738673884828796e-5,grefla3,Greater Flamingo
grefla3,state,TUR-3047,Hakkari,AS,Asia,postbreeding_migration,0.04952146126586816,1.368805856101646e-5,1.7552188973459372e-5,0.01084422175437152,1.1640690680980406e-4,91,2023-11-29,4.0715500589776505e-5,grefla3,Greater Flamingo
grefla3,state,TUR-3048,Van,AS,Asia,breeding,0.2559492359749123,3.3938796764006635e-4,4.236207861238925e-4,0.061680506268992845,0.0018570957638782608,112,2023-06-28,0.001076057754649615,grefla3,Greater Flamingo
grefla3,state,TUR-3048,Van,AS,Asia,nonbreeding,0.18026886312024956,2.7689537723735993e-4,3.947410318599412e-4,0.0219131246251356,8.68268754683986e-4,28,2023-12-06,4.136351278734984e-4,grefla3,Greater Flamingo
grefla3,state,TUR-3048,Van,AS,Asia,postbreeding_migration,0.2889586739344288,1.9590709819710357e-4,2.5121155008722267e-4,0.05274701525480515,0.0013888146270623126,91,2023-11-01,0.001008171727877848,grefla3,Greater Flamingo
grefla3,state,TUR-4839,Ardahan,AS,Asia,breeding,0.0479393868433594,1.7815915875513513e-5,2.223765427272381e-5,0.02377167837953217,2.0059462423775088e-4,70,2023-06-28,1.0762763242006508e-4,grefla3,Greater Flamingo
grefla3,state,TUR-4839,Ardahan,AS,Asia,nonbreeding,0.020539383735542215,8.842100951197516e-6,1.2605266610476814e-5,0.0019469436752595493,2.162102736864385e-5,7,2023-12-06,2.7284536029083975e-5,grefla3,Greater Flamingo
grefla3,state,TUR-4839,Ardahan,AS,Asia,postbreeding_migration,0.04036032969835026,7.669061423872504e-6,9.834032690672656e-6,0.012486376219747387,9.214162839420418e-5,84,2023-11-29,8.615256059090829e-5,grefla3,Greater Flamingo
grefla3,state,TUR-4840,Iğdir,AS,Asia,breeding,0.22947169944607507,6.630782291696916e-5,8.276478469631594e-5,0.1020564114179088,6.696065546299922e-4,119,2023-03-08,3.8391781163848944e-4,grefla3,Greater Flamingo
grefla3,state,TUR-4840,Iğdir,AS,Asia,nonbreeding,0.1647810263143303,5.515631233266937e-5,7.86306360944529e-5,0.023730764048616203,2.0490597322630935e-4,35,2023-12-13,2.124431163479647e-4,grefla3,Greater Flamingo
grefla3,state,TUR-4840,Iğdir,AS,Asia,postbreeding_migration,0.26587496939976973,3.9281215908816154e-5,5.0370278711577947e-5,0.07145058160684385,4.099635015126273e-4,91,2023-11-29,2.4900055807848277e-4,grefla3,Greater Flamingo
grefla3,state,TUR-4842,Osmaniye,AS,Asia,breeding,0.06342717907172432,1.3361456802680171e-5,1.6677641443419264e-5,0.029037228215360176,1.3889203441015184e-4,133,2023-06-28,1.8736088845481232e-4,grefla3,Greater Flamingo
grefla3,state,TUR-4842,Osmaniye,AS,Asia,nonbreeding,0.4193650333679067,1.0233472182274142e-4,1.4588800322506295e-4,0.01125174659434238,7.08281043730817e-5,77,2023-02-15,0.0021234836503287173,grefla3,Greater Flamingo
grefla3,state,TUR-4842,Osmaniye,AS,Asia,postbreeding_migration,0.07266008469508621,7.826113601750071e-6,1.003542060061711e-5,0.01227357391088942,5.1339690497484187e-5,126,2023-08-30,1.4084691995931557e-4,grefla3,Greater Flamingo
grefla3,state,TUR-5518,Yalova,AS,Asia,breeding,0.19665349323033893,1.3228333906794996e-5,1.6511478729407622e-5,0.1452511150719165,2.2185372468717896e-4,49,2023-05-17,1.250698614629579e-4,grefla3,Greater Flamingo
grefla3,state,TUR-5518,Yalova,AS,Asia,nonbreeding,0.13152270917199663,1.0248412824993e-5,1.4610099647841135e-5,0.019366597424649492,3.89281772335243e-5,28,2023-12-06,4.638583503216046e-5,grefla3,Greater Flamingo
grefla3,state,TUR-5518,Yalova,AS,Asia,postbreeding_migration,0.039769844880796275,1.367820829582689e-6,1.7539557984537505e-6,0.019366597424649492,2.5867865660603304e-5,14,2023-11-29,5.3962461009928856e-5,grefla3,Greater Flamingo
grefla3,state,TUR-5519,Düzce,AS,Asia,breeding,9.607430904996672e-4,1.851116006185112e-7,2.310545135702337e-7,0.0033806957289553977,1.4790273915872922e-5,7,2023-04-26,5.982129666280883e-6,grefla3,Greater Flamingo
grefla3,state,TZA-3337,Zanzibar South and Central,AF,Africa,breeding,0.4878326676341957,4.8490249778370864e-05,3.365520485884864e-4,0.1623348767409574,3.663862302354088e-4,63,2023-05-24,1.0029067271505568e-4,grefla3,Greater Flamingo
grefla3,state,TZA-3337,Zanzibar South and Central,AF,Africa,nonbreeding,0.6229328523248737,7.17260903514068e-5,3.4091207624159005e-4,0.2713696287496311,8.060315525820283e-4,77,2023-02-08,2.465398889971248e-4,grefla3,Greater Flamingo
grefla3,state,TZA-3337,Zanzibar South and Central,AF,Africa,postbreeding_migration,0.15872737590691344,8.066909985243652e-6,4.523677339976862e-5,0.022350616547367412,4.411404055428166e-5,49,2023-11-01,3.716329009102096e-5,grefla3,Greater Flamingo
grefla3,state,TZA-3357,Mwanza,AF,Africa,breeding,3.8908878353202296,0.0043448270368458275,0.030155762172735797,0.25283160384545905,0.0064106033559232795,133,2023-07-05,0.009912736830988651,grefla3,Greater Flamingo
grefla3,state,TZA-3357,Mwanza,AF,Africa,nonbreeding,2.9081143194262133,0.003761730146780172,0.01787939685986603,0.25158029944596844,0.008394748145419023,77,2023-01-11,0.010880297741205296,grefla3,Greater Flamingo
grefla3,state,TZA-3357,Mwanza,AF,Africa,postbreeding_migration,8.72049134289596,0.004978936286384369,0.027920357729422748,0.26443897368003205,0.005863447385372803,126,2023-10-11,0.031152236154346116,grefla3,Greater Flamingo
grefla3,state,TZA-3358,Shinyanga,AF,Africa,breeding,0.17421228759333532,2.5371682222768716e-4,0.0017609502255065052,0.017359701467972256,5.740589576766928e-4,133,2023-07-05,0.0011289929235874549,grefla3,Greater Flamingo
grefla3,state,TZA-3358,Shinyanga,AF,Africa,nonbreeding,0.09089306413021464,1.5333934571687912e-4,7.288175678021314e-4,0.010794720274585943,4.697741691694168e-4,77,2023-01-11,4.501144612888211e-4,grefla3,Greater Flamingo
grefla3,state,TZA-3358,Shinyanga,AF,Africa,postbreeding_migration,1.0990962850616597,8.184234267801791e-4,0.004589469223040903,0.08813908870916391,0.002548841467948311,126,2023-10-11,0.007781030250639026,grefla3,Greater Flamingo
grefla3,state,TZA-3359,Tabora,AF,Africa,breeding,0.5626564924754666,0.0031220330507112145,0.02166882257320314,0.020939441693633168,0.0026381715079218525,133,2023-07-05,0.008871678770769772,grefla3,Greater Flamingo
grefla3,state,TZA-3359,Tabora,AF,Africa,nonbreeding,0.3392492183434232,0.0021805467350373424,0.0103640768811097,0.01795728352088335,0.0029774334416251495,77,2023-01-11,0.006358823876696148,grefla3,Greater Flamingo
grefla3,state,TZA-3359,Tabora,AF,Africa,postbreeding_migration,4.104018807141843,0.011643279867291578,0.06529196606262225,0.02823356281251321,0.003110739442322458,126,2023-10-18,0.112822317603525,grefla3,Greater Flamingo
grefla3,state,TZA-3360,Kagera,AF,Africa,breeding,0.7878915227232414,0.0011897069687121875,0.008257295422691002,0.05526629863696677,0.0018948625965236267,42,2023-03-15,0.0020591640198329474,grefla3,Greater Flamingo
grefla3,state,TZA-3360,Kagera,AF,Africa,nonbreeding,0.1607902607621824,2.8124557556205034e-4,0.0013367522561020093,0.014696180624142128,6.631096060759848e-4,21,2023-01-25,2.6811183460610853e-4,grefla3,Greater Flamingo
grefla3,state,TZA-3360,Kagera,AF,Africa,postbreeding_migration,0.037755854979644975,2.9149406695361942e-5,1.6346099160990683e-4,0.0034510309999545375,1.0347280605315916e-4,7,2023-11-22,6.941301568016258e-5,grefla3,Greater Flamingo
grefla3,state,TZA-3378,Dar-Es-Salaam,AF,Africa,breeding,0.5378240028698601,7.936617975678851e-5,5.508499236005924e-4,0.11920522476423184,3.9942418021061586e-4,56,2023-03-22,1.5577985751774793e-4,grefla3,Greater Flamingo
grefla3,state,TZA-3378,Dar-Es-Salaam,AF,Africa,nonbreeding,0.33915656937982364,5.7975954974180395e-5,2.755580721813192e-4,0.14647322960438408,6.458933506798893e-4,63,2023-02-01,1.4383342920115265e-4,grefla3,Greater Flamingo
grefla3,state,TZA-3378,Dar-Es-Salaam,AF,Africa,postbreeding_migration,0.3279251504340134,2.4742401761836376e-5,1.3874785065330338e-4,0.07506473418260211,2.1995560592899383e-4,56,2023-11-15,1.2886878592461627e-4,grefla3,Greater Flamingo
grefla3,state,TZA-3379,Morogoro,AF,Africa,breeding,0.00311083459482719,1.5483366360807716e-5,1.0746405084719217e-4,0.0012483253941827845,1.4107824266406486e-4,7,2023-05-24,4.377021557273217e-5,grefla3,Greater Flamingo
grefla3,state,TZA-3379,Morogoro,AF,Africa,nonbreeding,0.0011551485778358572,6.660068554458385e-6,3.165511723402056e-5,3.9485219381327034e-4,5.872598175578108e-5,0,2023-02-01,1.611904132388557e-5,grefla3,Greater Flamingo
grefla3,state,TZA-3379,Morogoro,AF,Africa,postbreeding_migration,0.00422340874374258,1.0747895056238362e-5,6.0270920844899326e-5,0.0022936557114025,2.2668380158945184e-4,21,2023-08-23,1.6064620073269568e-4,grefla3,Greater Flamingo
grefla3,state,TZA-3380,Kaskazini-Pemba,AF,Africa,breeding,1.6807002033248668,1.2607026552040646e-4,8.750048993542784e-4,0.2420217140181455,4.122118886823062e-4,63,2023-05-31,2.487158389692282e-4,grefla3,Greater Flamingo
grefla3,state,TZA-3380,Kaskazini-Pemba,AF,Africa,nonbreeding,1.265355994538912,1.0994804804240684e-4,5.225799587459579e-4,0.415697803534148,9.317671717842588e-4,77,2023-02-01,3.246719675728458e-4,grefla3,Greater Flamingo
grefla3,state,TZA-3380,Kaskazini-Pemba,AF,Africa,postbreeding_migration,2.206292423612538,8.461694101126371e-5,4.745060244021688e-4,0.17367608951600252,2.586820151328979e-4,84,2023-10-18,3.464238619401246e-4,grefla3,Greater Flamingo
grefla3,state,TZA-3381,Kusini-Pemba,AF,Africa,breeding,0.4279410285319636,2.978261719825433e-5,2.0670961432890233e-4,0.16968367364200151,2.681407114478482e-4,70,2023-03-29,6.705717341445282e-5,grefla3,Greater Flamingo
grefla3,state,TZA-3381,Kusini-Pemba,AF,Africa,nonbreeding,0.6622189196894459,5.338667823618567e-5,2.5374536980855806e-4,0.3755930857959552,7.810948649644176e-4,42,2023-02-08,2.2495235219498105e-4,grefla3,Greater Flamingo
grefla3,state,TZA-3381,Kusini-Pemba,AF,Africa,postbreeding_migration,0.1344224846451071,4.783245641484724e-6,2.6822984215156066e-5,0.018719037468541245,2.586820151328979e-5,63,2023-11-22,1.3855117124848247e-5,grefla3,Greater Flamingo
grefla3,state,TZA-3382,Pwani,AF,Africa,breeding,0.20857968583536823,5.023609234741203e-4,0.0034866926588081465,0.026605784922549378,0.0014550023108788803,77,2023-03-22,7.533237636971128e-4,grefla3,Greater Flamingo
grefla3,state,TZA-3382,Pwani,AF,Africa,nonbreeding,0.11075926325937634,3.0901266618248754e-4,0.0014687284514895494,0.02318293717562711,0.0016684744479003963,77,2023-02-01,7.352669431048717e-4,grefla3,Greater Flamingo
grefla3,state,TZA-3382,Pwani,AF,Africa,postbreeding_migration,0.4289524363418846,5.282321283902675e-4,0.002962164836124209,0.023363759918945095,0.0011173529103829416,63,2023-10-11,0.0014573267347281285,grefla3,Greater Flamingo
grefla3,state,TZA-3383,Kaskazini-Unguja,AF,Africa,breeding,0.2340127774554044,1.4061094900427114e-5,9.759261533535568e-5,0.09756530184819456,1.331124652428563e-4,63,2023-05-24,2.9088331179154396e-5,grefla3,Greater Flamingo
grefla3,state,TZA-3383,Kaskazini-Unguja,AF,Africa,nonbreeding,0.5725358940994161,3.9850582059571155e-5,1.894086880074567e-4,0.336058261921559,6.033945811273747e-4,35,2023-02-08,1.8244624842398492e-4,grefla3,Greater Flamingo
grefla3,state,TZA-3384,Zanzibar West,AF,Africa,breeding,0.45257665674354863,1.3311694325134288e-5,9.239131610549092e-5,0.13792166487727064,9.21122611566518e-5,63,2023-03-29,2.968354653640512e-5,grefla3,Greater Flamingo
grefla3,state,TZA-3384,Zanzibar West,AF,Africa,nonbreeding,0.4833605490722455,1.6468906713322434e-5,7.827624722832385e-5,0.21236317512518135,1.8664985507913645e-4,77,2023-02-08,6.111999088488025e-5,grefla3,Greater Flamingo
grefla3,state,TZA-3384,Zanzibar West,AF,Africa,postbreeding_migration,0.2688929154868802,4.0438252442343425e-6,2.267653991135588e-5,0.013051025019670917,7.622362472297923e-6,42,2023-10-11,3.707956141031336e-5,grefla3,Greater Flamingo
grefla3,state,TZA-3385,Dodoma,AF,Africa,breeding,0.7317680330692414,0.0022404922679098447,0.01555038932688822,0.024744616398927805,0.0017202616489596196,133,2023-03-29,0.004326800668411225,grefla3,Greater Flamingo
grefla3,state,TZA-3385,Dodoma,AF,Africa,nonbreeding,0.3887516165090472,0.0013787788267760315,0.006553296718269288,0.025077647655245512,0.0022943732604345066,77,2023-01-11,0.0018274771500798653,grefla3,Greater Flamingo
grefla3,state,TZA-3385,Dodoma,AF,Africa,postbreeding_migration,2.9972177610003774,0.0046920231465443435,0.026311436256876115,0.04229476750237932,0.002571345568696115,126,2023-10-04,0.03475246002371484,grefla3,Greater Flamingo
grefla3,state,TZA-3386,Iringa,AF,Africa,breeding,0.026274486478174618,7.341020464177826e-5,5.095118064438346e-4,5.686859572368394e-4,3.607766887006621e-5,7,2023-03-29,1.9682374799939316e-4,grefla3,Greater Flamingo
grefla3,state,TZA-3386,Iringa,AF,Africa,nonbreeding,5.0146150511124286e-5,1.6229763062817326e-7,7.713960422974039e-7,2.09957968190622e-6,1.7529188850098497e-7,0,2023-02-01,1.88130994547987e-5,grefla3,Greater Flamingo
grefla3,state,TZA-3386,Iringa,AF,Africa,postbreeding_migration,0.07823277261265058,1.1175906320165314e-4,6.267107760805022e-4,0.002965170421581905,1.6450369065059583e-4,21,2023-08-16,6.405738612678614e-4,grefla3,Greater Flamingo
grefla3,state,TZA-3390,Singida,AF,Africa,breeding,1.1397711976886071,0.00403706034145356,0.02801967270536873,0.04403698873835398,0.0035416769326863926,133,2023-07-05,0.009086251983364206,grefla3,Greater Flamingo
grefla3,state,TZA-3390,Singida,AF,Africa,nonbreeding,0.7061939927551159,0.0028975034613512416,0.01377175189790714,0.039634379069201184,0.004194950900459609,77,2023-01-11,0.009108258299658256,grefla3,Greater Flamingo
grefla3,state,TZA-3390,Singida,AF,Africa,postbreeding_migration,7.583768616750528,0.01373423485002738,0.0770174045410683,0.06448246012932268,0.004535163509205761,126,2023-10-11,0.1270984545926802,grefla3,Greater Flamingo
grefla3,state,TZA-3391,Arusha,AF,Africa,breeding,2.760321103316392,0.007530983067546616,0.05226963752202746,0.24763454612365796,0.01534076658281785,133,2023-07-05,0.02431052881936381,grefla3,Greater Flamingo
grefla3,state,TZA-3391,Arusha,AF,Africa,nonbreeding,2.004705104058119,0.006335704936652025,0.03011342614418367,0.1317361816041776,0.010740002863431884,77,2023-01-11,0.024669886862804323,grefla3,Greater Flamingo
grefla3,state,TZA-3391,Arusha,AF,Africa,postbreeding_migration,7.7426221682486895,0.010800701526096848,0.06056704343897806,0.14275154703165985,0.007733510463309788,126,2023-10-11,0.07696298810302571,grefla3,Greater Flamingo
grefla3,state,TZA-3392,Manyara,AF,Africa,breeding,0.8481919631746914,0.002771330065771775,0.019234728944753473,0.05927002048173092,0.0043971668336910495,133,2023-07-05,0.009956602288577664,grefla3,Greater Flamingo
grefla3,state,TZA-3392,Manyara,AF,Africa,nonbreeding,0.5474120927079883,0.002071862209970489,0.009847502411285064,0.02488214910459876,0.002429345302990635,77,2023-01-11,0.007407686322321512,grefla3,Greater Flamingo
grefla3,state,TZA-3392,Manyara,AF,Africa,postbreeding_migration,2.319701088954232,0.00387523424434755,0.021731132949697696,0.07290209509922789,0.004729746868276243,126,2023-10-04,0.026333855464749686,grefla3,Greater Flamingo
grefla3,state,TZA-3393,Kilimanjaro,AF,Africa,breeding,0.7266750029693263,6.855011874704457e-4,0.004757798320435248,0.05828528325639096,0.0012484486030643492,133,2023-07-05,0.0022772622111207823,grefla3,Greater Flamingo
grefla3,state,TZA-3393,Kilimanjaro,AF,Africa,nonbreeding,0.4383242439774968,4.7897832899666993e-4,0.0022765704336173884,0.02864667877664653,8.075130119755023e-4,77,2023-01-11,0.001931296744712162,grefla3,Greater Flamingo
grefla3,state,TZA-3393,Kilimanjaro,AF,Africa,postbreeding_migration,1.1769654938026766,5.676799470908875e-4,0.0031833761845760176,0.08220503020972532,0.0015398207658596276,126,2023-09-27,0.0032186525833719647,grefla3,Greater Flamingo
grefla3,state,TZA-3394,Mara,AF,Africa,breeding,1.1218596514874983,0.0017255908454735828,0.011976657920387069,0.08075078993150132,0.0028202645269995814,133,2023-07-05,0.00703663732850957,grefla3,Greater Flamingo
grefla3,state,TZA-3394,Mara,AF,Africa,nonbreeding,0.9387324444180868,0.0016726054574054646,0.00794984637282586,0.07767570868603794,0.0035701937416014145,77,2023-01-11,0.007210824601493982,grefla3,Greater Flamingo
grefla3,state,TZA-3394,Mara,AF,Africa,postbreeding_migration,2.2888711129546415,0.0018000827502375732,0.0100943156205145,0.10478638549042134,0.003200427165542679,126,2023-10-11,0.015209562375205626,grefla3,Greater Flamingo
grefla3,state,TZA-3395,Tanga,AF,Africa,breeding,0.11922731079152296,2.520756509185171e-4,0.0017495594909008813,0.024347857482001942,0.001168852380970876,126,2023-03-29,5.011584358641757e-4,grefla3,Greater Flamingo
grefla3,state,TZA-3395,Tanga,AF,Africa,nonbreeding,0.1442364604722211,3.532503387788837e-4,0.0016789888565812833,0.04283324471923344,0.0027060971500740207,77,2023-02-01,9.201600472549518e-4,grefla3,Greater Flamingo
grefla3,state,TZA-3395,Tanga,AF,Africa,postbreeding_migration,0.16920144752366226,1.8290730701427715e-4,0.0010256884501875165,0.01787797194897092,7.505457826062586e-4,126,2023-08-16,0.001158146450340843,grefla3,Greater Flamingo
grefla3,state,TZA-5585,Simiyu,AF,Africa,breeding,0.3395184781930011,5.857595692291109e-4,0.0040655303675565,0.0345312007147033,0.0013527309366564266,133,2023-07-05,0.0028922731282632614,grefla3,Greater Flamingo
grefla3,state,TZA-5585,Simiyu,AF,Africa,nonbreeding,0.29225350485853424,5.840742856203506e-4,0.0027760885392556713,0.022525571202370788,0.0011612856237849037,77,2023-01-11,0.00302816211502711,grefla3,Greater Flamingo
grefla3,state,TZA-5585,Simiyu,AF,Africa,postbreeding_migration,0.8902726792342406,7.853275895208018e-4,0.004403877851212442,0.04555569131187868,0.001560638823689295,126,2023-10-11,0.005762585753329813,grefla3,Greater Flamingo
grefla3,state,TZA-5586,Geita,AF,Africa,breeding,0.974073364952774,0.0016475655606200046,0.011435114629123487,0.05297053329022372,0.0020343662782006887,63,2023-03-15,0.0032290313370715766,grefla3,Greater Flamingo
grefla3,state,TZA-5586,Geita,AF,Africa,nonbreeding,0.4699321363084795,9.207432932367404e-4,0.004376266798385447,0.031301824472004594,0.0015820782112534397,42,2023-01-11,0.0010654193017524355,grefla3,Greater Flamingo
grefla3,state,TZA-5586,Geita,AF,Africa,postbreeding_migration,0.2043101175454192,1.7669031430571534e-4,9.90825449249155e-4,0.005937796614918549,1.9942524919436003e-4,14,2023-11-22,5.531888824620134e-4,grefla3,Greater Flamingo
grefla3,state,UGA-2631,Kalangala,AF,Africa,breeding,8.116556702748117,7.520439566539588e-4,0.0052196459163915705,0.6852849125862477,0.0014417379656862285,112,2023-03-15,0.001772197975394612,grefla3,Greater Flamingo
grefla3,state,UGA-2631,Kalangala,AF,Africa,nonbreeding,4.084225472801043,4.3836259588510897e-4,0.0020835250043280034,0.5797184468428408,0.0016050766586357375,70,2023-01-11,6.346827555331432e-4,grefla3,Greater Flamingo
grefla3,state,UGA-2631,Kalangala,AF,Africa,postbreeding_migration,10.359765012091266,4.907870962384364e-4,0.0027521845044361187,0.523207766704501,9.626077844000596e-4,105,2023-10-18,0.0020542892026962395,grefla3,Greater Flamingo
grefla3,state,UGA-3064,Jinja,AF,Africa,breeding,2.812967375886842,2.8426354974057873e-4,0.001972963233670542,0.19672336738466709,4.513944295717797e-4,133,2023-07-05,0.0011403998509680324,grefla3,Greater Flamingo
grefla3,state,UGA-3064,Jinja,AF,Africa,nonbreeding,1.3890205061495522,1.625988683525917e-4,7.728278166708664e-4,0.18363448072930055,5.545209663719445e-4,77,2023-01-11,4.980546174911227e-4,grefla3,Greater Flamingo
grefla3,state,UGA-3064,Jinja,AF,Africa,postbreeding_migration,5.270697065700478,2.723305530132024e-4,0.0015271467685925612,0.19008026804668585,3.8141459184278626e-4,126,2023-10-11,0.0020135734542748047,grefla3,Greater Flamingo
grefla3,state,UGA-3065,Kumi,AF,Africa,breeding,4.359015106403818,3.599205614529213e-4,0.002498069258041437,0.153431019591215,2.876571812959673e-4,133,2023-07-05,0.0016058838488423603,grefla3,Greater Flamingo
grefla3,state,UGA-3065,Kumi,AF,Africa,nonbreeding,1.890488053752424,1.808192246432673e-4,8.594286541413544e-4,0.13797587550127188,3.4043068805112234e-4,77,2023-01-11,5.306729400828371e-4,grefla3,Greater Flamingo
grefla3,state,UGA-3065,Kumi,AF,Africa,postbreeding_migration,8.312145863287846,3.5091608201180707e-4,0.0019678304720569246,0.18345330234593415,3.007790657115261e-4,105,2023-10-18,0.0043525316889133844,grefla3,Greater Flamingo
grefla3,state,UGA-3066,Kaberamaido,AF,Africa,breeding,5.052562987841354,5.984618418817213e-4,0.004153691923797285,0.3014869049686816,8.108433287024102e-4,91,2023-04-26,0.00154641472726239,grefla3,Greater Flamingo
grefla3,state,UGA-3066,Kaberamaido,AF,Africa,nonbreeding,2.429312231456059,3.3331928925869496e-4,0.0015842571426357423,0.29525267938084065,0.0010450229700271344,77,2023-01-11,9.65200006725908e-4,grefla3,Greater Flamingo
grefla3,state,UGA-3066,Kaberamaido,AF,Africa,postbreeding_migration,8.35582737399667,5.060413669727449e-4,0.0028377258070971015,0.27563311514534755,6.482759503071365e-4,70,2023-11-15,0.001983688283709326,grefla3,Greater Flamingo
grefla3,state,UGA-3067,Kayunga,AF,Africa,breeding,1.5063140402025978,1.8302800139143735e-4,0.0012703264903539569,0.1160079222452814,3.2006149365780535e-4,98,2023-03-15,6.113483512206908e-4,grefla3,Greater Flamingo
grefla3,state,UGA-3067,Kayunga,AF,Africa,nonbreeding,0.8155665874546048,1.1479258084293608e-4,5.456058859553936e-4,0.09527581084845546,3.459329475591243e-4,77,2023-01-11,4.03861951039351e-4,grefla3,Greater Flamingo
grefla3,state,UGA-3067,Kayunga,AF,Africa,postbreeding_migration,1.4967616995460875,9.298791443890744e-5,5.214478929459476e-4,0.08621664404622859,2.0801608378366807e-4,84,2023-11-15,5.051416746509511e-4,grefla3,Greater Flamingo
grefla3,state,UGA-3069,Kamuli,AF,Africa,breeding,0.07801187121538562,8.086410380835539e-6,5.6124643445563995e-5,0.02319280381459515,5.458736148879297e-5,98,2023-03-15,4.288051987272236e-5,grefla3,Greater Flamingo
grefla3,state,UGA-3069,Kamuli,AF,Africa,nonbreeding,0.04812494734458208,5.778534782151551e-6,2.7465212178247376e-5,0.012130860317021944,3.7574563588365595e-5,63,2023-01-11,2.213123406607543e-5,grefla3,Greater Flamingo
grefla3,state,UGA-3069,Kamuli,AF,Africa,postbreeding_migration,0.11757850239597956,6.231532141948392e-6,3.4944533650970184e-5,0.02060246502100894,4.2405096574905216e-5,84,2023-09-27,6.867253221571508e-5,grefla3,Greater Flamingo
grefla3,state,UGA-3070,Amolatar,AF,Africa,breeding,4.58915473134258,4.8757421234202537e-4,0.003384063822162877,0.3078249397410114,7.426011133363088e-4,63,2023-03-22,9.08393528061292e-4,grefla3,Greater Flamingo
grefla3,state,UGA-3070,Amolatar,AF,Africa,nonbreeding,3.107114450786678,3.823998026696547e-4,0.0018175354329755325,0.35184100504120797,0.0011170220342310631,77,2023-01-18,6.588117636803695e-4,grefla3,Greater Flamingo
grefla3,state,UGA-3070,Amolatar,AF,Africa,postbreeding_migration,6.270748114151317,3.4064280139644605e-4,0.001910221044392624,0.3700693484774988,7.807193276300385e-4,35,2023-11-22,9.527367091676574e-4,grefla3,Greater Flamingo
grefla3,state,UGA-3071,Kaliro,AF,Africa,breeding,6.7015064386422365,4.179659074097739e-4,0.002900939529530942,0.26103384995636425,3.696655795903436e-4,133,2023-06-28,0.0010756280369251063,grefla3,Greater Flamingo
grefla3,state,UGA-3071,Kaliro,AF,Africa,nonbreeding,2.7789483876760923,2.007711387169e-4,9.542595367185549e-4,0.17550315909166997,3.27084992739365e-4,77,2023-01-11,6.62064425380939e-4,grefla3,Greater Flamingo
grefla3,state,UGA-3071,Kaliro,AF,Africa,postbreeding_migration,12.873972563546433,4.105374981486355e-4,0.0023021692085109864,0.26481741228270317,3.279583898646802e-4,105,2023-10-11,0.003412616846150621,grefla3,Greater Flamingo
grefla3,state,UGA-3073,Namutumba,AF,Africa,breeding,0.3996914687042112,2.3222585030528093e-5,1.611789710563774e-4,0.014812636227776456,1.9541675922070804e-5,133,2023-07-05,9.734884236935414e-5,grefla3,Greater Flamingo
grefla3,state,UGA-3073,Namutumba,AF,Africa,nonbreeding,0.1521313876399085,1.0238984644044294e-5,4.8665604057121674e-5,0.013368271265789143,2.320962873055264e-5,77,2023-01-11,3.256033504666883e-5,grefla3,Greater Flamingo
grefla3,state,UGA-3073,Namutumba,AF,Africa,postbreeding_migration,0.5021552955191182,1.4917483383839273e-5,8.365270181072542e-5,0.037073722617727456,4.2771616882129425e-5,126,2023-09-27,1.7004078939708513e-4,grefla3,Greater Flamingo
grefla3,state,UGA-3074,Soroti,AF,Africa,breeding,2.831441457095159,2.909913715544231e-4,0.0020196584399096657,0.13573762071406292,3.1674992685794024e-4,126,2023-03-15,9.402650621891514e-4,grefla3,Greater Flamingo
grefla3,state,UGA-3074,Soroti,AF,Africa,nonbreeding,1.41544001271372,1.685063902072547e-4,8.009061007519982e-4,0.10390887591358652,3.191041351806064e-4,77,2023-01-11,5.182536852623485e-4,grefla3,Greater Flamingo
grefla3,state,UGA-3074,Soroti,AF,Africa,postbreeding_migration,4.174980499954425,2.19380897497718e-4,0.0012302212329746715,0.1293995084658153,2.6406384342907656e-4,91,2023-09-27,0.001818080075397812,grefla3,Greater Flamingo
grefla3,state,UGA-3075,Mukono,AF,Africa,breeding,1.7825460023825377,2.873489124290637e-4,0.0019943775414580692,0.14264594945734074,5.221220339776018e-4,126,2023-06-28,0.001110245444087073,grefla3,Greater Flamingo
grefla3,state,UGA-3075,Mukono,AF,Africa,nonbreeding,0.7465153654716857,1.3939909175257257e-4,6.625599354814038e-4,0.12245109047734716,5.898461224234694e-4,77,2023-01-11,4.7696950344991944e-4,grefla3,Greater Flamingo
grefla3,state,UGA-3075,Mukono,AF,Africa,postbreeding_migration,6.025786557970913,4.966545150999686e-4,0.0027850872017472555,0.14264594945734074,4.565959381917302e-4,98,2023-10-11,0.003987019930550313,grefla3,Greater Flamingo
grefla3,state,UGA-3076,Pallisa,AF,Africa,breeding,9.393118866813948,7.590247089042808e-4,0.005268096614857193,0.3226313435852724,5.919655297395904e-4,133,2023-07-05,0.0022319346819650327,grefla3,Greater Flamingo
grefla3,state,UGA-3076,Pallisa,AF,Africa,nonbreeding,4.1456849805183875,3.880563331621871e-4,0.001844420762220238,0.296534958528839,7.160267641398118e-4,77,2023-01-11,0.0012560039747111775,grefla3,Greater Flamingo
grefla3,state,UGA-3076,Pallisa,AF,Africa,postbreeding_migration,16.536414377074795,6.832179607528464e-4,0.003831278163480712,0.33918725673764827,5.442386888713663e-4,105,2023-09-27,0.004348135464084375,grefla3,Greater Flamingo
grefla3,state,UGA-3078,Mpigi,AF,Africa,breeding,0.7111857999250651,7.660717209686411e-5,5.317007197036666e-4,0.08467805678590773,2.0710996890866608e-4,35,2023-03-15,1.707564709199261e-4,grefla3,Greater Flamingo
grefla3,state,UGA-3078,Mpigi,AF,Africa,nonbreeding,0.3175569627702171,3.9624188012112435e-5,1.88332643511099e-4,0.05734511382271434,1.8458229181347372e-4,28,2023-02-01,5.183845216035553e-5,grefla3,Greater Flamingo
grefla3,state,UGA-3078,Mpigi,AF,Africa,postbreeding_migration,0.6787530976066167,3.7382643704724535e-5,2.096304762850076e-4,0.07942578883199726,1.6988368767698197e-4,35,2023-11-01,1.0980785490469844e-4,grefla3,Greater Flamingo
grefla3,state,UGA-3088,Kampala,AF,Africa,breeding,0.013165228688642464,2.942327523840372e-7,2.042155609205516e-6,0.003685179399883039,1.8701007640164215e-6,77,2023-03-29,7.2614596802367424e-6,grefla3,Greater Flamingo
grefla3,state,UGA-3088,Kampala,AF,Africa,nonbreeding,0.0014380018807977374,3.7228406102395865e-8,1.7694555993994628e-7,0.003685179399883039,2.4610957033766406e-6,14,2023-12-06,1.865760597195944e-6,grefla3,Greater Flamingo
grefla3,state,UGA-3088,Kampala,AF,Africa,postbreeding_migration,0.02764283792675633,3.158763178900414e-7,1.7713381506529218e-6,0.003685179399883039,1.6354039042446911e-6,70,2023-10-04,1.076947674855268e-5,grefla3,Greater Flamingo
grefla3,state,UGA-3090,Nakasongola,AF,Africa,breeding,0.5417132261012199,1.39948586640447e-4,9.713289526488422e-4,0.04181095178603471,2.4526348649282293e-4,49,2023-03-22,2.862058969059638e-4,grefla3,Greater Flamingo
grefla3,state,UGA-3090,Nakasongola,AF,Africa,nonbreeding,0.5548865981225309,1.6605642930567777e-4,0.00078926150596681855,0.06025676764219682,4.651705045738395e-4,70,2023-01-18,2.945732345622009e-4,grefla3,Greater Flamingo
grefla3,state,UGA-3090,Nakasongola,AF,Africa,postbreeding_migration,0.7420727086581591,9.802060302743522e-5,5.496696772087302e-4,0.05278719603453497,2.707892752181348e-4,35,2023-11-22,2.7967665021328417e-4,grefla3,Greater Flamingo
grefla3,state,UGA-3091,Wakiso,AF,Africa,breeding,1.7451486358511197,2.398120390957627e-4,0.001664442509633382,0.1758869436844933,5.488023067117188e-4,112,2023-04-19,5.480171138691637e-4,grefla3,Greater Flamingo
grefla3,state,UGA-3091,Wakiso,AF,Africa,nonbreeding,0.6552182112802502,1.0429822112353316e-4,4.957264913970147e-4,0.1309009664688349,5.375126299358495e-4,77,2023-01-11,2.665050697623616e-4,grefla3,Greater Flamingo
grefla3,state,UGA-3091,Wakiso,AF,Africa,postbreeding_migration,1.966044623748536,1.3813500991047352e-4,7.746190490938204e-4,0.1566343097575845,4.273948117839827e-4,77,2023-10-25,4.958521344884119e-4,grefla3,Greater Flamingo
grefla3,state,UGA-3093,Mubende,AF,Africa,breeding,0.28185797971514875,1.0153236188479252e-4,7.04696811143185e-4,0.03187293981286624,2.6069940678201305e-4,7,2023-03-08,1.8437868059418297e-4,grefla3,Greater Flamingo
grefla3,state,UGA-3094,Mityana,AF,Africa,breeding,0.11476029657600742,1.3034152921216538e-5,9.046500868320358e-5,0.013490332193585045,3.479025084710501e-5,7,2023-03-08,4.161256472753583e-5,grefla3,Greater Flamingo
grefla3,state,UGA-3094,Mityana,AF,Africa,postbreeding_migration,0.06309365401044738,3.6639426101219265e-6,2.0546273840544932e-5,0.005735104044984046,1.2934100756644896e-5,7,2023-11-22,9.544053199779872e-6,grefla3,Greater Flamingo
grefla3,state,UGA-3100,Dokolo,AF,Africa,breeding,1.7714664742070727,1.487835173065848e-4,0.001032648785572289,0.09904970024177873,1.888942836332785e-4,63,2023-03-15,5.195702073564524e-4,grefla3,Greater Flamingo
grefla3,state,UGA-3100,Dokolo,AF,Africa,nonbreeding,1.0504352749749837,1.0219827446166576e-4,4.8574550438118227e-4,0.08533053702188358,2.1415766511887537e-4,77,2023-01-11,3.765885572241256e-4,grefla3,Greater Flamingo
grefla3,state,UGA-3100,Dokolo,AF,Africa,postbreeding_migration,3.3469422789001855,1.4372818424033957e-4,8.059838666272234e-4,0.09129418657729364,1.522540296839323e-4,35,2023-11-15,8.130467690848107e-4,grefla3,Greater Flamingo
grefla3,state,UGA-3115,Mbale,AF,Africa,postbreeding_migration,0.0011088152700492434,2.2144477520247536e-8,1.2417948303280233e-7,0.0018570748607345576,1.4403485730680698e-6,7,2023-08-16,1.5832729049956852e-5,grefla3,Greater Flamingo
grefla3,state,UGA-3117,Bugiri,AF,Africa,breeding,0.47864461252090834,3.547671729747557e-5,2.462301583974463e-4,0.0763103384206368,1.2842731346935854e-4,133,2023-07-05,1.4194971113173872e-4,grefla3,Greater Flamingo
grefla3,state,UGA-3117,Bugiri,AF,Africa,nonbreeding,0.3074584673802216,2.6397882533922317e-5,1.2546838812670005e-4,0.058986126403191834,1.3064337458934368e-4,77,2023-01-11,9.445462570788724e-5,grefla3,Greater Flamingo
grefla3,state,UGA-3117,Bugiri,AF,Africa,postbreeding_migration,0.8587215080876655,3.254276315713958e-5,1.8248990077176345e-4,0.07344704906531259,1.0809569354161528e-4,126,2023-09-27,2.3861361707101144e-4,grefla3,Greater Flamingo
grefla3,state,UGA-3118,Busia,AF,Africa,breeding,0.47361050567751817,2.4902344944995676e-5,1.728375342301033e-4,0.04703859284148231,5.615869465595104e-5,133,2023-07-05,1.7000558748264373e-4,grefla3,Greater Flamingo
grefla3,state,UGA-3118,Busia,AF,Africa,nonbreeding,0.22653253202826376,1.379754687798531e-5,6.557934958073989e-5,0.03490331621844849,5.4839422121592504e-5,77,2023-01-11,5.496760619745869e-5,grefla3,Greater Flamingo
grefla3,state,UGA-3118,Busia,AF,Africa,postbreeding_migration,0.544438089526986,1.4636567878058032e-5,8.207741324264263e-5,0.04703859284148231,4.911080208340117e-5,126,2023-09-27,1.3192256531923966e-4,grefla3,Greater Flamingo
grefla3,state,UGA-3119,Butaleja,AF,Africa,breeding,0.013327610263372333,6.143584764551613e-7,4.264024309293476e-6,0.01392085353572306,1.457065920730204e-5,126,2023-07-05,2.277078544595963e-5,grefla3,Greater Flamingo
grefla3,state,UGA-3119,Butaleja,AF,Africa,nonbreeding,7.971444475739233e-4,4.25656213758629e-8,2.0231319299106638e-7,3.873704198979256e-4,5.335845983029334e-7,35,2023-01-25,4.941065816799663e-6,grefla3,Greater Flamingo
grefla3,state,UGA-3119,Butaleja,AF,Africa,postbreeding_migration,0.07597000267737625,1.79053800985333e-6,1.0040791624497256e-5,0.03550704973937412,3.250034323063684e-5,126,2023-08-16,1.0424183568485676e-4,grefla3,Greater Flamingo
grefla3,state,UGA-3120,Mayuge,AF,Africa,breeding,5.949614410442644,2.830698082551977e-4,0.0019646779362297927,0.47621994908519544,5.144652917881251e-4,133,2023-07-05,0.0012473134475863498,grefla3,Greater Flamingo
grefla3,state,UGA-3120,Mayuge,AF,Africa,nonbreeding,2.508791223149702,1.3826798497349824e-4,6.571838169920791e-4,0.421456888458172,5.991908149404141e-4,77,2023-01-11,4.4954956332770825e-4,grefla3,Greater Flamingo
grefla3,state,UGA-3120,Mayuge,AF,Africa,postbreeding_migration,7.99665925076003,1.9452935795320831e-4,0.0010908613708878485,0.44883841877168373,4.2403191241516806e-4,126,2023-10-11,0.001755994979607386,grefla3,Greater Flamingo
grefla3,state,UGA-3121,Tororo,AF,Africa,breeding,0.04822390240715503,4.136305138793011e-6,2.8708492416733464e-5,0.002635391622008546,5.132620388035744e-6,133,2023-07-05,3.668048535560942e-5,grefla3,Greater Flamingo
grefla3,state,UGA-3121,Tororo,AF,Africa,nonbreeding,0.025422849364526535,2.5259620635332498e-6,1.2005826155694289e-5,0.0024173886587556467,6.195893706478174e-6,77,2023-01-11,1.937128815672913e-5,grefla3,Greater Flamingo
grefla3,state,UGA-3121,Tororo,AF,Africa,postbreeding_migration,0.05608164105486165,2.459476989905334e-6,1.379199761467676e-5,0.013540575724082618,2.306169035297476e-5,126,2023-09-27,6.014368187022868e-5,grefla3,Greater Flamingo
grefla3,state,UGA-3122,Katakwi,AF,Africa,breeding,3.8973983677010495,6.716826165919229e-4,0.004661888970432138,0.1398339611716698,5.471995557826784e-4,133,2023-07-05,0.0026830184177700223,grefla3,Greater Flamingo
grefla3,state,UGA-3122,Katakwi,AF,Africa,nonbreeding,1.6562718360164472,3.3065364042728584e-4,0.0015715873892280991,0.12477732348511691,6.42587445013087e-4,77,2023-01-11,9.456225061344434e-4,grefla3,Greater Flamingo
grefla3,state,UGA-3122,Katakwi,AF,Africa,postbreeding_migration,10.792164048884809,9.509762714976168e-4,0.00533278519048644,0.13333664617421495,4.5629175931403054e-4,105,2023-10-11,0.009067483121154896,grefla3,Greater Flamingo
grefla3,state,UGA-3124,Amuria,AF,Africa,breeding,0.15156047201990153,2.8911703520905823e-5,2.006649397067866e-4,0.01021971711809772,4.426600953057201e-5,126,2023-07-05,1.7900488618350865e-4,grefla3,Greater Flamingo
grefla3,state,UGA-3124,Amuria,AF,Africa,nonbreeding,0.06969746996730992,1.540129103479249e-5,7.320190014189328e-5,0.010164003163052163,5.793750441776565e-5,77,2023-01-11,3.956470315761625e-5,grefla3,Greater Flamingo
grefla3,state,UGA-3124,Amuria,AF,Africa,postbreeding_migration,0.13812627812051795,1.347211789772238e-5,7.554753253340375e-5,0.010164003163052163,3.8499608445542625e-5,91,2023-08-09,1.279814913056104e-4,grefla3,Greater Flamingo
grefla3,state,UGA-3128,Nakapiripirit,AF,Africa,breeding,0.1531032854935454,4.801919690820261e-5,3.332826530053907e-4,0.005480189457529847,3.902740909901451e-5,133,2023-07-05,2.5652769291587034e-4,grefla3,Greater Flamingo
grefla3,state,UGA-3128,Nakapiripirit,AF,Africa,nonbreeding,0.06018678222091732,2.1866732337144717e-5,1.0393195955826847e-4,0.003318432949625824,3.110073762984761e-5,77,2023-01-11,9.77286122857064e-5,grefla3,Greater Flamingo
grefla3,state,UGA-3128,Nakapiripirit,AF,Africa,postbreeding_migration,0.5859462733040788,9.396367866252938e-5,5.26919681419642e-4,0.01970984397258276,1.227488287562253e-4,119,2023-10-11,0.0011990725734105524,grefla3,Greater Flamingo
grefla3,state,UGA-3361,Rakai,AF,Africa,breeding,0.614973939257074,1.4870374474604145e-4,0.0010320951151169971,0.034652783184035585,1.9025981954461953e-4,21,2023-03-15,2.8136570451454517e-4,grefla3,Greater Flamingo
grefla3,state,UGA-3362,Masaka,AF,Africa,breeding,1.465790150216358,1.422660658099083e-4,9.874136782505494e-4,0.1311737549191639,2.890814599695097e-4,21,2023-03-22,2.919157809498249e-4,grefla3,Greater Flamingo
grefla3,state,UGA-3362,Masaka,AF,Africa,nonbreeding,0.16641403299291446,1.870991654243243e-5,8.892770348331707e-5,0.03553943637964472,1.030735702582173e-4,7,2023-02-01,2.836450971236413e-5,grefla3,Greater Flamingo
grefla3,state,UGA-3362,Masaka,AF,Africa,postbreeding_migration,0.8362786833839728,4.150040951018005e-5,2.327216523357443e-4,0.1077030930488974,2.075685191752771e-4,7,2023-11-22,1.334544802167472e-4,grefla3,Greater Flamingo
grefla3,state,UGA-5590,Ngora,AF,Africa,breeding,10.544331122208357,4.917112255258709e-4,0.0034127772288461695,0.38149920555110656,4.0395081756219663e-4,133,2023-07-05,0.002055289516485098,grefla3,Greater Flamingo
grefla3,state,UGA-5590,Ngora,AF,Africa,nonbreeding,4.470528876442346,2.4149179176933107e-4,0.0011478036475156862,0.36753097599573503,5.121442439468864e-4,77,2023-01-11,7.011194328982677e-4,grefla3,Greater Flamingo
grefla3,state,UGA-5590,Ngora,AF,Africa,postbreeding_migration,12.276369713979031,2.927068454448863e-4,0.0016414108083730504,0.36753097599573503,3.4032105900556474e-4,91,2023-09-27,0.002604981790771819,grefla3,Greater Flamingo
grefla3,state,UGA-5591,Bukedea,AF,Africa,breeding,0.0056505332321998645,4.0042318293001945e-7,2.7791822713507984e-6,0.01191284785027514,1.916854465984667e-5,14,2023-06-21,6.708599574788929e-6,grefla3,Greater Flamingo
grefla3,state,UGA-5591,Bukedea,AF,Africa,nonbreeding,0.0019375961651082816,1.5905430489549962e-7,7.559806069371821e-7,0.00410436133802158,8.691257728441821e-6,7,2023-12-27,4.268387013116003e-6,grefla3,Greater Flamingo
grefla3,state,UGA-5591,Bukedea,AF,Africa,postbreeding_migration,0.24265238753234775,8.791969673904117e-6,4.930268722516623e-5,0.07495288648487515,1.0546829640010284e-4,70,2023-08-16,3.098611101857485e-4,grefla3,Greater Flamingo
grefla3,state,UGA-5593,Buyende,AF,Africa,breeding,6.71779201268362,9.117567243520076e-4,0.00632815039719322,0.3825372353462193,0.00117888082051452,112,2023-03-15,0.0019267910577257016,grefla3,Greater Flamingo
grefla3,state,UGA-5593,Buyende,AF,Africa,nonbreeding,3.0005032946930488,4.71735881454766e-4,0.002242147285548328,0.34364596790128793,0.0013937052449469664,77,2023-01-11,0.001291833280972024,grefla3,Greater Flamingo
grefla3,state,UGA-5593,Buyende,AF,Africa,postbreeding_migration,12.127744660512798,8.415972322592352e-4,0.004719420863654717,0.3718004593174169,0.001001996332236022,91,2023-10-11,0.003543017402111677,grefla3,Greater Flamingo
grefla3,state,UGA-5594,Budaka,AF,Africa,breeding,0.1943560578499618,7.280881725613796e-6,5.053378094535614e-5,0.017646062340565767,1.5009888624443804e-5,126,2023-07-05,2.277078544595963e-5,grefla3,Greater Flamingo
grefla3,state,UGA-5594,Budaka,AF,Africa,nonbreeding,0.03480049252699588,1.5101624481327198e-6,7.177759349947761e-6,0.016911215331004214,1.893075672838657e-5,35,2023-01-25,4.941065816799663e-6,grefla3,Greater Flamingo
grefla3,state,UGA-5594,Budaka,AF,Africa,postbreeding_migration,0.36105498062509056,6.915619137486163e-6,3.878068509675032e-5,0.017646062340565767,1.3126153911606991e-5,119,2023-08-16,5.3294324627426e-5,grefla3,Greater Flamingo
grefla3,state,UGA-5595,Kibuku,AF,Africa,breeding,0.13397317514239546,3.7537627504385896e-6,2.6053413817199423e-5,0.056824185356223994,3.615146942298579e-5,70,2023-04-05,1.9492524142224437e-5,grefla3,Greater Flamingo
grefla3,state,UGA-5595,Kibuku,AF,Africa,nonbreeding,0.02395723676646367,7.77567458527221e-7,3.6957561105826008e-6,0.02324788673542871,1.9464341326689503e-5,21,2023-01-04,4.462109130579944e-6,grefla3,Greater Flamingo
grefla3,state,UGA-5595,Kibuku,AF,Africa,postbreeding_migration,0.5750607294735331,8.238241399872663e-6,4.619754777236132e-5,0.09981179670096584,5.553088975027828e-5,98,2023-08-16,6.42038945867164e-5,grefla3,Greater Flamingo
grefla3,state,UGA-5596,Serere,AF,Africa,breeding,9.102614986382592,0.0010619066006719096,0.007370282551631232,0.41102995869050246,0.001088773119051057,126,2023-03-15,0.0026365034605184945,grefla3,Greater Flamingo
grefla3,state,UGA-5596,Serere,AF,Africa,nonbreeding,4.195339935704937,5.669433747078787e-4,0.0026946658048159723,0.3474987917522089,0.0012113808559382697,77,2023-01-11,0.0017173708829728606,grefla3,Greater Flamingo
grefla3,state,UGA-5596,Serere,AF,Africa,postbreeding_migration,15.447619095233328,9.21411294121753e-4,0.005166993805114877,0.4228696961353307,9.795587735314463e-4,91,2023-09-27,0.005711711379846922,grefla3,Greater Flamingo
grefla3,state,UGA-5597,Buikwe,AF,Africa,breeding,3.286875754107583,3.760327557384741e-4,0.0026098977600360227,0.3725036833997305,9.676464933026646e-4,133,2023-07-05,0.0016499981486965422,grefla3,Greater Flamingo
grefla3,state,UGA-5597,Buikwe,AF,Africa,nonbreeding,1.0443365675380245,1.3839973434987056e-4,6.578100180469891e-4,0.22963856575648953,7.850448626481972e-4,77,2023-01-11,3.510195105148178e-4,grefla3,Greater Flamingo
grefla3,state,UGA-5597,Buikwe,AF,Africa,postbreeding_migration,6.961000385493514,4.071794767974893e-4,0.002283338447883775,0.31905452057153166,7.247881438995167e-4,119,2023-10-11,0.004000073081921396,grefla3,Greater Flamingo
grefla3,state,UGA-5598,Buvuma,AF,Africa,breeding,11.332971083038403,5.795779529450551e-4,0.004022626162412254,0.8167473362362693,9.484175213798156e-4,133,2023-07-05,0.0025645282727570938,grefla3,Greater Flamingo
grefla3,state,UGA-5598,Buvuma,AF,Africa,nonbreeding,4.751659258314873,2.8149179962152766e-4,0.0013379225520839286,0.7173990707669129,0.001096316994442723,77,2023-01-11,7.770080040560687e-4,grefla3,Greater Flamingo
grefla3,state,UGA-5598,Buvuma,AF,Africa,postbreeding_migration,19.54146689795062,5.109719615681961e-4,0.002865375079352346,0.7962093014828426,8.085355340505817e-4,126,2023-10-11,0.004317818177412289,grefla3,Greater Flamingo
grefla3,state,UGA-5600,Gomba,AF,Africa,breeding,0.05548366136070281,6.175045655182833e-6,4.285860095334484e-5,0.005977689789949424,1.510609460421332e-5,7,2023-03-08,3.545958575100291e-5,grefla3,Greater Flamingo
grefla3,state,UGA-5604,Apac,AF,Africa,breeding,1.249807704971274,2.97362720557911e-4,0.00206387950639616,0.08458575266154088,4.5696644157145567e-4,63,2023-05-03,6.000339496933902e-4,grefla3,Greater Flamingo
grefla3,state,UGA-5604,Apac,AF,Africa,nonbreeding,1.307572179540492,3.603805778008995e-4,0.001712878680732929,0.1299475295277502,9.238864797836272e-4,77,2023-01-11,6.20561736946302e-4,grefla3,Greater Flamingo
grefla3,state,UGA-5604,Apac,AF,Africa,postbreeding_migration,2.7480197955389274,3.342989504773035e-4,0.0018746466612600344,0.12376839003927602,5.84731989682829e-4,35,2023-11-22,8.777152368511219e-4,grefla3,Greater Flamingo
grefla3,state,UGA-5612,Kween,AF,Africa,postbreeding_migration,0.02358575618899867,6.488535587370676e-7,3.638573067000156e-6,0.020460224753122928,2.185945058265764e-5,14,2023-08-16,4.089863410651602e-5,grefla3,Greater Flamingo
grefla3,state,UGA-5613,Bulambuli,AF,Africa,breeding,0.0011288778144611462,5.490977372874053e-8,3.811074787282474e-7,0.002015401896048573,2.2259127893698458e-6,7,2023-06-21,6.708599574788929e-6,grefla3,Greater Flamingo
grefla3,state,UGA-5613,Bulambuli,AF,Africa,postbreeding_migration,0.4161757488833916,1.0350261401680311e-5,5.804111245974712e-5,0.18319984349591575,1.7694227339744813e-4,63,2023-08-16,5.143146589852583e-4,grefla3,Greater Flamingo
grefla3,state,UGA-5614,Namayingo,AF,Africa,breeding,6.939189352455824,4.806719233995941e-4,0.00333615770713682,0.5685732598722656,8.942731955432811e-4,133,2023-07-05,0.002132896648130117,grefla3,Greater Flamingo
grefla3,state,UGA-5614,Namayingo,AF,Africa,nonbreeding,3.569893332930417,2.864492162539677e-4,0.0013614850129496988,0.5215554453125726,0.0010795624279249518,77,2023-01-11,8.316765426377873e-4,grefla3,Greater Flamingo
grefla3,state,UGA-5614,Namayingo,AF,Africa,postbreeding_migration,14.489342288254807,5.131691278773535e-4,0.002877696118589275,0.5685732598722656,7.820422854177368e-4,126,2023-10-11,0.004986792278308186,grefla3,Greater Flamingo
grefla3,state,UGA-5620,Kalungu,AF,Africa,breeding,0.7266206763693134,4.070290621234887e-5,2.8250311210773225e-4,0.0580727257115928,7.386413971788885e-5,21,2023-03-08,1.037933922704344e-4,grefla3,Greater Flamingo
grefla3,state,UGA-5620,Kalungu,AF,Africa,nonbreeding,0.007508843189698515,4.872401677930141e-7,2.31583871945084e-6,0.0010019527646068424,1.677151040280099e-6,7,2023-02-01,1.0247023103075853e-5,grefla3,Greater Flamingo
grefla3,state,UGA-5620,Kalungu,AF,Africa,postbreeding_migration,0.03530442096446416,1.0111570004919373e-6,5.670260383035861e-6,0.004672445971885721,5.197155895604131e-6,7,2023-11-22,2.488145187845069e-5,grefla3,Greater Flamingo
grefla3,state,YEM-151,Al Hudaydah,AS,Asia,nonbreeding,0.5693150481023177,8.270123110745639e-4,0.0011789857103847712,0.08689787842851765,0.003256292160314602,42,2023-02-08,0.0011686710892376937,grefla3,Greater Flamingo
grefla3,state,YEM-151,Al Hudaydah,AS,Asia,postbreeding_migration,1.1766054354040254,7.544137798803141e-4,9.67384320399762e-4,0.12538615309672974,0.0031221969590224112,35,2023-11-22,0.0020326117280923704,grefla3,Greater Flamingo
grefla3,state,YEM-154,Hajjah,AS,Asia,nonbreeding,0.11895124117073716,9.272858893597906e-5,1.32193535495998e-4,0.017045311471218693,3.427713330633178e-4,49,2023-02-08,1.384110527232859e-4,grefla3,Greater Flamingo
grefla3,state,YEM-154,Hajjah,AS,Asia,postbreeding_migration,0.19846913152091425,6.828999693530935e-5,8.756822056702988e-5,0.0218849192285315,2.9244286370640904e-4,21,2023-11-22,2.0375187244201515e-4,grefla3,Greater Flamingo
grefla3,state,YEM-157,Lahij,AS,Asia,nonbreeding,0.19784494745628356,2.105552278713008e-4,3.0016675880498633e-4,0.03251468362184886,8.926382168542555e-4,42,2023-02-08,3.589015107618532e-4,grefla3,Greater Flamingo
grefla3,state,YEM-157,Lahij,AS,Asia,postbreeding_migration,0.3203555861600269,1.504848630385969e-4,1.929666462138851e-4,0.06498957997147473,0.001185594571417458,49,2023-11-15,7.922997717602619e-4,grefla3,Greater Flamingo
grefla3,state,YEM-158,Ta`izz,AS,Asia,nonbreeding,0.24023498690629735,2.190263031840972e-4,3.122430926293322e-4,0.04736467278419511,0.001113959589561226,42,2023-02-08,3.444577937025758e-4,grefla3,Greater Flamingo
grefla3,state,YEM-158,Ta`izz,AS,Asia,postbreeding_migration,0.3906912174640062,1.5722192730422056e-4,2.0160557952860237e-4,0.1061325586549148,0.0016586702587997374,56,2023-11-15,6.389114684331866e-4,grefla3,Greater Flamingo
grefla3,state,YEM-332,Al Mahrah,AS,Asia,breeding,0.06012825742649234,2.80705227086577e-4,3.5037355565183955e-4,0.008109103005157771,8.59584281008847e-4,91,2023-03-15,8.685329098321159e-4,grefla3,Greater Flamingo
grefla3,state,YEM-332,Al Mahrah,AS,Asia,nonbreeding,0.07789108511952127,4.2122294283975886e-4,6.004938788021523e-4,0.008946269463233642,0.001248018771558124,77,2023-12-06,7.083812501837765e-4,grefla3,Greater Flamingo
grefla3,state,YEM-332,Al Mahrah,AS,Asia,postbreeding_migration,0.041719872598014046,9.95833399622938e-5,1.2769565485381965e-4,0.00866721397720835,8.034432181021815e-4,91,2023-11-29,6.856298396137111e-4,grefla3,Greater Flamingo
grefla3,state,YEM-336,Shabwah,AS,Asia,nonbreeding,0.06158550792062175,1.9942855175541285e-4,2.843046102383386e-4,0.009612230177482764,8.029487912036108e-4,35,2023-02-08,2.8983933036207625e-4,grefla3,Greater Flamingo
grefla3,state,YEM-336,Shabwah,AS,Asia,postbreeding_migration,0.017799706594348607,2.5441405626393066e-5,3.262349860020785e-5,0.007282122315874611,4.042203595276041e-4,28,2023-09-27,9.383911799180552e-5,grefla3,Greater Flamingo
grefla3,state,YEM-3497,Hadramawt,AS,Asia,breeding,0.009611798789380156,1.1811584065994985e-4,1.474310524971757e-4,0.0012128830492996888,3.384279061768597e-4,7,2023-03-08,1.6074322957439555e-4,grefla3,Greater Flamingo
grefla3,state,YEM-3497,Hadramawt,AS,Asia,nonbreeding,0.019432990749492215,2.766275944610073e-4,3.943592817184026e-4,0.0031114883435954155,0.001142559730623351,49,2023-02-08,3.878835271532424e-4,grefla3,Greater Flamingo
grefla3,state,YEM-3497,Hadramawt,AS,Asia,postbreeding_migration,0.008075097668722253,5.0736802140212193e-5,6.505976980623697e-5,0.002422404084893861,5.910903281446713e-4,35,2023-11-22,2.370380096409855e-4,grefla3,Greater Flamingo
grefla3,state,YEM-3510,`Adan,AS,Asia,nonbreeding,2.644150108375729,2.1235411351716745e-4,3.0273124356862587e-4,0.4839130833531421,0.0010025287007437809,35,2023-02-08,3.276899178481259e-4,grefla3,Greater Flamingo
grefla3,state,YEM-3510,`Adan,AS,Asia,postbreeding_migration,3.2016928014096133,1.1349420369227242e-4,1.4553354675676713e-4,0.7386725758818028,0.0010168993134199967,42,2023-11-15,5.052888665310855e-4,grefla3,Greater Flamingo
grefla3,state,YEM-3511,Abyan,AS,Asia,nonbreeding,0.16109751634728217,2.3789246639543697e-4,3.39138625547162e-4,0.030632713585909355,0.0011668961128379204,35,2023-02-08,3.612954985201058e-4,grefla3,Greater Flamingo
grefla3,state,YEM-3511,Abyan,AS,Asia,postbreeding_migration,0.0920720664794518,6.001214991163453e-5,7.695354248063373e-5,0.031641151121594706,8.009317791007056e-4,35,2023-09-27,2.4043528202299865e-4,grefla3,Greater Flamingo
grefla3,state,ZAF-1188,Northern Cape,AF,Africa,breeding,0.038781491615017934,0.0010490253557608607,0.007280878818241571,0.0083187077922067,0.005109296567422172,133,2023-05-24,0.002222821650705657,grefla3,Greater Flamingo
grefla3,state,ZAF-1188,Northern Cape,AF,Africa,nonbreeding,0.051001941849611744,0.0015980875575307687,0.007595664904980846,0.00833225747003864,0.006734904138165515,77,2023-01-25,0.0026601100552828792,grefla3,Greater Flamingo
grefla3,state,ZAF-1188,Northern Cape,AF,Africa,postbreeding_migration,0.04939727970812072,6.831818851413407e-4,0.0038310758624427775,0.007141670056755742,0.003835880307211845,126,2023-08-16,0.004851535880801208,grefla3,Greater Flamingo
grefla3,state,ZAF-1189,Western Cape,AF,Africa,breeding,0.15504247414864342,0.0015219406684376308,0.010563200893662708,0.01967023667322542,0.00438430120976821,133,2023-07-12,0.003060547397683675,grefla3,Greater Flamingo
grefla3,state,ZAF-1189,Western Cape,AF,Africa,nonbreeding,0.1861234586913352,0.0021164135242504076,0.010059253546416612,0.012025919813001789,0.0035275452727911577,77,2023-12-06,0.002959041000023665,grefla3,Greater Flamingo
grefla3,state,ZAF-1189,Western Cape,AF,Africa,postbreeding_migration,0.22335991573457964,0.00112104772490453,0.006286494084426139,0.02369824880104291,0.004619203283171123,126,2023-08-09,0.0067703342834070585,grefla3,Greater Flamingo
grefla3,state,ZAF-1201,North West,AF,Africa,breeding,0.08646606903478177,6.576432544006231e-4,0.004564447193416065,0.060323443983736506,0.010417764813199807,133,2023-07-12,0.0019750583965277044,grefla3,Greater Flamingo
grefla3,state,ZAF-1201,North West,AF,Africa,nonbreeding,0.13697222748081203,0.0012067840311626495,0.00573581032540951,0.044796970370603366,0.010181237269216596,77,2023-01-11,0.0025020873448283972,grefla3,Greater Flamingo
grefla3,state,ZAF-1201,North West,AF,Africa,postbreeding_migration,0.0982387985493256,3.8203181302157776e-4,0.002142318011329329,0.037233325742274656,0.0056231578235940655,126,2023-08-09,0.0024496169447183274,grefla3,Greater Flamingo
grefla3,state,ZAF-1206,Free State,AF,Africa,breeding,0.2007335660262723,0.0018842667363794,0.013077965840846084,0.12936353121807023,0.0275726183449947,133,2023-07-05,0.004742454866934117,grefla3,Greater Flamingo
grefla3,state,ZAF-1206,Free State,AF,Africa,nonbreeding,0.3350039790626145,0.00364271109712891,0.017313702687353293,0.10094654591056826,0.02831529595932545,77,2023-01-11,0.00630243247284453,grefla3,Greater Flamingo
grefla3,state,ZAF-1206,Free State,AF,Africa,postbreeding_migration,0.27571128911625753,0.001323270902719497,0.007420500052973024,0.08427428295233008,0.01570801242391993,126,2023-08-09,0.006689181879199569,grefla3,Greater Flamingo
grefla3,state,ZAF-1208,Gauteng,AF,Africa,breeding,0.2034463678063106,2.681905516617093e-4,0.0018614067773700183,0.14875652157407462,0.004452596221895055,133,2023-07-12,0.0011067110493298284,grefla3,Greater Flamingo
grefla3,state,ZAF-1208,Gauteng,AF,Africa,nonbreeding,0.2506193443342951,3.8270179937376265e-4,0.0018189708147579656,0.09661918745531098,0.003805959603287521,77,2023-12-06,7.600683448965941e-4,grefla3,Greater Flamingo
grefla3,state,ZAF-1208,Gauteng,AF,Africa,postbreeding_migration,0.29276961658612477,1.9732920648823693e-4,0.001106562068424383,0.1433311645537338,0.003751785071435607,126,2023-08-09,0.0011468279698117474,grefla3,Greater Flamingo
grefla3,state,ZAF-1209,Mpumalanga,AF,Africa,breeding,0.15714772893376153,8.59071067223282e-4,0.005962479650621561,0.1462708763787799,0.01815610196074785,133,2023-07-05,0.003200133281078762,grefla3,Greater Flamingo
grefla3,state,ZAF-1209,Mpumalanga,AF,Africa,nonbreeding,0.2322993058972019,0.0014710291454077952,0.006991759870305371,0.11209546653506648,0.018311178360686468,77,2023-12-27,0.0028622760430609905,grefla3,Greater Flamingo
grefla3,state,ZAF-1209,Mpumalanga,AF,Africa,postbreeding_migration,0.1980696147386209,5.536186002639041e-4,0.0031045244357314947,0.1173036125960622,0.012733158917408944,126,2023-08-09,0.002994643142703081,grefla3,Greater Flamingo
grefla3,state,ZAF-1210,Limpopo,AF,Africa,breeding,0.009194939775128214,8.362996843994988e-5,5.80443229937951e-4,0.011059505070433151,0.0022839810794210783,91,2023-07-12,2.70247757236735e-4,grefla3,Greater Flamingo
grefla3,state,ZAF-1210,Limpopo,AF,Africa,nonbreeding,0.017824238493370715,1.877917072122612e-4,8.925686663392644e-4,0.01182406311229174,0.0032135646657674953,77,2023-12-27,2.9653442454062666e-4,grefla3,Greater Flamingo
grefla3,state,ZAF-1210,Limpopo,AF,Africa,postbreeding_migration,0.007397324413775536,3.440008706463928e-5,1.929052073621715e-4,0.0067931868422516925,0.0012268469628744477,126,2023-08-02,2.2615272621328788e-4,grefla3,Greater Flamingo
grefla3,state,ZAF-1216,KwaZulu-Natal,AF,Africa,breeding,0.08197972128542377,5.704811314931613e-4,0.003959488646947359,0.046349145269562214,0.007323527943646688,133,2023-03-08,0.0012236747071968897,grefla3,Greater Flamingo
grefla3,state,ZAF-1216,KwaZulu-Natal,AF,Africa,nonbreeding,0.09735897763228346,7.848076610365372e-4,0.003730168588075348,0.035244406078471416,0.007328790452080442,77,2023-02-08,0.001011584266532499,grefla3,Greater Flamingo
grefla3,state,ZAF-1216,KwaZulu-Natal,AF,Africa,postbreeding_migration,0.11933582712558212,4.2459759263728e-4,0.0023810139346236623,0.03556007211057427,0.0049136166290416235,126,2023-08-09,0.0021352005431308197,grefla3,Greater Flamingo
grefla3,state,ZAF-1926,Eastern Cape,AF,Africa,breeding,0.026379037164035984,3.288042887517136e-4,0.002282103257249653,0.01254090097322464,0.0035493680724699465,133,2023-03-08,7.446278261731901e-4,grefla3,Greater Flamingo
grefla3,state,ZAF-1926,Eastern Cape,AF,Africa,nonbreeding,0.0426204710095878,6.153881944873578e-4,0.002924922661327431,0.00985430379670764,0.0036703860141097536,77,2023-01-11,9.449330022202336e-4,grefla3,Greater Flamingo
grefla3,state,ZAF-1926,Eastern Cape,AF,Africa,postbreeding_migration,0.03822710408920059,2.4362495142816505e-4,0.0013661745008243906,0.00802955830859573,0.0019873482586226904,126,2023-08-09,0.001111848876263624,grefla3,Greater Flamingo
grefla3,state,ZWE-530,Matabeleland South,AF,Africa,breeding,0.01841425840332993,7.263330903024202e-5,5.041196748133114e-4,0.006426946102888334,5.756122406657492e-4,56,2023-07-12,1.3247786493748035e-4,grefla3,Greater Flamingo
grefla3,state,ZWE-530,Matabeleland South,AF,Africa,nonbreeding,0.01329118969555034,6.0729238465867096e-5,2.88644350647551e-4,0.0032304033239385923,3.807549920075711e-4,28,2023-02-15,7.320620853342659e-5,grefla3,Greater Flamingo
grefla3,state,ZWE-530,Matabeleland South,AF,Africa,postbreeding_migration,0.00785580533414895,1.584324516450366e-5,8.88440918188806e-5,0.0028414234464677057,2.2254679558196937e-4,42,2023-08-16,6.188480056494155e-5,grefla3,Greater Flamingo
grefla3,state,ZWE-532,Masvingo,AF,Africa,breeding,0.0018103154909058228,7.324132843228903e-6,5.08339702061588e-5,0.001463072453477267,1.344037990526133e-4,21,2023-03-08,2.5470964641711075e-5,grefla3,Greater Flamingo
grefla3,state,ZWE-532,Masvingo,AF,Africa,nonbreeding,0.0012611315949460178,5.910370866504235e-6,2.8091825353732596e-5,9.813762615530567e-4,1.1864371973936554e-4,14,2023-02-15,2.2203960402489135e-5,grefla3,Greater Flamingo
grefla3,state,ZWE-532,Masvingo,AF,Africa,postbreeding_migration,0.0037573100319275377,7.772322447957727e-6,4.358481624455352e-5,0.0013446970735964518,1.0802647213888528e-4,0,2023-08-30,6.924455766526948e-6,grefla3,Greater Flamingo
